,source,target,weight
0,AP1,Aanat,1.0
1,AP1,Abca1,-1.0
2,AP1,Abcb11,1.0
3,AP1,Abcc1,1.0
4,AP1,Abcc3,1.0
5,AP1,Abcc8,1.0
6,AP1,Abl1,1.0
7,AP1,Ace,1.0
8,AP1,Ache,1.0
9,AP1,Acot11,1.0
10,AP1,Acp5,1.0
11,AP1,Acta1,1.0
12,AP1,Adam10,1.0
13,AP1,Adarb1,1.0
14,AP1,Adcyap1,1.0
15,AP1,Adh7,1.0
16,AP1,Adm,1.0
17,AP1,Adra1d,1.0
18,AP1,Aff2,1.0
19,AP1,Afp,1.0
20,AP1,Agt,1.0
21,AP1,Agtr2,1.0
22,AP1,Agtrap,1.0
23,AP1,Ahsg,1.0
24,AP1,Akr1b1,1.0
25,AP1,Akt1,1.0
26,AP1,Alas2,1.0
27,AP1,Alb,-1.0
28,AP1,Alk,1.0
29,AP1,Alox12,1.0
30,AP1,Ankrd1,1.0
31,AP1,Ankrd2,1.0
32,AP1,Ap3b1,1.0
33,AP1,Apc,1.0
34,AP1,Apex1,1.0
35,AP1,Apob,1.0
36,AP1,Apoc3,-1.0
37,AP1,Apoe,-1.0
38,AP1,Apom,-1.0
39,AP1,App,1.0
40,AP1,Aprt,1.0
41,AP1,Aqp1,1.0
42,AP1,Aqp5,1.0
43,AP1,Ar,-1.0
44,AP1,Areg,1.0
45,AP1,Arg1,1.0
46,AP1,Asah2,1.0
47,AP1,Asic3,1.0
48,AP1,Atf2,1.0
49,AP1,Atf3,1.0
50,AP1,Atm,1.0
51,AP1,Atp6ap1,1.0
52,AP1,Avp,1.0
53,AP1,Axin1,1.0
54,AP1,Axl,1.0
55,AP1,B3gnt9,1.0
56,AP1,Babam2,1.0
57,AP1,Bace1,1.0
58,AP1,Bak1,1.0
59,AP1,Batf3,1.0
60,AP1,Bax,1.0
61,AP1,Bbc3,1.0
62,AP1,Bcl2,1.0
63,AP1,Bcl2l1,1.0
64,AP1,Bcl2l11,1.0
65,AP1,Bcl3,1.0
66,AP1,Bcl6,1.0
67,AP1,Bcr,1.0
68,AP1,Bdkrb1,1.0
69,AP1,Bdnf,1.0
70,AP1,Becn1,1.0
71,AP1,Birc3,1.0
72,AP1,Bloc1s3,1.0
73,AP1,Bmp2,1.0
74,AP1,Bmp4,1.0
75,AP1,Brca1,1.0
76,AP1,Brf1,1.0
77,AP1,Btk,1.0
78,AP1,C1qtnf3,1.0
79,AP1,C3ar1,1.0
80,AP1,Cabin1,1.0
81,AP1,Calcb,1.0
82,AP1,Calm1,1.0
83,AP1,Camk4,1.0
84,AP1,Capn1,1.0
85,AP1,Capn6,1.0
86,AP1,Capns1,1.0
87,AP1,Car2,1.0
88,AP1,Car9,1.0
89,AP1,Carm1,1.0
90,AP1,Casp1,1.0
91,AP1,Casp14,1.0
92,AP1,Casp3,1.0
93,AP1,Casp8,1.0
94,AP1,Casp9,1.0
95,AP1,Cast,1.0
96,AP1,Cat,1.0
97,AP1,Cck,1.0
98,AP1,Ccl11,1.0
99,AP1,Ccl20,1.0
100,AP1,Ccl4,1.0
101,AP1,Ccl5,1.0
102,AP1,Ccn1,1.0
103,AP1,Ccn2,-1.0
104,AP1,Ccn3,1.0
105,AP1,Ccna2,1.0
106,AP1,Ccnd1,-1.0
107,AP1,Ccnd2,1.0
108,AP1,Ccne1,1.0
109,AP1,Ccr4,1.0
110,AP1,Ccr5,1.0
111,AP1,Ccr7,1.0
112,AP1,Cct2,1.0
113,AP1,Cd14,1.0
114,AP1,Cd164,1.0
115,AP1,Cd244a,1.0
116,AP1,Cd24a,1.0
117,AP1,Cd28,1.0
118,AP1,Cd2ap,1.0
119,AP1,Cd320,1.0
120,AP1,Cd38,1.0
121,AP1,Cd3e,1.0
122,AP1,Cd40,1.0
123,AP1,Cd40lg,1.0
124,AP1,Cd44,1.0
125,AP1,Cd68,1.0
126,AP1,Cd69,1.0
127,AP1,Cd80,1.0
128,AP1,Cd82,1.0
129,AP1,Cd8a,1.0
130,AP1,Cd9,1.0
131,AP1,Cdc42,1.0
132,AP1,Cdh1,1.0
133,AP1,Cdh13,1.0
134,AP1,Cdh17,1.0
135,AP1,Cdh2,-1.0
136,AP1,Cdk2,-1.0
137,AP1,Cdk4,-1.0
138,AP1,Cdk5,1.0
139,AP1,Cdk5r1,1.0
140,AP1,Cdkn1a,-1.0
141,AP1,Cdkn1b,-1.0
142,AP1,Cdkn2a,1.0
143,AP1,Cdx2,-1.0
144,AP1,Cebpa,-1.0
145,AP1,Cebpb,1.0
146,AP1,Cebpd,1.0
147,AP1,Cebpz,1.0
148,AP1,Cfi,1.0
149,AP1,Cflar,-1.0
150,AP1,Cga,-1.0
151,AP1,Chd4,1.0
152,AP1,Chga,1.0
153,AP1,Chgb,1.0
154,AP1,Chka,1.0
155,AP1,Chrna2,1.0
156,AP1,Chuk,1.0
157,AP1,Ciita,1.0
158,AP1,Cish,1.0
159,AP1,Ckm,1.0
160,AP1,Cldn2,1.0
161,AP1,Clu,-1.0
162,AP1,Cnr1,1.0
163,AP1,Col10a1,1.0
164,AP1,Col1a2,1.0
165,AP1,Col24a1,1.0
166,AP1,Col2a1,-1.0
167,AP1,Col3a1,1.0
168,AP1,Col6a1,1.0
169,AP1,Cop1,1.0
170,AP1,Cops5,1.0
171,AP1,Cp,1.0
172,AP1,Cpb2,1.0
173,AP1,Cps1,-1.0
174,AP1,Cr2,1.0
175,AP1,Crabp1,1.0
176,AP1,Creb1,1.0
177,AP1,Crem,1.0
178,AP1,Crh,1.0
179,AP1,Crhr1,1.0
180,AP1,Crp,1.0
181,AP1,Cry1,1.0
182,AP1,Cryaa,1.0
183,AP1,Crygb,1.0
184,AP1,Csf1,-1.0
185,AP1,Csf1r,1.0
186,AP1,Csf2,1.0
187,AP1,Csf3,1.0
188,AP1,Csn1s1,1.0
189,AP1,Csn2,1.0
190,AP1,Csnk2a1,1.0
191,AP1,Ctla4,1.0
192,AP1,Ctnnb1,1.0
193,AP1,Ctsb,1.0
194,AP1,Ctsd,1.0
195,AP1,Ctsk,1.0
196,AP1,Ctsl,1.0
197,AP1,Cx3cl1,1.0
198,AP1,Cxcl10,1.0
199,AP1,Cxcl12,1.0
200,AP1,Cxcl13,1.0
201,AP1,Cxcl14,1.0
202,AP1,Cxcl16,1.0
203,AP1,Cxcl9,1.0
204,AP1,Cxcr4,1.0
205,AP1,Cyba,1.0
206,AP1,Cybb,1.0
207,AP1,Cygb,1.0
208,AP1,Cyp11a1,1.0
209,AP1,Cyp17a1,-1.0
210,AP1,Cyp19a1,-1.0
211,AP1,Cyp1a1,1.0
212,AP1,Cyp1a2,1.0
213,AP1,Cyp4b1,1.0
214,AP1,Cyp51,1.0
215,AP1,Cyp7a1,-1.0
216,AP1,Cyp8b1,1.0
217,AP1,Dab1,1.0
218,AP1,Dach1,1.0
219,AP1,Dbh,1.0
220,AP1,Dcn,-1.0
221,AP1,Dcstamp,1.0
222,AP1,Dctn1,1.0
223,AP1,Ddit3,1.0
224,AP1,Ddx21,1.0
225,AP1,Defb14,1.0
226,AP1,Dhdds,1.0
227,AP1,Dhx9,1.0
228,AP1,Dido1,1.0
229,AP1,Dio2,-1.0
230,AP1,Dio3,1.0
231,AP1,Dkk1,1.0
232,AP1,Dld,1.0
233,AP1,Dlst,1.0
234,AP1,Dmp1,1.0
235,AP1,Dnajb4,1.0
236,AP1,Dnase1,1.0
237,AP1,Drd1,1.0
238,AP1,Drd2,1.0
239,AP1,Dspp,-1.0
240,AP1,Dusp1,1.0
241,AP1,Dync1h1,1.0
242,AP1,E2f1,1.0
243,AP1,Ebp,1.0
244,AP1,Ecel1,1.0
245,AP1,Edn1,1.0
246,AP1,Edn3,1.0
247,AP1,Ednra,1.0
248,AP1,Efhd2,1.0
249,AP1,Efna2,1.0
250,AP1,Egf,1.0
251,AP1,Egfr,1.0
252,AP1,Egr1,1.0
253,AP1,Eif4e,1.0
254,AP1,Eln,-1.0
255,AP1,Elp1,1.0
256,AP1,Enpp1,-1.0
257,AP1,Enpp2,1.0
258,AP1,Ephb2,1.0
259,AP1,Ephx2,1.0
260,AP1,Epo,1.0
261,AP1,Erbb2,1.0
262,AP1,Erbb4,1.0
263,AP1,Ercc1,1.0
264,AP1,Ercc4,1.0
265,AP1,Ern1,1.0
266,AP1,Esr1,1.0
267,AP1,Esr2,1.0
268,AP1,Ets1,1.0
269,AP1,Ets2,1.0
270,AP1,Etv1,1.0
271,AP1,Ezh2,1.0
272,AP1,Ezr,1.0
273,AP1,F2r,1.0
274,AP1,F3,1.0
275,AP1,F7,1.0
276,AP1,Fabp2,1.0
277,AP1,Fabp4,1.0
278,AP1,Fabp6,1.0
279,AP1,Fadd,1.0
280,AP1,Fap,1.0
281,AP1,Fas,1.0
282,AP1,Fasl,1.0
283,AP1,Fasn,1.0
284,AP1,Fbxw7,1.0
285,AP1,Fcer1g,1.0
286,AP1,Fgf2,1.0
287,AP1,Fgf7,1.0
288,AP1,Fgfbp1,1.0
289,AP1,Fgfr1,1.0
290,AP1,Fhit,1.0
291,AP1,Flt1,1.0
292,AP1,Fmo4,1.0
293,AP1,Fn1,1.0
294,AP1,Fos,-1.0
295,AP1,Fosb,1.0
296,AP1,Fosl1,1.0
297,AP1,Fosl2,1.0
298,AP1,Foxa1,1.0
299,AP1,Foxc1,1.0
300,AP1,Foxo3,1.0
301,AP1,Foxp3,1.0
302,AP1,Fshb,1.0
303,AP1,Fshr,1.0
304,AP1,Fth1,1.0
305,AP1,Ftmt,1.0
306,AP1,Gab2,1.0
307,AP1,Gabrb3,1.0
308,AP1,Gadd45a,1.0
309,AP1,Gadd45b,1.0
310,AP1,Gal,1.0
311,AP1,Gap43,1.0
312,AP1,Gast,1.0
313,AP1,Gata1,1.0
314,AP1,Gata3,1.0
315,AP1,Gc,1.0
316,AP1,Gcg,1.0
317,AP1,Gch1,1.0
318,AP1,Gckr,1.0
319,AP1,Gclc,-1.0
320,AP1,Gclm,1.0
321,AP1,Gcm1,1.0
322,AP1,Gcsh,1.0
323,AP1,Gfap,1.0
324,AP1,Gh,-1.0
325,AP1,Ghrhr,1.0
326,AP1,Gip,1.0
327,AP1,Glrx,1.0
328,AP1,Gls,1.0
329,AP1,Gnrh1,1.0
330,AP1,Gnrhr,1.0
331,AP1,Gper1,1.0
332,AP1,Gprc5a,1.0
333,AP1,Grb2,1.0
334,AP1,Greb1,1.0
335,AP1,Grik2,1.0
336,AP1,Grin1,1.0
337,AP1,Grin2a,1.0
338,AP1,Grin2b,1.0
339,AP1,Grp,1.0
340,AP1,Gsc,1.0
341,AP1,Gsk3b,1.0
342,AP1,Gss,1.0
343,AP1,Gstk1,1.0
344,AP1,Gtf2b,1.0
345,AP1,Gtf3a,1.0
346,AP1,H1f2,1.0
347,AP1,H2-Ab1,1.0
348,AP1,H2-T23,1.0
349,AP1,Havcr2,1.0
350,AP1,Hba-x,1.0
351,AP1,Hbb-bh1,1.0
352,AP1,Hbb-y,1.0
353,AP1,Hbegf,1.0
354,AP1,Hc,1.0
355,AP1,Hcrt,1.0
356,AP1,Hcst,1.0
357,AP1,Hdc,1.0
358,AP1,Herpud1,1.0
359,AP1,Hes1,-1.0
360,AP1,Hey1,1.0
361,AP1,Hgf,1.0
362,AP1,Hint1,1.0
363,AP1,Hipk3,1.0
364,AP1,Hmbs,1.0
365,AP1,Hmgb1,1.0
366,AP1,Hmmr,1.0
367,AP1,Hmox1,1.0
368,AP1,Hnrnpc,1.0
369,AP1,Hp,1.0
370,AP1,Hpcal1,1.0
371,AP1,Hpgds,1.0
372,AP1,Hras,1.0
373,AP1,Hrk,1.0
374,AP1,Hsd17b1,1.0
375,AP1,Hsp90aa1,1.0
376,AP1,Hspa4,1.0
377,AP1,Hspa5,1.0
378,AP1,Hspb1,1.0
379,AP1,Hspb2,1.0
380,AP1,Hsph1,1.0
381,AP1,Htt,1.0
382,AP1,Ibsp,-1.0
383,AP1,Icam1,1.0
384,AP1,Icos,1.0
385,AP1,Id2,1.0
386,AP1,Ifnar1,1.0
387,AP1,Ifnb1,1.0
388,AP1,Ifne,1.0
389,AP1,Ifng,1.0
390,AP1,Igf1,1.0
391,AP1,Igf2,1.0
392,AP1,Igfbp1,-1.0
393,AP1,Igfbp2,1.0
394,AP1,Igfbp4,1.0
395,AP1,Igfbp7,1.0
396,AP1,Ighe,1.0
397,AP1,Ighmbp2,1.0
398,AP1,Ikbkb,1.0
399,AP1,Il10,1.0
400,AP1,Il11,1.0
401,AP1,Il12a,1.0
402,AP1,Il12b,1.0
403,AP1,Il13,-1.0
404,AP1,Il13ra2,1.0
405,AP1,Il17a,1.0
406,AP1,Il18,1.0
407,AP1,Il18r1,1.0
408,AP1,Il1a,1.0
409,AP1,Il1b,1.0
410,AP1,Il1rl1,1.0
411,AP1,Il1rn,1.0
412,AP1,Il2,-1.0
413,AP1,Il20,1.0
414,AP1,Il21,1.0
415,AP1,Il21r,1.0
416,AP1,Il23a,1.0
417,AP1,Il24,1.0
418,AP1,Il27,1.0
419,AP1,Il2ra,1.0
420,AP1,Il3,1.0
421,AP1,Il31,1.0
422,AP1,Il4,1.0
423,AP1,Il5,1.0
424,AP1,Il5ra,1.0
425,AP1,Il6,-1.0
426,AP1,Il6st,1.0
427,AP1,Il7,1.0
428,AP1,Il7r,1.0
429,AP1,Il9,1.0
430,AP1,Ilk,1.0
431,AP1,Insr,1.0
432,AP1,Intu,1.0
433,AP1,Irak1,1.0
434,AP1,Irak3,1.0
435,AP1,Irs2,1.0
436,AP1,Itga2,1.0
437,AP1,Itga2b,1.0
438,AP1,Itga5,1.0
439,AP1,Itgav,-1.0
440,AP1,Itgax,1.0
441,AP1,Itgb1,1.0
442,AP1,Itgb3,-1.0
443,AP1,Itgb8,1.0
444,AP1,Itpr1,1.0
445,AP1,Ivl,1.0
446,AP1,Jun,-1.0
447,AP1,Junb,1.0
448,AP1,Jund,-1.0
449,AP1,Kat2b,1.0
450,AP1,Kcnab2,1.0
451,AP1,Kdm2b,1.0
452,AP1,Kif11,1.0
453,AP1,Kif18a,1.0
454,AP1,Kifbp,1.0
455,AP1,Kitl,1.0
456,AP1,Klf16,1.0
457,AP1,Klf6,1.0
458,AP1,Klk6,1.0
459,AP1,Krt14,1.0
460,AP1,Krt15,1.0
461,AP1,Krt16,1.0
462,AP1,Krt17,1.0
463,AP1,Krt18,1.0
464,AP1,Krt5,1.0
465,AP1,Lama3,1.0
466,AP1,Lamb1,1.0
467,AP1,Lamc2,1.0
468,AP1,Large1,1.0
469,AP1,Lbp,-1.0
470,AP1,Lck,1.0
471,AP1,Ldha,1.0
472,AP1,Ldlr,1.0
473,AP1,Ldoc1,1.0
474,AP1,Lep,1.0
475,AP1,Lgals1,1.0
476,AP1,Lgals3,1.0
477,AP1,Lgmn,1.0
478,AP1,Lhb,-1.0
479,AP1,Lif,1.0
480,AP1,Limd1,1.0
481,AP1,Litaf,1.0
482,AP1,Lmna,1.0
483,AP1,Lor,-1.0
484,AP1,Lox,1.0
485,AP1,Loxl4,1.0
486,AP1,Lpl,1.0
487,AP1,Lrig2,1.0
488,AP1,Lta,1.0
489,AP1,Ltbp3,1.0
490,AP1,Ly6k,1.0
491,AP1,Lypd3,1.0
492,AP1,Macc1,1.0
493,AP1,Maf,1.0
494,AP1,Mafa,-1.0
495,AP1,Maoa,1.0
496,AP1,Maob,1.0
497,AP1,Map2,-1.0
498,AP1,Map2k1,1.0
499,AP1,Map2k5,1.0
500,AP1,Map2k6,1.0
501,AP1,Map2k7,1.0
502,AP1,Map3k1,1.0
503,AP1,Map3k4,1.0
504,AP1,Map3k8,1.0
505,AP1,Mapk1,1.0
506,AP1,Mapk12,1.0
507,AP1,Mapk13,1.0
508,AP1,Mapk14,1.0
509,AP1,Mapk3,1.0
510,AP1,Mapk8,1.0
511,AP1,Mapk9,1.0
512,AP1,Mapre2,1.0
513,AP1,Mat2a,1.0
514,AP1,Mbd3,1.0
515,AP1,Mbp,-1.0
516,AP1,Mc2r,1.0
517,AP1,Mcat,1.0
518,AP1,Mcf2,1.0
519,AP1,Mcl1,1.0
520,AP1,Mdm2,1.0
521,AP1,Mef2d,1.0
522,AP1,Meltf,1.0
523,AP1,Men1,1.0
524,AP1,Met,1.0
525,AP1,Mgat5,1.0
526,AP1,Mgmt,1.0
527,AP1,Mgp,1.0
528,AP1,Micu1,1.0
529,AP1,Mitf,1.0
530,AP1,Mmp11,1.0
531,AP1,Mmp12,1.0
532,AP1,Mmp13,1.0
533,AP1,Mmp2,1.0
534,AP1,Mmp20,1.0
535,AP1,Mmp7,1.0
536,AP1,Mmp9,-1.0
537,AP1,Mos,1.0
538,AP1,Mpz,1.0
539,AP1,Mrap,1.0
540,AP1,Mrgprf,1.0
541,AP1,Mrtfa,1.0
542,AP1,Msh2,1.0
543,AP1,Msr1,1.0
544,AP1,Mt1,1.0
545,AP1,Mt2,1.0
546,AP1,Mthfr,1.0
547,AP1,Mtr,1.0
548,AP1,Muc2,-1.0
549,AP1,Muc4,1.0
550,AP1,Muc5ac,1.0
551,AP1,Myb,1.0
552,AP1,Myc,-1.0
553,AP1,Myd88,1.0
554,AP1,Myh6,-1.0
555,AP1,Myl2,-1.0
556,AP1,Myl9,1.0
557,AP1,Myocd,1.0
558,AP1,Myod1,-1.0
559,AP1,Myog,1.0
560,AP1,Naca,1.0
561,AP1,Nampt,1.0
562,AP1,Nanog,1.0
563,AP1,Ncam1,1.0
564,AP1,Ncf2,1.0
565,AP1,Nck2,1.0
566,AP1,Ndufb6,1.0
567,AP1,Nectin2,1.0
568,AP1,Nefl,1.0
569,AP1,Neil1,1.0
570,AP1,Nelfe,1.0
571,AP1,Nes,1.0
572,AP1,Nf1,1.0
573,AP1,Nfatc1,1.0
574,AP1,Nfatc4,1.0
575,AP1,Nfic,1.0
576,AP1,Nfkb1,-1.0
577,AP1,Nfkb2,1.0
578,AP1,Nfkbia,1.0
579,AP1,Nfya,1.0
580,AP1,Ngf,1.0
581,AP1,Nkx2-1,1.0
582,AP1,Nlrp2,1.0
583,AP1,Nlrp3,1.0
584,AP1,Nos2,-1.0
585,AP1,Nos3,1.0
586,AP1,Notch2,1.0
587,AP1,Notch4,1.0
588,AP1,Noto,1.0
589,AP1,Nox1,1.0
590,AP1,Nox4,1.0
591,AP1,Noxo1,1.0
592,AP1,Npm1,1.0
593,AP1,Nppa,-1.0
594,AP1,Nppb,-1.0
595,AP1,Npy,1.0
596,AP1,Npy6r,1.0
597,AP1,Nqo1,-1.0
598,AP1,Nqo2,1.0
599,AP1,Nr0b2,1.0
600,AP1,Nr3c1,-1.0
601,AP1,Nr4a1,1.0
602,AP1,Nrf1,1.0
603,AP1,Nrl,-1.0
604,AP1,Nt5e,1.0
605,AP1,Ntf3,1.0
606,AP1,Ntrk1,1.0
607,AP1,Nts,1.0
608,AP1,Nup214,1.0
609,AP1,Oat,1.0
610,AP1,Odc1,1.0
611,AP1,Oga,1.0
612,AP1,Olr1,1.0
613,AP1,Oprm1,1.0
614,AP1,Osm,1.0
615,AP1,Oxtr,1.0
616,AP1,Padi3,1.0
617,AP1,Padi4,1.0
618,AP1,Pak3,1.0
619,AP1,Pax7,-1.0
620,AP1,Pck1,-1.0
621,AP1,Pck2,-1.0
622,AP1,Pcna,1.0
623,AP1,Pcsk1,1.0
624,AP1,Pcx,1.0
625,AP1,Pcyt2,1.0
626,AP1,Pdcd4,1.0
627,AP1,Pdgfa,1.0
628,AP1,Pdgfb,1.0
629,AP1,Pdgfra,-1.0
630,AP1,Pdgfrb,1.0
631,AP1,Pdk1,1.0
632,AP1,Pdlim7,1.0
633,AP1,Pdpk1,1.0
634,AP1,Pdpn,1.0
635,AP1,Pdyn,1.0
636,AP1,Pea15a,1.0
637,AP1,Pelp1,1.0
638,AP1,Penk,1.0
639,AP1,Per1,1.0
640,AP1,Pes1,1.0
641,AP1,Pgr,-1.0
642,AP1,Phex,1.0
643,AP1,Pik3c3,1.0
644,AP1,Pik3r1,1.0
645,AP1,Pik3r3,1.0
646,AP1,Pitx1,1.0
647,AP1,Pla2g4a,1.0
648,AP1,Plagl1,1.0
649,AP1,Plat,1.0
650,AP1,Plau,-1.0
651,AP1,Plaur,1.0
652,AP1,Plekho1,1.0
653,AP1,Plin2,1.0
654,AP1,Pml,1.0
655,AP1,Pold2,1.0
656,AP1,Polr2f,1.0
657,AP1,Pomc,1.0
658,AP1,Pon1,1.0
659,AP1,Pon2,1.0
660,AP1,Postn,1.0
661,AP1,Pou1f1,1.0
662,AP1,Pou2f1,1.0
663,AP1,Ppara,1.0
664,AP1,Ppard,1.0
665,AP1,Pparg,-1.0
666,AP1,Ppargc1a,-1.0
667,AP1,Ppm1d,1.0
668,AP1,Ppp1cc,1.0
669,AP1,Ppp1r15a,1.0
670,AP1,Prdm1,1.0
671,AP1,Prdx1,1.0
672,AP1,Prf1,1.0
673,AP1,Prkaca,1.0
674,AP1,Prkar2b,1.0
675,AP1,Prkca,1.0
676,AP1,Prkcd,1.0
677,AP1,Prkce,1.0
678,AP1,Prkcg,1.0
679,AP1,Prkcq,1.0
680,AP1,Prkdc,1.0
681,AP1,Prkg1,1.0
682,AP1,Prkn,-1.0
683,AP1,Prm3,1.0
684,AP1,Psen1,1.0
685,AP1,Psen2,1.0
686,AP1,Psma5,1.0
687,AP1,Psma6,1.0
688,AP1,Psmc6,1.0
689,AP1,Pten,-1.0
690,AP1,Ptgds,1.0
691,AP1,Ptgs2,1.0
692,AP1,Pth,1.0
693,AP1,Pth1r,-1.0
694,AP1,Pthlh,1.0
695,AP1,Ptk2,1.0
696,AP1,Ptk2b,1.0
697,AP1,Ptn,1.0
698,AP1,Ptov1,1.0
699,AP1,Ptpn6,1.0
700,AP1,Ptpro,1.0
701,AP1,Ptx3,1.0
702,AP1,Pvr,1.0
703,AP1,Qrfp,1.0
704,AP1,Rab11a,1.0
705,AP1,Rab18,1.0
706,AP1,Rab27a,1.0
707,AP1,Rabep2,1.0
708,AP1,Rac1,1.0
709,AP1,Rac2,1.0
710,AP1,Rae1,1.0
711,AP1,Raf1,1.0
712,AP1,Rara,-1.0
713,AP1,Rarb,1.0
714,AP1,Rarg,-1.0
715,AP1,Rasa1,1.0
716,AP1,Rasgrf1,1.0
717,AP1,Rassf10,1.0
718,AP1,Rb1,1.0
719,AP1,Rbfox2,1.0
720,AP1,Rbpj,1.0
721,AP1,Rcan1,1.0
722,AP1,Rela,1.0
723,AP1,Relb,1.0
724,AP1,Ren1,1.0
725,AP1,Retn,1.0
726,AP1,Rgn,1.0
727,AP1,Rgs4,1.0
728,AP1,Rhd,1.0
729,AP1,Rho,1.0
730,AP1,Rhob,1.0
731,AP1,Rhoc,1.0
732,AP1,Rhoh,-1.0
733,AP1,Ripk1,1.0
734,AP1,Rock1,1.0
735,AP1,Ros1,1.0
736,AP1,Runx2,1.0
737,AP1,Ryk,1.0
738,AP1,S100a10,1.0
739,AP1,S100a2,1.0
740,AP1,S1pr1,1.0
741,AP1,Sag,1.0
742,AP1,Sar1b,1.0
743,AP1,Sat1,1.0
744,AP1,Scgb1a1,1.0
745,AP1,Scn1a,1.0
746,AP1,Sele,1.0
747,AP1,Serpinb2,1.0
748,AP1,Serpinb5,1.0
749,AP1,Serpinb7,1.0
750,AP1,Serpine1,1.0
751,AP1,Serpinf2,1.0
752,AP1,Sesn2,1.0
753,AP1,Sftpa1,1.0
754,AP1,Sftpb,-1.0
755,AP1,Sftpd,1.0
756,AP1,Sgca,1.0
757,AP1,Sgpl1,1.0
758,AP1,Sharpin,1.0
759,AP1,Sigmar1,1.0
760,AP1,Sirt1,1.0
761,AP1,Sirt6,1.0
762,AP1,Sla,1.0
763,AP1,Slc10a1,1.0
764,AP1,Slc10a2,-1.0
765,AP1,Slc11a1,1.0
766,AP1,Slc19a1,1.0
767,AP1,Slc1a3,1.0
768,AP1,Slc22a2,1.0
769,AP1,Slc26a3,1.0
770,AP1,Slc29a1,-1.0
771,AP1,Slc2a2,1.0
772,AP1,Slc2a3,1.0
773,AP1,Slc38a1,1.0
774,AP1,Slc46a1,1.0
775,AP1,Slc47a1,1.0
776,AP1,Slc4a4,1.0
777,AP1,Slc6a6,1.0
778,AP1,Slc7a11,1.0
779,AP1,Slc8a1,1.0
780,AP1,Smad1,1.0
781,AP1,Smad3,1.0
782,AP1,Smad4,1.0
783,AP1,Smad7,1.0
784,AP1,Smarca1,1.0
785,AP1,Smarca4,1.0
786,AP1,Smn1,-1.0
787,AP1,Smurf1,1.0
788,AP1,Snai1,1.0
789,AP1,Snai2,1.0
790,AP1,Snap25,1.0
791,AP1,Sncg,1.0
792,AP1,Socs3,1.0
793,AP1,Sod1,1.0
794,AP1,Sod2,1.0
795,AP1,Sox4,1.0
796,AP1,Sox7,1.0
797,AP1,Sp1,1.0
798,AP1,Sp3,1.0
799,AP1,Sp4,1.0
800,AP1,Sparc,1.0
801,AP1,Sphk1,1.0
802,AP1,Spi1,-1.0
803,AP1,Spib,1.0
804,AP1,Spp1,1.0
805,AP1,Sprr1a,1.0
806,AP1,Sprr3,1.0
807,AP1,Sptbn1,1.0
808,AP1,Sqstm1,1.0
809,AP1,Src,1.0
810,AP1,Srr,1.0
811,AP1,Srxn1,1.0
812,AP1,Sst,1.0
813,AP1,Star,1.0
814,AP1,Stat3,1.0
815,AP1,Stim1,1.0
816,AP1,Stmn1,1.0
817,AP1,Stmn2,1.0
818,AP1,Stxbp1,1.0
819,AP1,Syk,1.0
820,AP1,Taf7,1.0
821,AP1,Tat,1.0
822,AP1,Tbk1,1.0
823,AP1,Tbp,1.0
824,AP1,Tbx3,1.0
825,AP1,Tcea1,1.0
826,AP1,Tcf21,1.0
827,AP1,Tcf3,1.0
828,AP1,Tcirg1,1.0
829,AP1,Tec,1.0
830,AP1,Tert,-1.0
831,AP1,Tff1,1.0
832,AP1,Tff3,1.0
833,AP1,Tfpi2,1.0
834,AP1,Tgfa,1.0
835,AP1,Tgfb1,1.0
836,AP1,Tgfb3,1.0
837,AP1,Tgfbi,1.0
838,AP1,Tgfbr2,1.0
839,AP1,Tgm1,1.0
840,AP1,Th,1.0
841,AP1,Thbd,-1.0
842,AP1,Thbs1,-1.0
843,AP1,Thbs2,-1.0
844,AP1,Thpo,1.0
845,AP1,Timm17a,1.0
846,AP1,Timp1,-1.0
847,AP1,Timp2,1.0
848,AP1,Timp3,1.0
849,AP1,Tjp1,1.0
850,AP1,Tkt,1.0
851,AP1,Tlr1,1.0
852,AP1,Tlr4,-1.0
853,AP1,Tlr9,-1.0
854,AP1,Tm9sf2,1.0
855,AP1,Tnc,1.0
856,AP1,Tnf,1.0
857,AP1,Tnfaip1,1.0
858,AP1,Tnfaip6,1.0
859,AP1,Tnfrsf10b,1.0
860,AP1,Tnfrsf11a,1.0
861,AP1,Tnfrsf11b,-1.0
862,AP1,Tnfrsf1b,1.0
863,AP1,Tnfrsf8,1.0
864,AP1,Tnfrsf9,1.0
865,AP1,Tnfsf10,1.0
866,AP1,Tnfsf11,1.0
867,AP1,Tnfsf13b,1.0
868,AP1,Tnfsf15,1.0
869,AP1,Tnfsf4,1.0
870,AP1,Top3a,1.0
871,AP1,Tpi1,1.0
872,AP1,Tradd,1.0
873,AP1,Traf2,1.0
874,AP1,Traf3ip2,1.0
875,AP1,Traf6,1.0
876,AP1,Trex1,1.0
877,AP1,Trf,1.0
878,AP1,Trh,1.0
879,AP1,Trp53,-1.0
880,AP1,Trp53bp1,1.0
881,AP1,Trp63,1.0
882,AP1,Trp73,1.0
883,AP1,Trpc6,1.0
884,AP1,Trpm6,1.0
885,AP1,Tslp,1.0
886,AP1,Tspo,1.0
887,AP1,Tspoap1,1.0
888,AP1,Ttf1,1.0
889,AP1,Ttpa,1.0
890,AP1,Ttr,1.0
891,AP1,Tubb3,1.0
892,AP1,Txn1,1.0
893,AP1,Txnip,1.0
894,AP1,Ubc,1.0
895,AP1,Ube2b,1.0
896,AP1,Uchl1,1.0
897,AP1,Uck2,1.0
898,AP1,Ucp1,-1.0
899,AP1,Ugcg,1.0
900,AP1,Upp1,1.0
901,AP1,Usf1,1.0
902,AP1,Usp28,1.0
903,AP1,Usp7,1.0
904,AP1,Vcam1,1.0
905,AP1,Vcan,1.0
906,AP1,Vdr,1.0
907,AP1,Vegfa,-1.0
908,AP1,Vegfd,1.0
909,AP1,Vgf,1.0
910,AP1,Vim,1.0
911,AP1,Vip,1.0
912,AP1,Vrk1,1.0
913,AP1,Wee1,1.0
914,AP1,Wnk1,1.0
915,AP1,Wnk4,1.0
916,AP1,Wnt16,1.0
917,AP1,Wnt2,1.0
918,AP1,Wnt9a,1.0
919,AP1,Xiap,1.0
920,AP1,Xpr1,1.0
921,AP1,Xylt1,1.0
922,AP1,Ybey,1.0
923,AP1,Ywhah,1.0
924,AP1,Yy1,1.0
925,AP1,Zfp36,1.0
926,AP1,Zfp36l1,1.0
927,AP1,Zfp382,1.0
928,AP1,Zic3,1.0
929,Abl1,Bax,1.0
930,Abl1,Bcl2,-1.0
931,Abl1,Bcl6,-1.0
932,Abl1,Ccnd2,1.0
933,Abl1,Cdkn1a,1.0
934,Abl1,Csf1,1.0
935,Abl1,Foxo3,1.0
936,Abl1,Jun,1.0
937,Abl1,Pim1,1.0
938,Abl1,Trp53,1.0
939,Adnp,Becn1,1.0
940,Aebp1,Apoe,1.0
941,Aebp1,Cd36,1.0
942,Aebp1,Fabp4,-1.0
943,Aebp1,Tfap2a,1.0
944,Aebp1,Tnf,1.0
945,Aebp2,Fabp4,-1.0
946,Ahr,Abca4,1.0
947,Ahr,Abcb6,1.0
948,Ahr,Abcc2,1.0
949,Ahr,Abcc3,1.0
950,Ahr,Abcc4,1.0
951,Ahr,Abcc5,1.0
952,Ahr,Ache,1.0
953,Ahr,Afmid,1.0
954,Ahr,Agr2,1.0
955,Ahr,Ahrr,1.0
956,Ahr,Aip,1.0
957,Ahr,Alb,1.0
958,Ahr,Aldh3a1,1.0
959,Ahr,Apaf1,1.0
960,Ahr,Apoa1,1.0
961,Ahr,App,1.0
962,Ahr,Areg,1.0
963,Ahr,Arnt,1.0
964,Ahr,Atm,1.0
965,Ahr,Bax,1.0
966,Ahr,Bdnf,-1.0
967,Ahr,Brca1,-1.0
968,Ahr,Btk,1.0
969,Ahr,Cad,1.0
970,Ahr,Car3,-1.0
971,Ahr,Car9,-1.0
972,Ahr,Cat,1.0
973,Ahr,Ccl1,1.0
974,Ahr,Ccnd1,1.0
975,Ahr,Ccng2,1.0
976,Ahr,Cd19,-1.0
977,Ahr,Cd2,1.0
978,Ahr,Cd36,1.0
979,Ahr,Cd40,1.0
980,Ahr,Cdh1,1.0
981,Ahr,Cdh13,-1.0
982,Ahr,Cdkn1a,1.0
983,Ahr,Cdkn1b,1.0
984,Ahr,Cdkn2a,1.0
985,Ahr,Cdkn2b,1.0
986,Ahr,Cdx2,1.0
987,Ahr,Crebbp,1.0
988,Ahr,Cryab,1.0
989,Ahr,Csf2,1.0
990,Ahr,Ctsd,1.0
991,Ahr,Ctsg,1.0
992,Ahr,Cxcl13,1.0
993,Ahr,Cyp19a1,1.0
994,Ahr,Cyp1a1,1.0
995,Ahr,Cyp1a2,1.0
996,Ahr,Cyp1b1,1.0
997,Ahr,Dpep1,1.0
998,Ahr,Egln1,1.0
999,Ahr,Ereg,1.0
1000,Ahr,Esr1,1.0
1001,Ahr,Esr2,1.0
1002,Ahr,Fasl,1.0
1003,Ahr,Fgf21,1.0
1004,Ahr,Fgf9,1.0
1005,Ahr,Fgfr1,1.0
1006,Ahr,Fos,1.0
1007,Ahr,Foxp3,-1.0
1008,Ahr,Fscn1,1.0
1009,Ahr,Fshr,1.0
1010,Ahr,Fst,1.0
1011,Ahr,Gata3,-1.0
1012,Ahr,Gcg,1.0
1013,Ahr,Gcm1,1.0
1014,Ahr,Gh,1.0
1015,Ahr,Ghrhr,1.0
1016,Ahr,Gnrh1,1.0
1017,Ahr,Gucy1a1,1.0
1018,Ahr,Hrk,1.0
1019,Ahr,Hsd17b8,1.0
1020,Ahr,Hsp90ab1,1.0
1021,Ahr,Hspb1,-1.0
1022,Ahr,Ido1,1.0
1023,Ahr,Ifng,1.0
1024,Ahr,Igf1,1.0
1025,Ahr,Igfbp1,1.0
1026,Ahr,Il10,1.0
1027,Ahr,Il12b,-1.0
1028,Ahr,Il13,1.0
1029,Ahr,Il17a,1.0
1030,Ahr,Il1b,1.0
1031,Ahr,Il21,1.0
1032,Ahr,Il23a,1.0
1033,Ahr,Il4,1.0
1034,Ahr,Il6,1.0
1035,Ahr,Insm1,1.0
1036,Ahr,Irf3,1.0
1037,Ahr,Isl1,1.0
1038,Ahr,Jun,1.0
1039,Ahr,Jup,1.0
1040,Ahr,L1cam,1.0
1041,Ahr,Lpl,1.0
1042,Ahr,Ltbp1,-1.0
1043,Ahr,Mdm2,1.0
1044,Ahr,Mfsd2a,1.0
1045,Ahr,Mmp2,-1.0
1046,Ahr,Mmp9,1.0
1047,Ahr,Mt2,1.0
1048,Ahr,Myc,1.0
1049,Ahr,Ncf1,1.0
1050,Ahr,Ncf4,1.0
1051,Ahr,Nfe2l2,1.0
1052,Ahr,Nfic,1.0
1053,Ahr,Nqo1,-1.0
1054,Ahr,Nr1i3,1.0
1055,Ahr,Nr5a2,1.0
1056,Ahr,Nrip1,1.0
1057,Ahr,Pah,1.0
1058,Ahr,Pax5,1.0
1059,Ahr,Pcna,1.0
1060,Ahr,Pdlim7,1.0
1061,Ahr,Per1,-1.0
1062,Ahr,Phb2,1.0
1063,Ahr,Polk,1.0
1064,Ahr,Pon1,1.0
1065,Ahr,Ppargc1b,1.0
1066,Ahr,Ppig,1.0
1067,Ahr,Prdm1,1.0
1068,Ahr,Ptgs2,1.0
1069,Ahr,Rb1,1.0
1070,Ahr,Rfc1,1.0
1071,Ahr,Rfc3,1.0
1072,Ahr,Rorc,-1.0
1073,Ahr,Sdhb,1.0
1074,Ahr,Serpinb2,1.0
1075,Ahr,Serpine1,1.0
1076,Ahr,Sim1,1.0
1077,Ahr,Slc2a1,1.0
1078,Ahr,Slc35a2,1.0
1079,Ahr,Slc7a5,1.0
1080,Ahr,Slco1b2,-1.0
1081,Ahr,Slco2b1,1.0
1082,Ahr,Smarca4,1.0
1083,Ahr,Smoc2,1.0
1084,Ahr,Snai2,1.0
1085,Ahr,Sod1,1.0
1086,Ahr,Sos1,1.0
1087,Ahr,Spp1,1.0
1088,Ahr,Srsf3,1.0
1089,Ahr,Star,1.0
1090,Ahr,Stc2,1.0
1091,Ahr,Sult1e1,1.0
1092,Ahr,Tac2,1.0
1093,Ahr,Tbx21,-1.0
1094,Ahr,Tdo2,1.0
1095,Ahr,Tfdp2,1.0
1096,Ahr,Tgfb1,-1.0
1097,Ahr,Tgfb2,-1.0
1098,Ahr,Th,1.0
1099,Ahr,Thbs1,1.0
1100,Ahr,Tnf,1.0
1101,Ahr,Tnfrsf11a,1.0
1102,Ahr,Tnfsf13b,1.0
1103,Ahr,Trf,1.0
1104,Ahr,Trp53,1.0
1105,Ahr,Ube2l3,1.0
1106,Ahr,Vegfa,-1.0
1107,Ahr,Vit,1.0
1108,Ahr,Wif1,1.0
1109,Ahr,Xpo1,1.0
1110,Ahr,Yy1,1.0
1111,Ahrr,Ahr,-1.0
1112,Ahrr,Arnt,-1.0
1113,Ahrr,Cyp1a1,1.0
1114,Ahrr,Cyp1a2,1.0
1115,Ahrr,Myc,1.0
1116,Aip,Ahr,1.0
1117,Aip,Esr1,-1.0
1118,Aip,Greb1,-1.0
1119,Aip,Nfkb2,-1.0
1120,Aip,Rsf1,-1.0
1121,Aip,Tff1,-1.0
1122,Aire,Bmp2,1.0
1123,Aire,Cd28,1.0
1124,Aire,Chrna1,1.0
1125,Aire,Col2a1,1.0
1126,Aire,Crebbp,1.0
1127,Aire,Cstb,1.0
1128,Aire,F11,1.0
1129,Aire,Fos,1.0
1130,Aire,Ica1,-1.0
1131,Aire,Ifnb1,1.0
1132,Aire,Il2ra,1.0
1133,Aire,Muc6,1.0
1134,Aire,Nfkbia,1.0
1135,Aire,Pias1,1.0
1136,Aire,Rac1,1.0
1137,Aire,Tg,1.0
1138,Aire,Tlr3,1.0
1139,Aire,Tlr8,1.0
1140,Aire,Tshr,1.0
1141,Aire,Tspoap1,1.0
1142,Akna,Cd40,1.0
1143,Akna,Cd40lg,1.0
1144,Alx1,Crebbp,1.0
1145,Alx1,Oga,1.0
1146,Alx1,Traf4,1.0
1147,Alx3,Sst,1.0
1148,Alx4,Ncam1,-1.0
1149,Ankrd1,Nppa,-1.0
1150,Apbb1,Clu,-1.0
1151,Apbb1,Gmps,-1.0
1152,Apex1,Apod,1.0
1153,Apex1,Blk,1.0
1154,Apex1,Brca1,1.0
1155,Apex1,Car2,1.0
1156,Apex1,Cd19,1.0
1157,Apex1,Cdkn1a,1.0
1158,Apex1,Gal,1.0
1159,Apex1,Gdnf,1.0
1160,Apex1,Gfra1,1.0
1161,Apex1,Ghrhr,1.0
1162,Apex1,Hap1,1.0
1163,Apex1,Hhex,1.0
1164,Apex1,Hira,1.0
1165,Apex1,Il6,1.0
1166,Apex1,Lig1,1.0
1167,Apex1,Lig3,1.0
1168,Apex1,Mgmt,1.0
1169,Apex1,Mnt,1.0
1170,Apex1,Mpg,1.0
1171,Apex1,Nfkb1,1.0
1172,Apex1,Nqo1,1.0
1173,Apex1,Ogg1,1.0
1174,Apex1,Osgep,1.0
1175,Apex1,Polb,1.0
1176,Apex1,Pold1,1.0
1177,Apex1,Pten,1.0
1178,Apex1,Pth,-1.0
1179,Apex1,Rela,1.0
1180,Apex1,Ren1,1.0
1181,Apex1,Ros1,1.0
1182,Apex1,Slc5a5,1.0
1183,Apex1,Socs3,1.0
1184,Apex1,Tg,1.0
1185,Apex1,Tnf,1.0
1186,Apex1,Trpv6,1.0
1187,Apex1,Xrcc1,1.0
1188,Ar,Aatf,1.0
1189,Ar,Abca1,1.0
1190,Ar,Abcc3,1.0
1191,Ar,Abcc4,1.0
1192,Ar,Abce1,1.0
1193,Ar,Acaca,1.0
1194,Ar,Ache,1.0
1195,Ar,Acot11,1.0
1196,Ar,Acp3,1.0
1197,Ar,Acta1,1.0
1198,Ar,Actg2,1.0
1199,Ar,Adam9,1.0
1200,Ar,Adm,1.0
1201,Ar,Adora1,1.0
1202,Ar,Adra1d,1.0
1203,Ar,Adrb2,1.0
1204,Ar,Agr3,1.0
1205,Ar,Ahr,1.0
1206,Ar,Akr1b1,1.0
1207,Ar,Akt1,1.0
1208,Ar,Aldh1a3,1.0
1209,Ar,Anapc10,1.0
1210,Ar,App,1.0
1211,Ar,Appl1,1.0
1212,Ar,Areg,1.0
1213,Ar,Arg1,1.0
1214,Ar,Arg2,1.0
1215,Ar,Arhgdia,1.0
1216,Ar,Arr3,1.0
1217,Ar,Arrb2,1.0
1218,Ar,Asxl3,1.0
1219,Ar,Atad2,1.0
1220,Ar,Atf6,1.0
1221,Ar,Atp2b4,1.0
1222,Ar,Avpr1a,1.0
1223,Ar,Avpr2,1.0
1224,Ar,Axin1,1.0
1225,Ar,Azgp1,1.0
1226,Ar,Bcl2,1.0
1227,Ar,Bcl2l1,1.0
1228,Ar,Bmp4,1.0
1229,Ar,Brd7,1.0
1230,Ar,Bsg,1.0
1231,Ar,Btd,1.0
1232,Ar,Btg2,-1.0
1233,Ar,C4b,1.0
1234,Ar,Cacna1b,1.0
1235,Ar,Calca,-1.0
1236,Ar,Calm1,1.0
1237,Ar,Calr,1.0
1238,Ar,Camkk2,1.0
1239,Ar,Car3,1.0
1240,Ar,Carm1,1.0
1241,Ar,Casp2,1.0
1242,Ar,Casp3,1.0
1243,Ar,Cav1,1.0
1244,Ar,Cbx1,1.0
1245,Ar,Ccar1,1.0
1246,Ar,Ccar2,1.0
1247,Ar,Ccl5,-1.0
1248,Ar,Ccn2,1.0
1249,Ar,Ccn3,1.0
1250,Ar,Ccnb1,-1.0
1251,Ar,Ccnd1,1.0
1252,Ar,Ccnd3,1.0
1253,Ar,Ccng2,1.0
1254,Ar,Ccr2,1.0
1255,Ar,Cd24a,1.0
1256,Ar,Cd82,1.0
1257,Ar,Cdc6,1.0
1258,Ar,Cdh1,-1.0
1259,Ar,Cdh11,1.0
1260,Ar,Cdh2,1.0
1261,Ar,Cdk11b,1.0
1262,Ar,Cdk20,1.0
1263,Ar,Cdk5,1.0
1264,Ar,Cdk6,1.0
1265,Ar,Cdkl5,1.0
1266,Ar,Cdkn1a,1.0
1267,Ar,Cdkn1b,1.0
1268,Ar,Cebpd,1.0
1269,Ar,Cflar,1.0
1270,Ar,Cga,-1.0
1271,Ar,Chrm1,-1.0
1272,Ar,Chrm5,1.0
1273,Ar,Cited2,1.0
1274,Ar,Clk3,-1.0
1275,Ar,Clu,1.0
1276,Ar,Cpd,1.0
1277,Ar,Crebbp,1.0
1278,Ar,Crh,-1.0
1279,Ar,Crisp4,1.0
1280,Ar,Ctla4,1.0
1281,Ar,Ctnnb1,1.0
1282,Ar,Ctnnd2,1.0
1283,Ar,Cyp11a1,1.0
1284,Ar,Cyp17a1,1.0
1285,Ar,Cyp19a1,-1.0
1286,Ar,Cyp1a2,1.0
1287,Ar,Cyp1b1,1.0
1288,Ar,Cyp7b1,-1.0
1289,Ar,Dach1,1.0
1290,Ar,Dapk3,1.0
1291,Ar,Dbi,1.0
1292,Ar,Dcaf6,1.0
1293,Ar,Ddc,1.0
1294,Ar,Ddt,1.0
1295,Ar,Ddx5,1.0
1296,Ar,Dhcr24,1.0
1297,Ar,Dhx15,1.0
1298,Ar,Dlst,1.0
1299,Ar,Dnase1,1.0
1300,Ar,Dnm1l,1.0
1301,Ar,Efna1,1.0
1302,Ar,Egf,1.0
1303,Ar,Egfr,-1.0
1304,Ar,Elk4,1.0
1305,Ar,Eno2,1.0
1306,Ar,Ep300,1.0
1307,Ar,Epb41l4b,1.0
1308,Ar,Epcam,1.0
1309,Ar,Erbb2,1.0
1310,Ar,Erbb3,1.0
1311,Ar,Ercc3,1.0
1312,Ar,Esr1,-1.0
1313,Ar,Esr2,1.0
1314,Ar,Etl4,-1.0
1315,Ar,Etv1,1.0
1316,Ar,Eya2,1.0
1317,Ar,Ezr,1.0
1318,Ar,F2r,1.0
1319,Ar,F2rl3,-1.0
1320,Ar,Fam13a,1.0
1321,Ar,Fam174b,1.0
1322,Ar,Fasl,1.0
1323,Ar,Fasn,1.0
1324,Ar,Fcer1g,1.0
1325,Ar,Fcgr1,1.0
1326,Ar,Fgf2,1.0
1327,Ar,Fgf7,1.0
1328,Ar,Fgf8,1.0
1329,Ar,Fhl2,1.0
1330,Ar,Fkbp4,1.0
1331,Ar,Fkbp5,1.0
1332,Ar,Fn1,1.0
1333,Ar,Folh1,1.0
1334,Ar,Folr1,1.0
1335,Ar,Fos,1.0
1336,Ar,Foxa1,1.0
1337,Ar,Foxn1,1.0
1338,Ar,Foxp1,1.0
1339,Ar,Fshb,1.0
1340,Ar,Fus,1.0
1341,Ar,Fxyd3,1.0
1342,Ar,Gadd45gip1,1.0
1343,Ar,Gal,1.0
1344,Ar,Gas6,1.0
1345,Ar,Gc,1.0
1346,Ar,Gdi1,1.0
1347,Ar,Gh,1.0
1348,Ar,Ghrh,1.0
1349,Ar,Ghrhr,1.0
1350,Ar,Glcci1,1.0
1351,Ar,Glrx,1.0
1352,Ar,Gnmt,1.0
1353,Ar,Gnrh1,1.0
1354,Ar,Got1,1.0
1355,Ar,Gpt,1.0
1356,Ar,Grb10,1.0
1357,Ar,Greb1,1.0
1358,Ar,Grk3,1.0
1359,Ar,Grp,1.0
1360,Ar,Gsk3b,1.0
1361,Ar,Gsn,1.0
1362,Ar,Gstt2,1.0
1363,Ar,Gtf2f1,1.0
1364,Ar,Gucy1a1,1.0
1365,Ar,Hcn4,1.0
1366,Ar,Hdac1,1.0
1367,Ar,Hexim1,1.0
1368,Ar,Hey1,1.0
1369,Ar,Higd1a,1.0
1370,Ar,Hk2,1.0
1371,Ar,Hmmr,1.0
1372,Ar,Hmox1,1.0
1373,Ar,Hnf1a,1.0
1374,Ar,Hnrnpa1,1.0
1375,Ar,Hoxc8,1.0
1376,Ar,Hsd17b1,1.0
1377,Ar,Hsd17b11,1.0
1378,Ar,Hsd17b8,1.0
1379,Ar,Hsp90aa1,1.0
1380,Ar,Hspa5,1.0
1381,Ar,Hspa9,1.0
1382,Ar,Hspb1,1.0
1383,Ar,Ibsp,1.0
1384,Ar,Igf1,1.0
1385,Ar,Igf1r,1.0
1386,Ar,Igfbp3,1.0
1387,Ar,Il12a,1.0
1388,Ar,Il15,1.0
1389,Ar,Il18,1.0
1390,Ar,Il1rl1,1.0
1391,Ar,Il2,1.0
1392,Ar,Il4,1.0
1393,Ar,Il6,1.0
1394,Ar,Inhba,1.0
1395,Ar,Inpp4b,1.0
1396,Ar,Insr,1.0
1397,Ar,Irs1,1.0
1398,Ar,Irs2,1.0
1399,Ar,Jak2,1.0
1400,Ar,Jpt1,1.0
1401,Ar,Jun,1.0
1402,Ar,Kat2b,1.0
1403,Ar,Kat5,1.0
1404,Ar,Kdm1a,1.0
1405,Ar,Kdm4c,1.0
1406,Ar,Khdrbs1,1.0
1407,Ar,Kiss1r,1.0
1408,Ar,Klf5,1.0
1409,Ar,Klk4,1.0
1410,Ar,Kmt5a,1.0
1411,Ar,Kras,1.0
1412,Ar,Krt1,1.0
1413,Ar,Krt18,1.0
1414,Ar,Krt8,1.0
1415,Ar,Lats2,1.0
1416,Ar,Lcn8,1.0
1417,Ar,Lcp1,1.0
1418,Ar,Lct,1.0
1419,Ar,Lep,1.0
1420,Ar,Lifr,1.0
1421,Ar,Lin28a,1.0
1422,Ar,Macrod1,1.0
1423,Ar,Mak,1.0
1424,Ar,Mapk1,1.0
1425,Ar,Mapkapk2,1.0
1426,Ar,Mapt,1.0
1427,Ar,Mbp,1.0
1428,Ar,Mcl1,1.0
1429,Ar,Mcm7,-1.0
1430,Ar,Mdm2,1.0
1431,Ar,Med1,1.0
1432,Ar,Med19,1.0
1433,Ar,Mef2c,1.0
1434,Ar,Met,-1.0
1435,Ar,Mid1,1.0
1436,Ar,Mme,1.0
1437,Ar,Mmp2,1.0
1438,Ar,Mmp7,1.0
1439,Ar,Mmp9,1.0
1440,Ar,Mrps27,1.0
1441,Ar,Mt2,1.0
1442,Ar,Muc1,-1.0
1443,Ar,Myc,1.0
1444,Ar,Myo5a,1.0
1445,Ar,Ncoa2,-1.0
1446,Ar,Ncoa3,1.0
1447,Ar,Ncoa4,1.0
1448,Ar,Ncor1,1.0
1449,Ar,Ndrg1,1.0
1450,Ar,Ndufb6,1.0
1451,Ar,Nedd4,1.0
1452,Ar,Nelfcd,1.0
1453,Ar,Nf1,1.0
1454,Ar,Nf2,1.0
1455,Ar,Nfkb1,-1.0
1456,Ar,Ngf,1.0
1457,Ar,Nkx3-1,1.0
1458,Ar,Nme7,1.0
1459,Ar,Notch1,1.0
1460,Ar,Npepps,1.0
1461,Ar,Nr0b1,1.0
1462,Ar,Nr2c2,1.0
1463,Ar,Nr3c1,1.0
1464,Ar,Nr5a1,1.0
1465,Ar,Nr5a2,1.0
1466,Ar,Nras,-1.0
1467,Ar,Nrip1,1.0
1468,Ar,Nrp1,1.0
1469,Ar,Nup214,1.0
1470,Ar,Oat,1.0
1471,Ar,Oga,1.0
1472,Ar,Osr1,1.0
1473,Ar,Pa2g4,1.0
1474,Ar,Park7,1.0
1475,Ar,Parp1,1.0
1476,Ar,Pcdh11x,1.0
1477,Ar,Pcsk1,1.0
1478,Ar,Pcx,1.0
1479,Ar,Pdlim7,1.0
1480,Ar,Pecr,1.0
1481,Ar,Peg10,1.0
1482,Ar,Pfkfb1,1.0
1483,Ar,Pfkfb2,1.0
1484,Ar,Pgc,1.0
1485,Ar,Phb1,1.0
1486,Ar,Pias1,1.0
1487,Ar,Pigr,1.0
1488,Ar,Pik3cb,1.0
1489,Ar,Pik3r1,1.0
1490,Ar,Pim1,1.0
1491,Ar,Pip,1.0
1492,Ar,Pkd1,1.0
1493,Ar,Plau,-1.0
1494,Ar,Pmaip1,1.0
1495,Ar,Pmepa1,1.0
1496,Ar,Pnrc1,1.0
1497,Ar,Pomc,1.0
1498,Ar,Ppa1,1.0
1499,Ar,Prkaa1,1.0
1500,Ar,Prkaca,1.0
1501,Ar,Prkcd,1.0
1502,Ar,Prkcg,1.0
1503,Ar,Prkd1,1.0
1504,Ar,Prkd3,1.0
1505,Ar,Prph2,1.0
1506,Ar,Psap,1.0
1507,Ar,Psat1,1.0
1508,Ar,Psca,1.0
1509,Ar,Psmc3ip,1.0
1510,Ar,Pten,1.0
1511,Ar,Ptger2,1.0
1512,Ar,Ptgs2,-1.0
1513,Ar,Pthlh,1.0
1514,Ar,Ptpn1,1.0
1515,Ar,Ptpn9,1.0
1516,Ar,Ptprm,1.0
1517,Ar,Pura,1.0
1518,Ar,Pycr1,1.0
1519,Ar,Qsox1,1.0
1520,Ar,Rab3b,1.0
1521,Ar,Rac3,1.0
1522,Ar,Rack1,1.0
1523,Ar,Rara,1.0
1524,Ar,Rbpms,1.0
1525,Ar,Rchy1,1.0
1526,Ar,Rela,-1.0
1527,Ar,Rest,-1.0
1528,Ar,Ret,1.0
1529,Ar,Rhd,1.0
1530,Ar,Rhob,1.0
1531,Ar,Rora,1.0
1532,Ar,Rpl3,1.0
1533,Ar,Runx2,-1.0
1534,Ar,Rxfp2,1.0
1535,Ar,Safb,1.0
1536,Ar,Sarm1,1.0
1537,Ar,Sat1,1.0
1538,Ar,Scap,1.0
1539,Ar,Scn9a,1.0
1540,Ar,Scnn1a,1.0
1541,Ar,Sdcbp,1.0
1542,Ar,Sele,1.0
1543,Ar,Senp1,1.0
1544,Ar,Septin7,-1.0
1545,Ar,Serpinb5,-1.0
1546,Ar,Serpine1,1.0
1547,Ar,Sesn1,1.0
1548,Ar,Setd7,1.0
1549,Ar,Sf1,1.0
1550,Ar,Sgk1,1.0
1551,Ar,Sin3a,1.0
1552,Ar,Slc22a2,1.0
1553,Ar,Slc2a1,1.0
1554,Ar,Slc39a6,1.0
1555,Ar,Slc8a1,1.0
1556,Ar,Smad3,-1.0
1557,Ar,Smarca1,1.0
1558,Ar,Smarca2,1.0
1559,Ar,Smarca4,1.0
1560,Ar,Smarcc1,1.0
1561,Ar,Smc3,1.0
1562,Ar,Sms,1.0
1563,Ar,Smyd3,1.0
1564,Ar,Snai1,1.0
1565,Ar,Snai2,1.0
1566,Ar,Snw1,1.0
1567,Ar,Socs3,1.0
1568,Ar,Sod2,1.0
1569,Ar,Sord,1.0
1570,Ar,Sox2,-1.0
1571,Ar,Sox4,1.0
1572,Ar,Sp1,1.0
1573,Ar,Spdef,1.0
1574,Ar,Spint2,1.0
1575,Ar,Sra1,1.0
1576,Ar,Src,1.0
1577,Ar,Srcap,1.0
1578,Ar,Srd5a3,1.0
1579,Ar,Srebf1,1.0
1580,Ar,Srebf2,1.0
1581,Ar,Star,1.0
1582,Ar,Stat5a,1.0
1583,Ar,Steap4,1.0
1584,Ar,Stim1,1.0
1585,Ar,Stk39,1.0
1586,Ar,Sult1a1,1.0
1587,Ar,Sult1e1,1.0
1588,Ar,Sumo1,1.0
1589,Ar,Susd6,1.0
1590,Ar,Tac2,1.0
1591,Ar,Tacc2,1.0
1592,Ar,Taf1,1.0
1593,Ar,Tbl1xr1,1.0
1594,Ar,Tbp,1.0
1595,Ar,Tbxa2r,1.0
1596,Ar,Tcf7l2,1.0
1597,Ar,Tff3,1.0
1598,Ar,Tgfa,1.0
1599,Ar,Tgfb1,1.0
1600,Ar,Tgfb1i1,1.0
1601,Ar,Tgm2,1.0
1602,Ar,Th,1.0
1603,Ar,Thra,1.0
1604,Ar,Tjp1,1.0
1605,Ar,Tkt,1.0
1606,Ar,Tmem270,-1.0
1607,Ar,Tmprss2,1.0
1608,Ar,Tmsb4x,1.0
1609,Ar,Tnf,1.0
1610,Ar,Tnfrsf1a,1.0
1611,Ar,Tnfrsf1b,1.0
1612,Ar,Trf,1.0
1613,Ar,Trim68,1.0
1614,Ar,Trp53,1.0
1615,Ar,Trp63,1.0
1616,Ar,Trpm8,1.0
1617,Ar,Trps1,1.0
1618,Ar,Trpv3,1.0
1619,Ar,Trpv6,1.0
1620,Ar,Tsc1,-1.0
1621,Ar,Tsc2,-1.0
1622,Ar,Tubb3,1.0
1623,Ar,Txn1,1.0
1624,Ar,Tyrp1,1.0
1625,Ar,Ubc,1.0
1626,Ar,Ube2b,1.0
1627,Ar,Ube2c,1.0
1628,Ar,Ube2d3,1.0
1629,Ar,Ucn,-1.0
1630,Ar,Uri1,1.0
1631,Ar,Usp26,1.0
1632,Ar,Uxt,1.0
1633,Ar,Vapa,1.0
1634,Ar,Vcam1,1.0
1635,Ar,Vcan,1.0
1636,Ar,Vdr,-1.0
1637,Ar,Vegfa,1.0
1638,Ar,Vim,-1.0
1639,Ar,Vps52,1.0
1640,Ar,Wee1,-1.0
1641,Ar,Wnt1,1.0
1642,Ar,Wnt2,1.0
1643,Ar,Wnt7b,1.0
1644,Ar,Xiap,-1.0
1645,Ar,Xpa,1.0
1646,Ar,Yy1,1.0
1647,Ar,Zbtb16,1.0
1648,Ar,Zfhx4,1.0
1649,Arhgap35,Fos,1.0
1650,Arhgap35,Nr3c1,1.0
1651,Arhgap35,Rap1a,1.0
1652,Arid1a,Ar,1.0
1653,Arid1a,Bmp10,1.0
1654,Arid1a,Cdh1,1.0
1655,Arid1a,Cdkn1a,1.0
1656,Arid1a,Il10,1.0
1657,Arid1a,Smad3,1.0
1658,Arid1a,Smarca1,1.0
1659,Arid1a,Smarca2,1.0
1660,Arid1b,Cr2,1.0
1661,Arid1b,Il2ra,1.0
1662,Arid1b,Ncam1,1.0
1663,Arid1b,Smarca4,1.0
1664,Arid1b,Tnfrsf10b,1.0
1665,Arid3a,Cdc6,1.0
1666,Arid3a,Cdk1,1.0
1667,Arid3a,Cdkn1a,1.0
1668,Arid3a,Cr2,1.0
1669,Arid3a,E2f1,1.0
1670,Arid3a,Pml,1.0
1671,Arid3a,Rbl1,1.0
1672,Arid3b,Ezh2,1.0
1673,Arid3b,Mapk8,1.0
1674,Arid3b,Mapk9,1.0
1675,Arid3b,Rnh1,1.0
1676,Arid3b,Tbp,1.0
1677,Arid3b,Tent4a,1.0
1678,Arid4a,Brms1,1.0
1679,Arid4a,Dlst,1.0
1680,Arid4a,Rb1,-1.0
1681,Arid4a,Runx2,1.0
1682,Arid4a,Sin3a,1.0
1683,Arid4b,Actg2,-1.0
1684,Arid4b,Akt1,-1.0
1685,Arid4b,Alb,1.0
1686,Arid4b,Gsk3b,-1.0
1687,Arid4b,Hoxb3,-1.0
1688,Arid4b,Hoxb5,-1.0
1689,Arid4b,Hoxb6,-1.0
1690,Arid4b,Hoxb8,-1.0
1691,Arid4b,Igf1,-1.0
1692,Arid4b,Igf1r,-1.0
1693,Arid4b,Igf2,-1.0
1694,Arid4b,Ptgs2,-1.0
1695,Arid5a,Col2a1,1.0
1696,Arid5a,Esr1,1.0
1697,Arid5a,Mbp,1.0
1698,Arid5a,Srsf2,1.0
1699,Arid5b,Cebpa,1.0
1700,Arid5b,Gata3,1.0
1701,Arid5b,Lep,-1.0
1702,Arid5b,Myb,1.0
1703,Arid5b,Myc,1.0
1704,Arid5b,Phf2,1.0
1705,Arid5b,Pparg,1.0
1706,Arid5b,Runx1,1.0
1707,Arid5b,Tal1,1.0
1708,Arnt,Abca1,1.0
1709,Arnt,Ahr,1.0
1710,Arnt,Ahrr,1.0
1711,Arnt,Aldh3a1,1.0
1712,Arnt,Alox12,1.0
1713,Arnt,Aqp5,1.0
1714,Arnt,Bhlhe40,1.0
1715,Arnt,Bnip3,1.0
1716,Arnt,Brca1,1.0
1717,Arnt,Car9,1.0
1718,Arnt,Ccne1,-1.0
1719,Arnt,Cdk2,-1.0
1720,Arnt,Cdkn1a,1.0
1721,Arnt,Cdkn1b,1.0
1722,Arnt,Cdkn2b,1.0
1723,Arnt,Commd1,1.0
1724,Arnt,Cryab,1.0
1725,Arnt,Ctsd,1.0
1726,Arnt,Cul2,1.0
1727,Arnt,Cyp1a1,1.0
1728,Arnt,Cyp1a2,1.0
1729,Arnt,Cyp1b1,1.0
1730,Arnt,Egln2,1.0
1731,Arnt,Epo,1.0
1732,Arnt,Esr1,1.0
1733,Arnt,Esr2,1.0
1734,Arnt,Fgfr1,1.0
1735,Arnt,Flt1,1.0
1736,Arnt,Fos,-1.0
1737,Arnt,Gad1,1.0
1738,Arnt,Gast,1.0
1739,Arnt,Gnrh1,1.0
1740,Arnt,Hif1a,1.0
1741,Arnt,Hmox1,-1.0
1742,Arnt,Hsd17b8,1.0
1743,Arnt,Igf1,1.0
1744,Arnt,Il10ra,1.0
1745,Arnt,Il6,1.0
1746,Arnt,Irs2,1.0
1747,Arnt,Jun,-1.0
1748,Arnt,L1cam,1.0
1749,Arnt,Lep,1.0
1750,Arnt,Lgals1,-1.0
1751,Arnt,Mfsd2a,1.0
1752,Arnt,Myocd,1.0
1753,Arnt,Pgr,1.0
1754,Arnt,Prdx2,1.0
1755,Arnt,Ptgs2,1.0
1756,Arnt,Relb,1.0
1757,Arnt,Rora,1.0
1758,Arnt,Sdc4,1.0
1759,Arnt,Serpine1,1.0
1760,Arnt,Sim1,1.0
1761,Arnt,Smarca4,1.0
1762,Arnt,Sp1,1.0
1763,Arnt,Src,1.0
1764,Arnt,Tac2,1.0
1765,Arnt,Tfrc,1.0
1766,Arnt,Th,-1.0
1767,Arnt,Tnf,-1.0
1768,Arnt,Uncx,1.0
1769,Arnt,Vegfa,1.0
1770,Arnt2,Cyp1a1,1.0
1771,Arnt2,Sim1,1.0
1772,Arx,Ackr3,1.0
1773,Arx,Chga,1.0
1774,Arx,Dlx1,1.0
1775,Arx,Ebf3,-1.0
1776,Arx,Egr1,1.0
1777,Arx,Ets2,1.0
1778,Arx,Gast,1.0
1779,Arx,Gcg,1.0
1780,Arx,Ghrl,1.0
1781,Arx,Hmgn3,-1.0
1782,Arx,Igf1,1.0
1783,Arx,Lgi1,1.0
1784,Arx,Lmo1,-1.0
1785,Arx,Lmo3,1.0
1786,Arx,Meis1,1.0
1787,Arx,Pax4,-1.0
1788,Arx,Phlda1,1.0
1789,Arx,Plpp1,1.0
1790,Arx,Rasgef1b,-1.0
1791,Arx,Sct,1.0
1792,Arx,Shh,1.0
1793,Arx,Shox2,-1.0
1794,Arx,Slc12a5,1.0
1795,Arx,Slit2,-1.0
1796,Arx,Sst,1.0
1797,Arx,Tgfb3,1.0
1798,Ascl1,Ache,1.0
1799,Ascl1,Acta2,1.0
1800,Ascl1,Actg2,1.0
1801,Ascl1,Avpr2,1.0
1802,Ascl1,Axin2,1.0
1803,Ascl1,Bcl2,1.0
1804,Ascl1,Btg2,1.0
1805,Ascl1,Bub1,1.0
1806,Ascl1,Ccnd2,1.0
1807,Ascl1,Cenpj,1.0
1808,Ascl1,Cga,1.0
1809,Ascl1,Chga,1.0
1810,Ascl1,Chrna3,1.0
1811,Ascl1,Chrna5,1.0
1812,Ascl1,Chrnb4,1.0
1813,Ascl1,Ckm,1.0
1814,Ascl1,Cln3,1.0
1815,Ascl1,Dbh,1.0
1816,Ascl1,Dkk1,-1.0
1817,Ascl1,Dll1,1.0
1818,Ascl1,Dll3,1.0
1819,Ascl1,Dll4,1.0
1820,Ascl1,Dlx5,1.0
1821,Ascl1,Efna5,1.0
1822,Ascl1,Ehd1,1.0
1823,Ascl1,Ezh2,1.0
1824,Ascl1,Gad1,1.0
1825,Ascl1,Gadd45a,1.0
1826,Ascl1,Gnrhr,1.0
1827,Ascl1,Gria1,1.0
1828,Ascl1,Hes1,1.0
1829,Ascl1,Hes5,1.0
1830,Ascl1,Hes6,1.0
1831,Ascl1,Hmox1,-1.0
1832,Ascl1,Hnmt,1.0
1833,Ascl1,Hoxa9,1.0
1834,Ascl1,Igf2,-1.0
1835,Ascl1,Insm1,1.0
1836,Ascl1,Jag2,1.0
1837,Ascl1,Kdm6b,1.0
1838,Ascl1,Large1,1.0
1839,Ascl1,Lin28a,1.0
1840,Ascl1,Me3,1.0
1841,Ascl1,Mgmt,1.0
1842,Ascl1,Mmp7,1.0
1843,Ascl1,Nes,1.0
1844,Ascl1,Neurog1,1.0
1845,Ascl1,Ngf,1.0
1846,Ascl1,Npy,-1.0
1847,Ascl1,Numbl,1.0
1848,Ascl1,Pcsk6,-1.0
1849,Ascl1,Pdgfra,1.0
1850,Ascl1,Phox2a,1.0
1851,Ascl1,Pkm,1.0
1852,Ascl1,Prok2,1.0
1853,Ascl1,Ptf1a,1.0
1854,Ascl1,Ptpn6,1.0
1855,Ascl1,Ret,1.0
1856,Ascl1,Rnd3,1.0
1857,Ascl1,Scg3,1.0
1858,Ascl1,Scrt1,1.0
1859,Ascl1,Tgfb1,1.0
1860,Ascl1,Th,-1.0
1861,Ascl1,Timp1,1.0
1862,Ascl1,Tph1,-1.0
1863,Ascl1,Tubb3,1.0
1864,Ascl1,Txn1,1.0
1865,Ascl1,Wnt1,1.0
1866,Ascl2,Ascl1,1.0
1867,Ascl2,Ckm,1.0
1868,Ascl2,Cxcr4,1.0
1869,Ascl2,Cyp19a1,1.0
1870,Ascl2,Egr1,1.0
1871,Ascl2,Ephb3,1.0
1872,Ascl2,Fgfr1,1.0
1873,Ascl2,Fgfr3,1.0
1874,Ascl2,Me3,1.0
1875,Ascl2,Pcsk6,-1.0
1876,Ascl4,Fgfr1,1.0
1877,Ascl4,Krt14,1.0
1878,Ascl4,Krt9,1.0
1879,Ash1l,Nrxn1,-1.0
1880,Ash1l,Ntrk2,1.0
1881,Ash1l,Tgfb1,1.0
1882,Ash1l,Timp1,1.0
1883,Asxl1,Cdkn2a,1.0
1884,Asxl1,Cdkn2b,1.0
1885,Asxl1,Fabp4,1.0
1886,Asxl1,Hoxa9,-1.0
1887,Asxl1,Rara,1.0
1888,Atf1,Ache,1.0
1889,Atf1,Adipoq,1.0
1890,Atf1,Als2,1.0
1891,Atf1,Atp1a1,1.0
1892,Atf1,Bcl2,1.0
1893,Atf1,Camk2a,1.0
1894,Atf1,Cat,1.0
1895,Atf1,Ccna1,-1.0
1896,Atf1,Ccna2,1.0
1897,Atf1,Cd44,1.0
1898,Atf1,Cdk3,1.0
1899,Atf1,Cebpa,1.0
1900,Atf1,Cebpb,1.0
1901,Atf1,Cftr,1.0
1902,Atf1,Cga,1.0
1903,Atf1,Ciita,1.0
1904,Atf1,Creb1,1.0
1905,Atf1,Crebbp,1.0
1906,Atf1,Dbh,1.0
1907,Atf1,Dusp1,1.0
1908,Atf1,Egr1,1.0
1909,Atf1,Erbb2,1.0
1910,Atf1,Ewsr1,1.0
1911,Atf1,Fgfr1,1.0
1912,Atf1,Flt1,1.0
1913,Atf1,Fos,1.0
1914,Atf1,Fosl1,1.0
1915,Atf1,Fth1,1.0
1916,Atf1,Ftmt,-1.0
1917,Atf1,Gabpa,1.0
1918,Atf1,H2-T23,1.0
1919,Atf1,Hgf,1.0
1920,Atf1,Hspa5,1.0
1921,Atf1,Ifng,1.0
1922,Atf1,Il10,1.0
1923,Atf1,Il6,1.0
1924,Atf1,Jun,1.0
1925,Atf1,Kat2b,1.0
1926,Atf1,Ldha,1.0
1927,Atf1,Lpin1,1.0
1928,Atf1,Map1lc3b,1.0
1929,Atf1,Map2k2,1.0
1930,Atf1,Mapk14,1.0
1931,Atf1,Mapkapk2,1.0
1932,Atf1,Matn3,1.0
1933,Atf1,Mitf,1.0
1934,Atf1,Mmp2,1.0
1935,Atf1,Muc2,1.0
1936,Atf1,Nox1,1.0
1937,Atf1,Npc1,1.0
1938,Atf1,Nts,1.0
1939,Atf1,Pcna,1.0
1940,Atf1,Pcsk1,1.0
1941,Atf1,Pdlim7,1.0
1942,Atf1,Pex2,1.0
1943,Atf1,Pkd1,1.0
1944,Atf1,Plaur,1.0
1945,Atf1,Polr2f,1.0
1946,Atf1,Pparg,1.0
1947,Atf1,Ppp1r15b,1.0
1948,Atf1,Prkaca,1.0
1949,Atf1,Ptgs2,1.0
1950,Atf1,Rps6ka3,1.0
1951,Atf1,Sh3rf1,-1.0
1952,Atf1,Slc20a1,1.0
1953,Atf1,Slc22a8,1.0
1954,Atf1,Sod2,1.0
1955,Atf1,Sst,1.0
1956,Atf1,Taf1,1.0
1957,Atf1,Tgfb2,1.0
1958,Atf1,Tgfbr2,1.0
1959,Atf1,Th,1.0
1960,Atf1,Thbs1,-1.0
1961,Atf1,Tnf,1.0
1962,Atf1,Top2a,1.0
1963,Atf1,Txn1,1.0
1964,Atf1,Ucp3,1.0
1965,Atf1,Ugt8a,1.0
1966,Atf1,Usp7,1.0
1967,Atf2,Ace,1.0
1968,Atf2,Ache,1.0
1969,Atf2,Apex1,1.0
1970,Atf2,Apoc3,1.0
1971,Atf2,Atf3,1.0
1972,Atf2,Atf4,1.0
1973,Atf2,Bcl2,1.0
1974,Atf2,Casp3,1.0
1975,Atf2,Ccl5,1.0
1976,Atf2,Ccna2,1.0
1977,Atf2,Ccnd1,1.0
1978,Atf2,Cdk4,-1.0
1979,Atf2,Cdkn1a,1.0
1980,Atf2,Cdkn2a,1.0
1981,Atf2,Cebpb,1.0
1982,Atf2,Cga,1.0
1983,Atf2,Cps1,1.0
1984,Atf2,Cyp19a1,1.0
1985,Atf2,Ddit3,1.0
1986,Atf2,Dusp1,1.0
1987,Atf2,Dusp10,1.0
1988,Atf2,Ebp,1.0
1989,Atf2,Egr1,1.0
1990,Atf2,Elavl1,1.0
1991,Atf2,Entpd1,1.0
1992,Atf2,Ep300,1.0
1993,Atf2,Fas,1.0
1994,Atf2,Fasl,1.0
1995,Atf2,Fgf21,1.0
1996,Atf2,Flt1,1.0
1997,Atf2,Fn1,1.0
1998,Atf2,Foxp3,1.0
1999,Atf2,Gadd45a,1.0
2000,Atf2,Gch1,1.0
2001,Atf2,Hbb-bh1,1.0
2002,Atf2,Hes1,1.0
2003,Atf2,Hif1a,1.0
2004,Atf2,Hrk,1.0
2005,Atf2,Hspa5,1.0
2006,Atf2,Ifnb1,1.0
2007,Atf2,Ifng,1.0
2008,Atf2,Il11,1.0
2009,Atf2,Il13,1.0
2010,Atf2,Il18,1.0
2011,Atf2,Il1rn,1.0
2012,Atf2,Il23a,1.0
2013,Atf2,Il6,1.0
2014,Atf2,Impdh2,1.0
2015,Atf2,Itgb8,1.0
2016,Atf2,Jun,1.0
2017,Atf2,Map3k1,1.0
2018,Atf2,Mapk9,1.0
2019,Atf2,Mapkap1,1.0
2020,Atf2,Mmp2,1.0
2021,Atf2,Mmp9,1.0
2022,Atf2,Mylk,1.0
2023,Atf2,Ncoa6,1.0
2024,Atf2,Nos2,1.0
2025,Atf2,Nos3,-1.0
2026,Atf2,Nr4a2,1.0
2027,Atf2,Osr2,1.0
2028,Atf2,Pabpc4,1.0
2029,Atf2,Pck1,1.0
2030,Atf2,Pck2,1.0
2031,Atf2,Per2,1.0
2032,Atf2,Pglyrp2,1.0
2033,Atf2,Plat,1.0
2034,Atf2,Plau,1.0
2035,Atf2,Pld1,1.0
2036,Atf2,Polb,1.0
2037,Atf2,Polr2f,1.0
2038,Atf2,Pparg,1.0
2039,Atf2,Ppargc1a,-1.0
2040,Atf2,Prkaca,1.0
2041,Atf2,Prkcd,1.0
2042,Atf2,Psmc6,1.0
2043,Atf2,Ptbp1,1.0
2044,Atf2,Pten,1.0
2045,Atf2,Ptgs2,1.0
2046,Atf2,Pvr,1.0
2047,Atf2,Rb1,1.0
2048,Atf2,Rela,1.0
2049,Atf2,Ren1,-1.0
2050,Atf2,Retn,1.0
2051,Atf2,Rhob,1.0
2052,Atf2,Scp2,1.0
2053,Atf2,Sele,1.0
2054,Atf2,Serpinb5,1.0
2055,Atf2,Sftpb,-1.0
2056,Atf2,Sirt4,-1.0
2057,Atf2,Socs3,1.0
2058,Atf2,Sox9,1.0
2059,Atf2,St3gal5,1.0
2060,Atf2,Sult4a1,1.0
2061,Atf2,Tgfb1,1.0
2062,Atf2,Tgfb2,-1.0
2063,Atf2,Tgfb3,1.0
2064,Atf2,Tgfbr2,1.0
2065,Atf2,Th,1.0
2066,Atf2,Thbd,1.0
2067,Atf2,Timp1,1.0
2068,Atf2,Tle1,1.0
2069,Atf2,Tlr1,1.0
2070,Atf2,Tmprss11d,-1.0
2071,Atf2,Tnf,1.0
2072,Atf2,Tnfrsf11a,1.0
2073,Atf2,Tnfsf11,1.0
2074,Atf2,Trib3,1.0
2075,Atf2,Ythdc2,1.0
2076,Atf3,Abcc1,-1.0
2077,Atf3,Adipoq,-1.0
2078,Atf3,Adipor1,-1.0
2079,Atf3,Adipor2,-1.0
2080,Atf3,Agrp,1.0
2081,Atf3,Ak4,1.0
2082,Atf3,Apob,1.0
2083,Atf3,Aqp1,1.0
2084,Atf3,Asns,1.0
2085,Atf3,Atf4,1.0
2086,Atf3,Bax,1.0
2087,Atf3,Becn1,-1.0
2088,Atf3,Calca,1.0
2089,Atf3,Cav1,1.0
2090,Atf3,Ccl3,-1.0
2091,Atf3,Ccl4,-1.0
2092,Atf3,Ccl5,1.0
2093,Atf3,Ccna1,1.0
2094,Atf3,Ccna2,-1.0
2095,Atf3,Ccnd1,-1.0
2096,Atf3,Cd82,1.0
2097,Atf3,Cdc25a,-1.0
2098,Atf3,Cdkn1a,-1.0
2099,Atf3,Cebpa,-1.0
2100,Atf3,Ch25h,1.0
2101,Atf3,Cldn1,1.0
2102,Atf3,Clip1,1.0
2103,Atf3,Crebbp,1.0
2104,Atf3,Csf1,-1.0
2105,Atf3,Ddit3,1.0
2106,Atf3,Dhdds,1.0
2107,Atf3,Drg1,1.0
2108,Atf3,Ebp,1.0
2109,Atf3,Ecel1,1.0
2110,Atf3,Egr1,1.0
2111,Atf3,Eif2ak2,1.0
2112,Atf3,Epas1,1.0
2113,Atf3,Epo,1.0
2114,Atf3,Fn1,1.0
2115,Atf3,Fth1,1.0
2116,Atf3,Gadd45a,1.0
2117,Atf3,Gadd45b,1.0
2118,Atf3,Gadd45g,1.0
2119,Atf3,Gclc,-1.0
2120,Atf3,Gdf15,1.0
2121,Atf3,Gh,1.0
2122,Atf3,Gsn,1.0
2123,Atf3,Hspa5,1.0
2124,Atf3,Hspb1,1.0
2125,Atf3,Id1,-1.0
2126,Atf3,Ifnb1,-1.0
2127,Atf3,Ifng,1.0
2128,Atf3,Igf2,1.0
2129,Atf3,Il10,1.0
2130,Atf3,Il12b,-1.0
2131,Atf3,Il13,1.0
2132,Atf3,Il1b,1.0
2133,Atf3,Il6,-1.0
2134,Atf3,Irak3,1.0
2135,Atf3,Irs1,-1.0
2136,Atf3,Irs2,-1.0
2137,Atf3,Itga7,1.0
2138,Atf3,Jun,1.0
2139,Atf3,Kifbp,1.0
2140,Atf3,Kras,1.0
2141,Atf3,Ldlr,-1.0
2142,Atf3,Lif,1.0
2143,Atf3,Map1lc3b,1.0
2144,Atf3,Map2k1,1.0
2145,Atf3,Mapk1,1.0
2146,Atf3,Mapk8,1.0
2147,Atf3,Mmp2,-1.0
2148,Atf3,Mmp9,1.0
2149,Atf3,Myh6,1.0
2150,Atf3,Nfkb2,1.0
2151,Atf3,Pck1,-1.0
2152,Atf3,Pck2,-1.0
2153,Atf3,Pcyt2,1.0
2154,Atf3,Pdx1,-1.0
2155,Atf3,Penk,1.0
2156,Atf3,Pfdn4,1.0
2157,Atf3,Pln,-1.0
2158,Atf3,Pmaip1,1.0
2159,Atf3,Ppp1r15a,1.0
2160,Atf3,Prkaca,1.0
2161,Atf3,Rbbp7,1.0
2162,Atf3,Sele,-1.0
2163,Atf3,Serpine1,1.0
2164,Atf3,Serpine2,1.0
2165,Atf3,Slc11a1,1.0
2166,Atf3,Snai2,1.0
2167,Atf3,Sort1,-1.0
2168,Atf3,Stat1,1.0
2169,Atf3,Timp3,1.0
2170,Atf3,Tlr4,-1.0
2171,Atf3,Tnf,1.0
2172,Atf3,Trp53,-1.0
2173,Atf3,Twist1,1.0
2174,Atf3,Vegfa,1.0
2175,Atf3,Wnt2,1.0
2176,Atf3,Wnt7b,1.0
2177,Atf4,Aars2,1.0
2178,Atf4,Acot11,1.0
2179,Atf4,Apoe,1.0
2180,Atf4,Asns,1.0
2181,Atf4,Atf2,1.0
2182,Atf4,Atf3,1.0
2183,Atf4,Atf5,1.0
2184,Atf4,Atf6,1.0
2185,Atf4,Atg5,1.0
2186,Atf4,Bbc3,1.0
2187,Atf4,Car9,1.0
2188,Atf4,Cars1,1.0
2189,Atf4,Cars2,1.0
2190,Atf4,Casp12,1.0
2191,Atf4,Ccna2,-1.0
2192,Atf4,Ccnd1,1.0
2193,Atf4,Cdc42,1.0
2194,Atf4,Cebpa,1.0
2195,Atf4,Cebpb,1.0
2196,Atf4,Cebpe,1.0
2197,Atf4,Chac1,1.0
2198,Atf4,Creb1,-1.0
2199,Atf4,Crebbp,1.0
2200,Atf4,Csf1r,1.0
2201,Atf4,Ctnnb1,1.0
2202,Atf4,Cyp2e1,1.0
2203,Atf4,Dars2,1.0
2204,Atf4,Ddit3,1.0
2205,Atf4,Ddit4,1.0
2206,Atf4,Ddr2,1.0
2207,Atf4,Disc1,1.0
2208,Atf4,Dkk1,1.0
2209,Atf4,Dnajb9,1.0
2210,Atf4,Drd2,1.0
2211,Atf4,Edn1,1.0
2212,Atf4,Eif2ak2,1.0
2213,Atf4,Elane,1.0
2214,Atf4,Erbb2,1.0
2215,Atf4,F7,1.0
2216,Atf4,Fgf15,1.0
2217,Atf4,Fgf2,1.0
2218,Atf4,Fgf21,1.0
2219,Atf4,Gnb1l,1.0
2220,Atf4,Gpt2,1.0
2221,Atf4,Grin2a,1.0
2222,Atf4,Hmox1,1.0
2223,Atf4,Hrk,1.0
2224,Atf4,Hspa5,-1.0
2225,Atf4,Iars1,1.0
2226,Atf4,Igfbp1,1.0
2227,Atf4,Ihh,1.0
2228,Atf4,Il18,-1.0
2229,Atf4,Il1b,1.0
2230,Atf4,Il23a,1.0
2231,Atf4,Il6,-1.0
2232,Atf4,Inhbe,1.0
2233,Atf4,Irf7,-1.0
2234,Atf4,Itih3,1.0
2235,Atf4,Kat2b,1.0
2236,Atf4,Kdm6b,1.0
2237,Atf4,Lamp3,1.0
2238,Atf4,Lars1,1.0
2239,Atf4,Lars2,1.0
2240,Atf4,Lhx2,1.0
2241,Atf4,Litaf,1.0
2242,Atf4,Map1lc3b,1.0
2243,Atf4,Mcl1,1.0
2244,Atf4,Mtor,1.0
2245,Atf4,Nars1,1.0
2246,Atf4,Nars2,1.0
2247,Atf4,Ndc80,1.0
2248,Atf4,Nfe2l2,1.0
2249,Atf4,Nrp1,1.0
2250,Atf4,Nupr1,1.0
2251,Atf4,Pdgfra,1.0
2252,Atf4,Penk,1.0
2253,Atf4,Per2,1.0
2254,Atf4,Plat,1.0
2255,Atf4,Plau,1.0
2256,Atf4,Pmaip1,1.0
2257,Atf4,Polr2c,1.0
2258,Atf4,Ppargc1a,-1.0
2259,Atf4,Ppp1r15a,1.0
2260,Atf4,Prkn,1.0
2261,Atf4,Psen1,1.0
2262,Atf4,Ptgs2,1.0
2263,Atf4,Pth,1.0
2264,Atf4,Rps6ka3,1.0
2265,Atf4,Runx2,1.0
2266,Atf4,S100a8,1.0
2267,Atf4,Sars2,1.0
2268,Atf4,Scg2,-1.0
2269,Atf4,Serpinc1,1.0
2270,Atf4,Sigmar1,1.0
2271,Atf4,Sirt1,1.0
2272,Atf4,Sirt2,-1.0
2273,Atf4,Sirt4,1.0
2274,Atf4,Slc38a2,1.0
2275,Atf4,Slc6a4,1.0
2276,Atf4,Slc7a11,1.0
2277,Atf4,Sncg,1.0
2278,Atf4,Sp7,1.0
2279,Atf4,Sqstm1,1.0
2280,Atf4,Stat3,1.0
2281,Atf4,Tars2,1.0
2282,Atf4,Th,1.0
2283,Atf4,Tnc,1.0
2284,Atf4,Tnf,1.0
2285,Atf4,Tnfrsf10b,1.0
2286,Atf4,Tnfrsf11a,1.0
2287,Atf4,Tnfsf11,1.0
2288,Atf4,Trib3,1.0
2289,Atf4,Trpv6,1.0
2290,Atf4,Usf1,1.0
2291,Atf4,Vegfa,1.0
2292,Atf4,Vim,1.0
2293,Atf4,Wars2,1.0
2294,Atf4,Yars2,1.0
2295,Atf5,Aprt,1.0
2296,Atf5,Asns,1.0
2297,Atf5,Atf7ip,1.0
2298,Atf5,Bcl2,1.0
2299,Atf5,Ccnd3,1.0
2300,Atf5,Cebpa,1.0
2301,Atf5,Cebpb,1.0
2302,Atf5,Creb1,1.0
2303,Atf5,Crebbp,1.0
2304,Atf5,Ddit3,1.0
2305,Atf5,Disc1,1.0
2306,Atf5,Ebp,1.0
2307,Atf5,Egr1,1.0
2308,Atf5,Gfap,1.0
2309,Atf5,Hnrnpd,1.0
2310,Atf5,Hnrnph1,1.0
2311,Atf5,Hspb1,1.0
2312,Atf5,Id1,-1.0
2313,Atf5,Il1b,1.0
2314,Atf5,Lrp6,1.0
2315,Atf5,Mcl1,1.0
2316,Atf5,Npm1,1.0
2317,Atf5,Ppargc1a,1.0
2318,Atf5,Sh2d1a,1.0
2319,Atf5,Th,1.0
2320,Atf5,Wasf1,1.0
2321,Atf6,Alg12,1.0
2322,Atf6,Atp2a2,1.0
2323,Atf6,Calr,1.0
2324,Atf6,Cdkn2a,1.0
2325,Atf6,Creb1,1.0
2326,Atf6,Creb3,1.0
2327,Atf6,Crtc2,1.0
2328,Atf6,Ddit3,1.0
2329,Atf6,Derl3,1.0
2330,Atf6,Dmp1,1.0
2331,Atf6,Dnajb9,1.0
2332,Atf6,Dnajc3,1.0
2333,Atf6,Dspp,1.0
2334,Atf6,Esr1,1.0
2335,Atf6,Esrrg,1.0
2336,Atf6,Fos,1.0
2337,Atf6,G6pc1,-1.0
2338,Atf6,Hmgcr,1.0
2339,Atf6,Hmgcs2,1.0
2340,Atf6,Hsp90b1,1.0
2341,Atf6,Hspa5,1.0
2342,Atf6,Hyou1,1.0
2343,Atf6,Ifrd1,1.0
2344,Atf6,Il6,1.0
2345,Atf6,Mafa,-1.0
2346,Atf6,Manf,1.0
2347,Atf6,Mbtps1,1.0
2348,Atf6,Mbtps2,1.0
2349,Atf6,Mef2a,-1.0
2350,Atf6,Nppa,1.0
2351,Atf6,Nr0b2,1.0
2352,Atf6,Nucb1,1.0
2353,Atf6,Pck1,1.0
2354,Atf6,Pck2,-1.0
2355,Atf6,Pdia6,1.0
2356,Atf6,Pdx1,-1.0
2357,Atf6,Ppargc1a,-1.0
2358,Atf6,Ppp1r15a,1.0
2359,Atf6,Prkn,1.0
2360,Atf6,Ptpn1,1.0
2361,Atf6,Rcan1,1.0
2362,Atf6,Rtn3,1.0
2363,Atf6,S1pr1,1.0
2364,Atf6,Sel1l,1.0
2365,Atf6,Serp1,1.0
2366,Atf6,Slc2a4,-1.0
2367,Atf6,Srf,1.0
2368,Atf6,Stard4,1.0
2369,Atf6,Syvn1,1.0
2370,Atf6,Tcirg1,1.0
2371,Atf6,Tg,1.0
2372,Atf6,Vegfa,1.0
2373,Atf6,Wbp1,1.0
2374,Atf6,Wfs1,1.0
2375,Atf6,Xbp1,1.0
2376,Atf6b,Hspa5,1.0
2377,Atf6b,Kdr,1.0
2378,Atf6b,Manf,1.0
2379,Atf7,Ccl3,-1.0
2380,Atf7,Erbb2,1.0
2381,Atf7,Ptgdr,1.0
2382,Atf7,Sele,1.0
2383,Atf7,Taf12,1.0
2384,Atf7,Tgfb2,1.0
2385,Atf7,Tnf,1.0
2386,Atoh1,Atoh7,1.0
2387,Atoh1,Barhl1,1.0
2388,Atoh1,Barhl2,1.0
2389,Atoh1,Bdnf,1.0
2390,Atoh1,Cdh1,-1.0
2391,Atoh1,Chrna1,1.0
2392,Atoh1,Fgfr1,-1.0
2393,Atoh1,Hes6,1.0
2394,Atoh1,Muc2,1.0
2395,Atoh1,Muc5ac,1.0
2396,Atoh1,Muc6,1.0
2397,Atoh1,Neurog1,1.0
2398,Atoh1,Pcsk6,1.0
2399,Atoh1,Pou4f3,1.0
2400,Atoh7,Bhlhe22,1.0
2401,Atoh7,Gabrb3,1.0
2402,Atoh7,Gfi1,1.0
2403,Atoh7,Isl1,1.0
2404,Atoh7,Isl2,1.0
2405,Atoh7,Neurod1,1.0
2406,Atoh7,Neurog2,-1.0
2407,Atoh7,Nhlh1,1.0
2408,Atoh7,Nhlh2,1.0
2409,Atoh7,Pou4f2,1.0
2410,Atoh7,Prph2,1.0
2411,Atoh8,Fgfr1,1.0
2412,Atoh8,Krt27,1.0
2413,Atoh8,Me3,1.0
2414,Atrx,Eppin,1.0
2415,Atrx,Gata4,-1.0
2416,Bach1,Ccnd2,1.0
2417,Bach1,Ccne2,1.0
2418,Bach1,Ccng2,1.0
2419,Bach1,Hk2,1.0
2420,Bach1,Hmox1,-1.0
2421,Bach1,Il6,-1.0
2422,Bach1,Nqo1,-1.0
2423,Bach1,Slc40a1,1.0
2424,Bach1,Tbxas1,1.0
2425,Bach1,Txnrd1,1.0
2426,Bach2,Bcl2,1.0
2427,Bach2,Fgf4,1.0
2428,Bach2,Hmox1,-1.0
2429,Bach2,Il2,1.0
2430,Bach2,Prdm1,-1.0
2431,Bach2,Trp53,1.0
2432,Bach2,Xbp1,-1.0
2433,Barhl2,Avpr2,1.0
2434,Barx1,Bmp2,1.0
2435,Barx1,Bmp4,1.0
2436,Barx1,Emx2,1.0
2437,Barx1,Fbn1,1.0
2438,Barx1,Mcl1,1.0
2439,Barx1,Ncam1,1.0
2440,Barx1,Sox9,1.0
2441,Barx1,Tpm2,1.0
2442,Barx2,Acta2,1.0
2443,Barx2,Ccnd1,1.0
2444,Barx2,Cdh6,1.0
2445,Barx2,Esr1,1.0
2446,Barx2,Fgf12,1.0
2447,Barx2,Hspa9,1.0
2448,Barx2,L1cam,1.0
2449,Barx2,Mmp9,1.0
2450,Barx2,Myod1,1.0
2451,Barx2,Ncam1,1.0
2452,Barx2,Rbm15,1.0
2453,Barx2,Smn1,1.0
2454,Barx2,Sox5,1.0
2455,Barx2,Timp1,1.0
2456,Barx2,Timp3,1.0
2457,Batf,Ccr9,1.0
2458,Batf,Cd2,1.0
2459,Batf,Cd8a,1.0
2460,Batf,Il10,1.0
2461,Batf,Il17a,1.0
2462,Batf,Il21,1.0
2463,Batf,Il23a,1.0
2464,Batf,Il4,1.0
2465,Batf,Irf4,1.0
2466,Batf,Maf,1.0
2467,Batf,Rara,1.0
2468,Batf,Sirt1,1.0
2469,Batf,Slc11a1,1.0
2470,Batf,Snca,1.0
2471,Batf,Stat3,1.0
2472,Batf2,Ccna2,1.0
2473,Batf3,Cd8a,-1.0
2474,Batf3,Il2,-1.0
2475,Bcl11a,Cd34,1.0
2476,Bcl11a,Cdkn2a,1.0
2477,Bcl11a,Dcc,1.0
2478,Bcl11a,Frzb,1.0
2479,Bcl11a,Gata1,1.0
2480,Bcl11a,Hba-x,-1.0
2481,Bcl11a,Hbb-bh1,-1.0
2482,Bcl11a,Hbb-y,-1.0
2483,Bcl11a,Id3,1.0
2484,Bcl11a,Map1b,1.0
2485,Bcl11a,Sirt1,1.0
2486,Bcl11a,Tcf4,1.0
2487,Bcl11b,Btk,1.0
2488,Bcl11b,Cdkn1a,-1.0
2489,Bcl11b,Cdkn1c,1.0
2490,Bcl11b,Chuk,1.0
2491,Bcl11b,Ctnnb1,-1.0
2492,Bcl11b,Egfr,1.0
2493,Bcl11b,Foxp3,1.0
2494,Bcl11b,Il10,1.0
2495,Bcl11b,Il2,1.0
2496,Bcl11b,Krt8,-1.0
2497,Bcl11b,Lgals3,1.0
2498,Bcl11b,Map3k8,1.0
2499,Bcl11b,Mdm2,1.0
2500,Bcl11b,Myh7,1.0
2501,Bcl11b,Notch1,1.0
2502,Bcl11b,Prkaca,1.0
2503,Bcl11b,Sirt1,1.0
2504,Bcl11b,Snai1,-1.0
2505,Bcl11b,Snai2,-1.0
2506,Bcl11b,Tat,1.0
2507,Bcl11b,Tgfa,-1.0
2508,Bcl11b,Tgfb1,-1.0
2509,Bcl11b,Tgfb2,-1.0
2510,Bcl11b,Tslp,1.0
2511,Bcl3,Adrb2,1.0
2512,Bcl3,Bcl2,1.0
2513,Bcl3,Camp,1.0
2514,Bcl3,Ccnd1,1.0
2515,Bcl3,Cdkn2a,1.0
2516,Bcl3,Crtc3,-1.0
2517,Bcl3,Ctcf,-1.0
2518,Bcl3,Egfr,1.0
2519,Bcl3,Ifng,1.0
2520,Bcl3,Il10,1.0
2521,Bcl3,Il2,1.0
2522,Bcl3,Il23a,-1.0
2523,Bcl3,Il6,1.0
2524,Bcl3,Lck,1.0
2525,Bcl3,Mdm2,1.0
2526,Bcl3,Myb,1.0
2527,Bcl3,Nfkb1,-1.0
2528,Bcl3,Nos2,1.0
2529,Bcl3,Pdk4,1.0
2530,Bcl3,Pdlim7,1.0
2531,Bcl3,Pthlh,1.0
2532,Bcl3,Rb1,1.0
2533,Bcl3,Rela,1.0
2534,Bcl3,Selp,1.0
2535,Bcl3,Tnf,1.0
2536,Bcl3,Trf,1.0
2537,Bcl6,Abl1,1.0
2538,Bcl6,Akt1,1.0
2539,Bcl6,Arid1b,1.0
2540,Bcl6,Atr,-1.0
2541,Bcl6,Bcl2,1.0
2542,Bcl6,Bcl2l1,-1.0
2543,Bcl6,Bcr,1.0
2544,Bcl6,Bmi1,1.0
2545,Bcl6,Casp1,1.0
2546,Bcl6,Ccl1,1.0
2547,Bcl6,Ccl11,1.0
2548,Bcl6,Ccl17,1.0
2549,Bcl6,Ccl3,-1.0
2550,Bcl6,Ccl4,-1.0
2551,Bcl6,Ccna2,-1.0
2552,Bcl6,Ccnd1,1.0
2553,Bcl6,Ccnd2,-1.0
2554,Bcl6,Ccr7,1.0
2555,Bcl6,Cd22,1.0
2556,Bcl6,Cd63,1.0
2557,Bcl6,Cd79a,1.0
2558,Bcl6,Cd80,-1.0
2559,Bcl6,Cdkn1a,-1.0
2560,Bcl6,Cdkn1b,-1.0
2561,Bcl6,Cdkn2a,1.0
2562,Bcl6,Cdkn2b,-1.0
2563,Bcl6,Chek1,-1.0
2564,Bcl6,Csf1,-1.0
2565,Bcl6,Csf1r,1.0
2566,Bcl6,Csn2,-1.0
2567,Bcl6,Cxcl11,1.0
2568,Bcl6,Cxcl14,1.0
2569,Bcl6,Cxcr4,1.0
2570,Bcl6,Cxcr5,1.0
2571,Bcl6,Ereg,-1.0
2572,Bcl6,Fcer2a,-1.0
2573,Bcl6,Gata3,-1.0
2574,Bcl6,Gh,1.0
2575,Bcl6,Ghrhr,1.0
2576,Bcl6,Gli1,1.0
2577,Bcl6,Hdac7,-1.0
2578,Bcl6,Hes5,1.0
2579,Bcl6,Hsd17b1,1.0
2580,Bcl6,Ifng,1.0
2581,Bcl6,Igf1,1.0
2582,Bcl6,Ighe,1.0
2583,Bcl6,Il10,1.0
2584,Bcl6,Il17a,-1.0
2585,Bcl6,Il18,1.0
2586,Bcl6,Il1a,1.0
2587,Bcl6,Il1b,1.0
2588,Bcl6,Il2,1.0
2589,Bcl6,Il21,1.0
2590,Bcl6,Il4,1.0
2591,Bcl6,Il5,1.0
2592,Bcl6,Il6,-1.0
2593,Bcl6,Il9,1.0
2594,Bcl6,Irf4,-1.0
2595,Bcl6,Irf8,1.0
2596,Bcl6,Litaf,-1.0
2597,Bcl6,Maml1,1.0
2598,Bcl6,Mapk1,1.0
2599,Bcl6,Mme,1.0
2600,Bcl6,Ms4a1,1.0
2601,Bcl6,Myc,1.0
2602,Bcl6,Nfkb1,-1.0
2603,Bcl6,Nos2,1.0
2604,Bcl6,Pcgf1,1.0
2605,Bcl6,Pdcd2,-1.0
2606,Bcl6,Pfdn4,1.0
2607,Bcl6,Pla2g2a,1.0
2608,Bcl6,Prdm1,-1.0
2609,Bcl6,Ptpro,-1.0
2610,Bcl6,Rbbp7,1.0
2611,Bcl6,Rgs4,1.0
2612,Bcl6,Sirt1,1.0
2613,Bcl6,Slc22a6,1.0
2614,Bcl6,Slc22a8,1.0
2615,Bcl6,Snca,1.0
2616,Bcl6,Socs2,-1.0
2617,Bcl6,Spi1,1.0
2618,Bcl6,Spib,1.0
2619,Bcl6,Srsf3,1.0
2620,Bcl6,Stat3,-1.0
2621,Bcl6,Stat5a,1.0
2622,Bcl6,Stat6,1.0
2623,Bcl6,Sumo1,-1.0
2624,Bcl6,Tbx21,1.0
2625,Bcl6,Th,1.0
2626,Bcl6,Tnfrsf11a,1.0
2627,Bcl6,Trp53,-1.0
2628,Bcl6,Xbp1,-1.0
2629,Bcl6b,Gdnf,1.0
2630,Bcl6b,Il2,1.0
2631,Bcl6b,Il4,1.0
2632,Bclaf1,Ephb2,1.0
2633,Bclaf1,Ercc3,1.0
2634,Bclaf1,Hpse2,1.0
2635,Bclaf1,Irag1,1.0
2636,Bclaf1,Madcam1,1.0
2637,Bclaf1,Rras2,1.0
2638,Bclaf1,Sirt1,1.0
2639,Bclaf1,Trp53,1.0
2640,Bcor,Arid3a,1.0
2641,Bcor,Bmi1,1.0
2642,Bcor,Gli1,1.0
2643,Bcor,Hoxa5,-1.0
2644,Bcor,Hoxa7,-1.0
2645,Bcor,Hoxa9,-1.0
2646,Bcor,Irf4,1.0
2647,Bhlha15,Agfg1,1.0
2648,Bhlha15,Apoe,1.0
2649,Bhlha15,Cdh1,1.0
2650,Bhlha15,Cdkn1a,1.0
2651,Bhlha15,Epo,1.0
2652,Bhlha15,Fgf21,1.0
2653,Bhlha15,Gata4,1.0
2654,Bhlha15,Gjb1,1.0
2655,Bhlha15,Gjb2,1.0
2656,Bhlha15,Krt19,1.0
2657,Bhlha15,Krt20,-1.0
2658,Bhlha15,Mib1,1.0
2659,Bhlha15,Nkx2-5,1.0
2660,Bhlha15,Postn,1.0
2661,Bhlha15,Rab26,1.0
2662,Bhlha15,Rab3d,1.0
2663,Bhlha15,Sct,1.0
2664,Bhlha15,Tyr,1.0
2665,Bhlhe22,Pax6,-1.0
2666,Bhlhe23,Itgb4,1.0
2667,Bhlhe23,Tubb3,1.0
2668,Bhlhe40,Bdnf,1.0
2669,Bhlhe40,Bhlhe41,-1.0
2670,Bhlhe40,Birc5,1.0
2671,Bhlhe40,Bmal1,1.0
2672,Bhlhe40,Ccnd1,-1.0
2673,Bhlhe40,Cdh15,1.0
2674,Bhlhe40,Cenpx,1.0
2675,Bhlhe40,Clock,1.0
2676,Bhlhe40,Col10a1,1.0
2677,Bhlhe40,Col2a1,1.0
2678,Bhlhe40,Cry1,1.0
2679,Bhlhe40,Cyp51,1.0
2680,Bhlhe40,Cyp7a1,1.0
2681,Bhlhe40,Fas,1.0
2682,Bhlhe40,Id1,-1.0
2683,Bhlhe40,Ifng,1.0
2684,Bhlhe40,Ihh,1.0
2685,Bhlhe40,Il10,1.0
2686,Bhlhe40,Il2,1.0
2687,Bhlhe40,Il2ra,1.0
2688,Bhlhe40,Mlh1,1.0
2689,Bhlhe40,Myod1,1.0
2690,Bhlhe40,Nr1h4,-1.0
2691,Bhlhe40,Pck2,-1.0
2692,Bhlhe40,Per1,1.0
2693,Bhlhe40,Per2,-1.0
2694,Bhlhe40,Pik3r1,1.0
2695,Bhlhe40,Pparg,-1.0
2696,Bhlhe40,Ppargc1a,-1.0
2697,Bhlhe40,Prkag3,1.0
2698,Bhlhe40,Prkce,1.0
2699,Bhlhe40,Rbms1,1.0
2700,Bhlhe40,Runx2,1.0
2701,Bhlhe40,Srebf1,1.0
2702,Bhlhe40,Stat1,-1.0
2703,Bhlhe40,Trp53,1.0
2704,Bhlhe40,Trp63,1.0
2705,Bhlhe40,Trp73,1.0
2706,Bhlhe40,Vdr,-1.0
2707,Bhlhe40,Vegfa,-1.0
2708,Bhlhe41,Bhlhe40,-1.0
2709,Bhlhe41,Bmal1,1.0
2710,Bhlhe41,Brca1,1.0
2711,Bhlhe41,Ccnd1,-1.0
2712,Bhlhe41,Cenpx,1.0
2713,Bhlhe41,Clock,1.0
2714,Bhlhe41,Cyp51,1.0
2715,Bhlhe41,Cyp7a1,1.0
2716,Bhlhe41,Dbp,-1.0
2717,Bhlhe41,Gadd45a,1.0
2718,Bhlhe41,Il13,1.0
2719,Bhlhe41,Il2ra,1.0
2720,Bhlhe41,Il4,1.0
2721,Bhlhe41,Il5,1.0
2722,Bhlhe41,Mlh1,-1.0
2723,Bhlhe41,Myh14,1.0
2724,Bhlhe41,Myod1,1.0
2725,Bhlhe41,Myog,1.0
2726,Bhlhe41,Nr1d1,-1.0
2727,Bhlhe41,Nr1h4,-1.0
2728,Bhlhe41,Per1,1.0
2729,Bhlhe41,Pms2,1.0
2730,Bhlhe41,Sdc1,1.0
2731,Bhlhe41,Snai2,1.0
2732,Bhlhe41,Srebf1,-1.0
2733,Bhlhe41,Vdr,-1.0
2734,Bhlhe41,Vegfa,-1.0
2735,Bmal1,Aanat,1.0
2736,Bmal1,Acox1,1.0
2737,Bmal1,Adcy1,1.0
2738,Bmal1,Adrb1,1.0
2739,Bmal1,Angptl2,1.0
2740,Bmal1,Atf5,-1.0
2741,Bmal1,Atg14,1.0
2742,Bmal1,Bhlhe40,1.0
2743,Bmal1,Bhlhe41,1.0
2744,Bmal1,Cdkn1a,1.0
2745,Bmal1,Ciart,1.0
2746,Bmal1,Clock,1.0
2747,Bmal1,Crebbp,1.0
2748,Bmal1,Cry1,1.0
2749,Bmal1,Cry2,1.0
2750,Bmal1,Cryl1,1.0
2751,Bmal1,Csnk1e,1.0
2752,Bmal1,Dbp,1.0
2753,Bmal1,Defb1,1.0
2754,Bmal1,Dusp1,1.0
2755,Bmal1,Egr1,1.0
2756,Bmal1,Ep300,1.0
2757,Bmal1,Ghrhr,1.0
2758,Bmal1,Hif1a,1.0
2759,Bmal1,Hlf,1.0
2760,Bmal1,Ihh,1.0
2761,Bmal1,Jun,1.0
2762,Bmal1,Kdm5a,1.0
2763,Bmal1,Klf10,1.0
2764,Bmal1,Ldlr,1.0
2765,Bmal1,Maoa,1.0
2766,Bmal1,Mbd2,1.0
2767,Bmal1,Mta1,1.0
2768,Bmal1,Myod1,1.0
2769,Bmal1,Nampt,1.0
2770,Bmal1,Ngfr,1.0
2771,Bmal1,Nkx2-1,-1.0
2772,Bmal1,Noct,1.0
2773,Bmal1,Nr0b2,1.0
2774,Bmal1,Nr1d1,1.0
2775,Bmal1,Per1,1.0
2776,Bmal1,Per2,1.0
2777,Bmal1,Per3,1.0
2778,Bmal1,Pkm,1.0
2779,Bmal1,Ppara,1.0
2780,Bmal1,Psen2,1.0
2781,Bmal1,Rbp2,1.0
2782,Bmal1,Serpine1,1.0
2783,Bmal1,Sirt1,1.0
2784,Bmal1,Slc9a3,1.0
2785,Bmal1,Trp53,1.0
2786,Bmal1,Tspoap1,1.0
2787,Bmal1,Ttf1,1.0
2788,Bmal1,Vegfa,1.0
2789,Bmal1,Vwf,-1.0
2790,Bmal2,Bhlhe40,1.0
2791,Bmal2,Bhlhe41,1.0
2792,Bmal2,Il21,1.0
2793,Bmal2,Mcl1,1.0
2794,Bmal2,Per1,1.0
2795,Bmal2,Per2,1.0
2796,Bmal2,Serpine1,1.0
2797,Bmal2,Sgca,1.0
2798,Bmal2,Tspoap1,1.0
2799,Bptf,En1,1.0
2800,Bptf,En2,1.0
2801,Bptf,Hoxc8,1.0
2802,Bptf,Maz,1.0
2803,Brca1,Areg,-1.0
2804,Brca1,Aspm,1.0
2805,Brca1,Atm,1.0
2806,Brca1,Bach1,1.0
2807,Brca1,Bard1,-1.0
2808,Brca1,Brca2,1.0
2809,Brca1,Casr,1.0
2810,Brca1,Ccnb1,1.0
2811,Brca1,Ccnd1,1.0
2812,Brca1,Cdh3,-1.0
2813,Brca1,Cdkn1a,1.0
2814,Brca1,Cdkn1b,1.0
2815,Brca1,Ctsd,-1.0
2816,Brca1,Cyp19a1,1.0
2817,Brca1,Cyp1a1,1.0
2818,Brca1,Cyp1b1,1.0
2819,Brca1,Ddb2,1.0
2820,Brca1,Ddit3,1.0
2821,Brca1,E2f6,-1.0
2822,Brca1,Egfr,-1.0
2823,Brca1,Egr1,1.0
2824,Brca1,Ep300,1.0
2825,Brca1,Esr1,1.0
2826,Brca1,Fos,1.0
2827,Brca1,Foxc1,-1.0
2828,Brca1,Foxc2,-1.0
2829,Brca1,Fst,1.0
2830,Brca1,Gadd45a,1.0
2831,Brca1,Hif1a,1.0
2832,Brca1,Hmga2,-1.0
2833,Brca1,Hnrnpa2b1,-1.0
2834,Brca1,Hspa5,-1.0
2835,Brca1,Igf1,-1.0
2836,Brca1,Igf1r,1.0
2837,Brca1,Irf7,1.0
2838,Brca1,Irf9,1.0
2839,Brca1,Jak1,1.0
2840,Brca1,Jak2,1.0
2841,Brca1,Khsrp,-1.0
2842,Brca1,Krt17,1.0
2843,Brca1,Krt18,1.0
2844,Brca1,Krt5,1.0
2845,Brca1,Mad2l1,1.0
2846,Brca1,Mdc1,1.0
2847,Brca1,Mdm2,1.0
2848,Brca1,Myc,1.0
2849,Brca1,Nos3,1.0
2850,Brca1,Nthl1,1.0
2851,Brca1,Rnasel,1.0
2852,Brca1,S100a2,1.0
2853,Brca1,Sirt1,1.0
2854,Brca1,Stat1,1.0
2855,Brca1,Stat2,1.0
2856,Brca1,Stat3,1.0
2857,Brca1,Tff1,-1.0
2858,Brca1,Trp63,1.0
2859,Brca1,Vegfa,1.0
2860,Brca1,Xpc,1.0
2861,Brd4,Ankrd37,1.0
2862,Brd4,Bcl2,1.0
2863,Brd4,Dmap1,1.0
2864,Brd4,Hnrnph1,1.0
2865,Brd4,Hs1bp3,1.0
2866,Brd4,Il7r,1.0
2867,Brd4,Kat5,1.0
2868,Brd4,Mlf2,1.0
2869,Brd4,Stc2,1.0
2870,Brd4,Tnf,1.0
2871,Brd7,Brd2,1.0
2872,Brd7,Brd3,1.0
2873,Brd7,E2f3,-1.0
2874,Bsx,Agrp,1.0
2875,Bsx,App,1.0
2876,Bsx,Npy,1.0
2877,Bsx,mt-Atp6,1.0
2878,Btaf1,Dr1,-1.0
2879,Btaf1,Tbp,-1.0
2880,Btg2,Cat,1.0
2881,Btg2,Ccnd1,-1.0
2882,Btg2,Hras,-1.0
2883,Btg2,Sod1,1.0
2884,Btg2,Sod2,1.0
2885,Btg2,Sphk1,1.0
2886,Camta1,Anxa2,1.0
2887,Camta1,Nelfe,1.0
2888,Camta1,Nppa,1.0
2889,Camta1,Rab18,1.0
2890,Carf,Bdnf,1.0
2891,Carf,Cdkn2aip,1.0
2892,Carf,Crebbp,1.0
2893,Casz1,Brms1,1.0
2894,Casz1,Egfl7,1.0
2895,Casz1,Trp53,1.0
2896,Cbfa2t3,Epb42,1.0
2897,Cbfa2t3,Tcf12,1.0
2898,Cbfa2t3,Zfp652,-1.0
2899,Cbfb,Gata1,1.0
2900,Cbfb,Runx1,1.0
2901,Cbfb,Runx2,1.0
2902,Cbfb,Runx3,1.0
2903,Cc2d1a,Htr1a,-1.0
2904,Cc2d1b,Htr1a,-1.0
2905,Ccdc62,Cxcl12,1.0
2906,Ccnd1,Msi1,1.0
2907,Cdx1,Ada,1.0
2908,Cdx1,Anxa5,1.0
2909,Cdx1,Apc,1.0
2910,Cdx1,B3galt5,1.0
2911,Cdx1,Bcl2,1.0
2912,Cdx1,Calb1,1.0
2913,Cdx1,Ccl25,1.0
2914,Cdx1,Ccnd1,-1.0
2915,Cdx1,Cdx2,-1.0
2916,Cdx1,Cdx4,1.0
2917,Cdx1,Cldn1,1.0
2918,Cdx1,Cldn2,1.0
2919,Cdx1,Dll1,1.0
2920,Cdx1,Dsc2,1.0
2921,Cdx1,Foxa2,1.0
2922,Cdx1,Gata5,1.0
2923,Cdx1,Gpa33,1.0
2924,Cdx1,Hdc,1.0
2925,Cdx1,Hnf4a,1.0
2926,Cdx1,Hoxa9,1.0
2927,Cdx1,Hoxb4,1.0
2928,Cdx1,Iapp,1.0
2929,Cdx1,Irf2bp2,1.0
2930,Cdx1,Krt20,1.0
2931,Cdx1,Mafb,-1.0
2932,Cdx1,Muc2,1.0
2933,Cdx1,Nox1,1.0
2934,Cdx1,Pcna,1.0
2935,Cdx1,Postn,1.0
2936,Cdx1,Pparg,1.0
2937,Cdx1,Psmb9,1.0
2938,Cdx1,Ptgs2,1.0
2939,Cdx1,Rgn,1.0
2940,Cdx1,Sis,1.0
2941,Cdx1,Slc26a3,1.0
2942,Cdx1,Slc5a8,1.0
2943,Cdx1,Tap1,1.0
2944,Cdx1,Tbp,1.0
2945,Cdx1,Vdr,1.0
2946,Cdx1,Vil1,1.0
2947,Cdx1,Wnt2,1.0
2948,Cdx2,Apc,1.0
2949,Cdx2,Atoh1,1.0
2950,Cdx2,Atrx,1.0
2951,Cdx2,Axin2,1.0
2952,Cdx2,B3galt5,1.0
2953,Cdx2,Bcl2,1.0
2954,Cdx2,Bmp4,1.0
2955,Cdx2,Car1,1.0
2956,Cdx2,Ccl25,1.0
2957,Cdx2,Ccnd1,-1.0
2958,Cdx2,Cdh17,1.0
2959,Cdx2,Cdkn1a,1.0
2960,Cdx2,Cdkn2a,-1.0
2961,Cdx2,Cdx1,-1.0
2962,Cdx2,Cdx4,1.0
2963,Cdx2,Cftr,1.0
2964,Cdx2,Cldn1,1.0
2965,Cdx2,Cldn2,1.0
2966,Cdx2,Dpp4,1.0
2967,Cdx2,Dsc2,1.0
2968,Cdx2,Elmo3,1.0
2969,Cdx2,Furin,1.0
2970,Cdx2,Gcg,1.0
2971,Cdx2,Glb1,1.0
2972,Cdx2,Gsk3b,1.0
2973,Cdx2,Gspt1,1.0
2974,Cdx2,Gucy2c,1.0
2975,Cdx2,Hbegf,1.0
2976,Cdx2,Heph,1.0
2977,Cdx2,Hnf1a,1.0
2978,Cdx2,Iapp,1.0
2979,Cdx2,Ifne,1.0
2980,Cdx2,Igfbp3,-1.0
2981,Cdx2,Klf4,1.0
2982,Cdx2,Lct,1.0
2983,Cdx2,Mep1a,1.0
2984,Cdx2,Mgam,1.0
2985,Cdx2,Mok,1.0
2986,Cdx2,Ms4a12,1.0
2987,Cdx2,Muc17,1.0
2988,Cdx2,Muc2,1.0
2989,Cdx2,Nr1i2,1.0
2990,Cdx2,Pcna,1.0
2991,Cdx2,Pou5f1,-1.0
2992,Cdx2,Psmb9,1.0
2993,Cdx2,Ptgs2,-1.0
2994,Cdx2,Reg4,1.0
2995,Cdx2,S100g,1.0
2996,Cdx2,Shh,-1.0
2997,Cdx2,Sis,1.0
2998,Cdx2,Slc10a2,1.0
2999,Cdx2,Slc15a1,1.0
3000,Cdx2,Slc46a1,1.0
3001,Cdx2,Slc5a1,1.0
3002,Cdx2,Slc5a8,1.0
3003,Cdx2,Slc9a2,1.0
3004,Cdx2,Sox2,1.0
3005,Cdx2,Sp1,1.0
3006,Cdx2,Tal1,1.0
3007,Cdx2,Tap1,1.0
3008,Cdx2,Tff3,1.0
3009,Cdx2,Tlr4,1.0
3010,Cdx2,Vdr,1.0
3011,Cdx2,Vil1,1.0
3012,Cdx4,Hoxa10,1.0
3013,Cdx4,Hoxa9,1.0
3014,Cebpa,Aacs,1.0
3015,Cebpa,Abca3,1.0
3016,Cebpa,Acat1,1.0
3017,Cebpa,Adh1,1.0
3018,Cebpa,Adipoq,1.0
3019,Cebpa,Adrb2,-1.0
3020,Cebpa,Adrb3,1.0
3021,Cebpa,Afp,1.0
3022,Cebpa,Agt,1.0
3023,Cebpa,Alb,1.0
3024,Cebpa,Aldob,1.0
3025,Cebpa,Alox5ap,1.0
3026,Cebpa,Amelx,1.0
3027,Cebpa,Angptl4,-1.0
3028,Cebpa,Anxa1,1.0
3029,Cebpa,Apoa1,1.0
3030,Cebpa,Apoa2,1.0
3031,Cebpa,Apob,1.0
3032,Cebpa,Apoc3,1.0
3033,Cebpa,Arg1,1.0
3034,Cebpa,Asns,1.0
3035,Cebpa,Bcl2,1.0
3036,Cebpa,Bmi1,-1.0
3037,Cebpa,C6,1.0
3038,Cebpa,C7,1.0
3039,Cebpa,Camp,1.0
3040,Cebpa,Casp8,1.0
3041,Cebpa,Ccl3,1.0
3042,Cebpa,Ccl5,1.0
3043,Cebpa,Ccna2,-1.0
3044,Cebpa,Ccr2,1.0
3045,Cebpa,Cd163,1.0
3046,Cebpa,Cd36,1.0
3047,Cebpa,Cd68,1.0
3048,Cebpa,Cd7,-1.0
3049,Cebpa,Cdk4,-1.0
3050,Cebpa,Cdkn1a,1.0
3051,Cebpa,Cebpb,1.0
3052,Cebpa,Cebpe,1.0
3053,Cebpa,Cflar,1.0
3054,Cebpa,Cftr,1.0
3055,Cebpa,Col2a1,-1.0
3056,Cebpa,Col3a1,-1.0
3057,Cebpa,Comt,1.0
3058,Cebpa,Cop1,1.0
3059,Cebpa,Cops5,1.0
3060,Cebpa,Cpb2,1.0
3061,Cebpa,Cps1,1.0
3062,Cebpa,Crabp2,-1.0
3063,Cebpa,Crmp1,1.0
3064,Cebpa,Csf1,1.0
3065,Cebpa,Csf2,1.0
3066,Cebpa,Csf2ra,1.0
3067,Cebpa,Csf3r,1.0
3068,Cebpa,Ctnna1,-1.0
3069,Cebpa,Ctsk,1.0
3070,Cebpa,Ctsl,1.0
3071,Cebpa,Cxcl12,1.0
3072,Cebpa,Cxcr2,1.0
3073,Cebpa,Cyp19a1,1.0
3074,Cebpa,Dach1,-1.0
3075,Cebpa,Dapk2,1.0
3076,Cebpa,Dbp,1.0
3077,Cebpa,Dgat2,1.0
3078,Cebpa,Dio2,1.0
3079,Cebpa,Dsc3,1.0
3080,Cebpa,Edn1,-1.0
3081,Cebpa,Ednrb,1.0
3082,Cebpa,Elane,1.0
3083,Cebpa,Ephx1,1.0
3084,Cebpa,F9,1.0
3085,Cebpa,Fabp1,-1.0
3086,Cebpa,Fabp4,1.0
3087,Cebpa,Fasn,1.0
3088,Cebpa,Flt3,1.0
3089,Cebpa,Fn1,1.0
3090,Cebpa,Folr1,1.0
3091,Cebpa,Fos,1.0
3092,Cebpa,Fosb,1.0
3093,Cebpa,Foxa2,1.0
3094,Cebpa,Fto,1.0
3095,Cebpa,G6pc1,1.0
3096,Cebpa,Gfi1,1.0
3097,Cebpa,Gh,1.0
3098,Cebpa,Gls2,1.0
3099,Cebpa,Gnai2,1.0
3100,Cebpa,Gpam,1.0
3101,Cebpa,Gpx4,1.0
3102,Cebpa,Gstz1,1.0
3103,Cebpa,Hk3,1.0
3104,Cebpa,Hmox1,1.0
3105,Cebpa,Hnf4a,1.0
3106,Cebpa,Homer3,1.0
3107,Cebpa,Hp,1.0
3108,Cebpa,Hpn,1.0
3109,Cebpa,Hsd11b1,1.0
3110,Cebpa,Hsd17b11,1.0
3111,Cebpa,Hspa4,1.0
3112,Cebpa,Icam1,1.0
3113,Cebpa,Id1,1.0
3114,Cebpa,Igf1,1.0
3115,Cebpa,Igf2,1.0
3116,Cebpa,Igfbp5,1.0
3117,Cebpa,Il10,1.0
3118,Cebpa,Il24,-1.0
3119,Cebpa,Il3,1.0
3120,Cebpa,Il4,1.0
3121,Cebpa,Il5,1.0
3122,Cebpa,Il6,1.0
3123,Cebpa,Insr,1.0
3124,Cebpa,Irf1,-1.0
3125,Cebpa,Itgax,1.0
3126,Cebpa,Ivl,1.0
3127,Cebpa,Jun,-1.0
3128,Cebpa,Junb,-1.0
3129,Cebpa,Krt10,1.0
3130,Cebpa,Lep,1.0
3131,Cebpa,Lgals1,1.0
3132,Cebpa,Lnp1,1.0
3133,Cebpa,Lpin1,1.0
3134,Cebpa,Lrpap1,1.0
3135,Cebpa,Ltf,1.0
3136,Cebpa,Mad1l1,1.0
3137,Cebpa,Mat1a,1.0
3138,Cebpa,Mc5r,1.0
3139,Cebpa,Mif,-1.0
3140,Cebpa,Mmp8,1.0
3141,Cebpa,Mpo,1.0
3142,Cebpa,Msr1,1.0
3143,Cebpa,Mstn,1.0
3144,Cebpa,Mt2,1.0
3145,Cebpa,Myb,-1.0
3146,Cebpa,Myc,-1.0
3147,Cebpa,Nf1,1.0
3148,Cebpa,Nfkb1,1.0
3149,Cebpa,Nfya,1.0
3150,Cebpa,Nos2,1.0
3151,Cebpa,Npr1,1.0
3152,Cebpa,Nr1h3,1.0
3153,Cebpa,Onecut1,-1.0
3154,Cebpa,Osr2,1.0
3155,Cebpa,Oxtr,1.0
3156,Cebpa,Pax5,-1.0
3157,Cebpa,Pck1,1.0
3158,Cebpa,Pck2,1.0
3159,Cebpa,Per2,1.0
3160,Cebpa,Pgk1,-1.0
3161,Cebpa,Pla2g2a,1.0
3162,Cebpa,Pld1,1.0
3163,Cebpa,Plin5,1.0
3164,Cebpa,Ppard,-1.0
3165,Cebpa,Pparg,1.0
3166,Cebpa,Pros1,1.0
3167,Cebpa,Ptgs2,1.0
3168,Cebpa,Ptk2,1.0
3169,Cebpa,Retn,1.0
3170,Cebpa,Rnf144a,-1.0
3171,Cebpa,S100a9,1.0
3172,Cebpa,Scgb1a1,1.0
3173,Cebpa,Scgb3a2,1.0
3174,Cebpa,Serpinc1,1.0
3175,Cebpa,Serpine1,1.0
3176,Cebpa,Sftpd,1.0
3177,Cebpa,Sirt1,1.0
3178,Cebpa,Slc10a1,1.0
3179,Cebpa,Slc29a1,-1.0
3180,Cebpa,Slc2a2,-1.0
3181,Cebpa,Slc2a4,1.0
3182,Cebpa,Slc46a1,1.0
3183,Cebpa,Slc9a1,1.0
3184,Cebpa,Smarca2,1.0
3185,Cebpa,Smarca4,1.0
3186,Cebpa,Smyd2,1.0
3187,Cebpa,Soat1,1.0
3188,Cebpa,Socs3,1.0
3189,Cebpa,Sod1,1.0
3190,Cebpa,Sox4,-1.0
3191,Cebpa,Spi1,1.0
3192,Cebpa,Spp1,1.0
3193,Cebpa,Srebf1,1.0
3194,Cebpa,Sst,1.0
3195,Cebpa,Star,1.0
3196,Cebpa,Stat3,1.0
3197,Cebpa,Stat5b,1.0
3198,Cebpa,Steap4,1.0
3199,Cebpa,Tert,-1.0
3200,Cebpa,Tgfbr2,-1.0
3201,Cebpa,Thoc1,1.0
3202,Cebpa,Tlr9,1.0
3203,Cebpa,Tnf,-1.0
3204,Cebpa,Tnfrsf1a,1.0
3205,Cebpa,Trf,1.0
3206,Cebpa,Trib2,-1.0
3207,Cebpa,Trp63,1.0
3208,Cebpa,Tuba4a,1.0
3209,Cebpa,Twnk,1.0
3210,Cebpa,Ucp1,1.0
3211,Cebpa,Vdr,1.0
3212,Cebpa,Vegfa,-1.0
3213,Cebpa,Vldlr,1.0
3214,Cebpb,Abcc2,1.0
3215,Cebpb,Abcc3,1.0
3216,Cebpb,Abcc8,1.0
3217,Cebpb,Acaca,1.0
3218,Cebpb,Ache,1.0
3219,Cebpb,Acta2,1.0
3220,Cebpb,Actg2,1.0
3221,Cebpb,Adamts5,1.0
3222,Cebpb,Adh1,1.0
3223,Cebpb,Adipoq,1.0
3224,Cebpb,Adm,1.0
3225,Cebpb,Adra1d,1.0
3226,Cebpb,Afp,1.0
3227,Cebpb,Akr1a1,1.0
3228,Cebpb,Akt1,1.0
3229,Cebpb,Alb,1.0
3230,Cebpb,Aldh2,1.0
3231,Cebpb,Alk,1.0
3232,Cebpb,Alox5ap,1.0
3233,Cebpb,Amelx,1.0
3234,Cebpb,Anxa5,1.0
3235,Cebpb,Ap3b1,1.0
3236,Cebpb,Apcs,1.0
3237,Cebpb,Apob,1.0
3238,Cebpb,Aprt,1.0
3239,Cebpb,Arg1,1.0
3240,Cebpb,Asns,-1.0
3241,Cebpb,Atf3,1.0
3242,Cebpb,Atf4,1.0
3243,Cebpb,Atf5,1.0
3244,Cebpb,Atf6,-1.0
3245,Cebpb,Atp1b1,1.0
3246,Cebpb,Avp,1.0
3247,Cebpb,Axin1,1.0
3248,Cebpb,Bad,1.0
3249,Cebpb,Banp,1.0
3250,Cebpb,Bcl2,1.0
3251,Cebpb,Bcl2l1,1.0
3252,Cebpb,Bdnf,1.0
3253,Cebpb,Bpi,1.0
3254,Cebpb,Btg2,1.0
3255,Cebpb,Btk,1.0
3256,Cebpb,C3,1.0
3257,Cebpb,Calca,1.0
3258,Cebpb,Camp,1.0
3259,Cebpb,Car6,1.0
3260,Cebpb,Cast,1.0
3261,Cebpb,Cat,1.0
3262,Cebpb,Cbx5,1.0
3263,Cebpb,Ccl1,1.0
3264,Cebpb,Ccl20,1.0
3265,Cebpb,Ccl3,-1.0
3266,Cebpb,Ccl4,-1.0
3267,Cebpb,Ccl5,1.0
3268,Cebpb,Ccn1,1.0
3269,Cebpb,Ccnb2,1.0
3270,Cebpb,Ccnd1,1.0
3271,Cebpb,Ccnd3,1.0
3272,Cebpb,Ccne1,1.0
3273,Cebpb,Ccr5,1.0
3274,Cebpb,Cd14,1.0
3275,Cebpb,Cd200,1.0
3276,Cebpb,Cd36,1.0
3277,Cebpb,Cd44,1.0
3278,Cebpb,Cd46,1.0
3279,Cebpb,Cdc25c,1.0
3280,Cebpb,Cdc45,1.0
3281,Cebpb,Cdh3,1.0
3282,Cebpb,Cdk9,1.0
3283,Cebpb,Cdkn1a,1.0
3284,Cebpb,Cdkn1c,1.0
3285,Cebpb,Cdkn2a,-1.0
3286,Cebpb,Cebpa,1.0
3287,Cebpb,Cebpd,1.0
3288,Cebpb,Cebpe,1.0
3289,Cebpb,Cebpg,1.0
3290,Cebpb,Celf1,1.0
3291,Cebpb,Ces4a,1.0
3292,Cebpb,Cftr,1.0
3293,Cebpb,Chat,1.0
3294,Cebpb,Chka,1.0
3295,Cebpb,Ciita,1.0
3296,Cebpb,Cish,1.0
3297,Cebpb,Col1a1,1.0
3298,Cebpb,Col1a2,1.0
3299,Cebpb,Cops5,1.0
3300,Cebpb,Cps1,1.0
3301,Cebpb,Cpt1a,1.0
3302,Cebpb,Cr2,1.0
3303,Cebpb,Crebbp,1.0
3304,Cebpb,Crp,1.0
3305,Cebpb,Csf1r,1.0
3306,Cebpb,Csf2,1.0
3307,Cebpb,Csf3,1.0
3308,Cebpb,Csf3r,1.0
3309,Cebpb,Csn2,1.0
3310,Cebpb,Csrp1,1.0
3311,Cebpb,Csrp2,1.0
3312,Cebpb,Cst8,1.0
3313,Cebpb,Ctsc,1.0
3314,Cebpb,Cxcl12,1.0
3315,Cebpb,Cxcl9,1.0
3316,Cebpb,Cxcr4,1.0
3317,Cebpb,Cyp19a1,-1.0
3318,Cebpb,Cyp1a1,-1.0
3319,Cebpb,Cyp27b1,1.0
3320,Cebpb,Cyp2e1,1.0
3321,Cebpb,Dapk1,1.0
3322,Cebpb,Ddit3,1.0
3323,Cebpb,Ddit4,1.0
3324,Cebpb,Ddr2,1.0
3325,Cebpb,Dgat2,1.0
3326,Cebpb,Dio2,1.0
3327,Cebpb,Dlst,1.0
3328,Cebpb,Dlx3,1.0
3329,Cebpb,Dpp3,1.0
3330,Cebpb,Dsc2,1.0
3331,Cebpb,Dsc3,1.0
3332,Cebpb,Dspp,1.0
3333,Cebpb,Dusp1,1.0
3334,Cebpb,Dym,1.0
3335,Cebpb,Ebf1,1.0
3336,Cebpb,Ebp,1.0
3337,Cebpb,Ednrb,1.0
3338,Cebpb,Egf,1.0
3339,Cebpb,Egfr,1.0
3340,Cebpb,Egr2,-1.0
3341,Cebpb,Elane,1.0
3342,Cebpb,Eln,1.0
3343,Cebpb,Ercc6,1.0
3344,Cebpb,F7,1.0
3345,Cebpb,F8,1.0
3346,Cebpb,Fabp4,1.0
3347,Cebpb,Fas,1.0
3348,Cebpb,Fasl,1.0
3349,Cebpb,Fgfbp1,1.0
3350,Cebpb,Fgfr1,1.0
3351,Cebpb,Fgfr2,1.0
3352,Cebpb,Fmo3,1.0
3353,Cebpb,Fos,1.0
3354,Cebpb,Foxa1,1.0
3355,Cebpb,Fshb,1.0
3356,Cebpb,Fto,1.0
3357,Cebpb,Furin,1.0
3358,Cebpb,G6pc1,1.0
3359,Cebpb,Gadd45a,1.0
3360,Cebpb,Gadd45g,1.0
3361,Cebpb,Gap43,1.0
3362,Cebpb,Gast,1.0
3363,Cebpb,Gch1,1.0
3364,Cebpb,Gdf15,1.0
3365,Cebpb,Gdnf,1.0
3366,Cebpb,Gfer,-1.0
3367,Cebpb,Gh,1.0
3368,Cebpb,Ghrhr,1.0
3369,Cebpb,Gins1,1.0
3370,Cebpb,Gnai2,1.0
3371,Cebpb,Got1,1.0
3372,Cebpb,Gpd1,1.0
3373,Cebpb,Gps1,1.0
3374,Cebpb,Gsk3b,-1.0
3375,Cebpb,H2-T23,1.0
3376,Cebpb,Hcrt,1.0
3377,Cebpb,Hdc,1.0
3378,Cebpb,Hgf,1.0
3379,Cebpb,Hipk2,1.0
3380,Cebpb,Hp,1.0
3381,Cebpb,Hpgds,1.0
3382,Cebpb,Hsd11b1,1.0
3383,Cebpb,Hsd11b2,1.0
3384,Cebpb,Hsd17b10,1.0
3385,Cebpb,Hsd17b7,1.0
3386,Cebpb,Hsd17b8,1.0
3387,Cebpb,Hsf1,1.0
3388,Cebpb,Hsp90aa1,1.0
3389,Cebpb,Hspa4,1.0
3390,Cebpb,Hspa5,1.0
3391,Cebpb,Hspa9,1.0
3392,Cebpb,Icam1,1.0
3393,Cebpb,Id2,1.0
3394,Cebpb,Ifng,1.0
3395,Cebpb,Igf1,1.0
3396,Cebpb,Igf2,1.0
3397,Cebpb,Igfbp1,1.0
3398,Cebpb,Igfbp5,1.0
3399,Cebpb,Ikbkb,1.0
3400,Cebpb,Ikbke,1.0
3401,Cebpb,Il10,1.0
3402,Cebpb,Il12b,1.0
3403,Cebpb,Il13,1.0
3404,Cebpb,Il15,1.0
3405,Cebpb,Il17a,1.0
3406,Cebpb,Il18bp,1.0
3407,Cebpb,Il1a,1.0
3408,Cebpb,Il1b,1.0
3409,Cebpb,Il1rn,1.0
3410,Cebpb,Il2,1.0
3411,Cebpb,Il24,1.0
3412,Cebpb,Il3,1.0
3413,Cebpb,Il36a,1.0
3414,Cebpb,Il4,1.0
3415,Cebpb,Il5,1.0
3416,Cebpb,Il6,-1.0
3417,Cebpb,Insr,1.0
3418,Cebpb,Irf4,1.0
3419,Cebpb,Irf6,1.0
3420,Cebpb,Irf9,1.0
3421,Cebpb,Itga5,1.0
3422,Cebpb,Itgax,1.0
3423,Cebpb,Kat2b,1.0
3424,Cebpb,Kdm4b,1.0
3425,Cebpb,Klf4,-1.0
3426,Cebpb,Klf5,1.0
3427,Cebpb,Kras,1.0
3428,Cebpb,Krt10,1.0
3429,Cebpb,Krt15,1.0
3430,Cebpb,Lamc1,1.0
3431,Cebpb,Lbp,1.0
3432,Cebpb,Lcn2,1.0
3433,Cebpb,Ldlr,1.0
3434,Cebpb,Lep,1.0
3435,Cebpb,Lnpep,1.0
3436,Cebpb,Lpin1,1.0
3437,Cebpb,Lrp6,1.0
3438,Cebpb,Lrpap1,1.0
3439,Cebpb,Ly96,1.0
3440,Cebpb,Lypd3,1.0
3441,Cebpb,Mad1l1,1.0
3442,Cebpb,Mafa,1.0
3443,Cebpb,Mafb,1.0
3444,Cebpb,Map1lc3b,1.0
3445,Cebpb,Map2k1,1.0
3446,Cebpb,Map3k14,1.0
3447,Cebpb,Map4k4,1.0
3448,Cebpb,Mapk1,1.0
3449,Cebpb,Mapk14,1.0
3450,Cebpb,Mapk8,1.0
3451,Cebpb,Mat1a,1.0
3452,Cebpb,Mbp,1.0
3453,Cebpb,Mc5r,1.0
3454,Cebpb,Mcat,1.0
3455,Cebpb,Mcm3,1.0
3456,Cebpb,Mefv,1.0
3457,Cebpb,Mfge8,1.0
3458,Cebpb,Mmp11,1.0
3459,Cebpb,Mmp13,1.0
3460,Cebpb,Msr1,1.0
3461,Cebpb,Mstn,1.0
3462,Cebpb,Mtor,1.0
3463,Cebpb,Myc,-1.0
3464,Cebpb,Ncam1,1.0
3465,Cebpb,Nefl,1.0
3466,Cebpb,Neurod6,1.0
3467,Cebpb,Nf1,1.0
3468,Cebpb,Nfkbia,-1.0
3469,Cebpb,Nfya,1.0
3470,Cebpb,Ngfr,1.0
3471,Cebpb,Nos2,1.0
3472,Cebpb,Npm1,1.0
3473,Cebpb,Nr1h3,1.0
3474,Cebpb,Nr3c1,1.0
3475,Cebpb,Nr4a1,1.0
3476,Cebpb,Nrg1,1.0
3477,Cebpb,Otc,1.0
3478,Cebpb,Oxt,1.0
3479,Cebpb,Oxtr,1.0
3480,Cebpb,P2rx3,1.0
3481,Cebpb,Pck1,1.0
3482,Cebpb,Pck2,1.0
3483,Cebpb,Pcyt2,1.0
3484,Cebpb,Pdgfra,1.0
3485,Cebpb,Pdk4,1.0
3486,Cebpb,Pdx1,1.0
3487,Cebpb,Pla2g2a,1.0
3488,Cebpb,Plaat1,1.0
3489,Cebpb,Plac1,1.0
3490,Cebpb,Plac8,1.0
3491,Cebpb,Pld1,1.0
3492,Cebpb,Plg,1.0
3493,Cebpb,Pml,1.0
3494,Cebpb,Pomc,1.0
3495,Cebpb,Pparg,1.0
3496,Cebpb,Ppargc1a,1.0
3497,Cebpb,Prdm1,1.0
3498,Cebpb,Prg2,1.0
3499,Cebpb,Prkaa1,1.0
3500,Cebpb,Prkaca,1.0
3501,Cebpb,Prkar2b,1.0
3502,Cebpb,Prkca,1.0
3503,Cebpb,Prlr,1.0
3504,Cebpb,Prss50,1.0
3505,Cebpb,Psma5,1.0
3506,Cebpb,Psmc6,1.0
3507,Cebpb,Psmd10,1.0
3508,Cebpb,Ptger4,1.0
3509,Cebpb,Ptges,1.0
3510,Cebpb,Ptgs1,1.0
3511,Cebpb,Ptgs2,1.0
3512,Cebpb,Pthlh,1.0
3513,Cebpb,Ptk2,1.0
3514,Cebpb,Ptk2b,1.0
3515,Cebpb,Ptpn13,1.0
3516,Cebpb,Pttg1ip,1.0
3517,Cebpb,Rara,1.0
3518,Cebpb,Rb1,1.0
3519,Cebpb,Rbp4,1.0
3520,Cebpb,Rbpj,1.0
3521,Cebpb,Rcan1,1.0
3522,Cebpb,Rela,1.0
3523,Cebpb,Retn,1.0
3524,Cebpb,Rgn,1.0
3525,Cebpb,Rgs4,1.0
3526,Cebpb,Rhd,1.0
3527,Cebpb,Ric8b,1.0
3528,Cebpb,Rictor,1.0
3529,Cebpb,Rora,1.0
3530,Cebpb,Rps6ka1,1.0
3531,Cebpb,Runx2,-1.0
3532,Cebpb,S100a8,1.0
3533,Cebpb,S100a9,1.0
3534,Cebpb,S1pr1,1.0
3535,Cebpb,Samhd1,1.0
3536,Cebpb,Sfrp4,1.0
3537,Cebpb,Sftpb,1.0
3538,Cebpb,Sftpd,1.0
3539,Cebpb,Sh2d1a,1.0
3540,Cebpb,Sin3a,1.0
3541,Cebpb,Sirt1,-1.0
3542,Cebpb,Slc10a1,1.0
3543,Cebpb,Slc19a1,1.0
3544,Cebpb,Slc2a2,-1.0
3545,Cebpb,Slc2a4,1.0
3546,Cebpb,Slc35a2,1.0
3547,Cebpb,Slc5a5,1.0
3548,Cebpb,Slc5a8,1.0
3549,Cebpb,Slc6a2,1.0
3550,Cebpb,Slc9a1,1.0
3551,Cebpb,Smad2,-1.0
3552,Cebpb,Smarca2,1.0
3553,Cebpb,Smarcb1,1.0
3554,Cebpb,Smn1,1.0
3555,Cebpb,Snca,1.0
3556,Cebpb,Socs1,1.0
3557,Cebpb,Socs3,1.0
3558,Cebpb,Sod1,1.0
3559,Cebpb,Sod2,1.0
3560,Cebpb,Sod3,1.0
3561,Cebpb,Sox6,1.0
3562,Cebpb,Sp1,1.0
3563,Cebpb,Spi1,1.0
3564,Cebpb,Spp1,1.0
3565,Cebpb,Sprr1a,1.0
3566,Cebpb,Srebf1,1.0
3567,Cebpb,Sry,1.0
3568,Cebpb,Sst,1.0
3569,Cebpb,St6gal1,1.0
3570,Cebpb,Star,1.0
3571,Cebpb,Stat3,1.0
3572,Cebpb,Stat5b,1.0
3573,Cebpb,Stat6,1.0
3574,Cebpb,Steap4,1.0
3575,Cebpb,Stmn1,1.0
3576,Cebpb,Tac1,1.0
3577,Cebpb,Tas1r3,1.0
3578,Cebpb,Tas2r118,1.0
3579,Cebpb,Tat,1.0
3580,Cebpb,Terf1,1.0
3581,Cebpb,Tfap2a,1.0
3582,Cebpb,Tff1,-1.0
3583,Cebpb,Tff3,1.0
3584,Cebpb,Tgfa,1.0
3585,Cebpb,Tgfb1,1.0
3586,Cebpb,Tgfbr2,1.0
3587,Cebpb,Timm17a,1.0
3588,Cebpb,Tinag,1.0
3589,Cebpb,Tkt,1.0
3590,Cebpb,Tlr8,1.0
3591,Cebpb,Tlr9,1.0
3592,Cebpb,Tnf,1.0
3593,Cebpb,Tnfaip3,1.0
3594,Cebpb,Tnfaip6,1.0
3595,Cebpb,Tnfrsf11a,1.0
3596,Cebpb,Tnfrsf1a,1.0
3597,Cebpb,Tnfsf11,1.0
3598,Cebpb,Top1,1.0
3599,Cebpb,Traf3ip2,1.0
3600,Cebpb,Trib3,1.0
3601,Cebpb,Trim35,1.0
3602,Cebpb,Trp53,-1.0
3603,Cebpb,Trpv1,1.0
3604,Cebpb,Tubb3,1.0
3605,Cebpb,U2af1,1.0
3606,Cebpb,Ubr2,1.0
3607,Cebpb,Ucp1,1.0
3608,Cebpb,Uhrf1,1.0
3609,Cebpb,Vldlr,1.0
3610,Cebpb,Wnt10b,1.0
3611,Cebpb,Xbp1,1.0
3612,Cebpb,Xdh,1.0
3613,Cebpb,Xiap,1.0
3614,Cebpb,Ywhae,1.0
3615,Cebpb,Zfp36,1.0
3616,Cebpd,Adipoq,1.0
3617,Cebpd,Adra1d,1.0
3618,Cebpd,Alb,1.0
3619,Cebpd,Alox5ap,1.0
3620,Cebpd,Amelx,1.0
3621,Cebpd,Apoc3,1.0
3622,Cebpd,Ar,1.0
3623,Cebpd,Bcl2l11,1.0
3624,Cebpd,C3,1.0
3625,Cebpd,Camkk2,1.0
3626,Cebpd,Casp3,1.0
3627,Cebpd,Casp8,1.0
3628,Cebpd,Ccl20,1.0
3629,Cebpd,Ccl5,1.0
3630,Cebpd,Ccn2,1.0
3631,Cebpd,Ccn5,-1.0
3632,Cebpd,Ccnd1,1.0
3633,Cebpd,Cdc27,1.0
3634,Cebpd,Cebpa,1.0
3635,Cebpd,Cebpb,1.0
3636,Cebpd,Cftr,1.0
3637,Cebpd,Ciita,1.0
3638,Cebpd,Col1a1,1.0
3639,Cebpd,Csf1r,1.0
3640,Cebpd,Csf2,1.0
3641,Cebpd,Csf3,1.0
3642,Cebpd,Ctsc,1.0
3643,Cebpd,Cyp19a1,-1.0
3644,Cebpd,Ddit3,1.0
3645,Cebpd,Dlk1,1.0
3646,Cebpd,Ebf1,1.0
3647,Cebpd,Ebp,1.0
3648,Cebpd,Egf,1.0
3649,Cebpd,Elane,1.0
3650,Cebpd,Esr1,-1.0
3651,Cebpd,Gadd45a,1.0
3652,Cebpd,Gadd45g,1.0
3653,Cebpd,Gfi1,1.0
3654,Cebpd,Gh,1.0
3655,Cebpd,Hp,1.0
3656,Cebpd,Hsp90ab1,1.0
3657,Cebpd,Igf1,1.0
3658,Cebpd,Il10,1.0
3659,Cebpd,Il17a,1.0
3660,Cebpd,Il1b,1.0
3661,Cebpd,Il23a,1.0
3662,Cebpd,Il6,1.0
3663,Cebpd,Irak1,1.0
3664,Cebpd,Klf5,1.0
3665,Cebpd,Klf9,1.0
3666,Cebpd,Lcn2,1.0
3667,Cebpd,Lep,1.0
3668,Cebpd,Mapk14,1.0
3669,Cebpd,Mif,-1.0
3670,Cebpd,Mstn,1.0
3671,Cebpd,Ngf,1.0
3672,Cebpd,Nobox,1.0
3673,Cebpd,Nos2,1.0
3674,Cebpd,Pdgfra,1.0
3675,Cebpd,Pou5f1,1.0
3676,Cebpd,Pparg,1.0
3677,Cebpd,Prkaca,1.0
3678,Cebpd,Ptgs2,1.0
3679,Cebpd,Rb1,1.0
3680,Cebpd,Scgb1a1,1.0
3681,Cebpd,Scgb3a2,1.0
3682,Cebpd,Sftpa1,1.0
3683,Cebpd,Sftpd,1.0
3684,Cebpd,Sh3pxd2b,-1.0
3685,Cebpd,Slc9a1,1.0
3686,Cebpd,Sod1,1.0
3687,Cebpd,Sp1,1.0
3688,Cebpd,Tlr4,1.0
3689,Cebpd,Tlr8,1.0
3690,Cebpd,Tlr9,1.0
3691,Cebpd,Tnf,1.0
3692,Cebpd,Tnfaip6,1.0
3693,Cebpd,Trf,1.0
3694,Cebpd,U2af1,1.0
3695,Cebpd,Ucp1,1.0
3696,Cebpe,Atf4,1.0
3697,Cebpe,Bpi,1.0
3698,Cebpe,Camp,1.0
3699,Cebpe,Cdkn1b,1.0
3700,Cebpe,Csf3r,1.0
3701,Cebpe,Ctsg,1.0
3702,Cebpe,Ddit4,1.0
3703,Cebpe,Egf,1.0
3704,Cebpe,Elane,1.0
3705,Cebpe,Ep300,1.0
3706,Cebpe,Gata1,-1.0
3707,Cebpe,Gfi1,1.0
3708,Cebpe,Gpx4,1.0
3709,Cebpe,Hp,1.0
3710,Cebpe,Lbr,1.0
3711,Cebpe,Lcn2,1.0
3712,Cebpe,Lrg1,1.0
3713,Cebpe,Ltf,1.0
3714,Cebpe,Mmp2,1.0
3715,Cebpe,Mmp8,1.0
3716,Cebpe,Mpo,1.0
3717,Cebpe,Myc,-1.0
3718,Cebpe,Nppa,1.0
3719,Cebpe,Per2,1.0
3720,Cebpe,Pik3cg,1.0
3721,Cebpe,Prg2,-1.0
3722,Cebpe,Retn,-1.0
3723,Cebpe,S100a8,1.0
3724,Cebpe,S100a9,1.0
3725,Cebpe,Sema4d,1.0
3726,Cebpe,Spi1,-1.0
3727,Cebpe,Tlr9,1.0
3728,Cebpe,Tnf,1.0
3729,Cebpe,Ywhab,1.0
3730,Cebpg,Abcc2,1.0
3731,Cebpg,Abcc3,1.0
3732,Cebpg,Adamts4,1.0
3733,Cebpg,Adh1,1.0
3734,Cebpg,Adh4,1.0
3735,Cebpg,Adipoq,1.0
3736,Cebpg,Adra1d,1.0
3737,Cebpg,Afp,1.0
3738,Cebpg,Agt,1.0
3739,Cebpg,Ahsg,1.0
3740,Cebpg,Akr1a1,1.0
3741,Cebpg,Alb,1.0
3742,Cebpg,Aldh2,1.0
3743,Cebpg,Aldob,1.0
3744,Cebpg,Alox5ap,1.0
3745,Cebpg,Apoa1,1.0
3746,Cebpg,Apoa2,1.0
3747,Cebpg,Apob,1.0
3748,Cebpg,Apoc3,1.0
3749,Cebpg,Apoe,1.0
3750,Cebpg,App,1.0
3751,Cebpg,Asns,1.0
3752,Cebpg,Atf3,1.0
3753,Cebpg,Avp,1.0
3754,Cebpg,Bak1,1.0
3755,Cebpg,Bcl2,1.0
3756,Cebpg,Bpi,1.0
3757,Cebpg,Btk,1.0
3758,Cebpg,C3,1.0
3759,Cebpg,Ccl3,1.0
3760,Cebpg,Ccnd2,1.0
3761,Cebpg,Ccr2,1.0
3762,Cebpg,Cd14,1.0
3763,Cebpg,Cd36,1.0
3764,Cebpg,Cdkn1a,1.0
3765,Cebpg,Cebpd,1.0
3766,Cebpg,Cftr,1.0
3767,Cebpg,Ciita,1.0
3768,Cebpg,Col2a1,1.0
3769,Cebpg,Cops5,1.0
3770,Cebpg,Cpb2,1.0
3771,Cebpg,Cps1,1.0
3772,Cebpg,Crebbp,1.0
3773,Cebpg,Crh,1.0
3774,Cebpg,Crp,1.0
3775,Cebpg,Csf3,1.0
3776,Cebpg,Csn1s1,1.0
3777,Cebpg,Csn2,1.0
3778,Cebpg,Ctsl,1.0
3779,Cebpg,Ddit3,1.0
3780,Cebpg,Ddit4,1.0
3781,Cebpg,Ddr2,1.0
3782,Cebpg,Dio2,1.0
3783,Cebpg,Dsc3,1.0
3784,Cebpg,Dym,1.0
3785,Cebpg,Ebp,1.0
3786,Cebpg,Edn1,1.0
3787,Cebpg,Egfr,1.0
3788,Cebpg,Elane,1.0
3789,Cebpg,Epo,1.0
3790,Cebpg,Ercc5,1.0
3791,Cebpg,Fas,1.0
3792,Cebpg,Fgfbp1,1.0
3793,Cebpg,Fos,1.0
3794,Cebpg,Foxa1,1.0
3795,Cebpg,Gadd45a,1.0
3796,Cebpg,Gh,1.0
3797,Cebpg,Gnai2,1.0
3798,Cebpg,Hbb-bh1,1.0
3799,Cebpg,Hgf,1.0
3800,Cebpg,Hmgb1,1.0
3801,Cebpg,Hp,1.0
3802,Cebpg,Hpn,1.0
3803,Cebpg,Hsd11b1,1.0
3804,Cebpg,Hsf1,1.0
3805,Cebpg,Hspa4,1.0
3806,Cebpg,Icam1,1.0
3807,Cebpg,Ifng,1.0
3808,Cebpg,Igfbp1,1.0
3809,Cebpg,Igfbp5,1.0
3810,Cebpg,Ighm,1.0
3811,Cebpg,Ikbke,1.0
3812,Cebpg,Il12b,1.0
3813,Cebpg,Il18bp,1.0
3814,Cebpg,Il1b,1.0
3815,Cebpg,Il1rn,1.0
3816,Cebpg,Il24,1.0
3817,Cebpg,Il4,1.0
3818,Cebpg,Il5,1.0
3819,Cebpg,Il6,-1.0
3820,Cebpg,Insr,1.0
3821,Cebpg,Itgal,1.0
3822,Cebpg,Itgax,1.0
3823,Cebpg,Ivl,1.0
3824,Cebpg,Jun,1.0
3825,Cebpg,Kdm6b,1.0
3826,Cebpg,Ldlr,1.0
3827,Cebpg,Lep,1.0
3828,Cebpg,Lrp6,1.0
3829,Cebpg,Lrpap1,1.0
3830,Cebpg,Ltf,1.0
3831,Cebpg,Mad1l1,1.0
3832,Cebpg,Mbp,1.0
3833,Cebpg,Mmp11,1.0
3834,Cebpg,Mmp2,1.0
3835,Cebpg,Mpo,1.0
3836,Cebpg,Neurod6,1.0
3837,Cebpg,Nf1,1.0
3838,Cebpg,Nfkb1,1.0
3839,Cebpg,Nobox,1.0
3840,Cebpg,Nos2,1.0
3841,Cebpg,Nox4,1.0
3842,Cebpg,Nr5a2,1.0
3843,Cebpg,Osm,1.0
3844,Cebpg,Osr2,1.0
3845,Cebpg,Oxtr,1.0
3846,Cebpg,Papss2,1.0
3847,Cebpg,Pck1,1.0
3848,Cebpg,Pdgfra,1.0
3849,Cebpg,Pdlim7,1.0
3850,Cebpg,Pecam1,1.0
3851,Cebpg,Pfkfb3,1.0
3852,Cebpg,Pparg,1.0
3853,Cebpg,Ppargc1a,1.0
3854,Cebpg,Prkaca,1.0
3855,Cebpg,Prkar2b,1.0
3856,Cebpg,Prlr,1.0
3857,Cebpg,Prss50,1.0
3858,Cebpg,Prtn3,1.0
3859,Cebpg,Ptger4,1.0
3860,Cebpg,Ptgs2,1.0
3861,Cebpg,Ptk2b,1.0
3862,Cebpg,Rbfox2,1.0
3863,Cebpg,Ros1,1.0
3864,Cebpg,Rtn4,1.0
3865,Cebpg,S100a8,1.0
3866,Cebpg,S100a9,1.0
3867,Cebpg,Samhd1,1.0
3868,Cebpg,Scgb1a1,1.0
3869,Cebpg,Sftpd,1.0
3870,Cebpg,Sgip1,1.0
3871,Cebpg,Sirt1,1.0
3872,Cebpg,Slc10a1,1.0
3873,Cebpg,Slc11a1,1.0
3874,Cebpg,Slc2a2,1.0
3875,Cebpg,Slc2a4,1.0
3876,Cebpg,Slc34a1,1.0
3877,Cebpg,Slco1b2,1.0
3878,Cebpg,Smyd2,1.0
3879,Cebpg,Socs3,1.0
3880,Cebpg,Sod1,1.0
3881,Cebpg,Sod2,1.0
3882,Cebpg,Sp1,1.0
3883,Cebpg,Srebf1,1.0
3884,Cebpg,Sst,1.0
3885,Cebpg,Star,1.0
3886,Cebpg,Stat5b,1.0
3887,Cebpg,Tfap2a,1.0
3888,Cebpg,Th,1.0
3889,Cebpg,Timm17a,1.0
3890,Cebpg,Tnf,1.0
3891,Cebpg,Tnfrsf1a,1.0
3892,Cebpg,Tom1,1.0
3893,Cebpg,Traf3ip2,1.0
3894,Cebpg,Trf,1.0
3895,Cebpg,Trim63,1.0
3896,Cebpg,Tuba1a,1.0
3897,Cebpg,U2af1,1.0
3898,Cebpg,Ubr2,1.0
3899,Cebpg,Ucn,1.0
3900,Cebpg,Ucp1,1.0
3901,Cebpg,Vip,1.0
3902,Cebpg,Vldlr,1.0
3903,Cebpg,Wdtc1,1.0
3904,Cebpg,Xdh,1.0
3905,Cebpg,Ywhae,1.0
3906,Cebpg,Ywhaz,1.0
3907,Cebpg,Zfpm1,-1.0
3908,Cebpz,Alox12,1.0
3909,Cebpz,Apc,1.0
3910,Cebpz,Cdkn1a,1.0
3911,Cebpz,Col10a1,1.0
3912,Cebpz,Col11a1,-1.0
3913,Cebpz,Col1a2,1.0
3914,Cebpz,Col5a3,1.0
3915,Cebpz,Cp,1.0
3916,Cebpz,Cybb,1.0
3917,Cebpz,Fas,1.0
3918,Cebpz,Hspa4,1.0
3919,Cebpz,Il3,1.0
3920,Cebpz,Mlh1,-1.0
3921,Cebpz,Pdlim7,1.0
3922,Cebpz,Sox9,1.0
3923,Cebpz,Thbs1,1.0
3924,Cebpz,Trp73,1.0
3925,Cggbp1,Fmr1,-1.0
3926,Chd4,Bcl11a,-1.0
3927,Chd4,Cd79a,-1.0
3928,Chd4,Hbb-bh1,-1.0
3929,Chd4,Hbb-y,-1.0
3930,Chd4,Kctd16,-1.0
3931,Chd4,Rnf8,-1.0
3932,Cic,Ccne1,-1.0
3933,Cic,Etv5,1.0
3934,Cic,Rasa1,1.0
3935,Ciita,Col1a1,-1.0
3936,Ciita,Col1a2,-1.0
3937,Ciita,Crebbp,1.0
3938,Ciita,Fasl,1.0
3939,Ciita,H2-Ab1,1.0
3940,Ciita,H2-DMa,1.0
3941,Ciita,H2-Ea,1.0
3942,Ciita,H2-Oa,1.0
3943,Ciita,H2-Ob,1.0
3944,Ciita,H2-T23,1.0
3945,Ciita,Il4,-1.0
3946,Ciita,Irf1,1.0
3947,Ciita,Irf2,1.0
3948,Ciita,Mmp9,-1.0
3949,Ciita,Plxna1,1.0
3950,Ciita,Psmc5,1.0
3951,Ciita,Rab4b,1.0
3952,Ciita,S100a4,-1.0
3953,Ciita,Sirt1,-1.0
3954,Ciita,Slc26a3,1.0
3955,Ciita,Stat1,1.0
3956,Cited2,Cebpa,1.0
3957,Cited2,Mmp13,-1.0
3958,Cited2,Mmp9,1.0
3959,Clock,Acox1,1.0
3960,Clock,Atf4,1.0
3961,Clock,Atf5,-1.0
3962,Clock,Atg14,1.0
3963,Clock,Bhlhe40,1.0
3964,Clock,Bhlhe41,1.0
3965,Clock,Bmal1,-1.0
3966,Clock,Cacnb2,1.0
3967,Clock,Cck,1.0
3968,Clock,Ciart,1.0
3969,Clock,Crebbp,1.0
3970,Clock,Cry1,1.0
3971,Clock,Cry2,1.0
3972,Clock,Cyp8b1,1.0
3973,Clock,Dbp,1.0
3974,Clock,Defb1,1.0
3975,Clock,Dpyd,1.0
3976,Clock,Dusp1,1.0
3977,Clock,Ep300,1.0
3978,Clock,F3,1.0
3979,Clock,Fkbp5,1.0
3980,Clock,Gys2,1.0
3981,Clock,Icam1,1.0
3982,Clock,Jun,1.0
3983,Clock,Kat5,1.0
3984,Clock,Klf10,1.0
3985,Clock,Mbd2,1.0
3986,Clock,Mcl1,1.0
3987,Clock,Mta1,1.0
3988,Clock,Mttp,-1.0
3989,Clock,Myod1,1.0
3990,Clock,Nampt,1.0
3991,Clock,Nefh,1.0
3992,Clock,Ngfr,1.0
3993,Clock,Nkx2-1,-1.0
3994,Clock,Noct,1.0
3995,Clock,Npas2,1.0
3996,Clock,Nr0b2,1.0
3997,Clock,Nr1d1,1.0
3998,Clock,Nr3c1,-1.0
3999,Clock,Per1,1.0
4000,Clock,Per2,1.0
4001,Clock,Per3,1.0
4002,Clock,Pkm,1.0
4003,Clock,Ppara,1.0
4004,Clock,Psen2,1.0
4005,Clock,Rbp2,1.0
4006,Clock,Rhbdf2,1.0
4007,Clock,Scnn1a,1.0
4008,Clock,Serpine1,1.0
4009,Clock,Sgca,1.0
4010,Clock,Sirt1,1.0
4011,Clock,Slc9a3,1.0
4012,Clock,Star,1.0
4013,Clock,Th,1.0
4014,Clock,Tpo,1.0
4015,Clock,Trf,1.0
4016,Clock,Trnt1,1.0
4017,Clock,Ttf1,1.0
4018,Clock,Txnrd1,1.0
4019,Clock,Usp2,1.0
4020,Clock,Vcam1,1.0
4021,Clock,Vwf,1.0
4022,Cnot4,App,1.0
4023,Cnot7,Icam1,-1.0
4024,Cnot7,Msmb,1.0
4025,Cnot7,Pmp22,1.0
4026,Cops5,Cdkn1b,-1.0
4027,Cops5,Vegfa,1.0
4028,Creb1,Aanat,1.0
4029,Creb1,Abca1,1.0
4030,Creb1,Acaca,1.0
4031,Creb1,Ache,1.0
4032,Creb1,Acsl4,1.0
4033,Creb1,Adarb1,-1.0
4034,Creb1,Adcyap1,1.0
4035,Creb1,Adipoq,1.0
4036,Creb1,Adm,1.0
4037,Creb1,Adra1a,1.0
4038,Creb1,Ager,1.0
4039,Creb1,Agt,1.0
4040,Creb1,Aicda,1.0
4041,Creb1,Akap8l,1.0
4042,Creb1,Akt1,1.0
4043,Creb1,Alas2,1.0
4044,Creb1,Angptl2,-1.0
4045,Creb1,Apex1,1.0
4046,Creb1,Aqp2,1.0
4047,Creb1,Aqp3,1.0
4048,Creb1,Ar,1.0
4049,Creb1,Areg,1.0
4050,Creb1,Arg1,1.0
4051,Creb1,Armcx1,1.0
4052,Creb1,Arpc3,-1.0
4053,Creb1,Asah1,1.0
4054,Creb1,Ascl1,1.0
4055,Creb1,Atf3,1.0
4056,Creb1,Atf4,1.0
4057,Creb1,Atf5,1.0
4058,Creb1,Atp1a1,1.0
4059,Creb1,Atp2a2,1.0
4060,Creb1,Atp6v0b,1.0
4061,Creb1,Atp6v1c1,1.0
4062,Creb1,Avp,1.0
4063,Creb1,Bcl2,1.0
4064,Creb1,Bcl2l1,1.0
4065,Creb1,Bcl2l11,1.0
4066,Creb1,Bdkrb1,1.0
4067,Creb1,Bdkrb2,1.0
4068,Creb1,Bdnf,1.0
4069,Creb1,Birc3,1.0
4070,Creb1,Bmp2,1.0
4071,Creb1,Brca1,1.0
4072,Creb1,Btg2,1.0
4073,Creb1,C3,-1.0
4074,Creb1,Cacna1s,1.0
4075,Creb1,Calca,1.0
4076,Creb1,Cars1,1.0
4077,Creb1,Cartpt,1.0
4078,Creb1,Casp8,1.0
4079,Creb1,Cblif,1.0
4080,Creb1,Cck,1.0
4081,Creb1,Cckbr,1.0
4082,Creb1,Ccl22,1.0
4083,Creb1,Ccl26,1.0
4084,Creb1,Ccl3,1.0
4085,Creb1,Ccl4,-1.0
4086,Creb1,Ccl5,1.0
4087,Creb1,Ccn1,1.0
4088,Creb1,Ccn2,1.0
4089,Creb1,Ccn5,1.0
4090,Creb1,Ccna2,-1.0
4091,Creb1,Ccnb1,-1.0
4092,Creb1,Ccnc,1.0
4093,Creb1,Ccnd1,1.0
4094,Creb1,Ccnd2,-1.0
4095,Creb1,Ccnd3,1.0
4096,Creb1,Ccr5,1.0
4097,Creb1,Cd14,1.0
4098,Creb1,Cd2ap,1.0
4099,Creb1,Cd3d,1.0
4100,Creb1,Cd4,1.0
4101,Creb1,Cd68,1.0
4102,Creb1,Cd69,1.0
4103,Creb1,Cd86,1.0
4104,Creb1,Cdk11b,1.0
4105,Creb1,Cdkn1a,1.0
4106,Creb1,Cdkn2a,1.0
4107,Creb1,Cebpb,1.0
4108,Creb1,Cga,1.0
4109,Creb1,Chac1,1.0
4110,Creb1,Chek1,-1.0
4111,Creb1,Chga,1.0
4112,Creb1,Chgb,1.0
4113,Creb1,Chrd,1.0
4114,Creb1,Cidec,1.0
4115,Creb1,Ciita,1.0
4116,Creb1,Cldn11,1.0
4117,Creb1,Cntf,1.0
4118,Creb1,Cop1,1.0
4119,Creb1,Cox8a,1.0
4120,Creb1,Cpd,-1.0
4121,Creb1,Cpt1a,1.0
4122,Creb1,Cr2,1.0
4123,Creb1,Crem,1.0
4124,Creb1,Crh,1.0
4125,Creb1,Crtc1,1.0
4126,Creb1,Cryaa,1.0
4127,Creb1,Csrp2,-1.0
4128,Creb1,Ctnnb1,1.0
4129,Creb1,Ctsb,1.0
4130,Creb1,Cxcr4,1.0
4131,Creb1,Cyp11a1,1.0
4132,Creb1,Cyp17a1,1.0
4133,Creb1,Cyp19a1,1.0
4134,Creb1,Cyp1b1,1.0
4135,Creb1,Cyp2e1,1.0
4136,Creb1,Cyp51,1.0
4137,Creb1,Dbh,1.0
4138,Creb1,Dct,1.0
4139,Creb1,Dhx9,1.0
4140,Creb1,Diablo,1.0
4141,Creb1,Dio2,1.0
4142,Creb1,Dkk2,-1.0
4143,Creb1,Dot1l,1.0
4144,Creb1,Dusp1,1.0
4145,Creb1,Dyrk1b,1.0
4146,Creb1,Edn1,1.0
4147,Creb1,Egr1,1.0
4148,Creb1,Egr3,1.0
4149,Creb1,Entpd1,1.0
4150,Creb1,Erbb2,1.0
4151,Creb1,Esr1,1.0
4152,Creb1,Esr2,1.0
4153,Creb1,Etv2,1.0
4154,Creb1,Etv3,1.0
4155,Creb1,Etv6,1.0
4156,Creb1,Exo1,1.0
4157,Creb1,Exosc6,1.0
4158,Creb1,Fam3b,1.0
4159,Creb1,Fgf2,1.0
4160,Creb1,Fgf8,1.0
4161,Creb1,Filip1l,1.0
4162,Creb1,Fktn,1.0
4163,Creb1,Flt1,1.0
4164,Creb1,Fmr1,1.0
4165,Creb1,Fn1,1.0
4166,Creb1,Fos,1.0
4167,Creb1,Fosb,1.0
4168,Creb1,Fosl1,1.0
4169,Creb1,Foxa1,1.0
4170,Creb1,Foxo3,1.0
4171,Creb1,Foxp3,1.0
4172,Creb1,Frzb,1.0
4173,Creb1,Fscn1,1.0
4174,Creb1,Fshb,1.0
4175,Creb1,Fst,1.0
4176,Creb1,Fzd6,1.0
4177,Creb1,G6pc1,1.0
4178,Creb1,Gabarap,1.0
4179,Creb1,Gabpa,1.0
4180,Creb1,Gabra1,1.0
4181,Creb1,Gad1,1.0
4182,Creb1,Gad2,1.0
4183,Creb1,Gadd45b,1.0
4184,Creb1,Gadd45g,1.0
4185,Creb1,Gal,1.0
4186,Creb1,Galnt1,-1.0
4187,Creb1,Galr1,1.0
4188,Creb1,Gap43,-1.0
4189,Creb1,Gch1,1.0
4190,Creb1,Gcm1,1.0
4191,Creb1,Gda,1.0
4192,Creb1,Gem,1.0
4193,Creb1,Gh,1.0
4194,Creb1,Ghrh,1.0
4195,Creb1,Gnrhr,1.0
4196,Creb1,Grin1,1.0
4197,Creb1,Grin2b,1.0
4198,Creb1,Grpr,1.0
4199,Creb1,Gsk3a,1.0
4200,Creb1,Gsk3b,1.0
4201,Creb1,H2-Ab1,1.0
4202,Creb1,H2-Ea,1.0
4203,Creb1,H2-Ob,1.0
4204,Creb1,H2-T23,1.0
4205,Creb1,Hbb-bh1,1.0
4206,Creb1,Hbb-y,1.0
4207,Creb1,Hcrtr2,1.0
4208,Creb1,Herpud1,1.0
4209,Creb1,Hes1,1.0
4210,Creb1,Hif1a,1.0
4211,Creb1,Hk2,1.0
4212,Creb1,Hmgcr,1.0
4213,Creb1,Hmgcs2,1.0
4214,Creb1,Hmox1,-1.0
4215,Creb1,Hnf4a,1.0
4216,Creb1,Hpgd,1.0
4217,Creb1,Hspa5,1.0
4218,Creb1,Htt,1.0
4219,Creb1,Ibsp,1.0
4220,Creb1,Icam1,1.0
4221,Creb1,Id1,1.0
4222,Creb1,Ifnb1,1.0
4223,Creb1,Ifng,1.0
4224,Creb1,Il10,1.0
4225,Creb1,Il13,1.0
4226,Creb1,Il17a,1.0
4227,Creb1,Il18bp,1.0
4228,Creb1,Il1b,1.0
4229,Creb1,Il2,1.0
4230,Creb1,Il2ra,1.0
4231,Creb1,Il5ra,1.0
4232,Creb1,Il6,1.0
4233,Creb1,Inha,1.0
4234,Creb1,Irf7,1.0
4235,Creb1,Jun,-1.0
4236,Creb1,Kcna5,1.0
4237,Creb1,Kcnc3,1.0
4238,Creb1,Kcnma1,1.0
4239,Creb1,Kdm3a,1.0
4240,Creb1,Kdr,-1.0
4241,Creb1,Kmt2a,1.0
4242,Creb1,Laptm4b,1.0
4243,Creb1,Lat,1.0
4244,Creb1,Ldha,1.0
4245,Creb1,Ldhc,1.0
4246,Creb1,Ldlr,1.0
4247,Creb1,Lep,1.0
4248,Creb1,Lgals8,1.0
4249,Creb1,Lor,-1.0
4250,Creb1,Lpl,1.0
4251,Creb1,Ltb,1.0
4252,Creb1,Ltbp1,1.0
4253,Creb1,Ly6k,1.0
4254,Creb1,Lyl1,1.0
4255,Creb1,Mat2a,1.0
4256,Creb1,Mc2r,1.0
4257,Creb1,Mcam,1.0
4258,Creb1,Mcm5,-1.0
4259,Creb1,Mdm2,-1.0
4260,Creb1,Meis1,1.0
4261,Creb1,Mgam,1.0
4262,Creb1,Mif,1.0
4263,Creb1,Mitf,1.0
4264,Creb1,Mmp13,1.0
4265,Creb1,Mmp2,1.0
4266,Creb1,Mmp28,1.0
4267,Creb1,Mmp9,1.0
4268,Creb1,Mrm3,1.0
4269,Creb1,Mrpl49,1.0
4270,Creb1,Mrps18b,1.0
4271,Creb1,Msmb,1.0
4272,Creb1,Mstn,1.0
4273,Creb1,Muc2,1.0
4274,Creb1,Muc4,1.0
4275,Creb1,Muc5ac,1.0
4276,Creb1,Musk,-1.0
4277,Creb1,Myb,1.0
4278,Creb1,Myf5,1.0
4279,Creb1,Myod1,1.0
4280,Creb1,Nags,1.0
4281,Creb1,Ndc80,1.0
4282,Creb1,Ndn,-1.0
4283,Creb1,Ndufa4,-1.0
4284,Creb1,Ndufv1,1.0
4285,Creb1,Nectin2,1.0
4286,Creb1,Nedd4l,1.0
4287,Creb1,Nf1,1.0
4288,Creb1,Nfkbiz,1.0
4289,Creb1,Nfya,1.0
4290,Creb1,Ngb,1.0
4291,Creb1,Ngf,1.0
4292,Creb1,Nkx2-5,1.0
4293,Creb1,Nkx6-2,1.0
4294,Creb1,Nmnat2,1.0
4295,Creb1,Noct,1.0
4296,Creb1,Nolc1,1.0
4297,Creb1,Nos1,1.0
4298,Creb1,Nos3,1.0
4299,Creb1,Npc1,1.0
4300,Creb1,Npy,1.0
4301,Creb1,Nr2f1,-1.0
4302,Creb1,Nr2f6,-1.0
4303,Creb1,Nr3c1,1.0
4304,Creb1,Nr4a2,1.0
4305,Creb1,Nr4a3,1.0
4306,Creb1,Nr5a2,1.0
4307,Creb1,Nrf1,1.0
4308,Creb1,Nrn1,1.0
4309,Creb1,Ntrk2,1.0
4310,Creb1,Nts,1.0
4311,Creb1,Odc1,1.0
4312,Creb1,Oga,1.0
4313,Creb1,Opalin,1.0
4314,Creb1,Oprm1,1.0
4315,Creb1,Ormdl3,1.0
4316,Creb1,Oxnad1,1.0
4317,Creb1,Pah,1.0
4318,Creb1,Pax3,1.0
4319,Creb1,Pbk,1.0
4320,Creb1,Pck1,1.0
4321,Creb1,Pcna,1.0
4322,Creb1,Pcsk1,1.0
4323,Creb1,Pde4b,1.0
4324,Creb1,Pde4d,1.0
4325,Creb1,Pdgfra,-1.0
4326,Creb1,Pdlim7,1.0
4327,Creb1,Pdyn,1.0
4328,Creb1,Penk,1.0
4329,Creb1,Per1,1.0
4330,Creb1,Per2,1.0
4331,Creb1,Phox2a,1.0
4332,Creb1,Pitpnb,1.0
4333,Creb1,Pitx2,1.0
4334,Creb1,Pklr,1.0
4335,Creb1,Pkm,1.0
4336,Creb1,Pla2g4a,1.0
4337,Creb1,Plat,-1.0
4338,Creb1,Plau,1.0
4339,Creb1,Plk4,-1.0
4340,Creb1,Pnoc,1.0
4341,Creb1,Pnpla6,1.0
4342,Creb1,Pold2,1.0
4343,Creb1,Poll,1.0
4344,Creb1,Pomc,1.0
4345,Creb1,Pou1f1,1.0
4346,Creb1,Pou2af1,1.0
4347,Creb1,Pparg,1.0
4348,Creb1,Ppargc1a,1.0
4349,Creb1,Ppargc1b,1.0
4350,Creb1,Ppm1d,1.0
4351,Creb1,Ppp2ca,1.0
4352,Creb1,Ppp2r2b,1.0
4353,Creb1,Ppp3ca,1.0
4354,Creb1,Prkce,1.0
4355,Creb1,Prlhr,-1.0
4356,Creb1,Prss12,1.0
4357,Creb1,Psen1,1.0
4358,Creb1,Psenen,1.0
4359,Creb1,Ptch1,1.0
4360,Creb1,Ptges,1.0
4361,Creb1,Ptgs2,1.0
4362,Creb1,Pthlh,1.0
4363,Creb1,Ptpa,1.0
4364,Creb1,Rab18,1.0
4365,Creb1,Rab25,1.0
4366,Creb1,Rarb,1.0
4367,Creb1,Rb1,1.0
4368,Creb1,Ren1,1.0
4369,Creb1,Rest,1.0
4370,Creb1,Rfc3,1.0
4371,Creb1,Rgs2,1.0
4372,Creb1,Rp1,1.0
4373,Creb1,Rps27a,1.0
4374,Creb1,Rrm2,1.0
4375,Creb1,Rrm2b,1.0
4376,Creb1,Scarb1,1.0
4377,Creb1,Scg2,1.0
4378,Creb1,Sdc4,1.0
4379,Creb1,Sds,1.0
4380,Creb1,Sec63,1.0
4381,Creb1,Serpine1,1.0
4382,Creb1,Sftpb,-1.0
4383,Creb1,Sik1,1.0
4384,Creb1,Skil,1.0
4385,Creb1,Slc15a1,1.0
4386,Creb1,Slc19a1,1.0
4387,Creb1,Slc1a2,1.0
4388,Creb1,Slc1a3,1.0
4389,Creb1,Slc20a1,1.0
4390,Creb1,Slc22a8,1.0
4391,Creb1,Slc2a1,1.0
4392,Creb1,Slc2a3,1.0
4393,Creb1,Slc39a1,1.0
4394,Creb1,Slc5a5,1.0
4395,Creb1,Smad6,1.0
4396,Creb1,Smarca1,1.0
4397,Creb1,Smn1,1.0
4398,Creb1,Snai1,-1.0
4399,Creb1,Snai2,-1.0
4400,Creb1,Sod2,1.0
4401,Creb1,Sox9,1.0
4402,Creb1,Spp1,1.0
4403,Creb1,Spry2,1.0
4404,Creb1,Sqstm1,1.0
4405,Creb1,Srpk2,1.0
4406,Creb1,Srsf10,1.0
4407,Creb1,Sst,1.0
4408,Creb1,Star,1.0
4409,Creb1,Stat3,1.0
4410,Creb1,Stat4,1.0
4411,Creb1,Stat5a,1.0
4412,Creb1,Sting1,1.0
4413,Creb1,Stmn1,1.0
4414,Creb1,Sult4a1,1.0
4415,Creb1,Tac1,1.0
4416,Creb1,Tagln,1.0
4417,Creb1,Tfap2a,-1.0
4418,Creb1,Tfrc,1.0
4419,Creb1,Tg,1.0
4420,Creb1,Tgfb1,1.0
4421,Creb1,Tgfb2,1.0
4422,Creb1,Tgfb3,1.0
4423,Creb1,Tgfbr2,1.0
4424,Creb1,Th,1.0
4425,Creb1,Thbs1,-1.0
4426,Creb1,Thop1,1.0
4427,Creb1,Tigar,1.0
4428,Creb1,Timm50,1.0
4429,Creb1,Tlr2,1.0
4430,Creb1,Tlr9,1.0
4431,Creb1,Tnf,1.0
4432,Creb1,Tnfsf11,1.0
4433,Creb1,Tnfsf13,1.0
4434,Creb1,Tnfsf13b,1.0
4435,Creb1,Tom1,1.0
4436,Creb1,Tpo,1.0
4437,Creb1,Tpt1,1.0
4438,Creb1,Trf,1.0
4439,Creb1,Trh,1.0
4440,Creb1,Trp53,1.0
4441,Creb1,Trpc4,1.0
4442,Creb1,Ttpa,1.0
4443,Creb1,Tyr,1.0
4444,Creb1,Uchl1,1.0
4445,Creb1,Ugt8a,1.0
4446,Creb1,Uqcrq,1.0
4447,Creb1,Usf1,1.0
4448,Creb1,Usf2,1.0
4449,Creb1,Usp22,1.0
4450,Creb1,Uxt,1.0
4451,Creb1,Vcam1,1.0
4452,Creb1,Vegfa,1.0
4453,Creb1,Vip,1.0
4454,Creb1,Wars2,1.0
4455,Creb1,Wnt10b,1.0
4456,Creb1,Xpc,1.0
4457,Creb1,Yap1,1.0
4458,Creb1,Zfp36,1.0
4459,Creb1,Zfp667,1.0
4460,Creb3,Apoa4,1.0
4461,Creb3,Arf4,1.0
4462,Creb3,Ccr2,1.0
4463,Creb3,Cdkn2a,1.0
4464,Creb3,Cxcl14,1.0
4465,Creb3,Cxcr4,1.0
4466,Creb3,Edem1,1.0
4467,Creb3,Hcfc1,1.0
4468,Creb3,Herpud1,1.0
4469,Creb3,Hp,1.0
4470,Creb3,Il2,1.0
4471,Creb3,Met,1.0
4472,Creb3,Mmp9,1.0
4473,Creb3l1,Avp,1.0
4474,Creb3l1,Chst3,-1.0
4475,Creb3l1,Col1a1,1.0
4476,Creb3l1,Fgf2,-1.0
4477,Creb3l1,Fgfbp1,-1.0
4478,Creb3l1,Gfap,1.0
4479,Creb3l1,Hspa5,1.0
4480,Creb3l1,Nos2,1.0
4481,Creb3l1,Oxt,1.0
4482,Creb3l1,Sdcbp,1.0
4483,Creb3l1,Slc1a4,-1.0
4484,Creb3l2,Bdnf,1.0
4485,Creb3l2,Sec24c,1.0
4486,Creb3l3,Apoa5,1.0
4487,Creb3l3,Creb3,1.0
4488,Creb3l3,Crp,1.0
4489,Creb3l3,Fgf21,1.0
4490,Creb3l3,G6pc1,1.0
4491,Creb3l3,Lpin1,1.0
4492,Creb3l3,Pck1,1.0
4493,Creb3l3,Pck2,1.0
4494,Creb3l4,Dnajc12,1.0
4495,Creb3l4,Hspa5,1.0
4496,Creb5,Atp6v0e,1.0
4497,Creb5,Dgkg,1.0
4498,Creb5,Lgals3bp,-1.0
4499,Creb5,Ly96,-1.0
4500,Creb5,Mapkapk3,1.0
4501,Creb5,Rasgrp3,-1.0
4502,Creb5,Rdx,-1.0
4503,Creb5,Stat1,-1.0
4504,Creb5,Tgfbr3,1.0
4505,Creb5,Tnfrsf11b,-1.0
4506,Crebbp,Alox15,1.0
4507,Crebbp,Brca1,1.0
4508,Crebbp,Cck,1.0
4509,Crebbp,Cdkn1a,1.0
4510,Crebbp,Creb1,1.0
4511,Crebbp,Csf2,1.0
4512,Crebbp,Egfr,1.0
4513,Crebbp,Ep300,1.0
4514,Crebbp,Ercc1,1.0
4515,Crebbp,Ezh2,1.0
4516,Crebbp,Fdps,1.0
4517,Crebbp,Hinfp,1.0
4518,Crebbp,Hmgcr,1.0
4519,Crebbp,Hmgcs1,1.0
4520,Crebbp,Hoxa10,1.0
4521,Crebbp,Hoxa9,1.0
4522,Crebbp,Ifnb1,1.0
4523,Crebbp,Il4,1.0
4524,Crebbp,Insm1,1.0
4525,Crebbp,Irf1,1.0
4526,Crebbp,Ldlr,1.0
4527,Crebbp,Mst1,1.0
4528,Crebbp,Myc,1.0
4529,Crebbp,Pck2,1.0
4530,Crebbp,Ppara,1.0
4531,Crebbp,Psmc5,1.0
4532,Crebbp,Ptgs2,1.0
4533,Crebbp,Rad51,1.0
4534,Crebbp,Rara,1.0
4535,Crebbp,Rs1,1.0
4536,Crebbp,S100a4,1.0
4537,Crebbp,Setdb1,-1.0
4538,Crebbp,Slc1a2,1.0
4539,Crebbp,Trp53,1.0
4540,Crebl2,Cebpa,1.0
4541,Crebl2,Pparg,1.0
4542,Crebrf,Comp,1.0
4543,Crebrf,Herpud1,1.0
4544,Crebzf,Acaca,1.0
4545,Crebzf,Ap3b1,1.0
4546,Crebzf,Cd86,1.0
4547,Crebzf,Esrrg,1.0
4548,Crebzf,Fasn,1.0
4549,Crebzf,Gast,1.0
4550,Crebzf,Hcfc1,1.0
4551,Crebzf,Nr1h3,1.0
4552,Crebzf,Ntrk1,1.0
4553,Crebzf,Pdk4,-1.0
4554,Crebzf,Ppargc1b,1.0
4555,Crebzf,Prkaa1,1.0
4556,Crebzf,Serpinb5,1.0
4557,Crebzf,Srebf1,-1.0
4558,Crebzf,Stk11,1.0
4559,Crebzf,Tshb,1.0
4560,Crebzf,Wt1,1.0
4561,Creg1,Hspa4,-1.0
4562,Crem,Aanat,1.0
4563,Crem,Abcc8,1.0
4564,Crem,Ace,1.0
4565,Crem,Acot7,1.0
4566,Crem,Acr,1.0
4567,Crem,Adra1d,1.0
4568,Crem,Adrb1,-1.0
4569,Crem,Agtrap,1.0
4570,Crem,Aprt,1.0
4571,Crem,Bcl2,-1.0
4572,Crem,Braf,1.0
4573,Crem,Calm1,1.0
4574,Crem,Camk4,1.0
4575,Crem,Cck,1.0
4576,Crem,Ccl4,-1.0
4577,Crem,Ccna1,1.0
4578,Crem,Ccna2,-1.0
4579,Crem,Ccnd1,-1.0
4580,Crem,Cd247,-1.0
4581,Crem,Cd86,1.0
4582,Crem,Cd8a,1.0
4583,Crem,Cd8b1,1.0
4584,Crem,Cela2a,1.0
4585,Crem,Chga,1.0
4586,Crem,Cish,1.0
4587,Crem,Crabp2,-1.0
4588,Crem,Creb1,-1.0
4589,Crem,Creb3l4,1.0
4590,Crem,Crebbp,1.0
4591,Crem,Crh,1.0
4592,Crem,Csf2,1.0
4593,Crem,Cyp19a1,-1.0
4594,Crem,Cyp51,-1.0
4595,Crem,Dusp1,-1.0
4596,Crem,Dusp4,-1.0
4597,Crem,Etv3,1.0
4598,Crem,Fasl,-1.0
4599,Crem,Fos,-1.0
4600,Crem,Fshb,-1.0
4601,Crem,Fshr,1.0
4602,Crem,Gast,1.0
4603,Crem,Gjd2,1.0
4604,Crem,Gpx4,1.0
4605,Crem,Hmgcr,1.0
4606,Crem,Ifng,1.0
4607,Crem,Il17a,1.0
4608,Crem,Il2,-1.0
4609,Crem,Il4,1.0
4610,Crem,Il5ra,1.0
4611,Crem,Jun,-1.0
4612,Crem,Ldhc,1.0
4613,Crem,Lipe,1.0
4614,Crem,Mc2r,1.0
4615,Crem,Myd88,1.0
4616,Crem,Nfatc1,1.0
4617,Crem,Ngf,-1.0
4618,Crem,Notch1,1.0
4619,Crem,Nr3c1,1.0
4620,Crem,Pck1,1.0
4621,Crem,Pde3a,-1.0
4622,Crem,Per1,1.0
4623,Crem,Pgk2,1.0
4624,Crem,Plat,1.0
4625,Crem,Prkaca,1.0
4626,Crem,Psma4,1.0
4627,Crem,Ptger2,1.0
4628,Crem,Pth,1.0
4629,Crem,Ptprc,1.0
4630,Crem,Slc5a5,1.0
4631,Crem,Star,1.0
4632,Crem,Syk,1.0
4633,Crem,Taf4,1.0
4634,Crem,Tbp,1.0
4635,Crem,Tesk1,1.0
4636,Crem,Th,-1.0
4637,Crem,Thop1,1.0
4638,Crem,Tnf,-1.0
4639,Crem,Tshr,1.0
4640,Crem,Vdr,1.0
4641,Crem,Zap70,1.0
4642,Crx,Aanat,1.0
4643,Crx,Abca4,1.0
4644,Crx,Aldh7a1,1.0
4645,Crx,Asmt,1.0
4646,Crx,Atxn7,1.0
4647,Crx,Banf1,1.0
4648,Crx,Best1,1.0
4649,Crx,Btrc,1.0
4650,Crx,Fscn2,1.0
4651,Crx,Gngt1,1.0
4652,Crx,Grb10,1.0
4653,Crx,Gucy2e,1.0
4654,Crx,Igf2,1.0
4655,Crx,Igf2bp1,1.0
4656,Crx,Ipo13,1.0
4657,Crx,Kcnv2,1.0
4658,Crx,Kntc1,1.0
4659,Crx,Nr2e3,1.0
4660,Crx,Nrl,1.0
4661,Crx,Opn1sw,1.0
4662,Crx,Pax6,-1.0
4663,Crx,Pcna,-1.0
4664,Crx,Pde6a,1.0
4665,Crx,Pde6b,1.0
4666,Crx,Pou5f1,-1.0
4667,Crx,Prph2,1.0
4668,Crx,Rbp3,1.0
4669,Crx,Rho,-1.0
4670,Crx,Rs1,1.0
4671,Crx,Sag,1.0
4672,Crx,Samd7,1.0
4673,Ctbp1,Agt,-1.0
4674,Ctbp1,Brca1,-1.0
4675,Ctbp1,Brca2,-1.0
4676,Ctbp1,Cdh1,-1.0
4677,Ctbp1,Cdkn2a,-1.0
4678,Ctbp1,Cldn7,-1.0
4679,Ctbp1,Krt18,-1.0
4680,Ctbp1,Retn,-1.0
4681,Ctbp1,Ube2d3,-1.0
4682,Ctbp1,Vdr,-1.0
4683,Ctbp2,Ache,1.0
4684,Ctbp2,Agt,-1.0
4685,Ctbp2,Atxn1,1.0
4686,Ctbp2,Bbc3,1.0
4687,Ctbp2,Bik,1.0
4688,Ctbp2,Brca1,-1.0
4689,Ctbp2,Calca,1.0
4690,Ctbp2,Cdh1,-1.0
4691,Ctbp2,Cdkn2a,1.0
4692,Ctbp2,Ctbp1,1.0
4693,Ctbp2,Fgf3,1.0
4694,Ctbp2,Hp,1.0
4695,Ctbp2,Il2,1.0
4696,Ctbp2,Kat2b,1.0
4697,Ctbp2,Retn,-1.0
4698,Ctbp2,Tiam1,1.0
4699,Ctcf,Abca2,1.0
4700,Ctcf,Acvr1c,1.0
4701,Ctcf,Afm,1.0
4702,Ctcf,Ahcyl1,1.0
4703,Ctcf,Ankrd46,1.0
4704,Ctcf,App,1.0
4705,Ctcf,Arsi,1.0
4706,Ctcf,Asap2,1.0
4707,Ctcf,Atxn7,1.0
4708,Ctcf,B4galnt1,1.0
4709,Ctcf,Bax,1.0
4710,Ctcf,Bbc3,1.0
4711,Ctcf,Bcl6,-1.0
4712,Ctcf,Bicd2,1.0
4713,Ctcf,Brca1,1.0
4714,Ctcf,C4b,1.0
4715,Ctcf,Ccnd1,1.0
4716,Ctcf,Cd34,1.0
4717,Ctcf,Cd80,1.0
4718,Ctcf,Cdh1,1.0
4719,Ctcf,Cdkn1a,1.0
4720,Ctcf,Cdkn1c,-1.0
4721,Ctcf,Cdkn2a,-1.0
4722,Ctcf,Celsr3,-1.0
4723,Ctcf,Cep135,1.0
4724,Ctcf,Cftr,1.0
4725,Ctcf,Chrna6,1.0
4726,Ctcf,Cideb,1.0
4727,Ctcf,Cish,1.0
4728,Ctcf,Cnih1,1.0
4729,Ctcf,Col11a2,1.0
4730,Ctcf,Col27a1,1.0
4731,Ctcf,Csf2,1.0
4732,Ctcf,Csnk2a2,1.0
4733,Ctcf,Dhps,1.0
4734,Ctcf,Dip2b,1.0
4735,Ctcf,Dlk1,1.0
4736,Ctcf,Dmkn,1.0
4737,Ctcf,Dmpk,1.0
4738,Ctcf,Egf,1.0
4739,Ctcf,Elp5,1.0
4740,Ctcf,Ephb1,1.0
4741,Ctcf,Etnk2,1.0
4742,Ctcf,Fbxo7,1.0
4743,Ctcf,Fmr1,1.0
4744,Ctcf,Fxn,1.0
4745,Ctcf,Galnt6,1.0
4746,Ctcf,Galt,1.0
4747,Ctcf,Gas7,1.0
4748,Ctcf,Grb10,1.0
4749,Ctcf,Grin3a,1.0
4750,Ctcf,H2-Aa,1.0
4751,Ctcf,H2-T23,1.0
4752,Ctcf,H2az1,1.0
4753,Ctcf,Hcfc1r1,1.0
4754,Ctcf,Hdlbp,1.0
4755,Ctcf,Hebp2,1.0
4756,Ctcf,Hmcn1,1.0
4757,Ctcf,Hmox1,1.0
4758,Ctcf,Hs1bp3,1.0
4759,Ctcf,Hspa5,1.0
4760,Ctcf,Ifng,1.0
4761,Ctcf,Igf2,-1.0
4762,Ctcf,Il10,1.0
4763,Ctcf,Il13,-1.0
4764,Ctcf,Il17a,1.0
4765,Ctcf,Il19,1.0
4766,Ctcf,Il3,1.0
4767,Ctcf,Il4,1.0
4768,Ctcf,Il5,1.0
4769,Ctcf,Ipo13,1.0
4770,Ctcf,Irak2,1.0
4771,Ctcf,Jun,1.0
4772,Ctcf,Ksr1,1.0
4773,Ctcf,Lpin3,1.0
4774,Ctcf,Lrrc59,1.0
4775,Ctcf,Lta,1.0
4776,Ctcf,Ltb,1.0
4777,Ctcf,Mb,1.0
4778,Ctcf,Mcm10,1.0
4779,Ctcf,Mgat5b,1.0
4780,Ctcf,Mpz,1.0
4781,Ctcf,Mrpl17,1.0
4782,Ctcf,Muc2,-1.0
4783,Ctcf,Muc5ac,-1.0
4784,Ctcf,Myc,-1.0
4785,Ctcf,Myd88,1.0
4786,Ctcf,Nanog,1.0
4787,Ctcf,Nbn,1.0
4788,Ctcf,Ncbp3,1.0
4789,Ctcf,Nes,1.0
4790,Ctcf,Nf1,1.0
4791,Ctcf,Nfe2l2,1.0
4792,Ctcf,Pax6,-1.0
4793,Ctcf,Pbxip1,1.0
4794,Ctcf,Plcb1,1.0
4795,Ctcf,Plcb4,1.0
4796,Ctcf,Plxnb3,1.0
4797,Ctcf,Pmpcb,1.0
4798,Ctcf,Polr2f,1.0
4799,Ctcf,Pomt2,1.0
4800,Ctcf,Pou1f1,1.0
4801,Ctcf,Ppard,1.0
4802,Ctcf,Pprc1,1.0
4803,Ctcf,Prss35,1.0
4804,Ctcf,Ptpa,1.0
4805,Ctcf,Ptprg,1.0
4806,Ctcf,Rad21,1.0
4807,Ctcf,Rarres1,1.0
4808,Ctcf,Rassf1,1.0
4809,Ctcf,Rb1,1.0
4810,Ctcf,Rbl2,1.0
4811,Ctcf,Rpl39l,1.0
4812,Ctcf,Rpp30,1.0
4813,Ctcf,Runx1,-1.0
4814,Ctcf,Sin3a,1.0
4815,Ctcf,Six5,1.0
4816,Ctcf,Slc13a2,1.0
4817,Ctcf,Slc6a4,1.0
4818,Ctcf,Smc3,1.0
4819,Ctcf,Smim7,1.0
4820,Ctcf,Syt8,1.0
4821,Ctcf,Tert,-1.0
4822,Ctcf,Tmbim6,1.0
4823,Ctcf,Tnf,1.0
4824,Ctcf,Tnfrsf18,-1.0
4825,Ctcf,Trappc6a,1.0
4826,Ctcf,Trp53,1.0
4827,Ctcf,Tsfm,1.0
4828,Ctcf,Tysnd1,1.0
4829,Ctcf,Vegfa,1.0
4830,Ctcf,Wrap53,1.0
4831,Ctcf,Wt1,1.0
4832,Ctcf,Zfp804b,1.0
4833,Ctcfl,Bag1,1.0
4834,Ctcfl,Brca1,1.0
4835,Ctcfl,Fer,1.0
4836,Ctcfl,Gal3st1,1.0
4837,Ctcfl,Magea4,1.0
4838,Ctcfl,Myc,1.0
4839,Ctcfl,Notch3,1.0
4840,Ctcfl,Pgr,1.0
4841,Ctcfl,Prmt7,1.0
4842,Ctcfl,Rbl2,1.0
4843,Ctnnb1,Aatf,-1.0
4844,Ctnnb1,Adam2,-1.0
4845,Ctnnb1,Adgrg2,1.0
4846,Ctnnb1,Aff3,1.0
4847,Ctnnb1,Akap13,1.0
4848,Ctnnb1,Akt1,1.0
4849,Ctnnb1,Akt2,1.0
4850,Ctnnb1,Aldh3a2,1.0
4851,Ctnnb1,Amhr2,1.0
4852,Ctnnb1,Apcdd1,1.0
4853,Ctnnb1,Apod,1.0
4854,Ctnnb1,App,-1.0
4855,Ctnnb1,Ar,1.0
4856,Ctnnb1,Arhgap26,1.0
4857,Ctnnb1,Arl4a,1.0
4858,Ctnnb1,Ascl1,1.0
4859,Ctnnb1,Asns,1.0
4860,Ctnnb1,Atoh1,1.0
4861,Ctnnb1,Axin2,1.0
4862,Ctnnb1,Bace1,-1.0
4863,Ctnnb1,Bag2,-1.0
4864,Ctnnb1,Bag3,-1.0
4865,Ctnnb1,Bambi,1.0
4866,Ctnnb1,Bcl2,1.0
4867,Ctnnb1,Bcl2l1,1.0
4868,Ctnnb1,Bcl2l2,1.0
4869,Ctnnb1,Bik,1.0
4870,Ctnnb1,Birc5,1.0
4871,Ctnnb1,Birc7,1.0
4872,Ctnnb1,Bmp2,1.0
4873,Ctnnb1,Bmp4,-1.0
4874,Ctnnb1,Bok,-1.0
4875,Ctnnb1,Btrc,1.0
4876,Ctnnb1,Capn2,1.0
4877,Ctnnb1,Casp3,-1.0
4878,Ctnnb1,Casp4,-1.0
4879,Ctnnb1,Casp7,-1.0
4880,Ctnnb1,Ccn2,1.0
4881,Ctnnb1,Ccn4,1.0
4882,Ctnnb1,Ccn5,1.0
4883,Ctnnb1,Ccnd1,1.0
4884,Ctnnb1,Ccnd3,1.0
4885,Ctnnb1,Cd14,1.0
4886,Ctnnb1,Cd4,1.0
4887,Ctnnb1,Cd44,1.0
4888,Ctnnb1,Cdc6,1.0
4889,Ctnnb1,Cdh3,1.0
4890,Ctnnb1,Cdkn1a,-1.0
4891,Ctnnb1,Cdkn1b,-1.0
4892,Ctnnb1,Cdkn1c,-1.0
4893,Ctnnb1,Cdx1,1.0
4894,Ctnnb1,Cdx2,1.0
4895,Ctnnb1,Cdx4,1.0
4896,Ctnnb1,Cebpa,-1.0
4897,Ctnnb1,Cer1,1.0
4898,Ctnnb1,Chga,1.0
4899,Ctnnb1,Cldn1,1.0
4900,Ctnnb1,Cldn2,1.0
4901,Ctnnb1,Cnn2,1.0
4902,Ctnnb1,Cops5,1.0
4903,Ctnnb1,Crat,1.0
4904,Ctnnb1,Crybg1,1.0
4905,Ctnnb1,Ctnna2,1.0
4906,Ctnnb1,Ctnnd2,1.0
4907,Ctnnb1,Cxcl12,-1.0
4908,Ctnnb1,Cxcl5,1.0
4909,Ctnnb1,Cyp24a1,1.0
4910,Ctnnb1,Cyp26a1,1.0
4911,Ctnnb1,Dap3,-1.0
4912,Ctnnb1,Dapk2,-1.0
4913,Ctnnb1,Dbh,1.0
4914,Ctnnb1,Dct,1.0
4915,Ctnnb1,Ddx17,1.0
4916,Ctnnb1,Dio2,1.0
4917,Ctnnb1,Dkk1,1.0
4918,Ctnnb1,Dkk4,1.0
4919,Ctnnb1,Dll1,1.0
4920,Ctnnb1,Dmp1,1.0
4921,Ctnnb1,Dnmt1,1.0
4922,Ctnnb1,Dpep1,1.0
4923,Ctnnb1,Dsp,-1.0
4924,Ctnnb1,Dusp6,1.0
4925,Ctnnb1,Dync1i1,1.0
4926,Ctnnb1,E2f1,1.0
4927,Ctnnb1,Ecm1,1.0
4928,Ctnnb1,Edn1,1.0
4929,Ctnnb1,Edn3,1.0
4930,Ctnnb1,Emp1,1.0
4931,Ctnnb1,Emx2,1.0
4932,Ctnnb1,En2,1.0
4933,Ctnnb1,Enah,1.0
4934,Ctnnb1,Enam,1.0
4935,Ctnnb1,Enc1,1.0
4936,Ctnnb1,Enpp2,1.0
4937,Ctnnb1,Entrep1,1.0
4938,Ctnnb1,Epb41l4a,1.0
4939,Ctnnb1,Epcam,1.0
4940,Ctnnb1,Ephb2,1.0
4941,Ctnnb1,Ephb3,1.0
4942,Ctnnb1,Etv5,1.0
4943,Ctnnb1,F13a1,1.0
4944,Ctnnb1,Fadd,-1.0
4945,Ctnnb1,Fbln2,-1.0
4946,Ctnnb1,Fgf18,1.0
4947,Ctnnb1,Fgf20,1.0
4948,Ctnnb1,Fgf9,1.0
4949,Ctnnb1,Fn1,1.0
4950,Ctnnb1,Fosl1,1.0
4951,Ctnnb1,Foxa2,1.0
4952,Ctnnb1,Foxn1,1.0
4953,Ctnnb1,Frk,1.0
4954,Ctnnb1,Fscn1,1.0
4955,Ctnnb1,Fst,1.0
4956,Ctnnb1,Fut1,1.0
4957,Ctnnb1,Fut8,1.0
4958,Ctnnb1,Fzd1,-1.0
4959,Ctnnb1,Fzd2,-1.0
4960,Ctnnb1,Fzd3,1.0
4961,Ctnnb1,Fzd7,1.0
4962,Ctnnb1,Gad1,1.0
4963,Ctnnb1,Gast,1.0
4964,Ctnnb1,Gja4,-1.0
4965,Ctnnb1,Gja5,-1.0
4966,Ctnnb1,Glce,1.0
4967,Ctnnb1,Gli2,1.0
4968,Ctnnb1,Gli3,1.0
4969,Ctnnb1,Glul,1.0
4970,Ctnnb1,Gpx2,1.0
4971,Ctnnb1,Grem2,1.0
4972,Ctnnb1,Herpud1,1.0
4973,Ctnnb1,Hes1,1.0
4974,Ctnnb1,Hes7,1.0
4975,Ctnnb1,Hif1a,-1.0
4976,Ctnnb1,Hilpda,1.0
4977,Ctnnb1,Hoxb4,1.0
4978,Ctnnb1,Hsd17b2,1.0
4979,Ctnnb1,Htra1,1.0
4980,Ctnnb1,Hycc1,-1.0
4981,Ctnnb1,Id2,1.0
4982,Ctnnb1,Id3,1.0
4983,Ctnnb1,Ido1,1.0
4984,Ctnnb1,Igf1,1.0
4985,Ctnnb1,Igf2,1.0
4986,Ctnnb1,Igfbp6,-1.0
4987,Ctnnb1,Ihh,1.0
4988,Ctnnb1,Ikbkg,1.0
4989,Ctnnb1,Il1r1,1.0
4990,Ctnnb1,Il6,1.0
4991,Ctnnb1,Inha,1.0
4992,Ctnnb1,Inhbb,1.0
4993,Ctnnb1,Irs1,1.0
4994,Ctnnb1,Isl1,-1.0
4995,Ctnnb1,Isyna1,-1.0
4996,Ctnnb1,Itga1,1.0
4997,Ctnnb1,Itgb1,-1.0
4998,Ctnnb1,Jun,1.0
4999,Ctnnb1,Kcnip4,1.0
5000,Ctnnb1,Klf4,-1.0
5001,Ctnnb1,Klf5,1.0
5002,Ctnnb1,Krt1,1.0
5003,Ctnnb1,Krt5,1.0
5004,Ctnnb1,L1cam,1.0
5005,Ctnnb1,Lamc2,1.0
5006,Ctnnb1,Lbx1,1.0
5007,Ctnnb1,Lect2,1.0
5008,Ctnnb1,Lef1,1.0
5009,Ctnnb1,Lep,1.0
5010,Ctnnb1,Lgals3,1.0
5011,Ctnnb1,Lima1,-1.0
5012,Ctnnb1,Lmo2,1.0
5013,Ctnnb1,Lrp1,-1.0
5014,Ctnnb1,Ly6g6d,1.0
5015,Ctnnb1,Map3k6,1.0
5016,Ctnnb1,Mark4,1.0
5017,Ctnnb1,Meox2,1.0
5018,Ctnnb1,Mesp1,1.0
5019,Ctnnb1,Met,1.0
5020,Ctnnb1,Mllt10,1.0
5021,Ctnnb1,Mme,1.0
5022,Ctnnb1,Mmp13,1.0
5023,Ctnnb1,Mmp14,1.0
5024,Ctnnb1,Mmp2,1.0
5025,Ctnnb1,Mmp7,1.0
5026,Ctnnb1,Mmp9,1.0
5027,Ctnnb1,Msln,1.0
5028,Ctnnb1,Msx1,1.0
5029,Ctnnb1,Msx2,1.0
5030,Ctnnb1,Mtap,1.0
5031,Ctnnb1,Muc6,1.0
5032,Ctnnb1,Mxd1,-1.0
5033,Ctnnb1,Mybl2,-1.0
5034,Ctnnb1,Myc,1.0
5035,Ctnnb1,Mycbp,1.0
5036,Ctnnb1,Myf5,1.0
5037,Ctnnb1,Myh2,1.0
5038,Ctnnb1,Myod1,1.0
5039,Ctnnb1,Nanog,1.0
5040,Ctnnb1,Ncoa2,1.0
5041,Ctnnb1,Nedd4l,1.0
5042,Ctnnb1,Neurog1,1.0
5043,Ctnnb1,Neurog2,1.0
5044,Ctnnb1,Nfkbia,-1.0
5045,Ctnnb1,Nkd1,1.0
5046,Ctnnb1,Nkx2-2,-1.0
5047,Ctnnb1,Nos2,1.0
5048,Ctnnb1,Notch1,1.0
5049,Ctnnb1,Notum,1.0
5050,Ctnnb1,Npm1,1.0
5051,Ctnnb1,Nppc,1.0
5052,Ctnnb1,Nr1i2,1.0
5053,Ctnnb1,Nr4a1,1.0
5054,Ctnnb1,Nrcam,1.0
5055,Ctnnb1,Nt5e,1.0
5056,Ctnnb1,Ntsr1,1.0
5057,Ctnnb1,Otx2,1.0
5058,Ctnnb1,Pax8,1.0
5059,Ctnnb1,Pcca,1.0
5060,Ctnnb1,Pcsk6,1.0
5061,Ctnnb1,Pdcd5,-1.0
5062,Ctnnb1,Pdcd6ip,-1.0
5063,Ctnnb1,Phex,1.0
5064,Ctnnb1,Pitx2,1.0
5065,Ctnnb1,Pkd1,1.0
5066,Ctnnb1,Pla2g2a,1.0
5067,Ctnnb1,Plaur,1.0
5068,Ctnnb1,Pld1,1.0
5069,Ctnnb1,Plk2,1.0
5070,Ctnnb1,Pls3,1.0
5071,Ctnnb1,Pml,1.0
5072,Ctnnb1,Pou5f1,1.0
5073,Ctnnb1,Ppard,1.0
5074,Ctnnb1,Pparg,1.0
5075,Ctnnb1,Ppid,1.0
5076,Ctnnb1,Psmd4,1.0
5077,Ctnnb1,Ptch1,1.0
5078,Ctnnb1,Pten,-1.0
5079,Ctnnb1,Ptgs2,1.0
5080,Ctnnb1,Pttg1,1.0
5081,Ctnnb1,Ptx3,1.0
5082,Ctnnb1,Qpct,1.0
5083,Ctnnb1,Rarg,1.0
5084,Ctnnb1,Rasgrf1,1.0
5085,Ctnnb1,Rb1,-1.0
5086,Ctnnb1,Rbp1,1.0
5087,Ctnnb1,Rcn1,1.0
5088,Ctnnb1,Rest,1.0
5089,Ctnnb1,Ret,1.0
5090,Ctnnb1,Rock1,-1.0
5091,Ctnnb1,Rspo2,1.0
5092,Ctnnb1,Runx2,1.0
5093,Ctnnb1,S100a4,1.0
5094,Ctnnb1,S100a6,1.0
5095,Ctnnb1,Scgb2a2,1.0
5096,Ctnnb1,Scn5a,-1.0
5097,Ctnnb1,Sdc2,-1.0
5098,Ctnnb1,Sema3c,1.0
5099,Ctnnb1,Serpina5,1.0
5100,Ctnnb1,Serpind1,1.0
5101,Ctnnb1,Sfn,1.0
5102,Ctnnb1,Sfrp4,1.0
5103,Ctnnb1,Sgk1,1.0
5104,Ctnnb1,Sim2,1.0
5105,Ctnnb1,Slc1a5,1.0
5106,Ctnnb1,Slc26a2,1.0
5107,Ctnnb1,Slc2a3,1.0
5108,Ctnnb1,Slc6a2,1.0
5109,Ctnnb1,Slc7a8,1.0
5110,Ctnnb1,Smc3,1.0
5111,Ctnnb1,Snai2,1.0
5112,Ctnnb1,Sox10,1.0
5113,Ctnnb1,Sp5,1.0
5114,Ctnnb1,Spag11b,1.0
5115,Ctnnb1,Spn,1.0
5116,Ctnnb1,Spp1,1.0
5117,Ctnnb1,Sqstm1,-1.0
5118,Ctnnb1,Srsf3,1.0
5119,Ctnnb1,Stard7,1.0
5120,Ctnnb1,Stat3,1.0
5121,Ctnnb1,Stmn2,1.0
5122,Ctnnb1,T,1.0
5123,Ctnnb1,Tagln,1.0
5124,Ctnnb1,Tbx3,1.0
5125,Ctnnb1,Tcf4,1.0
5126,Ctnnb1,Tcf7,1.0
5127,Ctnnb1,Tgfb2,1.0
5128,Ctnnb1,Tgif1,1.0
5129,Ctnnb1,Tjp1,-1.0
5130,Ctnnb1,Tle1,1.0
5131,Ctnnb1,Tmod1,-1.0
5132,Ctnnb1,Tnfrsf11b,1.0
5133,Ctnnb1,Tob2,1.0
5134,Ctnnb1,Tpo,-1.0
5135,Ctnnb1,Trp53bp1,-1.0
5136,Ctnnb1,Trp53i11,-1.0
5137,Ctnnb1,Trp63,1.0
5138,Ctnnb1,Tsc22d1,1.0
5139,Ctnnb1,Tspan8,1.0
5140,Ctnnb1,Ttc9,1.0
5141,Ctnnb1,Ttll5,1.0
5142,Ctnnb1,Twist1,1.0
5143,Ctnnb1,Ube2b,1.0
5144,Ctnnb1,Ugcg,1.0
5145,Ctnnb1,Vcan,1.0
5146,Ctnnb1,Vegfa,1.0
5147,Ctnnb1,Vegfc,1.0
5148,Ctnnb1,Vim,1.0
5149,Ctnnb1,Wif1,1.0
5150,Ctnnb1,Wnt11,1.0
5151,Ctnnb1,Zeb1,1.0
5152,Ctnnb1,Zyx,1.0
5153,Cux1,Abl1,1.0
5154,Cux1,Akt1,1.0
5155,Cux1,Arhgap32,-1.0
5156,Cux1,Arhgdib,1.0
5157,Cux1,Bcl2,1.0
5158,Cux1,Car9,1.0
5159,Cux1,Cav1,1.0
5160,Cux1,Ccn5,1.0
5161,Cux1,Ccna2,1.0
5162,Cux1,Ccnd2,1.0
5163,Cux1,Ccne2,1.0
5164,Cux1,Cd38,1.0
5165,Cux1,Cd40,1.0
5166,Cux1,Cd44,1.0
5167,Cux1,Cd8a,1.0
5168,Cux1,Cdh1,-1.0
5169,Cux1,Cdh13,1.0
5170,Cux1,Cdh2,1.0
5171,Cux1,Cdk2,1.0
5172,Cux1,Cdkn1a,-1.0
5173,Cux1,Cdkn1b,-1.0
5174,Cux1,Cebpe,1.0
5175,Cux1,Cftr,1.0
5176,Cux1,Chd4,1.0
5177,Cux1,Cr2,1.0
5178,Cux1,Crh,1.0
5179,Cux1,Cxcl14,1.0
5180,Cux1,Cybb,1.0
5181,Cux1,Cyp7a1,1.0
5182,Cux1,Daxx,1.0
5183,Cux1,Dbh,1.0
5184,Cux1,Dctn6,-1.0
5185,Cux1,Dhfr,1.0
5186,Cux1,Ect2,-1.0
5187,Cux1,Fbxo10,1.0
5188,Cux1,Flna,1.0
5189,Cux1,Fto,1.0
5190,Cux1,Gstk1,1.0
5191,Cux1,Hbb-bh1,1.0
5192,Cux1,Hif1an,1.0
5193,Cux1,Hps5,1.0
5194,Cux1,Hspb1,1.0
5195,Cux1,Icam1,1.0
5196,Cux1,Ifng,1.0
5197,Cux1,Ighe,1.0
5198,Cux1,Ikbkg,1.0
5199,Cux1,Il4,1.0
5200,Cux1,Il6,1.0
5201,Cux1,Irf2bpl,-1.0
5202,Cux1,Jun,1.0
5203,Cux1,Kif23,-1.0
5204,Cux1,Kmt2e,1.0
5205,Cux1,Lats1,1.0
5206,Cux1,Lima1,-1.0
5207,Cux1,Lingo1,1.0
5208,Cux1,Marcks,1.0
5209,Cux1,Myc,1.0
5210,Cux1,Ncam1,-1.0
5211,Cux1,Neu1,1.0
5212,Cux1,Ngf,1.0
5213,Cux1,Ngfr,1.0
5214,Cux1,Nos2,1.0
5215,Cux1,Ntrk1,1.0
5216,Cux1,Ocln,-1.0
5217,Cux1,Pcdh10,-1.0
5218,Cux1,Pik3c3,1.0
5219,Cux1,Pik3ip1,-1.0
5220,Cux1,Pik3r1,1.0
5221,Cux1,Pnn,-1.0
5222,Cux1,Pola1,1.0
5223,Cux1,Ppia,1.0
5224,Cux1,Psip1,1.0
5225,Cux1,Ptk2,1.0
5226,Cux1,Ptpn13,1.0
5227,Cux1,Pttg1,-1.0
5228,Cux1,Rab36,1.0
5229,Cux1,Rac3,1.0
5230,Cux1,Racgap1,-1.0
5231,Cux1,Rasip1,1.0
5232,Cux1,Rhobtb3,1.0
5233,Cux1,Runx2,1.0
5234,Cux1,Scarb1,1.0
5235,Cux1,Sele,1.0
5236,Cux1,Sis,-1.0
5237,Cux1,Smarca2,1.0
5238,Cux1,Smarca4,1.0
5239,Cux1,Snai1,1.0
5240,Cux1,Snai2,1.0
5241,Cux1,Son,1.0
5242,Cux1,Stat5a,1.0
5243,Cux1,Stat6,1.0
5244,Cux1,Tgfbr2,1.0
5245,Cux1,Thbs1,1.0
5246,Cux1,Tnfrsf1b,1.0
5247,Cux1,Top2b,1.0
5248,Cux1,Traf6,1.0
5249,Cux1,Vegfc,1.0
5250,Cux1,Vim,1.0
5251,Cux1,Wnt2,1.0
5252,Cux1,Wnt5a,1.0
5253,Cux2,Dll1,-1.0
5254,Cux2,Ncam1,1.0
5255,Cxxc1,Acta2,1.0
5256,Cxxc1,Adora2a,1.0
5257,Cxxc1,Bag6,1.0
5258,Cxxc1,Bak1,1.0
5259,Cxxc1,Bdnf,1.0
5260,Cxxc1,Ccna1,1.0
5261,Cxxc1,Ghrhr,1.0
5262,Cxxc1,Hoxa7,1.0
5263,Cxxc1,Igfbp3,1.0
5264,Cxxc1,Klf2,1.0
5265,Cxxc1,Mt1,1.0
5266,Cxxc1,Nos2,1.0
5267,Cxxc1,Oprm1,1.0
5268,Cxxc1,Pomc,1.0
5269,Cxxc1,Ppp1cc,1.0
5270,Cxxc1,Rb1,1.0
5271,Cxxc1,Reln,1.0
5272,Cxxc1,Slc12a5,1.0
5273,Cxxc1,Spn,1.0
5274,Cxxc1,Vim,1.0
5275,Cxxc1,Ywhag,1.0
5276,Dach1,Fos,-1.0
5277,Dach1,Klf4,-1.0
5278,Dach1,Lin28a,1.0
5279,Dach1,Lin28b,1.0
5280,Dach1,Nanog,-1.0
5281,Dach1,Pelp1,1.0
5282,Dach1,Sox2,-1.0
5283,Dach1,Tnfsf11,-1.0
5284,Dach2,Helt,1.0
5285,Dach2,Myog,-1.0
5286,Daxx,Aire,-1.0
5287,Daxx,Ar,-1.0
5288,Daxx,Birc3,-1.0
5289,Daxx,Ets1,-1.0
5290,Daxx,Nr3c1,-1.0
5291,Dbp,Ackr1,1.0
5292,Dbp,Adh1,1.0
5293,Dbp,Afp,1.0
5294,Dbp,Agt,1.0
5295,Dbp,Alb,1.0
5296,Dbp,Aldob,1.0
5297,Dbp,Angpt1,1.0
5298,Dbp,Arnt,1.0
5299,Dbp,Bmal1,1.0
5300,Dbp,C7,1.0
5301,Dbp,Cdkn2a,1.0
5302,Dbp,Cish,1.0
5303,Dbp,Crebbp,1.0
5304,Dbp,Cyp2e1,1.0
5305,Dbp,Cyp7a1,1.0
5306,Dbp,Ep300,1.0
5307,Dbp,Esr1,1.0
5308,Dbp,Fgf2,1.0
5309,Dbp,Hp,1.0
5310,Dbp,Igfbp1,1.0
5311,Dbp,Jtb,1.0
5312,Dbp,Papss2,1.0
5313,Dbp,Pck1,1.0
5314,Dbp,Per1,1.0
5315,Dbp,Per2,1.0
5316,Dbp,Plat,1.0
5317,Dbp,Polh,1.0
5318,Dbp,Pvr,1.0
5319,Dbp,Rpsa,1.0
5320,Dbp,St6gal1,1.0
5321,Dbp,Tcf3,1.0
5322,Ddit3,Adh1,1.0
5323,Ddit3,Adipoq,-1.0
5324,Ddit3,Ankrd1,-1.0
5325,Ddit3,Asns,-1.0
5326,Ddit3,Atf2,-1.0
5327,Ddit3,Atf4,1.0
5328,Ddit3,Atf5,-1.0
5329,Ddit3,Atg5,1.0
5330,Ddit3,Bak1,1.0
5331,Ddit3,Bbc3,1.0
5332,Ddit3,Bcl2,-1.0
5333,Ddit3,Bcl2l11,1.0
5334,Ddit3,Bdkrb2,1.0
5335,Ddit3,Calca,1.0
5336,Ddit3,Car6,1.0
5337,Ddit3,Casp3,1.0
5338,Ddit3,Casp4,1.0
5339,Ddit3,Casp9,1.0
5340,Ddit3,Ccl5,-1.0
5341,Ddit3,Cdk2,1.0
5342,Ddit3,Cdk9,1.0
5343,Ddit3,Cdkn1a,1.0
5344,Ddit3,Cebpa,-1.0
5345,Ddit3,Cebpb,-1.0
5346,Ddit3,Cebpd,1.0
5347,Ddit3,Crp,1.0
5348,Ddit3,Csn2,1.0
5349,Ddit3,Cxcl10,1.0
5350,Ddit3,Ddit3,-1.0
5351,Ddit3,Dnm1l,1.0
5352,Ddit3,Eif2ak2,1.0
5353,Ddit3,Eif4e,1.0
5354,Ddit3,Epo,1.0
5355,Ddit3,Ero1a,1.0
5356,Ddit3,Fas,1.0
5357,Ddit3,Flt1,1.0
5358,Ddit3,Fn1,1.0
5359,Ddit3,Fus,1.0
5360,Ddit3,Gadd45a,1.0
5361,Ddit3,Gh,1.0
5362,Ddit3,Git1,1.0
5363,Ddit3,Hsp90ab1,1.0
5364,Ddit3,Hsp90b1,1.0
5365,Ddit3,Hspa4,1.0
5366,Ddit3,Hspa5,1.0
5367,Ddit3,Id1,1.0
5368,Ddit3,Id2,1.0
5369,Ddit3,Il15,1.0
5370,Ddit3,Il1b,1.0
5371,Ddit3,Il23a,1.0
5372,Ddit3,Il6,-1.0
5373,Ddit3,Irf7,1.0
5374,Ddit3,Jund,1.0
5375,Ddit3,Kat2b,1.0
5376,Ddit3,Lcn2,1.0
5377,Ddit3,Litaf,1.0
5378,Ddit3,Map1lc3b,1.0
5379,Ddit3,Mapk14,1.0
5380,Ddit3,Mapk8,1.0
5381,Ddit3,Mcl1,1.0
5382,Ddit3,Mdm2,1.0
5383,Ddit3,Mmp2,1.0
5384,Ddit3,Myod1,1.0
5385,Ddit3,Nfya,1.0
5386,Ddit3,Nos3,-1.0
5387,Ddit3,Ofd1,1.0
5388,Ddit3,Pcyt2,1.0
5389,Ddit3,Pdia3,1.0
5390,Ddit3,Pkd1,1.0
5391,Ddit3,Pparg,-1.0
5392,Ddit3,Ppargc1a,-1.0
5393,Ddit3,Ppm1d,1.0
5394,Ddit3,Ppp1r15a,1.0
5395,Ddit3,Ptgs2,1.0
5396,Ddit3,Ptx3,1.0
5397,Ddit3,Rb1,1.0
5398,Ddit3,Retn,-1.0
5399,Ddit3,Rho,1.0
5400,Ddit3,Rtn3,1.0
5401,Ddit3,Sirt1,-1.0
5402,Ddit3,Sirt2,-1.0
5403,Ddit3,Slc29a1,1.0
5404,Ddit3,Slc38a2,1.0
5405,Ddit3,Tnfrsf10b,1.0
5406,Ddit3,Trf,1.0
5407,Ddit3,Trib3,1.0
5408,Ddit3,Trpv6,1.0
5409,Ddit3,Vegfa,1.0
5410,Ddx5,Cdkn1a,1.0
5411,Ddx5,Igf2,1.0
5412,Deaf1,Casp3,1.0
5413,Deaf1,Eif4g3,1.0
5414,Deaf1,En1,1.0
5415,Deaf1,F11,1.0
5416,Deaf1,F2,1.0
5417,Deaf1,Gdf5,1.0
5418,Deaf1,Hnrnpa2b1,-1.0
5419,Deaf1,Htr1a,-1.0
5420,Deaf1,Pdyn,1.0
5421,Deaf1,Penk,1.0
5422,Deaf1,Pou6f1,1.0
5423,Deaf1,Rac3,1.0
5424,Deaf1,Srpx,1.0
5425,Dlx1,Dlx5,-1.0
5426,Dlx1,Dlx6,-1.0
5427,Dlx1,Erbb4,1.0
5428,Dlx1,Gad1,1.0
5429,Dlx1,Gad2,1.0
5430,Dlx1,Nrp2,-1.0
5431,Dlx1,Ntrk2,1.0
5432,Dlx1,Prok2,1.0
5433,Dlx1,Robo2,1.0
5434,Dlx1,Slit1,1.0
5435,Dlx2,Adra1d,1.0
5436,Dlx2,Amelx,1.0
5437,Dlx2,Arx,1.0
5438,Dlx2,Cdkn1a,-1.0
5439,Dlx2,Cdkn2a,1.0
5440,Dlx2,Col2a1,1.0
5441,Dlx2,Dlx4,1.0
5442,Dlx2,Dlx5,1.0
5443,Dlx2,Dlx6,1.0
5444,Dlx2,Fgfr1,1.0
5445,Dlx2,Foxj1,1.0
5446,Dlx2,Gad1,1.0
5447,Dlx2,Gad2,1.0
5448,Dlx2,Gnrh1,1.0
5449,Dlx2,Krt27,1.0
5450,Dlx2,Me3,1.0
5451,Dlx2,Msx2,1.0
5452,Dlx2,Myc,1.0
5453,Dlx2,Nrp2,-1.0
5454,Dlx2,Ntrk2,1.0
5455,Dlx2,Tgfb1,-1.0
5456,Dlx2,Tgfbr2,1.0
5457,Dlx3,Acvr1,1.0
5458,Dlx3,Akt1,1.0
5459,Dlx3,Bmp2,1.0
5460,Dlx3,Bmp4,1.0
5461,Dlx3,Cga,1.0
5462,Dlx3,Des,1.0
5463,Dlx3,Dlx4,1.0
5464,Dlx3,Dspp,1.0
5465,Dlx3,Esx1,1.0
5466,Dlx3,Klk4,1.0
5467,Dlx3,Mapt,1.0
5468,Dlx3,Mmp9,1.0
5469,Dlx3,Nppa,1.0
5470,Dlx3,Pax2,1.0
5471,Dlx3,Pax8,1.0
5472,Dlx3,Pgf,1.0
5473,Dlx3,Runx2,1.0
5474,Dlx3,Sumo1,1.0
5475,Dlx4,Ache,1.0
5476,Dlx4,Alb,1.0
5477,Dlx4,Axin2,1.0
5478,Dlx4,Bcl2,1.0
5479,Dlx4,Bmp4,1.0
5480,Dlx4,Brca1,-1.0
5481,Dlx4,Cdh1,1.0
5482,Dlx4,Cldn7,1.0
5483,Dlx4,Ctbp1,1.0
5484,Dlx4,Eif4e,1.0
5485,Dlx4,Fgf2,1.0
5486,Dlx4,Fn1,1.0
5487,Dlx4,Gata1,1.0
5488,Dlx4,Icam1,1.0
5489,Dlx4,Ifnb1,1.0
5490,Dlx4,Ifng,1.0
5491,Dlx4,Igfbp1,1.0
5492,Dlx4,Ikbke,1.0
5493,Dlx4,Il7,1.0
5494,Dlx4,Krt5,1.0
5495,Dlx4,Myc,1.0
5496,Dlx4,Nlgn1,1.0
5497,Dlx4,Nos1,1.0
5498,Dlx4,Ntrk2,1.0
5499,Dlx4,Oga,1.0
5500,Dlx4,Pdgfa,1.0
5501,Dlx4,Rps6kb1,1.0
5502,Dlx4,Rxfp2,1.0
5503,Dlx4,Secisbp2,1.0
5504,Dlx4,Tbk1,1.0
5505,Dlx4,Tfap2a,1.0
5506,Dlx4,Tnf,1.0
5507,Dlx4,Tnfrsf11a,1.0
5508,Dlx4,Twist1,1.0
5509,Dlx4,Ube2d3,1.0
5510,Dlx4,Vdr,1.0
5511,Dlx4,Vegfa,1.0
5512,Dlx4,Wnt1,1.0
5513,Dlx5,Acvr1,1.0
5514,Dlx5,Akt1,1.0
5515,Dlx5,Alpl,1.0
5516,Dlx5,Bmp2,1.0
5517,Dlx5,Bmp4,1.0
5518,Dlx5,Bmper,1.0
5519,Dlx5,Camk2a,1.0
5520,Dlx5,Col10a1,1.0
5521,Dlx5,Col1a1,1.0
5522,Dlx5,Dkk1,1.0
5523,Dlx5,Dlx6,1.0
5524,Dlx5,Dppa4,1.0
5525,Dlx5,Dspp,1.0
5526,Dlx5,Epha7,1.0
5527,Dlx5,Fgf2,1.0
5528,Dlx5,Gbx2,1.0
5529,Dlx5,Gsc,1.0
5530,Dlx5,Ibsp,1.0
5531,Dlx5,Igfbp3,1.0
5532,Dlx5,Irs2,1.0
5533,Dlx5,Mab21l1,1.0
5534,Dlx5,Myc,1.0
5535,Dlx5,Nppa,1.0
5536,Dlx5,Pou3f3,1.0
5537,Dlx5,Pparg,-1.0
5538,Dlx5,Runx2,1.0
5539,Dlx5,Sp7,1.0
5540,Dlx5,Spp1,1.0
5541,Dlx5,Star,1.0
5542,Dlx5,Thy1,1.0
5543,Dlx5,Tmem30b,1.0
5544,Dlx5,Wdr5,1.0
5545,Dlx5,Wnt10b,1.0
5546,Dlx5,Wnt5a,1.0
5547,Dlx6,Dlx5,1.0
5548,Dlx6,Rassf1,1.0
5549,Dmap1,Atm,1.0
5550,Dmap1,Bax,1.0
5551,Dmap1,Cdh1,1.0
5552,Dmap1,Cdkn1a,1.0
5553,Dmap1,Dnmt1,1.0
5554,Dmbx1,Cd34,1.0
5555,Dmbx1,Rho,1.0
5556,Dmbx1,Traf1,1.0
5557,Dmbx1,Xrn1,1.0
5558,Dmrt1,Cyp19a1,1.0
5559,Dmrt1,Nr5a1,1.0
5560,Dmrt1,Prg4,1.0
5561,Dmrt1,Slc11a2,1.0
5562,Dmrt1,Sohlh1,1.0
5563,Dmrt1,Stra8,-1.0
5564,Dmrt3,Prm2,1.0
5565,Dmrt3,Wnt8b,1.0
5566,Dmrta1,Cdkn2a,1.0
5567,Dmrta1,Ncam1,1.0
5568,Dmrta1,Neurog1,1.0
5569,Dmrta2,Neurog1,1.0
5570,Dnajc1,Vegfa,1.0
5571,Dnajc2,Prc1,1.0
5572,Dnmt1,Abca1,1.0
5573,Dnmt1,Adh1,1.0
5574,Dnmt1,Ago1,1.0
5575,Dnmt1,Ahsg,1.0
5576,Dnmt1,Alb,1.0
5577,Dnmt1,Alox15,1.0
5578,Dnmt1,Apc,1.0
5579,Dnmt1,Ar,1.0
5580,Dnmt1,Ascl1,1.0
5581,Dnmt1,Bag1,1.0
5582,Dnmt1,Bag3,1.0
5583,Dnmt1,Bag4,1.0
5584,Dnmt1,Bbc3,1.0
5585,Dnmt1,Bcl2,1.0
5586,Dnmt1,Bcl2l11,1.0
5587,Dnmt1,Birc5,-1.0
5588,Dnmt1,Bmp2,-1.0
5589,Dnmt1,Brca1,1.0
5590,Dnmt1,Brms1,1.0
5591,Dnmt1,Cadm1,1.0
5592,Dnmt1,Casp8,-1.0
5593,Dnmt1,Cbx1,1.0
5594,Dnmt1,Ccna2,1.0
5595,Dnmt1,Ccnb2,1.0
5596,Dnmt1,Cd2,1.0
5597,Dnmt1,Cd28,1.0
5598,Dnmt1,Cd3e,1.0
5599,Dnmt1,Cd4,1.0
5600,Dnmt1,Cd44,1.0
5601,Dnmt1,Cd70,1.0
5602,Dnmt1,Cd8a,-1.0
5603,Dnmt1,Cdc25c,1.0
5604,Dnmt1,Cdh1,-1.0
5605,Dnmt1,Cdh3,1.0
5606,Dnmt1,Cdk1,1.0
5607,Dnmt1,Cdkn1a,1.0
5608,Dnmt1,Cdkn2a,-1.0
5609,Dnmt1,Cdkn2b,-1.0
5610,Dnmt1,Cftr,1.0
5611,Dnmt1,Chfr,1.0
5612,Dnmt1,Cish,1.0
5613,Dnmt1,Cldn16,1.0
5614,Dnmt1,Crh,1.0
5615,Dnmt1,Crp,1.0
5616,Dnmt1,Csn1s1,1.0
5617,Dnmt1,Cxcl12,1.0
5618,Dnmt1,Cxcr4,-1.0
5619,Dnmt1,Cyp11a1,1.0
5620,Dnmt1,Cyp19a1,1.0
5621,Dnmt1,Cyp1a1,1.0
5622,Dnmt1,Dlc1,1.0
5623,Dnmt1,Dnmt3a,1.0
5624,Dnmt1,Dnmt3b,1.0
5625,Dnmt1,Dpep1,1.0
5626,Dnmt1,Ebp,1.0
5627,Dnmt1,Egfr,1.0
5628,Dnmt1,Ehmt2,1.0
5629,Dnmt1,Elmo3,1.0
5630,Dnmt1,Epcam,1.0
5631,Dnmt1,Ereg,1.0
5632,Dnmt1,Errfi1,1.0
5633,Dnmt1,Esr1,-1.0
5634,Dnmt1,F7,1.0
5635,Dnmt1,Fas,1.0
5636,Dnmt1,Fbln1,1.0
5637,Dnmt1,Fgfr1,1.0
5638,Dnmt1,Fhit,1.0
5639,Dnmt1,Fmo3,1.0
5640,Dnmt1,Fos,1.0
5641,Dnmt1,Foxp3,-1.0
5642,Dnmt1,Fshb,1.0
5643,Dnmt1,Fxn,1.0
5644,Dnmt1,G6pc1,1.0
5645,Dnmt1,Gad1,-1.0
5646,Dnmt1,Gh,1.0
5647,Dnmt1,Gtf2f1,1.0
5648,Dnmt1,Hal,1.0
5649,Dnmt1,Hdac1,1.0
5650,Dnmt1,Hgf,1.0
5651,Dnmt1,Hoxa7,1.0
5652,Dnmt1,Hr,1.0
5653,Dnmt1,Igf1,1.0
5654,Dnmt1,Il3,-1.0
5655,Dnmt1,Irf8,1.0
5656,Dnmt1,Itgal,1.0
5657,Dnmt1,Jak2,1.0
5658,Dnmt1,Jup,1.0
5659,Dnmt1,Kat2b,1.0
5660,Dnmt1,Kdr,1.0
5661,Dnmt1,Klf4,-1.0
5662,Dnmt1,Krt27,1.0
5663,Dnmt1,Krt9,1.0
5664,Dnmt1,L1cam,1.0
5665,Dnmt1,Ldlr,1.0
5666,Dnmt1,Lox,1.0
5667,Dnmt1,Mapk1,1.0
5668,Dnmt1,Mbd2,-1.0
5669,Dnmt1,Mbd3,1.0
5670,Dnmt1,Mbp,1.0
5671,Dnmt1,Mc2r,1.0
5672,Dnmt1,Mcat,1.0
5673,Dnmt1,Mdm2,1.0
5674,Dnmt1,Me3,1.0
5675,Dnmt1,Mgmt,1.0
5676,Dnmt1,Mlh1,1.0
5677,Dnmt1,Mmp2,1.0
5678,Dnmt1,Mmp7,1.0
5679,Dnmt1,Mrc1,1.0
5680,Dnmt1,Mrpl41,1.0
5681,Dnmt1,Msh2,1.0
5682,Dnmt1,Msrb1,1.0
5683,Dnmt1,Mt1,-1.0
5684,Dnmt1,Muc1,1.0
5685,Dnmt1,Muc5ac,1.0
5686,Dnmt1,Mylip,1.0
5687,Dnmt1,Nfkbia,1.0
5688,Dnmt1,Nr0b2,1.0
5689,Dnmt1,Ogg1,1.0
5690,Dnmt1,Pax2,1.0
5691,Dnmt1,Pcna,1.0
5692,Dnmt1,Pdcd5,1.0
5693,Dnmt1,Pdgfb,1.0
5694,Dnmt1,Pdlim7,1.0
5695,Dnmt1,Phex,1.0
5696,Dnmt1,Pla2g2a,1.0
5697,Dnmt1,Plat,1.0
5698,Dnmt1,Plaur,1.0
5699,Dnmt1,Pml,1.0
5700,Dnmt1,Ppargc1a,1.0
5701,Dnmt1,Prc1,1.0
5702,Dnmt1,Prg4,1.0
5703,Dnmt1,Prm3,1.0
5704,Dnmt1,Prom1,1.0
5705,Dnmt1,Psen1,1.0
5706,Dnmt1,Pten,1.0
5707,Dnmt1,Ptgs2,1.0
5708,Dnmt1,Ptpn6,1.0
5709,Dnmt1,Rarb,1.0
5710,Dnmt1,Rassf1,1.0
5711,Dnmt1,Rb1,-1.0
5712,Dnmt1,Rbp1,1.0
5713,Dnmt1,Reck,1.0
5714,Dnmt1,Reln,-1.0
5715,Dnmt1,Retn,1.0
5716,Dnmt1,Rgs10,1.0
5717,Dnmt1,Rrp8,1.0
5718,Dnmt1,Runx1,1.0
5719,Dnmt1,Runx1t1,1.0
5720,Dnmt1,Runx3,1.0
5721,Dnmt1,Scnn1a,1.0
5722,Dnmt1,Sfn,1.0
5723,Dnmt1,Sfrp1,1.0
5724,Dnmt1,Sfrp5,1.0
5725,Dnmt1,Sftpa1,1.0
5726,Dnmt1,Slc10a2,1.0
5727,Dnmt1,Slc12a2,1.0
5728,Dnmt1,Slc2a4,1.0
5729,Dnmt1,Slc38a2,1.0
5730,Dnmt1,Socs1,1.0
5731,Dnmt1,Socs3,1.0
5732,Dnmt1,Sparc,1.0
5733,Dnmt1,Suv39h1,1.0
5734,Dnmt1,Tat,1.0
5735,Dnmt1,Tert,1.0
5736,Dnmt1,Timp3,-1.0
5737,Dnmt1,Tnf,1.0
5738,Dnmt1,Tnfrsf10b,-1.0
5739,Dnmt1,Trp53,1.0
5740,Dnmt1,Txnrd1,1.0
5741,Dnmt1,Vegfa,1.0
5742,Dnmt1,Wif1,1.0
5743,Dnmt3a,Ascl1,1.0
5744,Dnmt3a,Axin2,1.0
5745,Dnmt3a,Brca1,1.0
5746,Dnmt3a,Ccnd1,-1.0
5747,Dnmt3a,Cdh1,-1.0
5748,Dnmt3a,Cdh6,-1.0
5749,Dnmt3a,Cdkn1a,-1.0
5750,Dnmt3a,Cdkn2a,-1.0
5751,Dnmt3a,Cdkn2b,-1.0
5752,Dnmt3a,Cdkn2c,-1.0
5753,Dnmt3a,Cdkn2d,-1.0
5754,Dnmt3a,Dnmt3b,1.0
5755,Dnmt3a,Dnmt3l,1.0
5756,Dnmt3a,Dpp6,-1.0
5757,Dnmt3a,Ehmt2,1.0
5758,Dnmt3a,Epcam,1.0
5759,Dnmt3a,Esr1,1.0
5760,Dnmt3a,Fate1,1.0
5761,Dnmt3a,Fgf21,-1.0
5762,Dnmt3a,Foxp3,1.0
5763,Dnmt3a,Gfap,1.0
5764,Dnmt3a,Gh,1.0
5765,Dnmt3a,Hoxa9,-1.0
5766,Dnmt3a,Ifng,1.0
5767,Dnmt3a,Igfbp3,-1.0
5768,Dnmt3a,Inha,1.0
5769,Dnmt3a,Jup,1.0
5770,Dnmt3a,Kdm1a,1.0
5771,Dnmt3a,Keap1,1.0
5772,Dnmt3a,Klf4,-1.0
5773,Dnmt3a,Mbd3,1.0
5774,Dnmt3a,Mbd4,1.0
5775,Dnmt3a,Meis1,-1.0
5776,Dnmt3a,Mgmt,1.0
5777,Dnmt3a,Mlh1,-1.0
5778,Dnmt3a,Mt1,1.0
5779,Dnmt3a,Myog,1.0
5780,Dnmt3a,Pdlim7,1.0
5781,Dnmt3a,Pou5f1,-1.0
5782,Dnmt3a,Rarb,1.0
5783,Dnmt3a,Rassf1,1.0
5784,Dnmt3a,Rb1,1.0
5785,Dnmt3a,Rrp8,1.0
5786,Dnmt3a,Setdb1,1.0
5787,Dnmt3a,Sfn,1.0
5788,Dnmt3a,Sfrp1,1.0
5789,Dnmt3a,Sfrp5,1.0
5790,Dnmt3a,Sim1,-1.0
5791,Dnmt3a,Slc25a31,1.0
5792,Dnmt3a,Smarca4,1.0
5793,Dnmt3a,Stat4,1.0
5794,Dnmt3a,Tert,1.0
5795,Dnmt3a,Tgfb2,-1.0
5796,Dnmt3a,Timp2,-1.0
5797,Dnmt3a,Tnfrsf12a,1.0
5798,Dnmt3a,Twsg1,1.0
5799,Dnmt3a,Vegfa,1.0
5800,Dnmt3a,Wif1,1.0
5801,Dnmt3b,Akt1,1.0
5802,Dnmt3b,Apc,1.0
5803,Dnmt3b,Ascl1,1.0
5804,Dnmt3b,Bag1,1.0
5805,Dnmt3b,Bag3,1.0
5806,Dnmt3b,Bag4,1.0
5807,Dnmt3b,Brca1,1.0
5808,Dnmt3b,Ccnb2,1.0
5809,Dnmt3b,Cd4,1.0
5810,Dnmt3b,Cdh1,-1.0
5811,Dnmt3b,Cdh13,-1.0
5812,Dnmt3b,Cdkn2a,1.0
5813,Dnmt3b,Cdkn2b,1.0
5814,Dnmt3b,Cul4a,1.0
5815,Dnmt3b,Cxcl12,1.0
5816,Dnmt3b,Cxcr4,1.0
5817,Dnmt3b,Dlc1,1.0
5818,Dnmt3b,Dnmt1,1.0
5819,Dnmt3b,Dnmt3a,1.0
5820,Dnmt3b,Dnmt3l,1.0
5821,Dnmt3b,Dpp6,-1.0
5822,Dnmt3b,E2f6,-1.0
5823,Dnmt3b,Ehmt2,1.0
5824,Dnmt3b,Ereg,1.0
5825,Dnmt3b,Esr1,1.0
5826,Dnmt3b,Fgfr1,1.0
5827,Dnmt3b,Fgfr3,-1.0
5828,Dnmt3b,Foxp3,1.0
5829,Dnmt3b,Gfap,1.0
5830,Dnmt3b,Gh,1.0
5831,Dnmt3b,Gstm7,-1.0
5832,Dnmt3b,Hoxb13,-1.0
5833,Dnmt3b,Irf8,1.0
5834,Dnmt3b,Jup,1.0
5835,Dnmt3b,Kdm1a,1.0
5836,Dnmt3b,Keap1,1.0
5837,Dnmt3b,Kras,1.0
5838,Dnmt3b,Krt27,1.0
5839,Dnmt3b,Lad1,1.0
5840,Dnmt3b,Mbd3,1.0
5841,Dnmt3b,Mbd4,1.0
5842,Dnmt3b,Me3,1.0
5843,Dnmt3b,Mtss1,1.0
5844,Dnmt3b,Mylip,1.0
5845,Dnmt3b,Nedd8,1.0
5846,Dnmt3b,Ngf,1.0
5847,Dnmt3b,Nos2,1.0
5848,Dnmt3b,Pcdh10,1.0
5849,Dnmt3b,Pik3c3,1.0
5850,Dnmt3b,Prc1,1.0
5851,Dnmt3b,Ptgs2,1.0
5852,Dnmt3b,Rarb,1.0
5853,Dnmt3b,Rassf1,1.0
5854,Dnmt3b,Rbl2,1.0
5855,Dnmt3b,Reck,1.0
5856,Dnmt3b,Rrp8,1.0
5857,Dnmt3b,Scnn1a,1.0
5858,Dnmt3b,Sfrp4,1.0
5859,Dnmt3b,Sfrp5,1.0
5860,Dnmt3b,Slc11a1,1.0
5861,Dnmt3b,Slc25a31,1.0
5862,Dnmt3b,Suv39h1,1.0
5863,Dnmt3b,Tert,1.0
5864,Dnmt3b,Tnfrsf10b,1.0
5865,Dnmt3b,Tnfsf10,1.0
5866,Dnmt3b,Tyro3,1.0
5867,Dnmt3b,Wif1,1.0
5868,Dnmt3l,Dnmt3a,1.0
5869,Dnmt3l,Dnmt3b,1.0
5870,Dnmt3l,Tdg,-1.0
5871,Dot1l,Bcl2,1.0
5872,Dot1l,Hectd4,-1.0
5873,Dot1l,Hoxa9,1.0
5874,Dot1l,Irf1,1.0
5875,Dot1l,Mcl1,1.0
5876,Dot1l,Meis1,1.0
5877,Dot1l,Mycbp2,-1.0
5878,Dot1l,Stat1,1.0
5879,Dr1,Nr1i2,1.0
5880,Dr1,Nr2c2,1.0
5881,Dr1,Ptgs2,1.0
5882,Dr1,Tbp,-1.0
5883,Drap1,Tbp,1.0
5884,Drgx,Rgmb,1.0
5885,Dtx1,Erbb2,1.0
5886,Duxbl1,Defb14,1.0
5887,Duxbl1,Etv5,1.0
5888,Duxbl1,Hey1,1.0
5889,Duxbl1,Pitx1,1.0
5890,E2f1,Acan,-1.0
5891,E2f1,Alg5,1.0
5892,E2f1,Angpt2,1.0
5893,E2f1,Apaf1,1.0
5894,E2f1,Ar,-1.0
5895,E2f1,Asf1b,1.0
5896,E2f1,Atad2,1.0
5897,E2f1,Atg10,1.0
5898,E2f1,Atg12,1.0
5899,E2f1,Atg4b,1.0
5900,E2f1,Atg4d,1.0
5901,E2f1,Atg5,1.0
5902,E2f1,Atg7,1.0
5903,E2f1,Atg9a,1.0
5904,E2f1,Atm,1.0
5905,E2f1,Aurka,1.0
5906,E2f1,Aurkb,1.0
5907,E2f1,Axin2,1.0
5908,E2f1,B4galt1,1.0
5909,E2f1,Bax,1.0
5910,E2f1,Bbc3,1.0
5911,E2f1,Bcl2,1.0
5912,E2f1,Bcl2l11,1.0
5913,E2f1,Bid,1.0
5914,E2f1,Bin1,1.0
5915,E2f1,Birc5,1.0
5916,E2f1,Bmi1,1.0
5917,E2f1,Bmp4,1.0
5918,E2f1,Bnip3,1.0
5919,E2f1,Bora,1.0
5920,E2f1,Brca1,1.0
5921,E2f1,Calr,1.0
5922,E2f1,Casp2,-1.0
5923,E2f1,Casp3,1.0
5924,E2f1,Casp7,1.0
5925,E2f1,Casp8,1.0
5926,E2f1,Cav1,1.0
5927,E2f1,Cbx5,1.0
5928,E2f1,Ccl3,1.0
5929,E2f1,Ccna2,1.0
5930,E2f1,Ccnb1,1.0
5931,E2f1,Ccnd1,1.0
5932,E2f1,Ccnd3,1.0
5933,E2f1,Ccne1,1.0
5934,E2f1,Ccne2,1.0
5935,E2f1,Cd2ap,1.0
5936,E2f1,Cdan1,1.0
5937,E2f1,Cdc25a,1.0
5938,E2f1,Cdc45,1.0
5939,E2f1,Cdc6,1.0
5940,E2f1,Cdca4,1.0
5941,E2f1,Cdca7,1.0
5942,E2f1,Cdk1,1.0
5943,E2f1,Cdk2,1.0
5944,E2f1,Cdk4,1.0
5945,E2f1,Cdkn1a,1.0
5946,E2f1,Cdkn1b,1.0
5947,E2f1,Cdkn1c,1.0
5948,E2f1,Cdkn2a,1.0
5949,E2f1,Cdkn2c,1.0
5950,E2f1,Cdkn2d,1.0
5951,E2f1,Cdt1,1.0
5952,E2f1,Chek1,1.0
5953,E2f1,Chek2,1.0
5954,E2f1,Ckm,-1.0
5955,E2f1,Col10a1,-1.0
5956,E2f1,Crebbp,1.0
5957,E2f1,Cryaa,1.0
5958,E2f1,Ctnnb1,-1.0
5959,E2f1,Ctnnbip1,1.0
5960,E2f1,Ctnnd2,1.0
5961,E2f1,Ctsl,1.0
5962,E2f1,Cux1,1.0
5963,E2f1,Cyp27b1,1.0
5964,E2f1,Dapk2,1.0
5965,E2f1,Dbf4,1.0
5966,E2f1,Dcc,1.0
5967,E2f1,Ddb2,1.0
5968,E2f1,Ddit3,-1.0
5969,E2f1,Dgki,1.0
5970,E2f1,Dhfr,1.0
5971,E2f1,Diablo,1.0
5972,E2f1,Dlk1,1.0
5973,E2f1,Dnmt1,1.0
5974,E2f1,Dnmt3a,-1.0
5975,E2f1,Dok1,1.0
5976,E2f1,Dram1,1.0
5977,E2f1,Drosha,1.0
5978,E2f1,Dscc1,1.0
5979,E2f1,Dtl,1.0
5980,E2f1,Dusp1,1.0
5981,E2f1,Dusp4,1.0
5982,E2f1,Dut,1.0
5983,E2f1,Dyrk1a,1.0
5984,E2f1,E2f3,1.0
5985,E2f1,E2f6,1.0
5986,E2f1,Ect2,1.0
5987,E2f1,Egf,1.0
5988,E2f1,Egr1,1.0
5989,E2f1,Ei24,1.0
5990,E2f1,Eif2ak2,1.0
5991,E2f1,Elf4,1.0
5992,E2f1,Ercc1,1.0
5993,E2f1,Ercc5,1.0
5994,E2f1,Etv4,1.0
5995,E2f1,Eya2,1.0
5996,E2f1,Eya4,1.0
5997,E2f1,Ezh2,1.0
5998,E2f1,Fanca,1.0
5999,E2f1,Fancd2,1.0
6000,E2f1,Fbn2,1.0
6001,E2f1,Fbxl16,1.0
6002,E2f1,Fbxo43,1.0
6003,E2f1,Fbxo5,1.0
6004,E2f1,Fgfr1,1.0
6005,E2f1,Fgfr2,1.0
6006,E2f1,Fhit,-1.0
6007,E2f1,Flt1,1.0
6008,E2f1,Fmn2,-1.0
6009,E2f1,Foxd3,1.0
6010,E2f1,Foxm1,1.0
6011,E2f1,Foxo1,1.0
6012,E2f1,Foxo3,1.0
6013,E2f1,Fshr,1.0
6014,E2f1,Fzd1,1.0
6015,E2f1,Gab2,1.0
6016,E2f1,Gabarapl1,1.0
6017,E2f1,Gabarapl2,1.0
6018,E2f1,Gins3,1.0
6019,E2f1,Gmnn,1.0
6020,E2f1,Gpr19,1.0
6021,E2f1,Gramd4,1.0
6022,E2f1,Grap,1.0
6023,E2f1,Gtf2h4,1.0
6024,E2f1,H2bc21,1.0
6025,E2f1,Hells,1.0
6026,E2f1,Hic1,1.0
6027,E2f1,Hinfp,-1.0
6028,E2f1,Hmgn1,1.0
6029,E2f1,Hmgn2,1.0
6030,E2f1,Hoxb9,1.0
6031,E2f1,Hrk,1.0
6032,E2f1,Hspa5,-1.0
6033,E2f1,Id4,1.0
6034,E2f1,Igf1r,1.0
6035,E2f1,Igf2,1.0
6036,E2f1,Il1b,1.0
6037,E2f1,Il23a,1.0
6038,E2f1,Insr,1.0
6039,E2f1,Irf3,-1.0
6040,E2f1,Isyna1,1.0
6041,E2f1,Itga10,-1.0
6042,E2f1,Jun,1.0
6043,E2f1,Kcna3,1.0
6044,E2f1,Kcnh1,1.0
6045,E2f1,Kcnj11,1.0
6046,E2f1,Kdr,1.0
6047,E2f1,Kif23,1.0
6048,E2f1,Kif2c,1.0
6049,E2f1,Klf6,1.0
6050,E2f1,Krt10,-1.0
6051,E2f1,Lactb,1.0
6052,E2f1,Lhx2,1.0
6053,E2f1,Lig4,1.0
6054,E2f1,Lrba,1.0
6055,E2f1,Map1lc3a,1.0
6056,E2f1,Map1lc3b,1.0
6057,E2f1,Map3k5,1.0
6058,E2f1,Mapk1,1.0
6059,E2f1,Mapk8,1.0
6060,E2f1,Mat2a,1.0
6061,E2f1,Mcl1,-1.0
6062,E2f1,Mcm10,1.0
6063,E2f1,Mcm5,1.0
6064,E2f1,Mcm6,1.0
6065,E2f1,Mcm7,1.0
6066,E2f1,Mcm8,1.0
6067,E2f1,Mcph1,1.0
6068,E2f1,Mdm2,-1.0
6069,E2f1,Mefv,1.0
6070,E2f1,Meis1,1.0
6071,E2f1,Mmp14,1.0
6072,E2f1,Mmp15,1.0
6073,E2f1,Muc4,1.0
6074,E2f1,Mxd3,1.0
6075,E2f1,Myb,1.0
6076,E2f1,Mybl2,1.0
6077,E2f1,Myc,1.0
6078,E2f1,Myh10,1.0
6079,E2f1,Myod1,-1.0
6080,E2f1,Ncoa3,1.0
6081,E2f1,Nell2,1.0
6082,E2f1,Neurog3,1.0
6083,E2f1,Nfya,1.0
6084,E2f1,Nkx6-1,1.0
6085,E2f1,Nol9,1.0
6086,E2f1,Nox4,1.0
6087,E2f1,Npat,1.0
6088,E2f1,Nrip1,1.0
6089,E2f1,Nrp1,1.0
6090,E2f1,Nusap1,1.0
6091,E2f1,Oaz2,1.0
6092,E2f1,Oprm1,1.0
6093,E2f1,Pa2g4,1.0
6094,E2f1,Pcna,1.0
6095,E2f1,Pcsk6,1.0
6096,E2f1,Pcyt1a,1.0
6097,E2f1,Pdgfb,1.0
6098,E2f1,Pdgfra,1.0
6099,E2f1,Pdk4,1.0
6100,E2f1,Pdpn,1.0
6101,E2f1,Peg10,1.0
6102,E2f1,Pfkfb1,1.0
6103,E2f1,Plau,1.0
6104,E2f1,Plk1,1.0
6105,E2f1,Plk3,1.0
6106,E2f1,Plk4,1.0
6107,E2f1,Pmaip1,1.0
6108,E2f1,Pnrc2,-1.0
6109,E2f1,Pola1,1.0
6110,E2f1,Pola2,1.0
6111,E2f1,Pold1,1.0
6112,E2f1,Pole2,1.0
6113,E2f1,Pole3,1.0
6114,E2f1,Pparg,1.0
6115,E2f1,Ppp1r13b,1.0
6116,E2f1,Ppt2,1.0
6117,E2f1,Ptgs1,1.0
6118,E2f1,Ptgs2,1.0
6119,E2f1,Ptpro,1.0
6120,E2f1,Pttg1,1.0
6121,E2f1,Pura,1.0
6122,E2f1,Racgap1,1.0
6123,E2f1,Rad51,1.0
6124,E2f1,Rasgef1b,1.0
6125,E2f1,Rasgrp1,1.0
6126,E2f1,Rassf1,1.0
6127,E2f1,Rb1,1.0
6128,E2f1,Rbm38,1.0
6129,E2f1,Recql4,1.0
6130,E2f1,Rela,1.0
6131,E2f1,Rhobtb2,1.0
6132,E2f1,Rnf2,1.0
6133,E2f1,Rpa2,1.0
6134,E2f1,Rrm1,1.0
6135,E2f1,Rrm2,1.0
6136,E2f1,Rrp1b,1.0
6137,E2f1,Safb,1.0
6138,E2f1,Sele,1.0
6139,E2f1,Serpinb5,1.0
6140,E2f1,Serpine1,-1.0
6141,E2f1,Serpine2,-1.0
6142,E2f1,Sirt1,1.0
6143,E2f1,Siva1,1.0
6144,E2f1,Skp2,1.0
6145,E2f1,Slc11a1,1.0
6146,E2f1,Smarca5,1.0
6147,E2f1,Snai2,1.0
6148,E2f1,Sp3,-1.0
6149,E2f1,Srf,-1.0
6150,E2f1,Srsf2,1.0
6151,E2f1,Stil,1.0
6152,E2f1,Stmn1,1.0
6153,E2f1,Suz12,1.0
6154,E2f1,Tapbp,-1.0
6155,E2f1,Tert,-1.0
6156,E2f1,Tfap2a,-1.0
6157,E2f1,Tgfb1,1.0
6158,E2f1,Tgfb2,1.0
6159,E2f1,Tgm1,-1.0
6160,E2f1,Thbs1,1.0
6161,E2f1,Tk1,1.0
6162,E2f1,Tlr3,-1.0
6163,E2f1,Tnf,1.0
6164,E2f1,Tnfsf11,1.0
6165,E2f1,Top1,1.0
6166,E2f1,Top2a,1.0
6167,E2f1,Topbp1,1.0
6168,E2f1,Traf2,-1.0
6169,E2f1,Trib2,1.0
6170,E2f1,Trp53,1.0
6171,E2f1,Trp53bp2,1.0
6172,E2f1,Trp53inp1,1.0
6173,E2f1,Trp73,1.0
6174,E2f1,Tyms,1.0
6175,E2f1,Uhrf1,1.0
6176,E2f1,Ulk1,1.0
6177,E2f1,Ung,1.0
6178,E2f1,Usp37,1.0
6179,E2f1,Uxt,1.0
6180,E2f1,Vegfa,-1.0
6181,E2f1,Wnt4,1.0
6182,E2f1,Wrap73,1.0
6183,E2f1,Wwox,-1.0
6184,E2f1,Xpc,1.0
6185,E2f1,Xrcc1,1.0
6186,E2f1,Ybx3,1.0
6187,E2f1,Yy1,-1.0
6188,E2f1,Zeb1,1.0
6189,E2f2,Ahr,1.0
6190,E2f2,Arnt,1.0
6191,E2f2,Asf1b,1.0
6192,E2f2,Bax,1.0
6193,E2f2,Birc5,1.0
6194,E2f2,Brca1,1.0
6195,E2f2,Ccnd3,1.0
6196,E2f2,Ccne1,1.0
6197,E2f2,Cdc6,1.0
6198,E2f2,Cdca4,1.0
6199,E2f2,Cdca7,1.0
6200,E2f2,Cdk1,1.0
6201,E2f2,Cdkn1a,1.0
6202,E2f2,Cdkn2a,1.0
6203,E2f2,Cdt1,1.0
6204,E2f2,Chek1,-1.0
6205,E2f2,Cux1,1.0
6206,E2f2,E2f1,1.0
6207,E2f2,Ece1,1.0
6208,E2f2,Fbn2,1.0
6209,E2f2,Fbxo43,1.0
6210,E2f2,Fbxo5,1.0
6211,E2f2,Fgfr2,1.0
6212,E2f2,Foxo1,1.0
6213,E2f2,Gmnn,1.0
6214,E2f2,Map3k5,1.0
6215,E2f2,Mcm10,1.0
6216,E2f2,Mcm2,1.0
6217,E2f2,Mcm5,1.0
6218,E2f2,Mcm6,1.0
6219,E2f2,Mcm7,1.0
6220,E2f2,Mcm8,1.0
6221,E2f2,Mdm2,-1.0
6222,E2f2,Npat,1.0
6223,E2f2,Orc2,1.0
6224,E2f2,Pcna,-1.0
6225,E2f2,Pcsk6,1.0
6226,E2f2,Plk1,1.0
6227,E2f2,Plk3,1.0
6228,E2f2,Plk4,1.0
6229,E2f2,Pole3,1.0
6230,E2f2,Ppp1r13b,1.0
6231,E2f2,Serpine1,-1.0
6232,E2f2,Tert,-1.0
6233,E2f2,Topbp1,1.0
6234,E2f2,Trp53,1.0
6235,E2f2,Trp53bp2,1.0
6236,E2f3,Asf1b,1.0
6237,E2f3,Atm,1.0
6238,E2f3,Aurka,1.0
6239,E2f3,Birc5,1.0
6240,E2f3,Brca1,1.0
6241,E2f3,Ccna2,1.0
6242,E2f3,Ccnb1,1.0
6243,E2f3,Ccnd3,1.0
6244,E2f3,Ccne1,1.0
6245,E2f3,Cdc6,1.0
6246,E2f3,Cdca4,1.0
6247,E2f3,Cdca7,1.0
6248,E2f3,Cdk1,1.0
6249,E2f3,Cdk2,1.0
6250,E2f3,Cdkn1a,1.0
6251,E2f3,Cdkn2a,1.0
6252,E2f3,Cdt1,1.0
6253,E2f3,Cited2,1.0
6254,E2f3,Cux1,1.0
6255,E2f3,Ddb2,1.0
6256,E2f3,Dlst,1.0
6257,E2f3,E2f1,1.0
6258,E2f3,Fbn2,1.0
6259,E2f3,Fbxo43,1.0
6260,E2f3,Fbxo5,1.0
6261,E2f3,Fgf2,1.0
6262,E2f3,Fgfr2,1.0
6263,E2f3,Foxo1,1.0
6264,E2f3,Gmnn,1.0
6265,E2f3,Igf2,1.0
6266,E2f3,Il6,1.0
6267,E2f3,Il6ra,1.0
6268,E2f3,Itga10,1.0
6269,E2f3,Khdrbs1,1.0
6270,E2f3,Map3k5,1.0
6271,E2f3,Mapk8,1.0
6272,E2f3,Mat2a,1.0
6273,E2f3,Mcm10,1.0
6274,E2f3,Mcm5,1.0
6275,E2f3,Mcm6,1.0
6276,E2f3,Mcm7,1.0
6277,E2f3,Mcm8,1.0
6278,E2f3,Neo1,1.0
6279,E2f3,Npat,1.0
6280,E2f3,Pcsk6,1.0
6281,E2f3,Pik3r1,1.0
6282,E2f3,Plk1,1.0
6283,E2f3,Plk3,1.0
6284,E2f3,Plk4,1.0
6285,E2f3,Pole3,1.0
6286,E2f3,Ppp1r13b,1.0
6287,E2f3,Rad18,1.0
6288,E2f3,Rb1,1.0
6289,E2f3,Rbl1,1.0
6290,E2f3,Rbl2,1.0
6291,E2f3,Serpine1,-1.0
6292,E2f3,Slc1a5,1.0
6293,E2f3,Sparc,1.0
6294,E2f3,Tert,-1.0
6295,E2f3,Tfe3,1.0
6296,E2f3,Tnf,1.0
6297,E2f3,Topbp1,1.0
6298,E2f3,Trp53bp2,1.0
6299,E2f3,Trp73,1.0
6300,E2f3,Vegfa,1.0
6301,E2f4,6030458C11Rik,1.0
6302,E2f4,Adarb1,1.0
6303,E2f4,Akr7a5,1.0
6304,E2f4,Alg5,1.0
6305,E2f4,Ar,1.0
6306,E2f4,Asf1b,1.0
6307,E2f4,Aurkb,1.0
6308,E2f4,Bard1,1.0
6309,E2f4,Birc5,-1.0
6310,E2f4,Bora,1.0
6311,E2f4,Brca1,-1.0
6312,E2f4,Bub3,1.0
6313,E2f4,Calm1,1.0
6314,E2f4,Cbx5,1.0
6315,E2f4,Ccna2,1.0
6316,E2f4,Ccnb1,1.0
6317,E2f4,Ccnb2,-1.0
6318,E2f4,Ccnd1,1.0
6319,E2f4,Ccne1,1.0
6320,E2f4,Cdc25a,1.0
6321,E2f4,Cdc25c,1.0
6322,E2f4,Cdc6,1.0
6323,E2f4,Cdca4,1.0
6324,E2f4,Cdca7,1.0
6325,E2f4,Cdk1,1.0
6326,E2f4,Cdk2,1.0
6327,E2f4,Cdkn1a,1.0
6328,E2f4,Cdkn1b,1.0
6329,E2f4,Cdkn2c,1.0
6330,E2f4,Cdt1,1.0
6331,E2f4,Cenpo,1.0
6332,E2f4,Cfap20,1.0
6333,E2f4,Chek1,1.0
6334,E2f4,Cks2,1.0
6335,E2f4,Cux1,1.0
6336,E2f4,Cyp27b1,1.0
6337,E2f4,Ddx11,1.0
6338,E2f4,Dhfr,-1.0
6339,E2f4,Dhps,1.0
6340,E2f4,Drosha,1.0
6341,E2f4,Dtl,1.0
6342,E2f4,Duox2,1.0
6343,E2f4,E2f1,-1.0
6344,E2f4,E2f2,1.0
6345,E2f4,E2f3,1.0
6346,E2f4,Efhc1,1.0
6347,E2f4,Epas1,1.0
6348,E2f4,Esr1,-1.0
6349,E2f4,Exosc9,1.0
6350,E2f4,Fancd2,1.0
6351,E2f4,Fbn2,-1.0
6352,E2f4,Fbxo5,1.0
6353,E2f4,Fdft1,1.0
6354,E2f4,Fen1,1.0
6355,E2f4,Fgfr1,-1.0
6356,E2f4,Fgfr2,1.0
6357,E2f4,Foxd3,1.0
6358,E2f4,Foxm1,1.0
6359,E2f4,Fshr,1.0
6360,E2f4,Gas2l1,1.0
6361,E2f4,Gmnn,1.0
6362,E2f4,Gtf2h4,1.0
6363,E2f4,H2bc21,1.0
6364,E2f4,Hcfc1,1.0
6365,E2f4,Hltf,1.0
6366,E2f4,Hmgb1,1.0
6367,E2f4,Hmgn2,1.0
6368,E2f4,Id3,1.0
6369,E2f4,Insig1,1.0
6370,E2f4,Jun,1.0
6371,E2f4,Khdrbs1,1.0
6372,E2f4,Kifbp,-1.0
6373,E2f4,Klhl21,1.0
6374,E2f4,Lin54,1.0
6375,E2f4,Ltbp4,1.0
6376,E2f4,Mad2l1,1.0
6377,E2f4,Map3k5,1.0
6378,E2f4,Map3k7,1.0
6379,E2f4,Mat2a,1.0
6380,E2f4,Mcl1,-1.0
6381,E2f4,Mcm10,-1.0
6382,E2f4,Mcm3,1.0
6383,E2f4,Mcm5,1.0
6384,E2f4,Mcm7,1.0
6385,E2f4,Mcm8,1.0
6386,E2f4,Mettl3,1.0
6387,E2f4,Mki67,1.0
6388,E2f4,Mlh1,1.0
6389,E2f4,Mthfd1,1.0
6390,E2f4,Mybl2,-1.0
6391,E2f4,Myc,-1.0
6392,E2f4,Nap1l4,1.0
6393,E2f4,Nasp,1.0
6394,E2f4,Ndc80,1.0
6395,E2f4,Nek2,1.0
6396,E2f4,Nfe2l1,1.0
6397,E2f4,Npat,1.0
6398,E2f4,Nusap1,1.0
6399,E2f4,Oip5,1.0
6400,E2f4,P4ha2,-1.0
6401,E2f4,Park7,1.0
6402,E2f4,Pcna,1.0
6403,E2f4,Pcnt,1.0
6404,E2f4,Pcsk1n,1.0
6405,E2f4,Peg10,1.0
6406,E2f4,Pgrmc1,1.0
6407,E2f4,Plk1,-1.0
6408,E2f4,Plk4,-1.0
6409,E2f4,Pola2,1.0
6410,E2f4,Pold1,1.0
6411,E2f4,Pole2,1.0
6412,E2f4,Pole3,1.0
6413,E2f4,Pparg,-1.0
6414,E2f4,Ppargc1a,-1.0
6415,E2f4,Prc1,1.0
6416,E2f4,Prpsap1,1.0
6417,E2f4,Prr11,1.0
6418,E2f4,Rad51,-1.0
6419,E2f4,Rb1,-1.0
6420,E2f4,Rbbp5,1.0
6421,E2f4,Rbl1,1.0
6422,E2f4,Recql,1.0
6423,E2f4,Rfc3,1.0
6424,E2f4,Rfc4,1.0
6425,E2f4,Ripk2,1.0
6426,E2f4,Rpa3,1.0
6427,E2f4,Rps8,1.0
6428,E2f4,Rrm1,1.0
6429,E2f4,Rrm2,-1.0
6430,E2f4,Sfpq,1.0
6431,E2f4,Ska2,1.0
6432,E2f4,Slc25a14,1.0
6433,E2f4,Slc2a13,1.0
6434,E2f4,Slc35f6,1.0
6435,E2f4,Smarca5,1.0
6436,E2f4,Smc2,1.0
6437,E2f4,Smc4,1.0
6438,E2f4,Sp1,1.0
6439,E2f4,Stmn1,1.0
6440,E2f4,Suz12,1.0
6441,E2f4,Tbx2,-1.0
6442,E2f4,Tert,-1.0
6443,E2f4,Tk1,1.0
6444,E2f4,Tmem126b,1.0
6445,E2f4,Top1,1.0
6446,E2f4,Topbp1,-1.0
6447,E2f4,Trmt13,1.0
6448,E2f4,Trp73,-1.0
6449,E2f4,Ttk,-1.0
6450,E2f4,Tyms,1.0
6451,E2f4,Ube2c,1.0
6452,E2f4,Uxt,1.0
6453,E2f4,Wdr76,1.0
6454,E2f4,Wee1,1.0
6455,E2f4,Xpc,-1.0
6456,E2f4,Xrcc2,1.0
6457,E2f4,Ybx3,1.0
6458,E2f4,Zfp36l1,1.0
6459,E2f5,Asf1b,1.0
6460,E2f5,Brca1,1.0
6461,E2f5,Cbx5,-1.0
6462,E2f5,Dtl,1.0
6463,E2f5,E2f1,1.0
6464,E2f5,Fgfr2,1.0
6465,E2f5,Fshr,1.0
6466,E2f5,Loxl2,1.0
6467,E2f5,Myc,-1.0
6468,E2f5,Tert,-1.0
6469,E2f6,Apaf1,-1.0
6470,E2f6,Brca1,-1.0
6471,E2f6,Brd7,1.0
6472,E2f6,Camta2,1.0
6473,E2f6,Cbx5,-1.0
6474,E2f6,Ccnb2,-1.0
6475,E2f6,Chek2,1.0
6476,E2f6,Cyc1,1.0
6477,E2f6,Dctn4,1.0
6478,E2f6,Ddx11,1.0
6479,E2f6,Dhps,1.0
6480,E2f6,Dtl,1.0
6481,E2f6,E2f1,-1.0
6482,E2f6,Efna5,1.0
6483,E2f6,Fntb,1.0
6484,E2f6,Grik1,1.0
6485,E2f6,Il13,1.0
6486,E2f6,Kdm3a,1.0
6487,E2f6,Kifbp,-1.0
6488,E2f6,Mcm3,1.0
6489,E2f6,Mettl2,1.0
6490,E2f6,Nek11,1.0
6491,E2f6,Prkar1a,1.0
6492,E2f6,Ptgs1,-1.0
6493,E2f6,Rad51ap1,1.0
6494,E2f6,Rbbp4,-1.0
6495,E2f6,Rbbp8,-1.0
6496,E2f6,Recql,1.0
6497,E2f6,Ryr2,1.0
6498,E2f6,Smc1a,-1.0
6499,E2f6,Smc1b,1.0
6500,E2f6,Srsf1,1.0
6501,E2f6,Stag3,-1.0
6502,E2f6,Tex12,1.0
6503,E2f6,Tff1,1.0
6504,E2f6,Uxt,-1.0
6505,E2f6,Wdr36,1.0
6506,E2f6,Zfp451,1.0
6507,E2f7,Ccbe1,1.0
6508,E2f7,Cdkn1a,-1.0
6509,E2f7,E2f1,-1.0
6510,E2f7,E2f2,-1.0
6511,E2f7,Flt4,-1.0
6512,E2f7,Sp1,-1.0
6513,E2f7,Vegfa,1.0
6514,E2f8,Ccnd1,1.0
6515,E2f8,E2f1,-1.0
6516,E2f8,Vegfa,1.0
6517,E4f1,Ache,1.0
6518,E4f1,Aprt,1.0
6519,E4f1,Ccna2,-1.0
6520,E4f1,Ccnd1,1.0
6521,E4f1,Cd44,1.0
6522,E4f1,Pvr,1.0
6523,E4f1,Rassf1,1.0
6524,E4f1,Tcf3,1.0
6525,Ebf1,Ache,1.0
6526,Ebf1,Atf5,1.0
6527,Ebf1,Bcr,1.0
6528,Ebf1,Blk,1.0
6529,Ebf1,Cd19,1.0
6530,Ebf1,Cd79a,1.0
6531,Ebf1,Cd79b,1.0
6532,Ebf1,Cebpa,1.0
6533,Ebf1,Chga,1.0
6534,Ebf1,Crebbp,1.0
6535,Ebf1,Cxcl12,1.0
6536,Ebf1,Cxcl5,1.0
6537,Ebf1,Ebf2,1.0
6538,Ebf1,En1,1.0
6539,Ebf1,Foxo1,-1.0
6540,Ebf1,Gata3,-1.0
6541,Ebf1,Gfi1,1.0
6542,Ebf1,Gfi1b,1.0
6543,Ebf1,Igll1,1.0
6544,Ebf1,Pax5,1.0
6545,Ebf1,Postn,1.0
6546,Ebf1,Pparg,1.0
6547,Ebf1,Prdm1,-1.0
6548,Ebf1,Preb,1.0
6549,Ebf1,Prkcq,1.0
6550,Ebf1,Slc2a4,1.0
6551,Ebf1,St6gal2,1.0
6552,Ebf1,Stmn2,1.0
6553,Ebf1,Tac4,1.0
6554,Ebf1,Tet2,1.0
6555,Ebf1,Tnf,1.0
6556,Ebf2,Ebf1,1.0
6557,Ebf2,Tnfrsf11b,1.0
6558,Ebf3,Ackr3,1.0
6559,Ebf3,Cdkn1a,1.0
6560,Ebf3,Hmgn3,1.0
6561,Ebf3,Igf1,1.0
6562,Ebf3,Lgi1,1.0
6563,Ebf3,Lmo3,1.0
6564,Ebf3,Plpp1,1.0
6565,Ebf3,Slc12a5,1.0
6566,Ebf3,Slit2,1.0
6567,Egr1,Abca2,1.0
6568,Egr1,Abl1,1.0
6569,Egr1,Ace,1.0
6570,Egr1,Ache,1.0
6571,Egr1,Ackr3,1.0
6572,Egr1,Acta2,-1.0
6573,Egr1,Acvr1,1.0
6574,Egr1,Adamts13,1.0
6575,Egr1,Adamts16,1.0
6576,Egr1,Adrb1,-1.0
6577,Egr1,Ager,1.0
6578,Egr1,Akr1b1,1.0
6579,Egr1,Akt1,1.0
6580,Egr1,Alas1,1.0
6581,Egr1,Alox5,1.0
6582,Egr1,Alox5ap,1.0
6583,Egr1,Apc,1.0
6584,Egr1,Apex1,1.0
6585,Egr1,Apoa1,1.0
6586,Egr1,App,1.0
6587,Egr1,Ar,-1.0
6588,Egr1,Arc,1.0
6589,Egr1,Areg,1.0
6590,Egr1,Atf3,1.0
6591,Egr1,Atg4b,1.0
6592,Egr1,Atp2a2,-1.0
6593,Egr1,Bag3,1.0
6594,Egr1,Bax,1.0
6595,Egr1,Bcar1,1.0
6596,Egr1,Bcl2,-1.0
6597,Egr1,Bcl2l11,1.0
6598,Egr1,Bcr,1.0
6599,Egr1,Birc5,-1.0
6600,Egr1,Bloc1s3,1.0
6601,Egr1,Bmi1,1.0
6602,Egr1,Bnip3,-1.0
6603,Egr1,Brca1,1.0
6604,Egr1,Cacna1h,1.0
6605,Egr1,Camk2a,1.0
6606,Egr1,Casp1,-1.0
6607,Egr1,Casq1,-1.0
6608,Egr1,Cat,1.0
6609,Egr1,Cav1,1.0
6610,Egr1,Cavin1,-1.0
6611,Egr1,Ccl25,1.0
6612,Egr1,Ccl4,1.0
6613,Egr1,Ccn1,1.0
6614,Egr1,Ccna2,1.0
6615,Egr1,Ccnd1,1.0
6616,Egr1,Ccnd2,1.0
6617,Egr1,Ccnd3,1.0
6618,Egr1,Ccr5,1.0
6619,Egr1,Cd19,1.0
6620,Egr1,Cd28,1.0
6621,Egr1,Cd40lg,1.0
6622,Egr1,Cd44,1.0
6623,Egr1,Cd74,1.0
6624,Egr1,Cd79a,1.0
6625,Egr1,Cd82,1.0
6626,Egr1,Cdc20,-1.0
6627,Egr1,Cdh1,1.0
6628,Egr1,Cdh5,1.0
6629,Egr1,Cdk5r1,1.0
6630,Egr1,Cdkn1a,1.0
6631,Egr1,Cdkn1c,1.0
6632,Egr1,Cdkn2b,1.0
6633,Egr1,Cfc1,1.0
6634,Egr1,Chga,1.0
6635,Egr1,Chgb,1.0
6636,Egr1,Chrna7,1.0
6637,Egr1,Chrne,1.0
6638,Egr1,Cidec,1.0
6639,Egr1,Cish,1.0
6640,Egr1,Cldn3,1.0
6641,Egr1,Clec7a,1.0
6642,Egr1,Col10a1,1.0
6643,Egr1,Col11a1,1.0
6644,Egr1,Col1a1,1.0
6645,Egr1,Col1a2,1.0
6646,Egr1,Col2a1,-1.0
6647,Egr1,Col4a1,1.0
6648,Egr1,Col4a2,1.0
6649,Egr1,Col7a1,1.0
6650,Egr1,Cp,1.0
6651,Egr1,Crebbp,1.0
6652,Egr1,Csf1,-1.0
6653,Egr1,Csf1r,1.0
6654,Egr1,Csf3,1.0
6655,Egr1,Cspg4,1.0
6656,Egr1,Ctnna1,1.0
6657,Egr1,Ctnnb1,1.0
6658,Egr1,Ctsl,1.0
6659,Egr1,Cxcl12,1.0
6660,Egr1,Cxcl5,1.0
6661,Egr1,Dbh,-1.0
6662,Egr1,Dld,1.0
6663,Egr1,Dlk1,1.0
6664,Egr1,Dmrt1,1.0
6665,Egr1,Drd2,1.0
6666,Egr1,Dusp4,1.0
6667,Egr1,Eapp,1.0
6668,Egr1,Egf,1.0
6669,Egr1,Egfr,1.0
6670,Egr1,Egr2,1.0
6671,Egr1,Elk1,1.0
6672,Egr1,Eng,1.0
6673,Egr1,Ep300,1.0
6674,Egr1,Ephb2,1.0
6675,Egr1,Epo,1.0
6676,Egr1,Ereg,1.0
6677,Egr1,F2r,1.0
6678,Egr1,F3,1.0
6679,Egr1,Fap,1.0
6680,Egr1,Fas,-1.0
6681,Egr1,Fasl,1.0
6682,Egr1,Fcer1g,1.0
6683,Egr1,Fcer2a,-1.0
6684,Egr1,Fgf2,1.0
6685,Egr1,Flt1,1.0
6686,Egr1,Fn1,1.0
6687,Egr1,Fos,1.0
6688,Egr1,Foxp3,1.0
6689,Egr1,Fyn,1.0
6690,Egr1,Gad1,1.0
6691,Egr1,Gadd45a,1.0
6692,Egr1,Gadd45b,1.0
6693,Egr1,Gast,1.0
6694,Egr1,Gcg,1.0
6695,Egr1,Gck,1.0
6696,Egr1,Gclc,1.0
6697,Egr1,Gdf15,1.0
6698,Egr1,Gdnf,1.0
6699,Egr1,Gfap,1.0
6700,Egr1,Ggps1,1.0
6701,Egr1,Gh,1.0
6702,Egr1,Ghrhr,1.0
6703,Egr1,Glb1,1.0
6704,Egr1,Gna11,1.0
6705,Egr1,Gnaq,1.0
6706,Egr1,Gnrh1,1.0
6707,Egr1,Gsk3b,1.0
6708,Egr1,Gsn,1.0
6709,Egr1,Hbegf,1.0
6710,Egr1,Hes1,1.0
6711,Egr1,Hif1a,1.0
6712,Egr1,Hmgn3,1.0
6713,Egr1,Hmox1,1.0
6714,Egr1,Hpse,1.0
6715,Egr1,Hsd11b2,-1.0
6716,Egr1,Hspa4,1.0
6717,Egr1,Hyal1,1.0
6718,Egr1,Icam1,1.0
6719,Egr1,Id1,1.0
6720,Egr1,Id2,1.0
6721,Egr1,Id3,1.0
6722,Egr1,Ifng,1.0
6723,Egr1,Ifngr1,-1.0
6724,Egr1,Igf1r,1.0
6725,Egr1,Igf2,1.0
6726,Egr1,Igfbp6,1.0
6727,Egr1,Ighe,1.0
6728,Egr1,Il12a,1.0
6729,Egr1,Il13,1.0
6730,Egr1,Il15,1.0
6731,Egr1,Il17a,1.0
6732,Egr1,Il1a,1.0
6733,Egr1,Il1b,1.0
6734,Egr1,Il2,1.0
6735,Egr1,Il2rb,1.0
6736,Egr1,Il3,1.0
6737,Egr1,Il4,1.0
6738,Egr1,Il6,-1.0
6739,Egr1,Impdh2,1.0
6740,Egr1,Inhba,1.0
6741,Egr1,Kat2b,1.0
6742,Egr1,Kl,1.0
6743,Egr1,Klf4,1.0
6744,Egr1,Klf5,1.0
6745,Egr1,Kras,1.0
6746,Egr1,Krt5,1.0
6747,Egr1,Lat,1.0
6748,Egr1,Ldlr,1.0
6749,Egr1,Lhb,1.0
6750,Egr1,Lhcgr,1.0
6751,Egr1,Lmo1,1.0
6752,Egr1,Lmo3,1.0
6753,Egr1,Lmtk2,1.0
6754,Egr1,Lpin1,1.0
6755,Egr1,Ltb,1.0
6756,Egr1,Maml1,1.0
6757,Egr1,Maoa,1.0
6758,Egr1,Maob,1.0
6759,Egr1,Map1lc3a,1.0
6760,Egr1,Map3k1,1.0
6761,Egr1,Mdm2,1.0
6762,Egr1,Met,-1.0
6763,Egr1,Mip,1.0
6764,Egr1,Mmp12,-1.0
6765,Egr1,Mmp14,1.0
6766,Egr1,Mmp2,-1.0
6767,Egr1,Mmp9,-1.0
6768,Egr1,Mst1r,1.0
6769,Egr1,Myb,-1.0
6770,Egr1,Myh10,1.0
6771,Egr1,Myh6,1.0
6772,Egr1,Nab2,1.0
6773,Egr1,Ncan,1.0
6774,Egr1,Ndrg1,1.0
6775,Egr1,Nf1,1.0
6776,Egr1,Nfkb1,1.0
6777,Egr1,Ngb,1.0
6778,Egr1,Ngf,1.0
6779,Egr1,Ngfr,1.0
6780,Egr1,Nos1,1.0
6781,Egr1,Nppa,1.0
6782,Egr1,Npy,1.0
6783,Egr1,Nr3c1,1.0
6784,Egr1,Nr4a1,1.0
6785,Egr1,Ocm,1.0
6786,Egr1,Osm,1.0
6787,Egr1,Pcsk2,1.0
6788,Egr1,Pcyt2,1.0
6789,Egr1,Pdgfa,1.0
6790,Egr1,Pdgfb,1.0
6791,Egr1,Pdgfc,1.0
6792,Egr1,Pdx1,1.0
6793,Egr1,Pecam1,1.0
6794,Egr1,Penk,1.0
6795,Egr1,Per1,1.0
6796,Egr1,Per2,1.0
6797,Egr1,Pgf,1.0
6798,Egr1,Pgk1,1.0
6799,Egr1,Pgp,-1.0
6800,Egr1,Pik3c3,1.0
6801,Egr1,Pik3r1,1.0
6802,Egr1,Pkd2,1.0
6803,Egr1,Plat,1.0
6804,Egr1,Plau,1.0
6805,Egr1,Plaur,1.0
6806,Egr1,Plpp1,1.0
6807,Egr1,Pnmt,1.0
6808,Egr1,Pnpla2,-1.0
6809,Egr1,Por,1.0
6810,Egr1,Pparg,-1.0
6811,Egr1,Ppp1r1b,1.0
6812,Egr1,Prdm1,1.0
6813,Egr1,Prkca,1.0
6814,Egr1,Prkce,1.0
6815,Egr1,Prkcg,1.0
6816,Egr1,Psen2,-1.0
6817,Egr1,Psmb9,-1.0
6818,Egr1,Pten,1.0
6819,Egr1,Ptges,1.0
6820,Egr1,Ptgs2,-1.0
6821,Egr1,Ptp4a1,1.0
6822,Egr1,Ptpn1,-1.0
6823,Egr1,Ptprz1,1.0
6824,Egr1,Rad51,1.0
6825,Egr1,Rag2,1.0
6826,Egr1,Rb1,1.0
6827,Egr1,Rbl2,1.0
6828,Egr1,Rbp1,1.0
6829,Egr1,Rcan1,1.0
6830,Egr1,Rela,-1.0
6831,Egr1,Ret,1.0
6832,Egr1,Rhd,1.0
6833,Egr1,Rps6ka1,1.0
6834,Egr1,Rrad,1.0
6835,Egr1,Rrm2b,-1.0
6836,Egr1,Sele,1.0
6837,Egr1,Selp,1.0
6838,Egr1,Serpine1,1.0
6839,Egr1,Serpini1,-1.0
6840,Egr1,Sf1,1.0
6841,Egr1,Sgk1,1.0
6842,Egr1,Siva1,1.0
6843,Egr1,Slc10a4,1.0
6844,Egr1,Slc12a5,1.0
6845,Egr1,Slc31a1,1.0
6846,Egr1,Slc4a2,1.0
6847,Egr1,Slc5a5,1.0
6848,Egr1,Slc6a6,1.0
6849,Egr1,Slc8a1,-1.0
6850,Egr1,Slc9a2,1.0
6851,Egr1,Slc9a3,1.0
6852,Egr1,Slit2,1.0
6853,Egr1,Snai1,1.0
6854,Egr1,Snai2,1.0
6855,Egr1,Socs1,1.0
6856,Egr1,Sod1,1.0
6857,Egr1,Sod2,1.0
6858,Egr1,Sox18,1.0
6859,Egr1,Sp1,1.0
6860,Egr1,Spint1,1.0
6861,Egr1,Spp1,1.0
6862,Egr1,Spry1,1.0
6863,Egr1,Sptbn1,1.0
6864,Egr1,Src,1.0
6865,Egr1,Srebf1,-1.0
6866,Egr1,Srf,1.0
6867,Egr1,Stim1,1.0
6868,Egr1,Stmn1,1.0
6869,Egr1,Sumo1,1.0
6870,Egr1,Syn1,1.0
6871,Egr1,Syn2,1.0
6872,Egr1,Tap1,-1.0
6873,Egr1,Tbxa2r,1.0
6874,Egr1,Tcf4,1.0
6875,Egr1,Tcf7l2,1.0
6876,Egr1,Tert,-1.0
6877,Egr1,Tfg,1.0
6878,Egr1,Tfpi2,1.0
6879,Egr1,Tgfa,1.0
6880,Egr1,Tgfb1,1.0
6881,Egr1,Tgfbr2,-1.0
6882,Egr1,Tgm7,1.0
6883,Egr1,Th,1.0
6884,Egr1,Thbs1,-1.0
6885,Egr1,Timp1,1.0
6886,Egr1,Timp2,1.0
6887,Egr1,Timp3,1.0
6888,Egr1,Tkt,1.0
6889,Egr1,Tmpo,1.0
6890,Egr1,Tnc,1.0
6891,Egr1,Tnf,1.0
6892,Egr1,Tnfrsf1b,1.0
6893,Egr1,Tnfsf10,-1.0
6894,Egr1,Tnfsf11,1.0
6895,Egr1,Toe1,1.0
6896,Egr1,Top3a,1.0
6897,Egr1,Topbp1,1.0
6898,Egr1,Trf,1.0
6899,Egr1,Trp53,1.0
6900,Egr1,Trp73,1.0
6901,Egr1,Trpm3,1.0
6902,Egr1,Ubc,1.0
6903,Egr1,Ube2s,1.0
6904,Egr1,Ucp1,1.0
6905,Egr1,Vamp2,1.0
6906,Egr1,Vcan,1.0
6907,Egr1,Vegfa,1.0
6908,Egr1,Vgf,1.0
6909,Egr1,Wnt4,-1.0
6910,Egr1,Ybx1,1.0
6911,Egr1,Yes1,1.0
6912,Egr2,Acvr1,1.0
6913,Egr2,Btk,1.0
6914,Egr2,Cbl,1.0
6915,Egr2,Ccl1,1.0
6916,Egr2,Cd44,1.0
6917,Egr2,Cdkn1a,1.0
6918,Egr2,Cdkn1b,1.0
6919,Egr2,Cdkn2a,1.0
6920,Egr2,Cebpb,1.0
6921,Egr2,Chd4,1.0
6922,Egr2,Cish,1.0
6923,Egr2,Cnn1,1.0
6924,Egr2,Commd7,1.0
6925,Egr2,Cyp19a1,1.0
6926,Egr2,Ddx20,1.0
6927,Egr2,Dguok,1.0
6928,Egr2,Dhh,1.0
6929,Egr2,Ebp,1.0
6930,Egr2,Egfr,1.0
6931,Egr2,Egr1,-1.0
6932,Egr2,Egr3,1.0
6933,Egr2,Epha4,1.0
6934,Egr2,Erbb2,1.0
6935,Egr2,Fasl,-1.0
6936,Egr2,Fgf2,1.0
6937,Egr2,Fst,1.0
6938,Egr2,Gfi1,-1.0
6939,Egr2,Gjb1,1.0
6940,Egr2,Gjb3,1.0
6941,Egr2,Hcfc1,1.0
6942,Egr2,Hoxa2,1.0
6943,Egr2,Hoxb2,1.0
6944,Egr2,Hoxb3,1.0
6945,Egr2,Id2,1.0
6946,Egr2,Ido1,1.0
6947,Egr2,Ifng,1.0
6948,Egr2,Igf1,1.0
6949,Egr2,Igf2,1.0
6950,Egr2,Igfbp5,1.0
6951,Egr2,Il17a,1.0
6952,Egr2,Il2rb,1.0
6953,Egr2,Il3,1.0
6954,Egr2,Il4,1.0
6955,Egr2,Il6,-1.0
6956,Egr2,Jun,1.0
6957,Egr2,Lat,1.0
6958,Egr2,Lif,1.0
6959,Egr2,Mapk8ip1,1.0
6960,Egr2,Mbp,1.0
6961,Egr2,Mecp2,1.0
6962,Egr2,Mpz,1.0
6963,Egr2,Nab1,1.0
6964,Egr2,Nab2,1.0
6965,Egr2,Per1,1.0
6966,Egr2,Plac8,1.0
6967,Egr2,Pmp22,1.0
6968,Egr2,Ptgs2,1.0
6969,Egr2,Ret,1.0
6970,Egr2,Rrad,1.0
6971,Egr2,Sdhc,1.0
6972,Egr2,Serpine2,1.0
6973,Egr2,Slamf6,1.0
6974,Egr2,Socs1,1.0
6975,Egr2,Sox10,1.0
6976,Egr2,Tagln,1.0
6977,Egr2,Tnf,1.0
6978,Egr2,Tnfsf11,-1.0
6979,Egr2,Top3a,1.0
6980,Egr3,Arc,1.0
6981,Egr3,Bcl2l1,1.0
6982,Egr3,Bdnf,1.0
6983,Egr3,Btk,1.0
6984,Egr3,Cat,1.0
6985,Egr3,Cd40lg,1.0
6986,Egr3,Crebbp,1.0
6987,Egr3,Csf2,1.0
6988,Egr3,Cyp19a1,1.0
6989,Egr3,Egr1,-1.0
6990,Egr3,Egr2,1.0
6991,Egr3,Fasl,1.0
6992,Egr3,Fxn,1.0
6993,Egr3,Gabra4,1.0
6994,Egr3,Gabrb3,1.0
6995,Egr3,Gadd45b,1.0
6996,Egr3,Grin1,1.0
6997,Egr3,Ifngr1,1.0
6998,Egr3,Il4,1.0
6999,Egr3,Jun,1.0
7000,Egr3,Nab2,1.0
7001,Egr3,Ngf,1.0
7002,Egr3,Ngfr,1.0
7003,Egr3,Notch1,1.0
7004,Egr3,Ntrk1,1.0
7005,Egr3,Spry1,1.0
7006,Egr3,Tnf,1.0
7007,Egr3,Tyrobp,1.0
7008,Egr3,Zfp354c,1.0
7009,Egr4,Dlx5,1.0
7010,Egr4,Fos,-1.0
7011,Egr4,Il1a,1.0
7012,Egr4,Il2,1.0
7013,Egr4,Mapk1,1.0
7014,Egr4,Ngf,1.0
7015,Egr4,Prkaca,1.0
7016,Egr4,Pthlh,1.0
7017,Egr4,Rab15,1.0
7018,Egr4,Samd5,1.0
7019,Egr4,Serpine2,1.0
7020,Egr4,Slc12a5,1.0
7021,Egr4,Synpo,1.0
7022,Egr4,Tnf,1.0
7023,Egr4,Vgf,1.0
7024,Ehf,Casp3,1.0
7025,Ehf,Cdkn2a,1.0
7026,Ehf,Col2a1,1.0
7027,Ehf,Dcdc2a,-1.0
7028,Ehf,Il1b,1.0
7029,Ehf,Il6,1.0
7030,Ehf,Mapk1,1.0
7031,Ehf,Ruvbl1,1.0
7032,Ehf,Tnfrsf10b,1.0
7033,Eid1,Egr1,1.0
7034,Eid2b,Myod1,-1.0
7035,Elf1,Akt1,1.0
7036,Elf1,Angpt2,1.0
7037,Elf1,Blk,1.0
7038,Elf1,Brca2,1.0
7039,Elf1,Casp8,1.0
7040,Elf1,Cat,1.0
7041,Elf1,Cd247,1.0
7042,Elf1,Cd3d,1.0
7043,Elf1,Cd4,1.0
7044,Elf1,Cd44,1.0
7045,Elf1,Cd68,1.0
7046,Elf1,Cd79a,1.0
7047,Elf1,Cdh1,1.0
7048,Elf1,Cdkn1b,1.0
7049,Elf1,Csf1r,1.0
7050,Elf1,Csf2,1.0
7051,Elf1,Cybb,1.0
7052,Elf1,Ddc,1.0
7053,Elf1,Dntt,1.0
7054,Elf1,Eng,1.0
7055,Elf1,Erbb2,1.0
7056,Elf1,Faf1,1.0
7057,Elf1,Fcer1a,-1.0
7058,Elf1,Fcer1g,1.0
7059,Elf1,Fcgrt,-1.0
7060,Elf1,Fli1,1.0
7061,Elf1,G6pc1,1.0
7062,Elf1,Ghrhr,1.0
7063,Elf1,Grb2,1.0
7064,Elf1,Gsk3b,1.0
7065,Elf1,Hps4,1.0
7066,Elf1,Hspa5,1.0
7067,Elf1,Icam1,1.0
7068,Elf1,Ighe,1.0
7069,Elf1,Il10,1.0
7070,Elf1,Il12a,1.0
7071,Elf1,Il12b,1.0
7072,Elf1,Il2,1.0
7073,Elf1,Il2ra,1.0
7074,Elf1,Il3,1.0
7075,Elf1,Il4,1.0
7076,Elf1,Il5,1.0
7077,Elf1,Ilkap,1.0
7078,Elf1,Krt14,1.0
7079,Elf1,Krt5,1.0
7080,Elf1,Lat,1.0
7081,Elf1,Lmo2,1.0
7082,Elf1,Lyn,1.0
7083,Elf1,Mapk14,1.0
7084,Elf1,Meis1,1.0
7085,Elf1,Myc,1.0
7086,Elf1,Nfkb1,1.0
7087,Elf1,Nos2,1.0
7088,Elf1,Nthl1,1.0
7089,Elf1,Ostm1,1.0
7090,Elf1,Pck1,1.0
7091,Elf1,Pdk1,1.0
7092,Elf1,Pf4,1.0
7093,Elf1,Pik3c3,1.0
7094,Elf1,Plec,1.0
7095,Elf1,Pnpla2,1.0
7096,Elf1,Pygo2,1.0
7097,Elf1,Rb1,1.0
7098,Elf1,Rps6kb1,1.0
7099,Elf1,Sirt1,1.0
7100,Elf1,Snai2,-1.0
7101,Elf1,Sod3,1.0
7102,Elf1,Spp1,1.0
7103,Elf1,Tek,1.0
7104,Elf1,Tlr9,1.0
7105,Elf1,Tollip,1.0
7106,Elf1,Tsc1,1.0
7107,Elf1,Tsc2,1.0
7108,Elf1,Ucn,1.0
7109,Elf1,Ucp1,1.0
7110,Elf2,Angpt1,1.0
7111,Elf2,Angpt2,1.0
7112,Elf2,Blk,1.0
7113,Elf2,Cd3d,1.0
7114,Elf2,Cd79a,1.0
7115,Elf2,Lyn,1.0
7116,Elf2,Nos2,1.0
7117,Elf2,Tek,1.0
7118,Elf2,Tie1,1.0
7119,Elf2,Vcp,1.0
7120,Elf3,Angpt1,1.0
7121,Elf3,Ar,1.0
7122,Elf3,Ccl20,1.0
7123,Elf3,Ccnd3,1.0
7124,Elf3,Cldn7,1.0
7125,Elf3,Col2a1,1.0
7126,Elf3,Egr1,1.0
7127,Elf3,Ehf,1.0
7128,Elf3,Erbb2,1.0
7129,Elf3,Folh1,1.0
7130,Elf3,Gadd45gip1,1.0
7131,Elf3,Hp,1.0
7132,Elf3,Il1b,1.0
7133,Elf3,Krt4,-1.0
7134,Elf3,Krt8,1.0
7135,Elf3,Med23,1.0
7136,Elf3,Mmp13,1.0
7137,Elf3,Mmp9,-1.0
7138,Elf3,Nos2,1.0
7139,Elf3,Notch3,1.0
7140,Elf3,Pou5f1,-1.0
7141,Elf3,Prr9,1.0
7142,Elf3,Ptgs2,1.0
7143,Elf3,Sprr1a,1.0
7144,Elf3,Sprr3,1.0
7145,Elf3,Tgfb1,1.0
7146,Elf3,Tgfbr2,1.0
7147,Elf3,Timp3,1.0
7148,Elf4,Agtr2,1.0
7149,Elf4,Aqp2,1.0
7150,Elf4,Carm1,1.0
7151,Elf4,Ccng1,1.0
7152,Elf4,Cd79a,1.0
7153,Elf4,Cdkn2a,1.0
7154,Elf4,Cdkn2b,1.0
7155,Elf4,Chd7,1.0
7156,Elf4,Csf2,1.0
7157,Elf4,Dlx5,-1.0
7158,Elf4,Fasl,1.0
7159,Elf4,Ifnb1,-1.0
7160,Elf4,Il17a,1.0
7161,Elf4,Lgals3,1.0
7162,Elf4,Ltbp1,1.0
7163,Elf4,Lum,1.0
7164,Elf4,Mab21l1,1.0
7165,Elf4,Map2k2,1.0
7166,Elf4,Mapk1,1.0
7167,Elf4,Mapk8,1.0
7168,Elf4,Mbp,1.0
7169,Elf4,Mdm2,1.0
7170,Elf4,Mefv,1.0
7171,Elf4,Mgat5,1.0
7172,Elf4,Mmp9,-1.0
7173,Elf4,Morf4l1,1.0
7174,Elf4,Myog,1.0
7175,Elf4,Nfkb1,1.0
7176,Elf4,Nos2,1.0
7177,Elf4,Npm1,1.0
7178,Elf4,Pdlim3,1.0
7179,Elf4,Polk,1.0
7180,Elf4,Pparg,1.0
7181,Elf4,Prf1,1.0
7182,Elf4,Sod2,1.0
7183,Elf4,Spp1,1.0
7184,Elf4,Tcirg1,1.0
7185,Elf4,Trp53,-1.0
7186,Elf5,Ccnd2,-1.0
7187,Elf5,Egfr,1.0
7188,Elf5,Folh1,1.0
7189,Elf5,Foxa1,1.0
7190,Elf5,Itgb3,1.0
7191,Elf5,Krt77,1.0
7192,Elf5,Large1,1.0
7193,Elf5,Muc4,1.0
7194,Elf5,Stat5a,1.0
7195,Elk1,Adamts13,1.0
7196,Elk1,Apoa1,-1.0
7197,Elk1,Bax,1.0
7198,Elk1,Brf1,1.0
7199,Elk1,Ccn5,1.0
7200,Elk1,Cct8,1.0
7201,Elk1,Cdkn1a,1.0
7202,Elk1,Cited2,1.0
7203,Elk1,Dap3,1.0
7204,Elk1,Ddit4,1.0
7205,Elk1,Dpp3,1.0
7206,Elk1,Egr1,1.0
7207,Elk1,Eif2ak1,1.0
7208,Elk1,Erbb2,1.0
7209,Elk1,Ezh2,1.0
7210,Elk1,Fos,1.0
7211,Elk1,Fosl1,1.0
7212,Elk1,Fut1,1.0
7213,Elk1,Fut4,1.0
7214,Elk1,Fzd8,1.0
7215,Elk1,Hmox1,1.0
7216,Elk1,Katnb1,1.0
7217,Elk1,Lrp5,1.0
7218,Elk1,Mcl1,1.0
7219,Elk1,Mecom,1.0
7220,Elk1,Mmp9,1.0
7221,Elk1,Mrtfa,1.0
7222,Elk1,Muc4,1.0
7223,Elk1,Mylk,-1.0
7224,Elk1,Myocd,-1.0
7225,Elk1,Nr1h2,1.0
7226,Elk1,Nr1i3,1.0
7227,Elk1,Nr4a1,1.0
7228,Elk1,Pdgfb,1.0
7229,Elk1,Per2,1.0
7230,Elk1,Prkca,1.0
7231,Elk1,Prkci,1.0
7232,Elk1,Psen1,1.0
7233,Elk1,Ptgs2,1.0
7234,Elk1,Ptprz1,1.0
7235,Elk1,Pygo2,1.0
7236,Elk1,Runx2,1.0
7237,Elk1,Serpine1,1.0
7238,Elk1,Skp2,1.0
7239,Elk1,Slc2a1,1.0
7240,Elk1,Smn1,1.0
7241,Elk1,Sod1,1.0
7242,Elk1,Spast,-1.0
7243,Elk1,Srf,1.0
7244,Elk1,Sst,1.0
7245,Elk1,Tagln,-1.0
7246,Elk1,Tbp,1.0
7247,Elk1,Th,1.0
7248,Elk1,Tlr9,1.0
7249,Elk1,Tmem131l,1.0
7250,Elk1,Tnf,1.0
7251,Elk1,Tnfrsf10b,1.0
7252,Elk1,Zc3h12a,1.0
7253,Elk1,Zfp36,1.0
7254,Elk3,Ache,1.0
7255,Elk3,Apoa1,1.0
7256,Elk3,Aqp5,1.0
7257,Elk3,Cav1,1.0
7258,Elk3,Ccnd1,-1.0
7259,Elk3,Cct8,1.0
7260,Elk3,Cd44,1.0
7261,Elk3,Chat,1.0
7262,Elk3,Chrne,1.0
7263,Elk3,Cntf,1.0
7264,Elk3,Dhfr,-1.0
7265,Elk3,Egf,1.0
7266,Elk3,Egr1,-1.0
7267,Elk3,Fos,-1.0
7268,Elk3,Hmox1,1.0
7269,Elk3,Jun,1.0
7270,Elk3,Krt8,1.0
7271,Elk3,Myh6,-1.0
7272,Elk3,Nos2,1.0
7273,Elk3,Pcyt1a,1.0
7274,Elk3,Pmel,1.0
7275,Elk3,Rho,1.0
7276,Elk3,Serpine1,-1.0
7277,Elk3,Slc6a2,1.0
7278,Elk3,Sult1a1,1.0
7279,Elk3,Vegfa,1.0
7280,Elk4,Cct8,1.0
7281,Elk4,Egr1,1.0
7282,Elk4,Fos,1.0
7283,Elk4,Insig2,1.0
7284,Elk4,Mcl1,1.0
7285,Elk4,Nr2c2,1.0
7286,Emx1,Apc,1.0
7287,Emx1,Nrp1,1.0
7288,Emx2,Egfr,-1.0
7289,Emx2,Fbn1,1.0
7290,Emx2,Fgf8,1.0
7291,Emx2,Pcna,-1.0
7292,Emx2,Rassf1,1.0
7293,Emx2,Sox2,-1.0
7294,Emx2,Sp8,1.0
7295,Emx2,Wnt1,1.0
7296,Emx2,Wnt2,1.0
7297,En1,Cck,1.0
7298,En1,Ctnnb1,-1.0
7299,En1,Dst,1.0
7300,En1,Fgf8,-1.0
7301,En1,Gli3,1.0
7302,En1,Slc18a2,1.0
7303,En1,Ttn,1.0
7304,En1,Tubb3,1.0
7305,En1,Utrn,-1.0
7306,En1,Wnt1,1.0
7307,En1,Wnt7a,-1.0
7308,En2,Fgf8,-1.0
7309,En2,Rpl7,1.0
7310,En2,Wnt7b,1.0
7311,Eomes,Alkbh1,1.0
7312,Eomes,Ccl3,1.0
7313,Eomes,Cd8a,1.0
7314,Eomes,Cyfip1,1.0
7315,Eomes,Dkk1,1.0
7316,Eomes,Dppa4,1.0
7317,Eomes,Ebf1,-1.0
7318,Eomes,Elavl2,1.0
7319,Eomes,Ifng,1.0
7320,Eomes,Il17a,1.0
7321,Eomes,Il2,1.0
7322,Eomes,Il21,1.0
7323,Eomes,Il2rb,1.0
7324,Eomes,Il5,1.0
7325,Eomes,Inhba,1.0
7326,Eomes,Kat5,1.0
7327,Eomes,Kdm6b,1.0
7328,Eomes,Nes,1.0
7329,Eomes,Notch1,1.0
7330,Eomes,Pax6,-1.0
7331,Eomes,Prf1,1.0
7332,Eomes,Tbata,1.0
7333,Eomes,Th,1.0
7334,Eomes,Thy1,1.0
7335,Ep300,Alb,1.0
7336,Ep300,Aldh3a1,1.0
7337,Ep300,Alox15,1.0
7338,Ep300,Birc5,-1.0
7339,Ep300,Brca1,1.0
7340,Ep300,Car9,1.0
7341,Ep300,Cav3,1.0
7342,Ep300,Ccnb2,1.0
7343,Ep300,Ccnd1,1.0
7344,Ep300,Ccne1,1.0
7345,Ep300,Cdkn1a,1.0
7346,Ep300,Cdkn2b,1.0
7347,Ep300,Col1a2,1.0
7348,Ep300,Cpt1b,1.0
7349,Ep300,Crabp1,1.0
7350,Ep300,Crebbp,1.0
7351,Ep300,Cybb,-1.0
7352,Ep300,Cyp1b1,1.0
7353,Ep300,Dnmt1,1.0
7354,Ep300,Eif2ak1,1.0
7355,Ep300,Epo,1.0
7356,Ep300,Erbb2,1.0
7357,Ep300,Ezh2,1.0
7358,Ep300,Gfap,1.0
7359,Ep300,Greb1,1.0
7360,Ep300,Hinfp,1.0
7361,Ep300,Ifng,1.0
7362,Ep300,Igf1,1.0
7363,Ep300,Igfbp3,1.0
7364,Ep300,Il12b,1.0
7365,Ep300,Il5,1.0
7366,Ep300,Il6,1.0
7367,Ep300,Il9,1.0
7368,Ep300,Invs,1.0
7369,Ep300,Krt16,1.0
7370,Ep300,Lama3,-1.0
7371,Ep300,Mdm2,1.0
7372,Ep300,Mgmt,1.0
7373,Ep300,Mmp9,1.0
7374,Ep300,Myc,-1.0
7375,Ep300,Nfkb1,1.0
7376,Ep300,Nos1,1.0
7377,Ep300,Nr0b2,1.0
7378,Ep300,Nr1h4,-1.0
7379,Ep300,Parp1,1.0
7380,Ep300,Pcna,-1.0
7381,Ep300,Ptgs2,1.0
7382,Ep300,Rad51,1.0
7383,Ep300,Rarb,1.0
7384,Ep300,Rela,1.0
7385,Ep300,Rs1,1.0
7386,Ep300,S100a4,1.0
7387,Ep300,Skp2,1.0
7388,Ep300,Slc2a2,1.0
7389,Ep300,Slc9a2,1.0
7390,Ep300,Smad7,1.0
7391,Ep300,Sp7,1.0
7392,Ep300,Sphk1,1.0
7393,Ep300,Spp1,1.0
7394,Ep300,Tapbp,-1.0
7395,Ep300,Tbxas1,1.0
7396,Ep300,Thbd,-1.0
7397,Ep300,Tnf,1.0
7398,Ep300,Trp73,1.0
7399,Ep300,Vcam1,1.0
7400,Ep300,Vegfa,1.0
7401,Ep300,Wt1,1.0
7402,Ep300,Yy1,1.0
7403,Ep300,Zeb1,1.0
7404,Epas1,Adm,1.0
7405,Epas1,Adora2a,1.0
7406,Epas1,Ahr,-1.0
7407,Epas1,Akt1,1.0
7408,Epas1,Bhlhe40,1.0
7409,Epas1,Bmal1,1.0
7410,Epas1,Bnip3,-1.0
7411,Epas1,Cacna1a,1.0
7412,Epas1,Car9,1.0
7413,Epas1,Ccr7,1.0
7414,Epas1,Cdh5,1.0
7415,Epas1,Cdkn1b,1.0
7416,Epas1,Cited2,1.0
7417,Epas1,Col10a1,1.0
7418,Epas1,Csf1r,1.0
7419,Epas1,Ctcf,1.0
7420,Epas1,Cyp51,-1.0
7421,Epas1,Dbh,1.0
7422,Epas1,Ddc,1.0
7423,Epas1,Efna1,1.0
7424,Epas1,Egf,1.0
7425,Epas1,Egln1,1.0
7426,Epas1,Egln3,1.0
7427,Epas1,Eif3e,1.0
7428,Epas1,Ep300,1.0
7429,Epas1,Epo,1.0
7430,Epas1,F12,1.0
7431,Epas1,F7,1.0
7432,Epas1,Fgf2,1.0
7433,Epas1,Flt1,1.0
7434,Epas1,Flvcr1,1.0
7435,Epas1,Gabrg2,1.0
7436,Epas1,Ghrhr,1.0
7437,Epas1,Hif1a,1.0
7438,Epas1,Hif3a,1.0
7439,Epas1,Il18r1,1.0
7440,Epas1,Irs1,1.0
7441,Epas1,Kcnj11,1.0
7442,Epas1,Kdm1a,-1.0
7443,Epas1,Kdm2a,1.0
7444,Epas1,Kdm2b,1.0
7445,Epas1,Kdm3a,1.0
7446,Epas1,Kdm4b,1.0
7447,Epas1,Kdm4c,1.0
7448,Epas1,Kdm5a,1.0
7449,Epas1,Kdm5b,1.0
7450,Epas1,Kdm6b,1.0
7451,Epas1,Kdm7a,1.0
7452,Epas1,Kdr,1.0
7453,Epas1,Ldha,1.0
7454,Epas1,Mmp13,1.0
7455,Epas1,Mmp14,1.0
7456,Epas1,Msc,1.0
7457,Epas1,Nanog,-1.0
7458,Epas1,Ndrg1,1.0
7459,Epas1,Nedd8,1.0
7460,Epas1,Nppb,1.0
7461,Epas1,Pdgfb,1.0
7462,Epas1,Pgr,1.0
7463,Epas1,Pik3r1,1.0
7464,Epas1,Plaur,1.0
7465,Epas1,Pou5f1,-1.0
7466,Epas1,Prdx2,1.0
7467,Epas1,Prom1,1.0
7468,Epas1,Prox1,1.0
7469,Epas1,Pten,1.0
7470,Epas1,Pthlh,1.0
7471,Epas1,Ptk6,1.0
7472,Epas1,Ptprz1,1.0
7473,Epas1,Ror2,1.0
7474,Epas1,Runx2,1.0
7475,Epas1,Scgb3a1,1.0
7476,Epas1,Serpine1,1.0
7477,Epas1,Slc2a4,1.0
7478,Epas1,Sod2,1.0
7479,Epas1,Sphk1,1.0
7480,Epas1,Tagln,1.0
7481,Epas1,Tek,1.0
7482,Epas1,Tert,1.0
7483,Epas1,Tfrc,1.0
7484,Epas1,Usf2,1.0
7485,Epas1,Vcam1,1.0
7486,Epas1,Vegfa,1.0
7487,Epas1,Wdr83,1.0
7488,Erf,Acsl5,1.0
7489,Erf,Araf,1.0
7490,Erf,Cdk1,-1.0
7491,Erf,Cela2a,1.0
7492,Erf,Cryaa,1.0
7493,Erf,Egfr,1.0
7494,Erf,Ets2,-1.0
7495,Erf,Gata2,1.0
7496,Erf,Gh,1.0
7497,Erf,Gucy2c,1.0
7498,Erf,Gusb,1.0
7499,Erf,Hps4,1.0
7500,Erf,Ireb2,1.0
7501,Erf,Jun,1.0
7502,Erf,Myc,-1.0
7503,Erf,Trim62,1.0
7504,Erf,Utrn,-1.0
7505,Erg,Adamts1,1.0
7506,Erg,Ar,-1.0
7507,Erg,Ccn3,1.0
7508,Erg,Ccnb1,1.0
7509,Erg,Cdh5,1.0
7510,Erg,Cdkn2a,1.0
7511,Erg,Cldn5,1.0
7512,Erg,Col11a2,1.0
7513,Erg,Cxcr4,1.0
7514,Erg,Egfl7,1.0
7515,Erg,Eng,1.0
7516,Erg,Epb41l3,-1.0
7517,Erg,Epb41l4b,1.0
7518,Erg,Ezh2,1.0
7519,Erg,Fgf2,-1.0
7520,Erg,Fzd4,1.0
7521,Erg,Gata2,1.0
7522,Erg,Gata4,1.0
7523,Erg,Gfi1,1.0
7524,Erg,Hmox1,1.0
7525,Erg,Hpgd,1.0
7526,Erg,Icam1,-1.0
7527,Erg,Icam2,1.0
7528,Erg,Igf1,1.0
7529,Erg,Ilk,-1.0
7530,Erg,Kcnn2,1.0
7531,Erg,Kdr,1.0
7532,Erg,Lef1,1.0
7533,Erg,Lmo2,1.0
7534,Erg,Mmp13,1.0
7535,Erg,Myc,1.0
7536,Erg,Nkx3-1,-1.0
7537,Erg,Nos3,1.0
7538,Erg,Nr3c1,1.0
7539,Erg,Pim1,1.0
7540,Erg,Rhoj,1.0
7541,Erg,Runx1,1.0
7542,Erg,Snai1,1.0
7543,Erg,Snai2,1.0
7544,Erg,Sox4,1.0
7545,Erg,Spp1,1.0
7546,Erg,Tdrd1,1.0
7547,Erg,Tff3,1.0
7548,Erg,Tgfbr2,1.0
7549,Erg,Tmprss2,1.0
7550,Erg,Vim,1.0
7551,Erg,Vwf,1.0
7552,Erg,Wnt1,1.0
7553,Erg,Wnt11,1.0
7554,Erg,Wnt2,1.0
7555,Erg,Wnt3,1.0
7556,Erg,Wnt3a,1.0
7557,Erg,Zeb1,1.0
7558,Esr1,Aatf,1.0
7559,Esr1,Abcb10,1.0
7560,Esr1,Abcb11,1.0
7561,Esr1,Abcc2,1.0
7562,Esr1,Abcc3,1.0
7563,Esr1,Abl1,1.0
7564,Esr1,Ace2,1.0
7565,Esr1,Ache,1.0
7566,Esr1,Ackr3,1.0
7567,Esr1,Acp3,1.0
7568,Esr1,Acsbg1,1.0
7569,Esr1,Ada,1.0
7570,Esr1,Adcyap1,1.0
7571,Esr1,Adipoq,1.0
7572,Esr1,Adora1,1.0
7573,Esr1,Afmid,1.0
7574,Esr1,Agl,1.0
7575,Esr1,Ago1,1.0
7576,Esr1,Ago2,1.0
7577,Esr1,Ago3,1.0
7578,Esr1,Ago4,1.0
7579,Esr1,Agtr2,1.0
7580,Esr1,Ahr,1.0
7581,Esr1,Aicda,1.0
7582,Esr1,Aip,1.0
7583,Esr1,Akt1,1.0
7584,Esr1,Akt2,1.0
7585,Esr1,Aldh18a1,1.0
7586,Esr1,Alk,1.0
7587,Esr1,Amh,1.0
7588,Esr1,Anp32a,1.0
7589,Esr1,Apaf1,1.0
7590,Esr1,Apoa1,1.0
7591,Esr1,Apod,-1.0
7592,Esr1,App,1.0
7593,Esr1,Aprt,1.0
7594,Esr1,Aqp1,1.0
7595,Esr1,Ar,1.0
7596,Esr1,Areg,1.0
7597,Esr1,Arhgdia,1.0
7598,Esr1,Arid5b,1.0
7599,Esr1,Atad3a,1.0
7600,Esr1,Atp2a2,1.0
7601,Esr1,Atp7a,1.0
7602,Esr1,Aurka,1.0
7603,Esr1,Avp,1.0
7604,Esr1,Bak1,1.0
7605,Esr1,Bard1,1.0
7606,Esr1,Bax,1.0
7607,Esr1,Bcas3,1.0
7608,Esr1,Bcl2,1.0
7609,Esr1,Bcl2l1,1.0
7610,Esr1,Bcl9,1.0
7611,Esr1,Bdnf,1.0
7612,Esr1,Birc3,1.0
7613,Esr1,Birc5,1.0
7614,Esr1,Blm,1.0
7615,Esr1,Bmi1,1.0
7616,Esr1,Bmp2,1.0
7617,Esr1,Bmp6,1.0
7618,Esr1,Bmpr2,1.0
7619,Esr1,Brca1,1.0
7620,Esr1,Brca2,1.0
7621,Esr1,Brf1,1.0
7622,Esr1,Bsg,1.0
7623,Esr1,Btg2,-1.0
7624,Esr1,C3,1.0
7625,Esr1,Cad,1.0
7626,Esr1,Calca,1.0
7627,Esr1,Calm1,1.0
7628,Esr1,Capn2,1.0
7629,Esr1,Car12,1.0
7630,Esr1,Car2,1.0
7631,Esr1,Carm1,1.0
7632,Esr1,Casp12,1.0
7633,Esr1,Casp8ap2,1.0
7634,Esr1,Cav1,-1.0
7635,Esr1,Cav2,1.0
7636,Esr1,Cbfb,1.0
7637,Esr1,Ccar2,1.0
7638,Esr1,Ccl11,1.0
7639,Esr1,Ccl5,1.0
7640,Esr1,Ccn1,1.0
7641,Esr1,Ccn2,1.0
7642,Esr1,Ccn5,1.0
7643,Esr1,Ccna2,1.0
7644,Esr1,Ccnd1,1.0
7645,Esr1,Ccnd2,1.0
7646,Esr1,Ccne1,1.0
7647,Esr1,Ccng2,1.0
7648,Esr1,Cct6b,1.0
7649,Esr1,Cd24a,-1.0
7650,Esr1,Cd44,1.0
7651,Esr1,Cd86,1.0
7652,Esr1,Cdc25a,1.0
7653,Esr1,Cdc42,1.0
7654,Esr1,Cdh1,1.0
7655,Esr1,Cdh17,1.0
7656,Esr1,Cdh3,1.0
7657,Esr1,Cdk4,1.0
7658,Esr1,Cdkn1a,1.0
7659,Esr1,Cdkn1b,-1.0
7660,Esr1,Cdkn1c,1.0
7661,Esr1,Cdkn2a,1.0
7662,Esr1,Cdkn2b,1.0
7663,Esr1,Cdkn2c,1.0
7664,Esr1,Cebpb,1.0
7665,Esr1,Cflar,1.0
7666,Esr1,Chat,1.0
7667,Esr1,Cish,1.0
7668,Esr1,Ckb,1.0
7669,Esr1,Clasrp,1.0
7670,Esr1,Clca1,1.0
7671,Esr1,Clip1,1.0
7672,Esr1,Col2a1,1.0
7673,Esr1,Comt,1.0
7674,Esr1,Crabp2,1.0
7675,Esr1,Crebzf,1.0
7676,Esr1,Crh,-1.0
7677,Esr1,Crhbp,1.0
7678,Esr1,Cryab,1.0
7679,Esr1,Csn2,-1.0
7680,Esr1,Ctla4,1.0
7681,Esr1,Ctnnb1,-1.0
7682,Esr1,Ctsd,1.0
7683,Esr1,Cxcl12,1.0
7684,Esr1,Cxcr4,-1.0
7685,Esr1,Cyp11a1,1.0
7686,Esr1,Cyp17a1,-1.0
7687,Esr1,Cyp19a1,-1.0
7688,Esr1,Cyp1a1,-1.0
7689,Esr1,Cyp1b1,1.0
7690,Esr1,Cyp27a1,-1.0
7691,Esr1,Cyp7b1,1.0
7692,Esr1,Dach1,1.0
7693,Esr1,Dbh,1.0
7694,Esr1,Dbi,1.0
7695,Esr1,Dct,1.0
7696,Esr1,Ddit3,1.0
7697,Esr1,Ddx17,1.0
7698,Esr1,Dhcr24,1.0
7699,Esr1,Dlc1,1.0
7700,Esr1,Dnmt1,1.0
7701,Esr1,E2f1,1.0
7702,Esr1,Ecm1,1.0
7703,Esr1,Edn1,-1.0
7704,Esr1,Edn3,1.0
7705,Esr1,Ednra,1.0
7706,Esr1,Egf,1.0
7707,Esr1,Egfr,1.0
7708,Esr1,Egln2,1.0
7709,Esr1,Egr1,1.0
7710,Esr1,Ehmt2,1.0
7711,Esr1,Eif5b,1.0
7712,Esr1,Elp1,1.0
7713,Esr1,Emp1,1.0
7714,Esr1,Ep300,1.0
7715,Esr1,Epha1,1.0
7716,Esr1,Ephb2,1.0
7717,Esr1,Ephb4,1.0
7718,Esr1,Ephx1,1.0
7719,Esr1,Eppin,1.0
7720,Esr1,Erbb2,1.0
7721,Esr1,Erbb4,1.0
7722,Esr1,Esr2,1.0
7723,Esr1,Esrra,1.0
7724,Esr1,Etv4,1.0
7725,Esr1,F12,1.0
7726,Esr1,F5,1.0
7727,Esr1,Fas,1.0
7728,Esr1,Fasl,1.0
7729,Esr1,Fasn,1.0
7730,Esr1,Fbln1,1.0
7731,Esr1,Fbln2,1.0
7732,Esr1,Fcer1g,1.0
7733,Esr1,Fcgr4,1.0
7734,Esr1,Fgf2,1.0
7735,Esr1,Fgf7,1.0
7736,Esr1,Fgf8,1.0
7737,Esr1,Fgfr3,1.0
7738,Esr1,Fhl2,1.0
7739,Esr1,Fkbpl,1.0
7740,Esr1,Flii,1.0
7741,Esr1,Flt1,-1.0
7742,Esr1,Folr1,-1.0
7743,Esr1,Fos,1.0
7744,Esr1,Fosb,1.0
7745,Esr1,Fosl1,1.0
7746,Esr1,Foxc1,1.0
7747,Esr1,Foxm1,1.0
7748,Esr1,Foxo1,1.0
7749,Esr1,Foxp1,1.0
7750,Esr1,Fshb,1.0
7751,Esr1,G6pc1,1.0
7752,Esr1,Gad2,1.0
7753,Esr1,Gal,1.0
7754,Esr1,Galns,1.0
7755,Esr1,Gas6,1.0
7756,Esr1,Gast,1.0
7757,Esr1,Gch1,1.0
7758,Esr1,Gclc,1.0
7759,Esr1,Gh,1.0
7760,Esr1,Ghrhr,1.0
7761,Esr1,Gjb2,1.0
7762,Esr1,Gjd2,1.0
7763,Esr1,Glb1,1.0
7764,Esr1,Gnb1,1.0
7765,Esr1,Gnrh1,1.0
7766,Esr1,Gnrhr,-1.0
7767,Esr1,Gper1,1.0
7768,Esr1,Gps2,1.0
7769,Esr1,Grb14,1.0
7770,Esr1,Greb1,1.0
7771,Esr1,Gria2,1.0
7772,Esr1,Grik1,1.0
7773,Esr1,Grin2d,1.0
7774,Esr1,Gsg1,1.0
7775,Esr1,Gsn,1.0
7776,Esr1,Gstk1,1.0
7777,Esr1,Gtf2b,1.0
7778,Esr1,H2-Ab1,1.0
7779,Esr1,H2az1,1.0
7780,Esr1,Hadhb,1.0
7781,Esr1,Hdlbp,1.0
7782,Esr1,Hes1,1.0
7783,Esr1,Hexim1,1.0
7784,Esr1,Hmgb1,1.0
7785,Esr1,Hmgn1,1.0
7786,Esr1,Hoxa1,1.0
7787,Esr1,Hoxa10,1.0
7788,Esr1,Hoxc10,1.0
7789,Esr1,Hoxc13,1.0
7790,Esr1,Hoxc6,1.0
7791,Esr1,Hpgds,1.0
7792,Esr1,Hpse,1.0
7793,Esr1,Hras,1.0
7794,Esr1,Hsd11b2,1.0
7795,Esr1,Hsd17b3,-1.0
7796,Esr1,Hsd17b8,1.0
7797,Esr1,Hsp90aa1,1.0
7798,Esr1,Hsp90b1,1.0
7799,Esr1,Hspb1,1.0
7800,Esr1,Htra2,1.0
7801,Esr1,Ibsp,1.0
7802,Esr1,Icam1,1.0
7803,Esr1,Ifng,1.0
7804,Esr1,Igf1,1.0
7805,Esr1,Igf1r,1.0
7806,Esr1,Igfbp1,1.0
7807,Esr1,Igfbp3,1.0
7808,Esr1,Igfbp4,1.0
7809,Esr1,Il1a,1.0
7810,Esr1,Il1b,1.0
7811,Esr1,Il2,1.0
7812,Esr1,Il4,1.0
7813,Esr1,Il6,1.0
7814,Esr1,Imp3,1.0
7815,Esr1,Inhba,1.0
7816,Esr1,Insr,1.0
7817,Esr1,Irs1,1.0
7818,Esr1,Itga2,1.0
7819,Esr1,Itgb3bp,1.0
7820,Esr1,Itgb7,1.0
7821,Esr1,Itk,1.0
7822,Esr1,Itpa,1.0
7823,Esr1,Itpr1,1.0
7824,Esr1,Itprid2,1.0
7825,Esr1,Jak2,1.0
7826,Esr1,Jun,1.0
7827,Esr1,Junb,1.0
7828,Esr1,Jup,1.0
7829,Esr1,Kat2a,1.0
7830,Esr1,Kat2b,1.0
7831,Esr1,Kcnk5,1.0
7832,Esr1,Kcnmb1,1.0
7833,Esr1,Kcnn3,1.0
7834,Esr1,Kdm4b,1.0
7835,Esr1,Kdr,1.0
7836,Esr1,Kif18a,1.0
7837,Esr1,Kras,1.0
7838,Esr1,Krt13,1.0
7839,Esr1,Krt14,1.0
7840,Esr1,Krt15,1.0
7841,Esr1,Krt19,1.0
7842,Esr1,Krt5,1.0
7843,Esr1,Krt9,1.0
7844,Esr1,Lama1,1.0
7845,Esr1,Lcn2,1.0
7846,Esr1,Lcp1,1.0
7847,Esr1,Ldlr,1.0
7848,Esr1,Lep,1.0
7849,Esr1,Lgals8,1.0
7850,Esr1,Lipc,1.0
7851,Esr1,Litaf,1.0
7852,Esr1,Lmo4,1.0
7853,Esr1,Lpl,1.0
7854,Esr1,Ltbp1,1.0
7855,Esr1,Ltf,1.0
7856,Esr1,Macrod1,1.0
7857,Esr1,Maob,1.0
7858,Esr1,Map2k2,1.0
7859,Esr1,Map2k5,1.0
7860,Esr1,Map3k14,1.0
7861,Esr1,Mapk1,1.0
7862,Esr1,Mapk12,1.0
7863,Esr1,Mapk8,1.0
7864,Esr1,Mb,1.0
7865,Esr1,Mdm2,1.0
7866,Esr1,Me3,1.0
7867,Esr1,Mecp2,1.0
7868,Esr1,Med1,1.0
7869,Esr1,Med25,1.0
7870,Esr1,Memo1,1.0
7871,Esr1,Mfge8,1.0
7872,Esr1,Mgarp,1.0
7873,Esr1,Mgp,1.0
7874,Esr1,Mill2,1.0
7875,Esr1,Mme,1.0
7876,Esr1,Mmp13,1.0
7877,Esr1,Mmp2,1.0
7878,Esr1,Mmp9,1.0
7879,Esr1,Mpped2,1.0
7880,Esr1,Mrpl41,1.0
7881,Esr1,Msx2,1.0
7882,Esr1,Mta2,1.0
7883,Esr1,Mta3,1.0
7884,Esr1,Mto1,1.0
7885,Esr1,Muc1,1.0
7886,Esr1,Myb,1.0
7887,Esr1,Myc,1.0
7888,Esr1,Myh11,1.0
7889,Esr1,Myod1,1.0
7890,Esr1,Ncoa2,1.0
7891,Esr1,Ncoa3,1.0
7892,Esr1,Ncor1,1.0
7893,Esr1,Nek6,1.0
7894,Esr1,Nelfb,1.0
7895,Esr1,Nell2,1.0
7896,Esr1,Neurod1,1.0
7897,Esr1,Neurog2,1.0
7898,Esr1,Nfatc4,1.0
7899,Esr1,Nfe2l2,-1.0
7900,Esr1,Nfib,1.0
7901,Esr1,Nfkb1,1.0
7902,Esr1,Nfya,1.0
7903,Esr1,Nid2,1.0
7904,Esr1,Nme1,1.0
7905,Esr1,Nono,1.0
7906,Esr1,Nos1,1.0
7907,Esr1,Nos2,-1.0
7908,Esr1,Nos3,1.0
7909,Esr1,Notch2,1.0
7910,Esr1,Notch4,1.0
7911,Esr1,Npas4,1.0
7912,Esr1,Npy,1.0
7913,Esr1,Nqo1,-1.0
7914,Esr1,Nr0b2,-1.0
7915,Esr1,Nr1h3,1.0
7916,Esr1,Nr3c1,1.0
7917,Esr1,Nr4a1,-1.0
7918,Esr1,Nr5a2,1.0
7919,Esr1,Nrf1,1.0
7920,Esr1,Nrip1,1.0
7921,Esr1,Nsmf,1.0
7922,Esr1,Odc1,1.0
7923,Esr1,Odf2,1.0
7924,Esr1,Opn1mw,1.0
7925,Esr1,Otub1,1.0
7926,Esr1,Oxt,-1.0
7927,Esr1,Oxtr,1.0
7928,Esr1,Padi4,1.0
7929,Esr1,Pbx1,1.0
7930,Esr1,Pck1,1.0
7931,Esr1,Pcx,1.0
7932,Esr1,Pecr,1.0
7933,Esr1,Pelp1,1.0
7934,Esr1,Penk,1.0
7935,Esr1,Pgr,1.0
7936,Esr1,Phb1,1.0
7937,Esr1,Phlda1,1.0
7938,Esr1,Pias1,1.0
7939,Esr1,Pias3,1.0
7940,Esr1,Pik3r1,1.0
7941,Esr1,Pkib,1.0
7942,Esr1,Plac1,1.0
7943,Esr1,Plin1,1.0
7944,Esr1,Pmaip1,1.0
7945,Esr1,Pofut1,1.0
7946,Esr1,Polr2f,1.0
7947,Esr1,Pomc,1.0
7948,Esr1,Por,1.0
7949,Esr1,Ppara,-1.0
7950,Esr1,Pparg,-1.0
7951,Esr1,Ppargc1a,1.0
7952,Esr1,Ppargc1b,1.0
7953,Esr1,Ppm1d,1.0
7954,Esr1,Prdx3,1.0
7955,Esr1,Prkaca,1.0
7956,Esr1,Prkca,1.0
7957,Esr1,Prkcd,1.0
7958,Esr1,Prkdc,1.0
7959,Esr1,Prkg1,1.0
7960,Esr1,Prkn,1.0
7961,Esr1,Prlr,1.0
7962,Esr1,Prmt1,1.0
7963,Esr1,Prmt2,1.0
7964,Esr1,Pros1,-1.0
7965,Esr1,Prss23,1.0
7966,Esr1,Prune1,1.0
7967,Esr1,Psen2,1.0
7968,Esr1,Psmb8,1.0
7969,Esr1,Psmd4,1.0
7970,Esr1,Ptcra,1.0
7971,Esr1,Ptgds,1.0
7972,Esr1,Ptges,1.0
7973,Esr1,Ptgfr,1.0
7974,Esr1,Ptgs1,1.0
7975,Esr1,Ptgs2,-1.0
7976,Esr1,Pth,1.0
7977,Esr1,Ptma,-1.0
7978,Esr1,Ptpn6,1.0
7979,Esr1,Ptprg,1.0
7980,Esr1,Ptpro,1.0
7981,Esr1,Ptrh2,1.0
7982,Esr1,Pts,1.0
7983,Esr1,Pttg1ip,1.0
7984,Esr1,Pwp1,1.0
7985,Esr1,Rab31,1.0
7986,Esr1,Rac1,1.0
7987,Esr1,Rad21,1.0
7988,Esr1,Rara,1.0
7989,Esr1,Rarb,1.0
7990,Esr1,Rbl2,1.0
7991,Esr1,Relb,-1.0
7992,Esr1,Reln,1.0
7993,Esr1,Ret,1.0
7994,Esr1,Retn,1.0
7995,Esr1,Rgn,1.0
7996,Esr1,Rho,1.0
7997,Esr1,Rlim,1.0
7998,Esr1,Rln1,1.0
7999,Esr1,Rnf115,1.0
8000,Esr1,Rora,1.0
8001,Esr1,Rprm,-1.0
8002,Esr1,Rps6kb1,1.0
8003,Esr1,Runx2,1.0
8004,Esr1,Ryk,1.0
8005,Esr1,S100g,1.0
8006,Esr1,S1pr1,1.0
8007,Esr1,Safb,1.0
8008,Esr1,Sall1,1.0
8009,Esr1,Sap30,1.0
8010,Esr1,Scarb1,1.0
8011,Esr1,Scn10a,-1.0
8012,Esr1,Scn11a,-1.0
8013,Esr1,Scn1a,-1.0
8014,Esr1,Scn5a,-1.0
8015,Esr1,Scn8a,1.0
8016,Esr1,Scn9a,-1.0
8017,Esr1,Serinc1,1.0
8018,Esr1,Serpinb5,1.0
8019,Esr1,Serpine1,1.0
8020,Esr1,Sgcb,1.0
8021,Esr1,Sgk3,1.0
8022,Esr1,Shbg,1.0
8023,Esr1,Siah2,1.0
8024,Esr1,Sik2,1.0
8025,Esr1,Sin3a,1.0
8026,Esr1,Sirt1,1.0
8027,Esr1,Skil,1.0
8028,Esr1,Skp2,1.0
8029,Esr1,Slc10a4,1.0
8030,Esr1,Slc1a2,1.0
8031,Esr1,Slc2a2,1.0
8032,Esr1,Slc2a4,1.0
8033,Esr1,Slc34a2,1.0
8034,Esr1,Slc38a2,1.0
8035,Esr1,Slc5a5,1.0
8036,Esr1,Slco1b2,1.0
8037,Esr1,Smarca4,1.0
8038,Esr1,Smurf2,1.0
8039,Esr1,Snai1,1.0
8040,Esr1,Snai2,-1.0
8041,Esr1,Snca,1.0
8042,Esr1,Socs3,1.0
8043,Esr1,Sp1,1.0
8044,Esr1,Sparc,1.0
8045,Esr1,Spata2,1.0
8046,Esr1,Spi1,1.0
8047,Esr1,Spp1,1.0
8048,Esr1,Sra1,1.0
8049,Esr1,Src,1.0
8050,Esr1,Srebf1,-1.0
8051,Esr1,St8sia1,1.0
8052,Esr1,Star,-1.0
8053,Esr1,Stat5a,1.0
8054,Esr1,Stc2,1.0
8055,Esr1,Stim1,1.0
8056,Esr1,Stk11,-1.0
8057,Esr1,Stx18,1.0
8058,Esr1,Sumo1,1.0
8059,Esr1,Syp,1.0
8060,Esr1,Tac2,1.0
8061,Esr1,Tap2,1.0
8062,Esr1,Tat,1.0
8063,Esr1,Tbxa2r,1.0
8064,Esr1,Tdg,1.0
8065,Esr1,Tdo2,1.0
8066,Esr1,Tek,1.0
8067,Esr1,Tert,1.0
8068,Esr1,Tex11,1.0
8069,Esr1,Tfap2a,1.0
8070,Esr1,Tfap2c,1.0
8071,Esr1,Tff1,1.0
8072,Esr1,Tfpi2,1.0
8073,Esr1,Tg,1.0
8074,Esr1,Tgfa,1.0
8075,Esr1,Tgfb3,1.0
8076,Esr1,Th,1.0
8077,Esr1,Thbs2,1.0
8078,Esr1,Thop1,1.0
8079,Esr1,Thra,1.0
8080,Esr1,Timm17a,1.0
8081,Esr1,Timmdc1,1.0
8082,Esr1,Timp4,1.0
8083,Esr1,Tkt,1.0
8084,Esr1,Tle1,1.0
8085,Esr1,Tlr2,1.0
8086,Esr1,Tlr9,1.0
8087,Esr1,Tmprss2,1.0
8088,Esr1,Tnf,1.0
8089,Esr1,Tnfrsf11a,1.0
8090,Esr1,Tnfrsf11b,1.0
8091,Esr1,Tnfrsf13c,1.0
8092,Esr1,Tnfsf11,-1.0
8093,Esr1,Tnip1,1.0
8094,Esr1,Tph2,1.0
8095,Esr1,Trappc2l,1.0
8096,Esr1,Trf,1.0
8097,Esr1,Trh,1.0
8098,Esr1,Trim16,1.0
8099,Esr1,Trim21,1.0
8100,Esr1,Trim25,1.0
8101,Esr1,Trim63,1.0
8102,Esr1,Trp53,-1.0
8103,Esr1,Trps1,1.0
8104,Esr1,Trpv6,1.0
8105,Esr1,Tsc2,1.0
8106,Esr1,Tsc22d3,-1.0
8107,Esr1,Tshb,-1.0
8108,Esr1,Tspyl5,1.0
8109,Esr1,Txn1,1.0
8110,Esr1,Tyms,1.0
8111,Esr1,U2af1,1.0
8112,Esr1,Ube2d2a,1.0
8113,Esr1,Ube2i,1.0
8114,Esr1,Ucn,1.0
8115,Esr1,Vcp,1.0
8116,Esr1,Vdr,1.0
8117,Esr1,Vegfa,1.0
8118,Esr1,Vegfc,-1.0
8119,Esr1,Vim,1.0
8120,Esr1,Wbp2,1.0
8121,Esr1,Wif1,1.0
8122,Esr1,Wnk4,-1.0
8123,Esr1,Wnt5a,1.0
8124,Esr1,Wt1,1.0
8125,Esr1,Xcl1,1.0
8126,Esr1,Yeats4,1.0
8127,Esr1,Ywhaq,1.0
8128,Esr1,Zeb1,1.0
8129,Esr1,Zfhx3,1.0
8130,Esr1,Zfp398,1.0
8131,Esr1,Zmynd8,1.0
8132,Esr1,mt-Atp6,1.0
8133,Esr2,Acp3,1.0
8134,Esr2,Adipoq,1.0
8135,Esr2,Adora1,1.0
8136,Esr2,Ahr,1.0
8137,Esr2,Akt1,1.0
8138,Esr2,Amh,1.0
8139,Esr2,App,1.0
8140,Esr2,Aqp3,1.0
8141,Esr2,Ar,1.0
8142,Esr2,Arhgdia,1.0
8143,Esr2,Atp7a,1.0
8144,Esr2,Avp,1.0
8145,Esr2,B3gat3,1.0
8146,Esr2,Bcl2,1.0
8147,Esr2,Bcl9,1.0
8148,Esr2,Birc5,-1.0
8149,Esr2,Bmp10,1.0
8150,Esr2,Bmp2,1.0
8151,Esr2,Bmp6,1.0
8152,Esr2,Brca2,-1.0
8153,Esr2,Btg2,1.0
8154,Esr2,C3,1.0
8155,Esr2,Capn2,1.0
8156,Esr2,Cav1,1.0
8157,Esr2,Ccar2,1.0
8158,Esr2,Ccdc62,1.0
8159,Esr2,Ccna2,-1.0
8160,Esr2,Ccnb1,1.0
8161,Esr2,Ccnd1,-1.0
8162,Esr2,Ccne1,-1.0
8163,Esr2,Cd68,1.0
8164,Esr2,Cdkn1a,1.0
8165,Esr2,Cdkn1b,1.0
8166,Esr2,Chat,1.0
8167,Esr2,Clu,1.0
8168,Esr2,Cog5,1.0
8169,Esr2,Crebbp,1.0
8170,Esr2,Crh,-1.0
8171,Esr2,Crhbp,-1.0
8172,Esr2,Cryz,1.0
8173,Esr2,Csn2,-1.0
8174,Esr2,Ctif,1.0
8175,Esr2,Ctsd,1.0
8176,Esr2,Cyp1a1,1.0
8177,Esr2,Cyp1b1,1.0
8178,Esr2,Cyp27a1,-1.0
8179,Esr2,Dbh,1.0
8180,Esr2,Dlg4,1.0
8181,Esr2,Dmbt1,1.0
8182,Esr2,Dnah9,1.0
8183,Esr2,Dnmt3a,1.0
8184,Esr2,Dnmt3b,1.0
8185,Esr2,Egfr,-1.0
8186,Esr2,Egln1,1.0
8187,Esr2,Eif2d,1.0
8188,Esr2,Ephb2,1.0
8189,Esr2,Erbb2,1.0
8190,Esr2,Erg,-1.0
8191,Esr2,Esr1,-1.0
8192,Esr2,Fasl,1.0
8193,Esr2,Fbln1,1.0
8194,Esr2,Fcgr4,1.0
8195,Esr2,Fech,1.0
8196,Esr2,Fen1,1.0
8197,Esr2,Folr1,1.0
8198,Esr2,Fos,-1.0
8199,Esr2,Foxm1,-1.0
8200,Esr2,Fshb,1.0
8201,Esr2,Fyb,1.0
8202,Esr2,Gad2,1.0
8203,Esr2,Gadd45a,1.0
8204,Esr2,Gch1,1.0
8205,Esr2,Gclc,1.0
8206,Esr2,Gcsh,1.0
8207,Esr2,Glrx,1.0
8208,Esr2,Gnb1,1.0
8209,Esr2,Gnrh1,1.0
8210,Esr2,Gpx3,1.0
8211,Esr2,Grin2d,1.0
8212,Esr2,Grip1,1.0
8213,Esr2,Gsn,1.0
8214,Esr2,H2-Ab1,1.0
8215,Esr2,Hdlbp,1.0
8216,Esr2,Hmox1,1.0
8217,Esr2,Hnmt,1.0
8218,Esr2,Hoxa10,1.0
8219,Esr2,Hoxc10,1.0
8220,Esr2,Hoxc13,1.0
8221,Esr2,Hoxc6,1.0
8222,Esr2,Hsd17b8,1.0
8223,Esr2,Igf1,1.0
8224,Esr2,Imp3,1.0
8225,Esr2,Inhba,1.0
8226,Esr2,Insr,-1.0
8227,Esr2,Iqgap1,1.0
8228,Esr2,Jun,1.0
8229,Esr2,Krt19,1.0
8230,Esr2,Ldlr,1.0
8231,Esr2,Maob,1.0
8232,Esr2,Map2k5,1.0
8233,Esr2,Mapk8,1.0
8234,Esr2,Med7,1.0
8235,Esr2,Mef2d,1.0
8236,Esr2,Mknk2,1.0
8237,Esr2,Mlh1,1.0
8238,Esr2,Mme,1.0
8239,Esr2,Mmp13,1.0
8240,Esr2,Mmp2,1.0
8241,Esr2,Muc1,1.0
8242,Esr2,Myc,-1.0
8243,Esr2,Ncor1,1.0
8244,Esr2,Nell2,1.0
8245,Esr2,Nfkbia,1.0
8246,Esr2,Ninj1,1.0
8247,Esr2,Nipsnap2,1.0
8248,Esr2,Nos2,1.0
8249,Esr2,Nos3,1.0
8250,Esr2,Notch1,1.0
8251,Esr2,Notch2,1.0
8252,Esr2,Nr5a2,1.0
8253,Esr2,Nrf1,1.0
8254,Esr2,Nrg1,1.0
8255,Esr2,Nrip1,1.0
8256,Esr2,Oxt,1.0
8257,Esr2,Oxtr,-1.0
8258,Esr2,P3h4,1.0
8259,Esr2,Pbx1,1.0
8260,Esr2,Pdgfa,1.0
8261,Esr2,Pdgfb,-1.0
8262,Esr2,Pelp1,1.0
8263,Esr2,Penk,1.0
8264,Esr2,Pes1,1.0
8265,Esr2,Pgr,1.0
8266,Esr2,Plxnb3,1.0
8267,Esr2,Prodh,1.0
8268,Esr2,Prune1,1.0
8269,Esr2,Psmd4,1.0
8270,Esr2,Pten,1.0
8271,Esr2,Ptgds,1.0
8272,Esr2,Ptgs1,1.0
8273,Esr2,Ptprc,1.0
8274,Esr2,Ptpro,1.0
8275,Esr2,Rara,1.0
8276,Esr2,Rarb,1.0
8277,Esr2,Rhd,1.0
8278,Esr2,Scn10a,-1.0
8279,Esr2,Scn11a,-1.0
8280,Esr2,Scn1a,-1.0
8281,Esr2,Scn5a,1.0
8282,Esr2,Scn9a,-1.0
8283,Esr2,Serpind1,1.0
8284,Esr2,Serpine1,-1.0
8285,Esr2,Sftpb,1.0
8286,Esr2,Slc16a4,1.0
8287,Esr2,Slc1a2,1.0
8288,Esr2,Slc2a4,1.0
8289,Esr2,Spp1,1.0
8290,Esr2,Sra1,1.0
8291,Esr2,Src,1.0
8292,Esr2,St13,1.0
8293,Esr2,Stat5a,1.0
8294,Esr2,Stub1,1.0
8295,Esr2,Tac2,1.0
8296,Esr2,Tbxa2r,1.0
8297,Esr2,Tdg,1.0
8298,Esr2,Tert,1.0
8299,Esr2,Tex11,1.0
8300,Esr2,Tfdp1,1.0
8301,Esr2,Tff1,1.0
8302,Esr2,Tfpi2,1.0
8303,Esr2,Tgfa,1.0
8304,Esr2,Tgfb3,1.0
8305,Esr2,Tgm2,1.0
8306,Esr2,Th,1.0
8307,Esr2,Tmprss2,-1.0
8308,Esr2,Tnc,1.0
8309,Esr2,Tnf,1.0
8310,Esr2,Tnfrsf10b,1.0
8311,Esr2,Tph1,1.0
8312,Esr2,Tph2,1.0
8313,Esr2,Trip10,1.0
8314,Esr2,Trp63,1.0
8315,Esr2,Ubc,1.0
8316,Esr2,Ucn,1.0
8317,Esr2,Vangl1,1.0
8318,Esr2,Vdr,1.0
8319,Esr2,Vegfa,-1.0
8320,Esr2,Wfdc2,1.0
8321,Esr2,Wnt2,1.0
8322,Esr2,mt-Atp6,1.0
8323,Esrra,Acadm,1.0
8324,Esrra,Ahr,1.0
8325,Esrra,Apoa4,1.0
8326,Esrra,Cidea,1.0
8327,Esrra,Cyc1,1.0
8328,Esrra,Cyp19a1,1.0
8329,Esrra,Dap3,1.0
8330,Esrra,Esr1,1.0
8331,Esrra,Gck,1.0
8332,Esrra,Ibsp,1.0
8333,Esrra,Ldhb,1.0
8334,Esrra,Ltf,1.0
8335,Esrra,Maob,1.0
8336,Esrra,Mfn2,1.0
8337,Esrra,Nos3,1.0
8338,Esrra,Nr0b1,1.0
8339,Esrra,Nr0b2,1.0
8340,Esrra,Nr1d1,1.0
8341,Esrra,Nr2f1,-1.0
8342,Esrra,Nr2f6,-1.0
8343,Esrra,Nrip1,1.0
8344,Esrra,Pck1,-1.0
8345,Esrra,Pck2,-1.0
8346,Esrra,Pdk4,1.0
8347,Esrra,Pnrc1,1.0
8348,Esrra,Ppara,1.0
8349,Esrra,Ppargc1a,1.0
8350,Esrra,Rnf208,1.0
8351,Esrra,Runx2,1.0
8352,Esrra,Sct,1.0
8353,Esrra,Sftpa1,1.0
8354,Esrra,Sirt3,1.0
8355,Esrra,Snai1,-1.0
8356,Esrra,Snai2,-1.0
8357,Esrra,Sox9,1.0
8358,Esrra,Sp1,1.0
8359,Esrra,Spp1,1.0
8360,Esrra,Tff1,1.0
8361,Esrra,Thra,1.0
8362,Esrra,Ucp1,1.0
8363,Esrra,Vegfa,1.0
8364,Esrra,Wnt11,1.0
8365,Esrrb,Bcas2,1.0
8366,Esrrb,Brca2,-1.0
8367,Esrrb,Cdh1,1.0
8368,Esrrb,Cdkn1a,1.0
8369,Esrrb,Fst,1.0
8370,Esrrb,Nanog,1.0
8371,Esrrb,Nr0b1,1.0
8372,Esrrb,Nrip1,1.0
8373,Esrrb,Otx2,1.0
8374,Esrrb,Pou5f1,1.0
8375,Esrrb,Thra,1.0
8376,Esrrg,Acadm,1.0
8377,Esrrg,Atf6,1.0
8378,Esrrg,Cdkn1a,1.0
8379,Esrrg,Cdkn1b,1.0
8380,Esrrg,Creb3l3,1.0
8381,Esrrg,Crebzf,1.0
8382,Esrrg,Crp,1.0
8383,Esrrg,Cyp19a1,1.0
8384,Esrrg,Dnase1,1.0
8385,Esrrg,Dnmt1,1.0
8386,Esrrg,Esrra,1.0
8387,Esrrg,Gata4,1.0
8388,Esrrg,Ibsp,-1.0
8389,Esrrg,Nr0b1,1.0
8390,Esrrg,Nr0b2,1.0
8391,Esrrg,Nrip1,1.0
8392,Esrrg,Pck1,1.0
8393,Esrrg,Pdk4,1.0
8394,Esrrg,Plk2,1.0
8395,Esrrg,Ppargc1a,1.0
8396,Esrrg,Ppargc1b,1.0
8397,Esrrg,Spp1,1.0
8398,Esrrg,Wdr5,-1.0
8399,Esrrg,Yy1,1.0
8400,Esx1,Kras,-1.0
8401,Ets1,Ace,1.0
8402,Ets1,Alg12,1.0
8403,Ets1,Angpt2,1.0
8404,Ets1,Anpep,1.0
8405,Ets1,Arhgdib,1.0
8406,Ets1,Atp2a3,1.0
8407,Ets1,Atxn2,1.0
8408,Ets1,B4galt1,1.0
8409,Ets1,B4galt5,1.0
8410,Ets1,Bax,-1.0
8411,Ets1,Bcl2,1.0
8412,Ets1,Bcl2l1,1.0
8413,Ets1,Birc3,1.0
8414,Ets1,Bmp4,1.0
8415,Ets1,C3ar1,1.0
8416,Ets1,Car9,-1.0
8417,Ets1,Casp1,1.0
8418,Ets1,Casp3,1.0
8419,Ets1,Casp8,1.0
8420,Ets1,Ccn2,1.0
8421,Ets1,Ccna2,1.0
8422,Ets1,Ccnd1,1.0
8423,Ets1,Ccnd3,-1.0
8424,Ets1,Ccng1,1.0
8425,Ets1,Cd3d,1.0
8426,Ets1,Cd4,1.0
8427,Ets1,Cd44,1.0
8428,Ets1,Cd6,1.0
8429,Ets1,Cd79a,1.0
8430,Ets1,Cd8a,1.0
8431,Ets1,Cdh5,1.0
8432,Ets1,Cdk11b,1.0
8433,Ets1,Cdkn1a,1.0
8434,Ets1,Cdkn2a,1.0
8435,Ets1,Cga,1.0
8436,Ets1,Chrna3,1.0
8437,Ets1,Chuk,1.0
8438,Ets1,Col1a1,1.0
8439,Ets1,Col1a2,1.0
8440,Ets1,Col2a1,1.0
8441,Ets1,Cox4i1,1.0
8442,Ets1,Cr1l,1.0
8443,Ets1,Cryab,1.0
8444,Ets1,Csf2,1.0
8445,Ets1,Csf3r,1.0
8446,Ets1,Csnk2a1,1.0
8447,Ets1,Csnk2a2,1.0
8448,Ets1,Csnk2b,1.0
8449,Ets1,Ctsb,1.0
8450,Ets1,Cxcr4,1.0
8451,Ets1,Cygb,1.0
8452,Ets1,Cyp24a1,1.0
8453,Ets1,Daxx,1.0
8454,Ets1,Ddit3,1.0
8455,Ets1,Dld,1.0
8456,Ets1,Dntt,1.0
8457,Ets1,Dpp3,1.0
8458,Ets1,Dusp6,1.0
8459,Ets1,Ebf1,1.0
8460,Ets1,Ece1,1.0
8461,Ets1,Egr1,1.0
8462,Ets1,Elane,1.0
8463,Ets1,Emsy,1.0
8464,Ets1,Epor,-1.0
8465,Ets1,Erbb2,1.0
8466,Ets1,Ereg,1.0
8467,Ets1,Erg,1.0
8468,Ets1,Ets2,1.0
8469,Ets1,F13a1,1.0
8470,Ets1,F3,1.0
8471,Ets1,Fas,1.0
8472,Ets1,Fasl,1.0
8473,Ets1,Fgfbp1,1.0
8474,Ets1,Fli1,1.0
8475,Ets1,Flt1,1.0
8476,Ets1,Flt4,1.0
8477,Ets1,Flvcr1,1.0
8478,Ets1,Fn1,1.0
8479,Ets1,Folh1,1.0
8480,Ets1,Fos,1.0
8481,Ets1,Foxd1,1.0
8482,Ets1,Foxp3,1.0
8483,Ets1,Gata1,1.0
8484,Ets1,Gata2,1.0
8485,Ets1,Gata4,1.0
8486,Ets1,Gh,1.0
8487,Ets1,Gp5,1.0
8488,Ets1,Gp6,1.0
8489,Ets1,Gp9,1.0
8490,Ets1,Grpr,1.0
8491,Ets1,Hmox1,1.0
8492,Ets1,Hoxb3,1.0
8493,Ets1,Hpgd,1.0
8494,Ets1,Ier2,1.0
8495,Ets1,Ift20,1.0
8496,Ets1,Igfbp1,1.0
8497,Ets1,Il10,1.0
8498,Ets1,Il13,-1.0
8499,Ets1,Il2,-1.0
8500,Ets1,Il24,1.0
8501,Ets1,Il2rb,1.0
8502,Ets1,Il3,-1.0
8503,Ets1,Il4,1.0
8504,Ets1,Il5,1.0
8505,Ets1,Il7r,1.0
8506,Ets1,Ilk,1.0
8507,Ets1,Itga10,1.0
8508,Ets1,Itga2b,1.0
8509,Ets1,Itga3,1.0
8510,Ets1,Itga5,1.0
8511,Ets1,Itgav,1.0
8512,Ets1,Itgb3,1.0
8513,Ets1,Jak3,1.0
8514,Ets1,Jun,1.0
8515,Ets1,Junb,1.0
8516,Ets1,Kdr,1.0
8517,Ets1,Krt14,1.0
8518,Ets1,Krt8,1.0
8519,Ets1,Lck,1.0
8520,Ets1,Lcp1,1.0
8521,Ets1,Lmo2,1.0
8522,Ets1,Ltb,1.0
8523,Ets1,Mcl1,1.0
8524,Ets1,Mdm2,-1.0
8525,Ets1,Mdm4,1.0
8526,Ets1,Met,1.0
8527,Ets1,Mgat5,1.0
8528,Ets1,Mmp13,1.0
8529,Ets1,Mmp2,1.0
8530,Ets1,Mmp7,1.0
8531,Ets1,Mmp9,1.0
8532,Ets1,Mpl,1.0
8533,Ets1,Mtrr,1.0
8534,Ets1,Muc4,1.0
8535,Ets1,Muc5ac,1.0
8536,Ets1,Myb,1.0
8537,Ets1,Ndrg1,-1.0
8538,Ets1,Nkx3-1,1.0
8539,Ets1,Nos2,1.0
8540,Ets1,Nos3,1.0
8541,Ets1,Npr1,1.0
8542,Ets1,Nr1h2,1.0
8543,Ets1,Nr1i2,1.0
8544,Ets1,Nr2f1,1.0
8545,Ets1,Nr4a1,1.0
8546,Ets1,Nrp1,1.0
8547,Ets1,Oprd1,1.0
8548,Ets1,Ormdl3,1.0
8549,Ets1,Parp1,1.0
8550,Ets1,Pcyt1a,1.0
8551,Ets1,Pdgfa,1.0
8552,Ets1,Pdgfd,1.0
8553,Ets1,Pdpn,1.0
8554,Ets1,Pecam1,1.0
8555,Ets1,Perp,1.0
8556,Ets1,Pf4,1.0
8557,Ets1,Pim3,1.0
8558,Ets1,Plau,1.0
8559,Ets1,Ppp2ca,1.0
8560,Ets1,Ppp2r1b,1.0
8561,Ets1,Prf1,1.0
8562,Ets1,Psen1,1.0
8563,Ets1,Psmb5,1.0
8564,Ets1,Pspn,1.0
8565,Ets1,Ptgs2,1.0
8566,Ets1,Pth,1.0
8567,Ets1,Pthlh,1.0
8568,Ets1,Ptpa,1.0
8569,Ets1,Rad51,1.0
8570,Ets1,Ren1,1.0
8571,Ets1,Rhoc,1.0
8572,Ets1,Runx1,1.0
8573,Ets1,Runx1t1,-1.0
8574,Ets1,Runx3,1.0
8575,Ets1,Sele,1.0
8576,Ets1,Sell,1.0
8577,Ets1,Serpinb5,1.0
8578,Ets1,Serpine1,1.0
8579,Ets1,Sh2d1a,1.0
8580,Ets1,Slc26a3,1.0
8581,Ets1,Socs1,-1.0
8582,Ets1,Sp1,1.0
8583,Ets1,Spp1,1.0
8584,Ets1,Spry2,1.0
8585,Ets1,Sqstm1,1.0
8586,Ets1,Srf,1.0
8587,Ets1,Stat1,1.0
8588,Ets1,Taf12,1.0
8589,Ets1,Tbx22,1.0
8590,Ets1,Tbxa2r,1.0
8591,Ets1,Tbxas1,-1.0
8592,Ets1,Tert,-1.0
8593,Ets1,Tfap2a,1.0
8594,Ets1,Tfrc,-1.0
8595,Ets1,Tgfbr1,1.0
8596,Ets1,Tgfbr2,1.0
8597,Ets1,Thbs1,-1.0
8598,Ets1,Thy1,1.0
8599,Ets1,Timm17a,1.0
8600,Ets1,Timm50,1.0
8601,Ets1,Timp1,-1.0
8602,Ets1,Tmem131l,1.0
8603,Ets1,Tmem158,1.0
8604,Ets1,Tnc,1.0
8605,Ets1,Tnf,1.0
8606,Ets1,Tnfrsf8,1.0
8607,Ets1,Tnfsf14,1.0
8608,Ets1,Tra2b,1.0
8609,Ets1,Trp53,1.0
8610,Ets1,Vwf,1.0
8611,Ets1,Was,1.0
8612,Ets1,Wt1,1.0
8613,Ets1,Zeb1,1.0
8614,Ets2,Ackr3,1.0
8615,Ets2,Adipoq,1.0
8616,Ets2,Angpt2,1.0
8617,Ets2,Anpep,1.0
8618,Ets2,App,1.0
8619,Ets2,Bcl2l1,1.0
8620,Ets2,Birc3,1.0
8621,Ets2,Brca1,-1.0
8622,Ets2,C1qtnf5,1.0
8623,Ets2,Ccnd1,1.0
8624,Ets2,Cd163,1.0
8625,Ets2,Cd34,1.0
8626,Ets2,Cd4,1.0
8627,Ets2,Cd79a,1.0
8628,Ets2,Cdk1,1.0
8629,Ets2,Cdkn1a,1.0
8630,Ets2,Cdkn2a,1.0
8631,Ets2,Cga,1.0
8632,Ets2,Chrne,1.0
8633,Ets2,Crebbp,1.0
8634,Ets2,Csf1,1.0
8635,Ets2,Csf1r,1.0
8636,Ets2,Csf2,1.0
8637,Ets2,Csf3r,1.0
8638,Ets2,Ctsb,1.0
8639,Ets2,Cyp27a1,1.0
8640,Ets2,Dusp6,1.0
8641,Ets2,Egf,1.0
8642,Ets2,Egfr,1.0
8643,Ets2,Egr1,1.0
8644,Ets2,Erbb2,1.0
8645,Ets2,Erg,1.0
8646,Ets2,Ets1,1.0
8647,Ets2,Fgf1,1.0
8648,Ets2,Fgf2,1.0
8649,Ets2,Fgl2,1.0
8650,Ets2,Fli1,1.0
8651,Ets2,Flt4,1.0
8652,Ets2,Foxp3,1.0
8653,Ets2,Gata1,1.0
8654,Ets2,Gsk3b,1.0
8655,Ets2,Hand1,1.0
8656,Ets2,Hbegf,1.0
8657,Ets2,Hmgn3,1.0
8658,Ets2,Hmox1,1.0
8659,Ets2,Hnrnpc,1.0
8660,Ets2,Hpgd,1.0
8661,Ets2,Ibsp,1.0
8662,Ets2,Icam1,1.0
8663,Ets2,Ifne,1.0
8664,Ets2,Igf1,1.0
8665,Ets2,Il12b,1.0
8666,Ets2,Il2,-1.0
8667,Ets2,Il5,1.0
8668,Ets2,Jak3,1.0
8669,Ets2,Junb,1.0
8670,Ets2,Krt8,1.0
8671,Ets2,Lck,1.0
8672,Ets2,Lgi1,1.0
8673,Ets2,Lhb,1.0
8674,Ets2,Lmo1,1.0
8675,Ets2,Lmo3,1.0
8676,Ets2,Lpin1,1.0
8677,Ets2,Mapk8,1.0
8678,Ets2,Mdm2,1.0
8679,Ets2,Mgat5,1.0
8680,Ets2,Mmp13,1.0
8681,Ets2,Mmp2,1.0
8682,Ets2,Mmp9,1.0
8683,Ets2,Msr1,1.0
8684,Ets2,Myb,1.0
8685,Ets2,Myc,1.0
8686,Ets2,Nab2,1.0
8687,Ets2,Nf1,1.0
8688,Ets2,Nos2,1.0
8689,Ets2,Pcyt1a,1.0
8690,Ets2,Pde7a,1.0
8691,Ets2,Pik3r1,1.0
8692,Ets2,Plaat3,1.0
8693,Ets2,Plau,1.0
8694,Ets2,Plpp1,1.0
8695,Ets2,Prkaca,1.0
8696,Ets2,Psen1,1.0
8697,Ets2,Pspn,1.0
8698,Ets2,Pthlh,1.0
8699,Ets2,Runx1,1.0
8700,Ets2,Setdb1,1.0
8701,Ets2,Sh2d1a,1.0
8702,Ets2,Slit2,1.0
8703,Ets2,Sparc,1.0
8704,Ets2,Spp1,1.0
8705,Ets2,Syk,1.0
8706,Ets2,Tert,1.0
8707,Ets2,Tfec,1.0
8708,Ets2,Thbs1,-1.0
8709,Ets2,Timm17a,1.0
8710,Ets2,Tlr9,1.0
8711,Ets2,Tnc,1.0
8712,Ets2,Tnf,1.0
8713,Ets2,Tnfsf14,1.0
8714,Ets2,Trp53,1.0
8715,Ets2,Vwf,1.0
8716,Etv1,Ar,1.0
8717,Etv1,Cat,1.0
8718,Etv1,Cdkn2a,1.0
8719,Etv1,Dnph1,1.0
8720,Etv1,Dym,1.0
8721,Etv1,Erbb2,1.0
8722,Etv1,Fgf10,1.0
8723,Etv1,Grin2c,1.0
8724,Etv1,Hes5,-1.0
8725,Etv1,Mmp7,1.0
8726,Etv1,Muc4,1.0
8727,Etv1,Nab2,1.0
8728,Etv1,Plau,1.0
8729,Etv1,Pomc,1.0
8730,Etv1,Psen1,1.0
8731,Etv1,Smad7,1.0
8732,Etv1,Tert,1.0
8733,Etv1,Tgfbr2,1.0
8734,Etv1,Th,1.0
8735,Etv1,Tiam1,1.0
8736,Etv2,Fli1,1.0
8737,Etv2,Kdr,1.0
8738,Etv2,Lmo2,1.0
8739,Etv2,Prkaca,1.0
8740,Etv2,Sox9,1.0
8741,Etv2,Spi1,1.0
8742,Etv2,Tek,1.0
8743,Etv3,Cdk1,-1.0
8744,Etv3,Ddx20,-1.0
8745,Etv3,Dusp6,-1.0
8746,Etv3,Erf,-1.0
8747,Etv3,Fgf2,-1.0
8748,Etv3,Kras,-1.0
8749,Etv3,Myb,-1.0
8750,Etv3,Myc,-1.0
8751,Etv3,Nfkb1,-1.0
8752,Etv3,Rela,-1.0
8753,Etv4,Bax,1.0
8754,Etv4,Bdkrb1,1.0
8755,Etv4,Cav1,1.0
8756,Etv4,Ccnd2,1.0
8757,Etv4,Ccnd3,1.0
8758,Etv4,Cdkn1a,1.0
8759,Etv4,Cxcr4,1.0
8760,Etv4,Dusp6,1.0
8761,Etv4,Egln1,1.0
8762,Etv4,Egr2,1.0
8763,Etv4,Ep300,1.0
8764,Etv4,Erbb2,-1.0
8765,Etv4,Ets1,1.0
8766,Etv4,Fgf10,-1.0
8767,Etv4,Galt,1.0
8768,Etv4,Gba1,1.0
8769,Etv4,Ggt1,1.0
8770,Etv4,Gli3,1.0
8771,Etv4,Gpx5,1.0
8772,Etv4,Hpgd,1.0
8773,Etv4,Mep1b,1.0
8774,Etv4,Mmp13,1.0
8775,Etv4,Mmp14,1.0
8776,Etv4,Mmp2,1.0
8777,Etv4,Mmp7,1.0
8778,Etv4,Mmp9,1.0
8779,Etv4,Muc4,1.0
8780,Etv4,Nfya,1.0
8781,Etv4,Nos3,1.0
8782,Etv4,Notch1,1.0
8783,Etv4,Notch4,1.0
8784,Etv4,Plau,1.0
8785,Etv4,Plaur,-1.0
8786,Etv4,Pou5f1,1.0
8787,Etv4,Pparg,1.0
8788,Etv4,Ptgs2,1.0
8789,Etv4,Ptk2,1.0
8790,Etv4,Rad51,1.0
8791,Etv4,Rgcc,1.0
8792,Etv4,Rpl32,1.0
8793,Etv4,Scx,1.0
8794,Etv4,Shh,-1.0
8795,Etv4,Snai1,1.0
8796,Etv4,Spp1,1.0
8797,Etv4,Syn2,1.0
8798,Etv4,T,1.0
8799,Etv4,Tert,1.0
8800,Etv4,Tgfb1,1.0
8801,Etv4,Tgfbr2,1.0
8802,Etv4,Timp1,1.0
8803,Etv4,Timp2,1.0
8804,Etv4,Tnf,1.0
8805,Etv4,Tnfrsf1a,1.0
8806,Etv4,Twist1,1.0
8807,Etv4,Vegfa,1.0
8808,Etv4,Vim,1.0
8809,Etv4,Wnt8b,1.0
8810,Etv4,Wt1,1.0
8811,Etv4,Zhx1,1.0
8812,Etv5,Cav1,1.0
8813,Etv5,Cldn5,1.0
8814,Etv5,Cxcl12,1.0
8815,Etv5,Cxcl5,1.0
8816,Etv5,Cxcr4,1.0
8817,Etv5,Dhrs2,1.0
8818,Etv5,Icam1,1.0
8819,Etv5,Ifng,1.0
8820,Etv5,Il10,1.0
8821,Etv5,Il17a,1.0
8822,Etv5,Il17f,-1.0
8823,Etv5,Il21,1.0
8824,Etv5,Ltf,1.0
8825,Etv5,Mmp2,1.0
8826,Etv5,Muc4,1.0
8827,Etv5,Parg,1.0
8828,Etv5,Psen1,-1.0
8829,Etv5,Ptgs2,1.0
8830,Etv5,Sftpc,1.0
8831,Etv5,Shh,-1.0
8832,Etv5,Wt1,1.0
8833,Etv6,Bbc3,1.0
8834,Etv6,Bcl2l1,-1.0
8835,Etv6,Cdkn1a,1.0
8836,Etv6,Cr1l,-1.0
8837,Etv6,Epor,1.0
8838,Etv6,Fap,1.0
8839,Etv6,Fli1,1.0
8840,Etv6,Fpgs,-1.0
8841,Etv6,Gas2,-1.0
8842,Etv6,Gp1ba,-1.0
8843,Etv6,Igfbp5,1.0
8844,Etv6,Il10,1.0
8845,Etv6,Il12b,-1.0
8846,Etv6,Il19,1.0
8847,Etv6,Il1a,1.0
8848,Etv6,Il3,-1.0
8849,Etv6,Itga2b,-1.0
8850,Etv6,Mad2l1,-1.0
8851,Etv6,Ptpn13,1.0
8852,Etv6,Stat3,-1.0
8853,Etv6,Vegfa,1.0
8854,Evx1,Gsc,-1.0
8855,Evx1,Inhba,1.0
8856,Evx1,Tnc,1.0
8857,Evx2,Bmp4,1.0
8858,Evx2,Hmgb1,1.0
8859,Ewsr1,Abcc3,1.0
8860,Ewsr1,Akt1s1,1.0
8861,Ewsr1,Atf1,1.0
8862,Ewsr1,Aurka,1.0
8863,Ewsr1,Aurkb,1.0
8864,Ewsr1,Bcl2l1,1.0
8865,Ewsr1,Casp3,1.0
8866,Ewsr1,Cav1,1.0
8867,Ewsr1,Cck,1.0
8868,Ewsr1,Ccnd1,1.0
8869,Ewsr1,Ccne1,1.0
8870,Ewsr1,Cdkn1a,-1.0
8871,Ewsr1,Cdkn1b,1.0
8872,Ewsr1,Cdkn1c,-1.0
8873,Ewsr1,Cfl1,1.0
8874,Ewsr1,Col11a2,1.0
8875,Ewsr1,Crebbp,1.0
8876,Ewsr1,Csf1r,1.0
8877,Ewsr1,Dkk1,1.0
8878,Ewsr1,Dkk2,1.0
8879,Ewsr1,Egr2,1.0
8880,Ewsr1,Eya3,1.0
8881,Ewsr1,Ezh2,1.0
8882,Ewsr1,Fgf10,1.0
8883,Ewsr1,Fli1,1.0
8884,Ewsr1,Gli1,1.0
8885,Ewsr1,Gstm4,1.0
8886,Ewsr1,Hnf4a,1.0
8887,Ewsr1,Id2,1.0
8888,Ewsr1,Igf1r,1.0
8889,Ewsr1,Igfbp3,-1.0
8890,Ewsr1,Itsn1,1.0
8891,Ewsr1,L1cam,1.0
8892,Ewsr1,Mdm2,1.0
8893,Ewsr1,Mitf,1.0
8894,Ewsr1,Mpped2,1.0
8895,Ewsr1,Myc,1.0
8896,Ewsr1,Nr0b1,1.0
8897,Ewsr1,Phlda1,-1.0
8898,Ewsr1,Pld1,1.0
8899,Ewsr1,Pld2,1.0
8900,Ewsr1,Pou4f1,1.0
8901,Ewsr1,Pou5f1,1.0
8902,Ewsr1,Pparg,1.0
8903,Ewsr1,Ptpn13,1.0
8904,Ewsr1,Sf1,1.0
8905,Ewsr1,Sh3rf1,1.0
8906,Ewsr1,Slc29a4,1.0
8907,Ewsr1,Snap25,1.0
8908,Ewsr1,Sst,1.0
8909,Ewsr1,Styxl1,1.0
8910,Ewsr1,Tert,1.0
8911,Ewsr1,Tgfbr2,-1.0
8912,Ewsr1,Tnc,1.0
8913,Ewsr1,Upp1,1.0
8914,Ezh2,Adamts1,-1.0
8915,Ezh2,Adrb2,-1.0
8916,Ezh2,Akt1,1.0
8917,Ezh2,Apc,-1.0
8918,Ezh2,Ar,1.0
8919,Ezh2,Ascl1,1.0
8920,Ezh2,Asxl3,1.0
8921,Ezh2,Atoh1,1.0
8922,Ezh2,Axl,1.0
8923,Ezh2,Bach1,1.0
8924,Ezh2,Bcl2,1.0
8925,Ezh2,Bcl2l11,1.0
8926,Ezh2,Bmi1,1.0
8927,Ezh2,Brca1,1.0
8928,Ezh2,Camk4,1.0
8929,Ezh2,Carm1,1.0
8930,Ezh2,Cbx2,1.0
8931,Ezh2,Ccna2,1.0
8932,Ezh2,Ccnd1,1.0
8933,Ezh2,Ccne1,1.0
8934,Ezh2,Ccne2,1.0
8935,Ezh2,Cd4,1.0
8936,Ezh2,Cdh1,-1.0
8937,Ezh2,Cdk4,1.0
8938,Ezh2,Cdkn1a,-1.0
8939,Ezh2,Cdkn1b,1.0
8940,Ezh2,Cdkn1c,1.0
8941,Ezh2,Cdkn2a,-1.0
8942,Ezh2,Cdkn2b,-1.0
8943,Ezh2,Chd4,1.0
8944,Ezh2,Chek1,1.0
8945,Ezh2,Ciita,-1.0
8946,Ezh2,Cpeb1,1.0
8947,Ezh2,Dab2ip,-1.0
8948,Ezh2,Dact3,-1.0
8949,Ezh2,Dkk1,1.0
8950,Ezh2,Dlg4,1.0
8951,Ezh2,Emp1,1.0
8952,Ezh2,Ephb2,1.0
8953,Ezh2,Evx2,1.0
8954,Ezh2,Fbxo32,-1.0
8955,Ezh2,Fgfr1,1.0
8956,Ezh2,Foxc1,-1.0
8957,Ezh2,Foxp3,-1.0
8958,Ezh2,Gap43,1.0
8959,Ezh2,Gata3,-1.0
8960,Ezh2,Gfap,1.0
8961,Ezh2,Ghrhr,1.0
8962,Ezh2,Gpr26,1.0
8963,Ezh2,H2-Ea,1.0
8964,Ezh2,H2-T23,1.0
8965,Ezh2,H2bc21,1.0
8966,Ezh2,Hdac1,-1.0
8967,Ezh2,Hnmt,1.0
8968,Ezh2,Hoxa10,-1.0
8969,Ezh2,Hoxa7,1.0
8970,Ezh2,Hoxa9,-1.0
8971,Ezh2,Hoxb13,-1.0
8972,Ezh2,Hoxc12,1.0
8973,Ezh2,Hoxc13,1.0
8974,Ezh2,Hoxc9,1.0
8975,Ezh2,Hoxd1,1.0
8976,Ezh2,Hoxd10,1.0
8977,Ezh2,Hoxd13,1.0
8978,Ezh2,Hoxd3,1.0
8979,Ezh2,Hoxd9,1.0
8980,Ezh2,Ifnb1,1.0
8981,Ezh2,Ifng,1.0
8982,Ezh2,Igf1,1.0
8983,Ezh2,Igfbp1,1.0
8984,Ezh2,Il13,-1.0
8985,Ezh2,Il17a,1.0
8986,Ezh2,Il17f,1.0
8987,Ezh2,Il24,1.0
8988,Ezh2,Il4,1.0
8989,Ezh2,Il6,1.0
8990,Ezh2,Il9,-1.0
8991,Ezh2,Itga2,1.0
8992,Ezh2,Kat2a,1.0
8993,Ezh2,Kdm6b,1.0
8994,Ezh2,Kifbp,1.0
8995,Ezh2,Kitl,1.0
8996,Ezh2,Klf2,1.0
8997,Ezh2,Kpnb1,1.0
8998,Ezh2,Krt27,1.0
8999,Ezh2,Krt9,1.0
9000,Ezh2,Lmx1a,1.0
9001,Ezh2,Mapk1,1.0
9002,Ezh2,Mapk8,1.0
9003,Ezh2,Mark1,1.0
9004,Ezh2,Me3,1.0
9005,Ezh2,Men1,1.0
9006,Ezh2,Mllt1,1.0
9007,Ezh2,Mmp2,1.0
9008,Ezh2,Mrpl41,1.0
9009,Ezh2,Msmb,-1.0
9010,Ezh2,Mst1,-1.0
9011,Ezh2,Myc,-1.0
9012,Ezh2,Myh14,1.0
9013,Ezh2,Myh7,1.0
9014,Ezh2,Myog,1.0
9015,Ezh2,Neurog1,1.0
9016,Ezh2,Nfe2l2,-1.0
9017,Ezh2,Ngfr,1.0
9018,Ezh2,Nme1,1.0
9019,Ezh2,Notch1,1.0
9020,Ezh2,Onecut1,1.0
9021,Ezh2,P2ry4,1.0
9022,Ezh2,Parp12,1.0
9023,Ezh2,Pax3,1.0
9024,Ezh2,Pax8,1.0
9025,Ezh2,Pcna,1.0
9026,Ezh2,Pcx,1.0
9027,Ezh2,Pip5k1c,-1.0
9028,Ezh2,Polr3d,1.0
9029,Ezh2,Pten,1.0
9030,Ezh2,Ptgs2,1.0
9031,Ezh2,Rap1gap,1.0
9032,Ezh2,Rassf1,1.0
9033,Ezh2,Rbl2,1.0
9034,Ezh2,Rnf19b,1.0
9035,Ezh2,Rplp0,1.0
9036,Ezh2,Rps28,1.0
9037,Ezh2,Rrp8,1.0
9038,Ezh2,Runx3,-1.0
9039,Ezh2,Safb,1.0
9040,Ezh2,Satb1,-1.0
9041,Ezh2,Setdb1,1.0
9042,Ezh2,Sfrp1,1.0
9043,Ezh2,Sis,1.0
9044,Ezh2,Slc3a2,1.0
9045,Ezh2,Slit2,1.0
9046,Ezh2,Smc1a,1.0
9047,Ezh2,Snai2,-1.0
9048,Ezh2,Sox17,1.0
9049,Ezh2,Spock2,1.0
9050,Ezh2,Sstr1,-1.0
9051,Ezh2,Stag3,1.0
9052,Ezh2,Suv39h1,1.0
9053,Ezh2,Tbx21,1.0
9054,Ezh2,Tbxa2r,1.0
9055,Ezh2,Thop1,1.0
9056,Ezh2,Tmem200a,1.0
9057,Ezh2,Tnf,-1.0
9058,Ezh2,Tnfsf10,1.0
9059,Ezh2,Trp53,-1.0
9060,Ezh2,Twist1,-1.0
9061,Ezh2,Vcl,1.0
9062,Ezh2,Vdr,1.0
9063,Ezh2,Vim,1.0
9064,Ezh2,Wnt2,1.0
9065,Ezh2,Zfp423,1.0
9066,Fam170a,Akt1,1.0
9067,Ferd3l,Foxa2,1.0
9068,Fev,Ddc,1.0
9069,Fev,Gch1,1.0
9070,Fev,Gchfr,1.0
9071,Fev,Htr1a,1.0
9072,Fev,Icam1,-1.0
9073,Fev,Qdpr,1.0
9074,Fev,Slc6a4,1.0
9075,Fev,Tph1,1.0
9076,Fezf1,Hes5,-1.0
9077,Fezf1,Kras,1.0
9078,Fezf1,Nanog,-1.0
9079,Fezf1,Neurog2,1.0
9080,Fezf1,Otx2,1.0
9081,Fezf1,Pax6,1.0
9082,Fezf1,Pou5f1,-1.0
9083,Fezf1,Sox2,1.0
9084,Fezf1,Vgll2,1.0
9085,Fezf2,Ccn2,1.0
9086,Fezf2,Hes5,-1.0
9087,Fezf2,Iapp,1.0
9088,Fezf2,Mdm2,-1.0
9089,Fezf2,Sema5a,1.0
9090,Fezf2,Spon1,1.0
9091,Fezf2,Tbr1,1.0
9092,Fgf2,Alpl,-1.0
9093,Fgf2,Ank,1.0
9094,Fgf2,Bmp2,1.0
9095,Fgf2,Enpp1,1.0
9096,Fgf2,Fgfr1,-1.0
9097,Fgf2,Gpc1,-1.0
9098,Fgf2,Mmp13,1.0
9099,Fgf2,Tgfb1,1.0
9100,Fhl2,Ccnd1,-1.0
9101,Fhl2,Cdkn1a,1.0
9102,Fhl2,Cdkn1b,1.0
9103,Fhl2,Hand1,-1.0
9104,Fhl2,Nfkb1,1.0
9105,Fhl2,Rela,1.0
9106,Fhl2,Tcf3,-1.0
9107,Figla,Tcf3,1.0
9108,Figla,Zp1,1.0
9109,Figla,Zp2,1.0
9110,Figla,Zp3,1.0
9111,Fiz1,Pde6b,1.0
9112,Fiz1,Rho,1.0
9113,Fli1,Ankrd26,-1.0
9114,Fli1,Aurka,1.0
9115,Fli1,Aurkb,1.0
9116,Fli1,Bcl2,1.0
9117,Fli1,Bcl2l1,1.0
9118,Fli1,Casp3,1.0
9119,Fli1,Cck,1.0
9120,Fli1,Ccn2,1.0
9121,Fli1,Ccnd1,1.0
9122,Fli1,Ccne1,1.0
9123,Fli1,Cd34,1.0
9124,Fli1,Cd79a,1.0
9125,Fli1,Cdkn1a,1.0
9126,Fli1,Cdkn1b,1.0
9127,Fli1,Cdkn1c,-1.0
9128,Fli1,Cdkn2a,1.0
9129,Fli1,Cfc1,1.0
9130,Fli1,Col1a2,-1.0
9131,Fli1,Crebbp,1.0
9132,Fli1,Cxcl5,1.0
9133,Fli1,Ddit3,1.0
9134,Fli1,Dhx9,1.0
9135,Fli1,Dkk1,1.0
9136,Fli1,Elf1,1.0
9137,Fli1,Ep300,1.0
9138,Fli1,Epo,1.0
9139,Fli1,Erg,1.0
9140,Fli1,Esr1,1.0
9141,Fli1,Ets2,1.0
9142,Fli1,Ewsr1,1.0
9143,Fli1,Eya3,1.0
9144,Fli1,Ezh2,1.0
9145,Fli1,Flt3l,1.0
9146,Fli1,Foxm1,1.0
9147,Fli1,Gata1,1.0
9148,Fli1,Gata2,1.0
9149,Fli1,Gata4,1.0
9150,Fli1,Gli1,1.0
9151,Fli1,Gp1ba,1.0
9152,Fli1,Gp6,1.0
9153,Fli1,Gp9,1.0
9154,Fli1,Hdac1,1.0
9155,Fli1,Hgf,1.0
9156,Fli1,Hmox1,1.0
9157,Fli1,Hoxa10,-1.0
9158,Fli1,Id2,1.0
9159,Fli1,Igf1,1.0
9160,Fli1,Igfbp3,-1.0
9161,Fli1,Il10,1.0
9162,Fli1,Il27,1.0
9163,Fli1,Il6,-1.0
9164,Fli1,Inpp5d,1.0
9165,Fli1,Itga2b,1.0
9166,Fli1,Itsn1,1.0
9167,Fli1,Kat2b,1.0
9168,Fli1,Kdr,1.0
9169,Fli1,Klf1,1.0
9170,Fli1,L1cam,1.0
9171,Fli1,Lmo2,1.0
9172,Fli1,Lox,1.0
9173,Fli1,Mdm2,1.0
9174,Fli1,Mpl,1.0
9175,Fli1,Myc,1.0
9176,Fli1,Nr0b1,1.0
9177,Fli1,Nr4a1,1.0
9178,Fli1,Pf4,1.0
9179,Fli1,Phlda1,-1.0
9180,Fli1,Pld1,1.0
9181,Fli1,Pld2,1.0
9182,Fli1,Plek,1.0
9183,Fli1,Prkcb,1.0
9184,Fli1,Ptpn1,1.0
9185,Fli1,Ptpn13,1.0
9186,Fli1,Rara,1.0
9187,Fli1,Rb1,1.0
9188,Fli1,Runx1,1.0
9189,Fli1,S1pr1,1.0
9190,Fli1,Snap25,1.0
9191,Fli1,Spi1,1.0
9192,Fli1,Styxl1,1.0
9193,Fli1,Tal1,1.0
9194,Fli1,Tek,1.0
9195,Fli1,Tert,1.0
9196,Fli1,Tgfbr2,1.0
9197,Fli1,Tnc,1.0
9198,Fli1,Tpo,1.0
9199,Fli1,Upp1,1.0
9200,Flywch1,Zeb1,-1.0
9201,Foxa1,Abca1,-1.0
9202,Foxa1,Afp,1.0
9203,Foxa1,Agr2,1.0
9204,Foxa1,Alb,1.0
9205,Foxa1,Apob,1.0
9206,Foxa1,Ar,-1.0
9207,Foxa1,Bcl2,-1.0
9208,Foxa1,Bmp2,1.0
9209,Foxa1,Brca1,1.0
9210,Foxa1,Ccnd1,1.0
9211,Foxa1,Ccng2,1.0
9212,Foxa1,Cd274,1.0
9213,Foxa1,Cdkn1b,1.0
9214,Foxa1,Cdkn2a,1.0
9215,Foxa1,Cebpa,1.0
9216,Foxa1,Cftr,-1.0
9217,Foxa1,Dio1,1.0
9218,Foxa1,Elf3,-1.0
9219,Foxa1,Elk4,1.0
9220,Foxa1,En1,1.0
9221,Foxa1,Esr1,1.0
9222,Foxa1,Fabp1,1.0
9223,Foxa1,Foxc1,1.0
9224,Foxa1,G6pc2,1.0
9225,Foxa1,Gcg,1.0
9226,Foxa1,Greb1,1.0
9227,Foxa1,Helt,-1.0
9228,Foxa1,Hnf1a,1.0
9229,Foxa1,Hnf4a,1.0
9230,Foxa1,Hoxb13,1.0
9231,Foxa1,Il6,-1.0
9232,Foxa1,Krt7,1.0
9233,Foxa1,Lct,1.0
9234,Foxa1,Lmx1a,1.0
9235,Foxa1,Lmx1b,1.0
9236,Foxa1,Loxl2,1.0
9237,Foxa1,Mlxipl,1.0
9238,Foxa1,Muc2,1.0
9239,Foxa1,Myc,1.0
9240,Foxa1,Mylk,1.0
9241,Foxa1,Nes,1.0
9242,Foxa1,Neurog2,1.0
9243,Foxa1,Nf1,1.0
9244,Foxa1,Nkx2-1,1.0
9245,Foxa1,Nkx2-2,-1.0
9246,Foxa1,Nr3c1,-1.0
9247,Foxa1,Nr4a2,1.0
9248,Foxa1,Pdx1,1.0
9249,Foxa1,Pparg,-1.0
9250,Foxa1,Ret,1.0
9251,Foxa1,Rprm,-1.0
9252,Foxa1,Scgb1a1,1.0
9253,Foxa1,Serpinc1,-1.0
9254,Foxa1,Sftpb,1.0
9255,Foxa1,Sftpd,1.0
9256,Foxa1,Shh,1.0
9257,Foxa1,Slc13a2,1.0
9258,Foxa1,Snai2,-1.0
9259,Foxa1,Tat,1.0
9260,Foxa1,Tff1,1.0
9261,Foxa1,Th,1.0
9262,Foxa1,Ttf1,1.0
9263,Foxa1,Ttr,1.0
9264,Foxa1,Ube2c,1.0
9265,Foxa1,Ucp2,-1.0
9266,Foxa2,Abca1,-1.0
9267,Foxa2,Abca3,1.0
9268,Foxa2,Abcc2,1.0
9269,Foxa2,Abcc8,1.0
9270,Foxa2,Adh1,1.0
9271,Foxa2,Adora2b,1.0
9272,Foxa2,Afp,1.0
9273,Foxa2,Agr2,1.0
9274,Foxa2,Agxt,1.0
9275,Foxa2,Ahsg,1.0
9276,Foxa2,Alas2,1.0
9277,Foxa2,Ano2,1.0
9278,Foxa2,Apoa1,1.0
9279,Foxa2,Apob,1.0
9280,Foxa2,Apom,1.0
9281,Foxa2,Aqp3,1.0
9282,Foxa2,Aqp9,1.0
9283,Foxa2,Atic,1.0
9284,Foxa2,Bax,1.0
9285,Foxa2,Birc2,1.0
9286,Foxa2,Birc3,1.0
9287,Foxa2,Cadm1,1.0
9288,Foxa2,Car2,1.0
9289,Foxa2,Ccn1,1.0
9290,Foxa2,Cd320,1.0
9291,Foxa2,Cdh1,1.0
9292,Foxa2,Cdkn1a,1.0
9293,Foxa2,Cebpa,1.0
9294,Foxa2,Cftr,-1.0
9295,Foxa2,Cited2,1.0
9296,Foxa2,Col18a1,1.0
9297,Foxa2,Cpt1a,1.0
9298,Foxa2,Cxcr4,1.0
9299,Foxa2,Dio1,-1.0
9300,Foxa2,Dlk1,1.0
9301,Foxa2,En1,1.0
9302,Foxa2,Eomes,1.0
9303,Foxa2,Ep300,1.0
9304,Foxa2,Epcam,1.0
9305,Foxa2,Exoc4,1.0
9306,Foxa2,F2,1.0
9307,Foxa2,Fabp3,1.0
9308,Foxa2,Ferd3l,1.0
9309,Foxa2,Fgl1,1.0
9310,Foxa2,Foxf1,-1.0
9311,Foxa2,Foxo1,1.0
9312,Foxa2,Fto,-1.0
9313,Foxa2,G6pc2,1.0
9314,Foxa2,Gata4,1.0
9315,Foxa2,Gcg,1.0
9316,Foxa2,Gck,1.0
9317,Foxa2,Gfer,1.0
9318,Foxa2,Gh,1.0
9319,Foxa2,Glb1,1.0
9320,Foxa2,Gli2,1.0
9321,Foxa2,Hadh,1.0
9322,Foxa2,Helt,-1.0
9323,Foxa2,Hhex,1.0
9324,Foxa2,Hmgcs2,1.0
9325,Foxa2,Hnf1a,1.0
9326,Foxa2,Hnf4a,1.0
9327,Foxa2,Hoxb3,1.0
9328,Foxa2,Hpgd,1.0
9329,Foxa2,Iapp,-1.0
9330,Foxa2,Ibsp,1.0
9331,Foxa2,Ifng,1.0
9332,Foxa2,Igf1,1.0
9333,Foxa2,Igf2,1.0
9334,Foxa2,Igfbp1,1.0
9335,Foxa2,Il5,1.0
9336,Foxa2,Il6,-1.0
9337,Foxa2,Kcnj11,1.0
9338,Foxa2,Lcn8,1.0
9339,Foxa2,Lmx1a,1.0
9340,Foxa2,Lmx1b,1.0
9341,Foxa2,Map1b,1.0
9342,Foxa2,Mlxipl,1.0
9343,Foxa2,Mmp7,1.0
9344,Foxa2,Msx1,1.0
9345,Foxa2,Muc2,1.0
9346,Foxa2,Muc5b,1.0
9347,Foxa2,Neurod1,1.0
9348,Foxa2,Neurog2,1.0
9349,Foxa2,Neurog3,1.0
9350,Foxa2,Nfya,1.0
9351,Foxa2,Nkx2-1,1.0
9352,Foxa2,Nkx2-2,-1.0
9353,Foxa2,Npr1,1.0
9354,Foxa2,Nr0b2,1.0
9355,Foxa2,Nr4a2,1.0
9356,Foxa2,Nr5a2,1.0
9357,Foxa2,Onecut1,1.0
9358,Foxa2,Pax6,-1.0
9359,Foxa2,Pck1,1.0
9360,Foxa2,Pcx,1.0
9361,Foxa2,Pdx1,1.0
9362,Foxa2,Ppp1r3c,1.0
9363,Foxa2,Pth,1.0
9364,Foxa2,Samhd1,1.0
9365,Foxa2,Scgb1a1,1.0
9366,Foxa2,Serpinc1,-1.0
9367,Foxa2,Sftpb,1.0
9368,Foxa2,Shh,1.0
9369,Foxa2,Slc10a1,-1.0
9370,Foxa2,Slc12a2,1.0
9371,Foxa2,Slc25a1,1.0
9372,Foxa2,Slc2a2,-1.0
9373,Foxa2,Slc4a4,1.0
9374,Foxa2,Slc5a5,1.0
9375,Foxa2,Slco1b2,1.0
9376,Foxa2,Snai2,-1.0
9377,Foxa2,Sox14,1.0
9378,Foxa2,Sox9,1.0
9379,Foxa2,St18,-1.0
9380,Foxa2,Sytl4,1.0
9381,Foxa2,Tat,1.0
9382,Foxa2,Tcf7l2,1.0
9383,Foxa2,Tff1,1.0
9384,Foxa2,Th,1.0
9385,Foxa2,Tpo,1.0
9386,Foxa2,Ttf1,1.0
9387,Foxa2,Ttr,1.0
9388,Foxa2,Wnt6,1.0
9389,Foxa2,Wnt7b,1.0
9390,Foxa3,Cdh15,-1.0
9391,Foxa3,Cebpa,1.0
9392,Foxa3,Cidea,-1.0
9393,Foxa3,Cox4i2,-1.0
9394,Foxa3,Igf1,1.0
9395,Foxa3,Ikbke,1.0
9396,Foxa3,Il5,1.0
9397,Foxa3,Ppargc1a,-1.0
9398,Foxa3,Slc2a2,1.0
9399,Foxa3,Ucp1,-1.0
9400,Foxc1,Alx4,1.0
9401,Foxc1,Ccn2,1.0
9402,Foxc1,Cdh1,-1.0
9403,Foxc1,Cnmd,1.0
9404,Foxc1,Cxcl12,1.0
9405,Foxc1,Cxcr4,1.0
9406,Foxc1,Dll1,1.0
9407,Foxc1,Dll4,1.0
9408,Foxc1,Fgf15,1.0
9409,Foxc1,Fn1,1.0
9410,Foxc1,Foxo1,1.0
9411,Foxc1,Hey2,1.0
9412,Foxc1,Mmp7,1.0
9413,Foxc1,Msx2,1.0
9414,Foxc1,Nedd9,1.0
9415,Foxc1,Notch1,1.0
9416,Foxc1,Snai1,1.0
9417,Foxc1,Tfam,1.0
9418,Foxc1,Tgfb1,1.0
9419,Foxc2,Akt1,1.0
9420,Foxc2,Angpt2,1.0
9421,Foxc2,Ccl3,1.0
9422,Foxc2,Cdh1,1.0
9423,Foxc2,Ctnnb1,1.0
9424,Foxc2,Cxcr4,1.0
9425,Foxc2,Des,1.0
9426,Foxc2,Dll1,1.0
9427,Foxc2,Dll4,1.0
9428,Foxc2,Fgf8,1.0
9429,Foxc2,Hand1,1.0
9430,Foxc2,Hey1,1.0
9431,Foxc2,Hey2,1.0
9432,Foxc2,Il3,1.0
9433,Foxc2,Itgb1,1.0
9434,Foxc2,Itgb3,1.0
9435,Foxc2,Kdr,1.0
9436,Foxc2,Myod1,1.0
9437,Foxc2,Pax1,1.0
9438,Foxc2,Prkar1a,1.0
9439,Foxc2,Serpine1,1.0
9440,Foxc2,Tgfb1,1.0
9441,Foxd1,Dcn,-1.0
9442,Foxd1,Efna5,-1.0
9443,Foxd1,Foxg1,-1.0
9444,Foxd1,Pgf,1.0
9445,Foxd1,Prkar1a,1.0
9446,Foxd1,Serpine1,1.0
9447,Foxd2,Adra1b,1.0
9448,Foxd2,Ar,1.0
9449,Foxd2,Nf1,1.0
9450,Foxd2,Prkar1a,1.0
9451,Foxd3,Capn6,1.0
9452,Foxd3,Cnbp,1.0
9453,Foxd3,Cyfip2,1.0
9454,Foxd3,Foxa1,1.0
9455,Foxd3,Foxa2,1.0
9456,Foxd3,Il10,1.0
9457,Foxd3,Mitf,-1.0
9458,Foxd3,Nanog,1.0
9459,Foxd3,Ndrg1,1.0
9460,Foxd3,Nodal,1.0
9461,Foxd3,Pou5f1,1.0
9462,Foxd3,Rarb,1.0
9463,Foxd3,Rnd3,1.0
9464,Foxd3,Spp1,1.0
9465,Foxd4,Pcx,1.0
9466,Foxd4,Sirt1,1.0
9467,Foxe1,Ccnd1,-1.0
9468,Foxe1,Esr1,-1.0
9469,Foxe1,Msx1,1.0
9470,Foxe1,Slc5a5,1.0
9471,Foxe1,Tg,1.0
9472,Foxe1,Tgfb3,1.0
9473,Foxe1,Tpo,1.0
9474,Foxe1,Tshr,1.0
9475,Foxf1,Cdh1,1.0
9476,Foxf1,Fgf2,1.0
9477,Foxf1,Gh,1.0
9478,Foxf1,Hgf,1.0
9479,Foxf1,Itgb3,1.0
9480,Foxf1,Mylk,1.0
9481,Foxf1,Scgb1a1,1.0
9482,Foxf1,Selp,1.0
9483,Foxf2,Bambi,1.0
9484,Foxf2,Cdh1,1.0
9485,Foxf2,Cxcl12,1.0
9486,Foxf2,Gh,1.0
9487,Foxf2,Irf2bpl,1.0
9488,Foxf2,Itgb1,-1.0
9489,Foxf2,Mt1,-1.0
9490,Foxf2,Pdgfa,-1.0
9491,Foxf2,Sftpb,1.0
9492,Foxf2,Tln1,1.0
9493,Foxf2,Wasf2,1.0
9494,Foxg1,Ccna2,1.0
9495,Foxg1,Cdkn1a,-1.0
9496,Foxg1,Cdkn2b,1.0
9497,Foxg1,Foxd1,1.0
9498,Foxg1,Gdf11,1.0
9499,Foxg1,Hes1,-1.0
9500,Foxg1,Myh6,1.0
9501,Foxg1,Ncoa3,1.0
9502,Foxg1,Pax6,1.0
9503,Foxg1,Pgf,1.0
9504,Foxg1,Reln,-1.0
9505,Foxg1,Robo1,-1.0
9506,Foxg1,Serpine1,-1.0
9507,Foxg1,Slit3,-1.0
9508,Foxg1,Tle1,1.0
9509,Foxg1,Tle6,1.0
9510,Foxh1,Ar,-1.0
9511,Foxh1,Ctcf,1.0
9512,Foxh1,Cxcr4,1.0
9513,Foxh1,Foxa2,1.0
9514,Foxh1,Gsc,1.0
9515,Foxh1,Inhba,1.0
9516,Foxh1,Kdr,1.0
9517,Foxh1,Lemd3,1.0
9518,Foxh1,Mef2c,1.0
9519,Foxh1,Mixl1,1.0
9520,Foxh1,Nodal,1.0
9521,Foxh1,Prkaca,1.0
9522,Foxh1,Tgfbr1,-1.0
9523,Foxi1,App,1.0
9524,Foxi1,Cdh1,1.0
9525,Foxi1,Cftr,-1.0
9526,Foxi1,Pax2,1.0
9527,Foxi1,Pax8,1.0
9528,Foxi1,Six1,1.0
9529,Foxi1,Slc26a4,1.0
9530,Foxi1,Slc4a9,1.0
9531,Foxi1,Tsc1,1.0
9532,Foxi1,Tsc22d1,1.0
9533,Foxi3,Jag2,1.0
9534,Foxi3,Rpl26,1.0
9535,Foxj1,Amelx,1.0
9536,Foxj1,Aspm,1.0
9537,Foxj1,Cetn2,1.0
9538,Foxj1,Cftr,1.0
9539,Foxj1,Dlx2,1.0
9540,Foxj1,Dnah11,1.0
9541,Foxj1,Dnai1,1.0
9542,Foxj1,Dnali1,1.0
9543,Foxj1,Efhc1,1.0
9544,Foxj1,Ezr,1.0
9545,Foxj1,Foxa1,1.0
9546,Foxj1,Igf2,1.0
9547,Foxj1,Scgb1a1,1.0
9548,Foxj1,Tekt1,1.0
9549,Foxj1,Tekt2,1.0
9550,Foxj1,Tuba1a,1.0
9551,Foxj3,E2f1,1.0
9552,Foxj3,Mef2c,1.0
9553,Foxk1,Ctsa,-1.0
9554,Foxk1,Scn5a,1.0
9555,Foxk1,Tnf,1.0
9556,Foxk2,Il2,1.0
9557,Foxk2,Sin3a,1.0
9558,Foxl1,Bmp2,1.0
9559,Foxl1,Bmp4,1.0
9560,Foxl2,Acta2,1.0
9561,Foxl2,Ccnd2,-1.0
9562,Foxl2,Cga,1.0
9563,Foxl2,Clu,1.0
9564,Foxl2,Cyp11a1,-1.0
9565,Foxl2,Cyp17a1,-1.0
9566,Foxl2,Cyp19a1,-1.0
9567,Foxl2,Cyp26b1,-1.0
9568,Foxl2,Dmrt1,1.0
9569,Foxl2,Fshb,1.0
9570,Foxl2,Fst,1.0
9571,Foxl2,Gnrhr,1.0
9572,Foxl2,Inhba,1.0
9573,Foxl2,Lats1,1.0
9574,Foxl2,Mc2r,1.0
9575,Foxl2,Ptgs2,-1.0
9576,Foxl2,Pttg1,-1.0
9577,Foxl2,Sf1,1.0
9578,Foxl2,Sirt1,1.0
9579,Foxl2,Sod2,1.0
9580,Foxl2,Sox9,-1.0
9581,Foxl2,Sry,-1.0
9582,Foxl2,Star,-1.0
9583,Foxl2,Ube2i,1.0
9584,Foxm1,Abcc2,1.0
9585,Foxm1,Acp5,1.0
9586,Foxm1,Afp,-1.0
9587,Foxm1,Alas2,1.0
9588,Foxm1,Alb,1.0
9589,Foxm1,Aldob,-1.0
9590,Foxm1,Aldoc,1.0
9591,Foxm1,Ambp,1.0
9592,Foxm1,Apob,1.0
9593,Foxm1,Apoe,1.0
9594,Foxm1,Ar,1.0
9595,Foxm1,Aurkb,1.0
9596,Foxm1,Birc5,-1.0
9597,Foxm1,Bmi1,1.0
9598,Foxm1,Brca2,1.0
9599,Foxm1,Brip1,1.0
9600,Foxm1,Btg2,1.0
9601,Foxm1,Bub1b,1.0
9602,Foxm1,Cat,1.0
9603,Foxm1,Ccna2,1.0
9604,Foxm1,Ccnb1,1.0
9605,Foxm1,Ccnd1,1.0
9606,Foxm1,Ccne1,1.0
9607,Foxm1,Ccne2,1.0
9608,Foxm1,Ccr2,1.0
9609,Foxm1,Cdc25a,1.0
9610,Foxm1,Cdc25b,1.0
9611,Foxm1,Cdc25c,-1.0
9612,Foxm1,Cdc6,1.0
9613,Foxm1,Cdh1,1.0
9614,Foxm1,Cdkn1a,1.0
9615,Foxm1,Cdkn1b,-1.0
9616,Foxm1,Cdkn2a,-1.0
9617,Foxm1,Chek1,1.0
9618,Foxm1,Cps1,1.0
9619,Foxm1,Ctnnb1,1.0
9620,Foxm1,Cyp7a1,1.0
9621,Foxm1,Erbb2,1.0
9622,Foxm1,Esr1,1.0
9623,Foxm1,Fgb,-1.0
9624,Foxm1,Foxa2,1.0
9625,Foxm1,Foxa3,1.0
9626,Foxm1,Foxf1,1.0
9627,Foxm1,Gcg,1.0
9628,Foxm1,Gck,1.0
9629,Foxm1,Hells,1.0
9630,Foxm1,Hnf1a,1.0
9631,Foxm1,Igf1,1.0
9632,Foxm1,Igfbp1,1.0
9633,Foxm1,Il6,1.0
9634,Foxm1,Kdr,1.0
9635,Foxm1,Krt15,1.0
9636,Foxm1,Lama4,1.0
9637,Foxm1,Mapk14,1.0
9638,Foxm1,Mapk8,1.0
9639,Foxm1,Mmp2,1.0
9640,Foxm1,Mmp7,1.0
9641,Foxm1,Mmp9,1.0
9642,Foxm1,Myc,1.0
9643,Foxm1,Nbn,1.0
9644,Foxm1,Nedd4,1.0
9645,Foxm1,Nfatc3,1.0
9646,Foxm1,Nr0b2,1.0
9647,Foxm1,Pck1,1.0
9648,Foxm1,Plau,1.0
9649,Foxm1,Plaur,1.0
9650,Foxm1,Plk1,1.0
9651,Foxm1,Prdx3,1.0
9652,Foxm1,Proc,1.0
9653,Foxm1,Pros1,1.0
9654,Foxm1,Ptgs2,1.0
9655,Foxm1,Rhoc,1.0
9656,Foxm1,Rock1,1.0
9657,Foxm1,Scgb1a1,1.0
9658,Foxm1,Serpina10,1.0
9659,Foxm1,Serpina6,1.0
9660,Foxm1,Sftpb,1.0
9661,Foxm1,Sftpc,1.0
9662,Foxm1,Slc2a2,1.0
9663,Foxm1,Snai1,1.0
9664,Foxm1,Snai2,1.0
9665,Foxm1,Sod2,1.0
9666,Foxm1,Sox2,1.0
9667,Foxm1,Tat,1.0
9668,Foxm1,Trf,1.0
9669,Foxm1,Trp53,-1.0
9670,Foxm1,Ttr,1.0
9671,Foxm1,Uhmk1,1.0
9672,Foxm1,Vegfa,1.0
9673,Foxm1,Vegfb,1.0
9674,Foxm1,Vtn,1.0
9675,Foxm1,Xrcc1,1.0
9676,Foxn1,Afp,1.0
9677,Foxn1,Akt1,1.0
9678,Foxn1,Ar,1.0
9679,Foxn1,Atp7a,1.0
9680,Foxn1,B3gnt9,1.0
9681,Foxn1,Baz2a,1.0
9682,Foxn1,Carm1,1.0
9683,Foxn1,Cd79a,1.0
9684,Foxn1,Cdh1,1.0
9685,Foxn1,Chd4,1.0
9686,Foxn1,Col1a2,1.0
9687,Foxn1,Cyp7a1,1.0
9688,Foxn1,Deup1,1.0
9689,Foxn1,Dll1,1.0
9690,Foxn1,Dll4,1.0
9691,Foxn1,Dsc2,1.0
9692,Foxn1,Dsg4,-1.0
9693,Foxn1,Egfr,1.0
9694,Foxn1,Ep400,1.0
9695,Foxn1,Erbb2,1.0
9696,Foxn1,Esr1,1.0
9697,Foxn1,Glb1,1.0
9698,Foxn1,H2az1,1.0
9699,Foxn1,Ibsp,1.0
9700,Foxn1,Ifng,1.0
9701,Foxn1,Il2,1.0
9702,Foxn1,Il6,1.0
9703,Foxn1,Insm1,1.0
9704,Foxn1,Ivl,-1.0
9705,Foxn1,Kdm3a,1.0
9706,Foxn1,Krt14,1.0
9707,Foxn1,Lect2,1.0
9708,Foxn1,Lrrc3b,1.0
9709,Foxn1,Lxn,1.0
9710,Foxn1,Mbd3,1.0
9711,Foxn1,Mmp9,1.0
9712,Foxn1,Mta2,1.0
9713,Foxn1,Mylk,1.0
9714,Foxn1,Nelfe,1.0
9715,Foxn1,Notch1,1.0
9716,Foxn1,Pdgfb,1.0
9717,Foxn1,Prdm5,1.0
9718,Foxn1,Prkg1,1.0
9719,Foxn1,Pthlh,1.0
9720,Foxn1,Rora,1.0
9721,Foxn1,Spg21,1.0
9722,Foxn1,Sumo1,1.0
9723,Foxn1,Th,1.0
9724,Foxn1,Timp3,1.0
9725,Foxn1,Tkt,1.0
9726,Foxn1,Trp53,1.0
9727,Foxn1,Wnt4,1.0
9728,Foxn3,Pim2,-1.0
9729,Foxn4,Ascl1,-1.0
9730,Foxn4,Dll4,1.0
9731,Foxn4,Neurod1,1.0
9732,Foxn4,Neurod4,1.0
9733,Foxn4,Nr4a2,1.0
9734,Foxn4,Pank2,1.0
9735,Foxn4,Prox1,1.0
9736,Foxn4,Ptf1a,1.0
9737,Foxo1,Abcc2,1.0
9738,Foxo1,Abcc9,1.0
9739,Foxo1,Acaca,1.0
9740,Foxo1,Acadsb,1.0
9741,Foxo1,Acsl5,-1.0
9742,Foxo1,Adipoq,1.0
9743,Foxo1,Adipor1,1.0
9744,Foxo1,Adipor2,1.0
9745,Foxo1,Adm,1.0
9746,Foxo1,Adrb3,-1.0
9747,Foxo1,Agrp,1.0
9748,Foxo1,Aicda,1.0
9749,Foxo1,Angpt2,1.0
9750,Foxo1,Angptl2,1.0
9751,Foxo1,Apoc3,1.0
9752,Foxo1,Ar,-1.0
9753,Foxo1,Aspm,-1.0
9754,Foxo1,Atp8a1,1.0
9755,Foxo1,B4galt3,-1.0
9756,Foxo1,Bax,1.0
9757,Foxo1,Bcl2,-1.0
9758,Foxo1,Bcl2l1,1.0
9759,Foxo1,Bcl2l11,1.0
9760,Foxo1,Bcl2l13,1.0
9761,Foxo1,Bcl2l2,-1.0
9762,Foxo1,Bid,1.0
9763,Foxo1,Birc3,-1.0
9764,Foxo1,Birc5,-1.0
9765,Foxo1,Bmp4,1.0
9766,Foxo1,Bmper,-1.0
9767,Foxo1,Car2,1.0
9768,Foxo1,Casp14,1.0
9769,Foxo1,Casp2,1.0
9770,Foxo1,Casp3,1.0
9771,Foxo1,Casp6,1.0
9772,Foxo1,Casp8,1.0
9773,Foxo1,Casp9,1.0
9774,Foxo1,Cat,1.0
9775,Foxo1,Cav1,1.0
9776,Foxo1,Cavin2,-1.0
9777,Foxo1,Ccl20,1.0
9778,Foxo1,Ccn2,1.0
9779,Foxo1,Ccn3,1.0
9780,Foxo1,Ccnb1,-1.0
9781,Foxo1,Ccnb2,-1.0
9782,Foxo1,Ccnd1,-1.0
9783,Foxo1,Ccnd2,-1.0
9784,Foxo1,Ccng2,1.0
9785,Foxo1,Cd40,1.0
9786,Foxo1,Cd70,1.0
9787,Foxo1,Cdh3,1.0
9788,Foxo1,Cdk1,-1.0
9789,Foxo1,Cdkn1a,1.0
9790,Foxo1,Cdkn1b,1.0
9791,Foxo1,Cdkn1c,1.0
9792,Foxo1,Cdkn2a,1.0
9793,Foxo1,Cdkn2b,1.0
9794,Foxo1,Cdkn2d,1.0
9795,Foxo1,Cebpb,1.0
9796,Foxo1,Cflar,-1.0
9797,Foxo1,Cited2,1.0
9798,Foxo1,Cldn5,1.0
9799,Foxo1,Cnot8,1.0
9800,Foxo1,Cnr1,-1.0
9801,Foxo1,Col13a1,-1.0
9802,Foxo1,Col4a2,-1.0
9803,Foxo1,Cp,1.0
9804,Foxo1,Cpt1a,1.0
9805,Foxo1,Ctla4,1.0
9806,Foxo1,Ctse,1.0
9807,Foxo1,Ctsl,1.0
9808,Foxo1,Cxcr4,1.0
9809,Foxo1,Cyp1a1,1.0
9810,Foxo1,Cyp7a1,-1.0
9811,Foxo1,Daam1,1.0
9812,Foxo1,Dapk1,1.0
9813,Foxo1,Dcn,1.0
9814,Foxo1,Ddx5,-1.0
9815,Foxo1,Dgka,1.0
9816,Foxo1,Dkk1,1.0
9817,Foxo1,Dusp4,-1.0
9818,Foxo1,Edn1,1.0
9819,Foxo1,Egr1,-1.0
9820,Foxo1,Eif4g1,1.0
9821,Foxo1,Elk3,-1.0
9822,Foxo1,Elovl5,-1.0
9823,Foxo1,Elovl6,-1.0
9824,Foxo1,Epha2,1.0
9825,Foxo1,Epha4,1.0
9826,Foxo1,Fabp2,1.0
9827,Foxo1,Fabp4,1.0
9828,Foxo1,Fasl,1.0
9829,Foxo1,Fasn,1.0
9830,Foxo1,Fbn1,-1.0
9831,Foxo1,Fbxo32,1.0
9832,Foxo1,Foxa2,1.0
9833,Foxo1,Foxo3,1.0
9834,Foxo1,Foxp3,1.0
9835,Foxo1,Fshb,-1.0
9836,Foxo1,G6pc1,1.0
9837,Foxo1,Gabrg2,-1.0
9838,Foxo1,Gadd45a,1.0
9839,Foxo1,Galnt14,-1.0
9840,Foxo1,Gcdh,-1.0
9841,Foxo1,Gcg,1.0
9842,Foxo1,Gck,1.0
9843,Foxo1,Glul,1.0
9844,Foxo1,Gpam,-1.0
9845,Foxo1,Gpd2,-1.0
9846,Foxo1,Hal,1.0
9847,Foxo1,Hmgcr,1.0
9848,Foxo1,Hmox1,1.0
9849,Foxo1,Hnf4a,1.0
9850,Foxo1,Hoxa5,1.0
9851,Foxo1,Hpd,1.0
9852,Foxo1,Hspa5,1.0
9853,Foxo1,Hus1,1.0
9854,Foxo1,Hyou1,1.0
9855,Foxo1,Iapp,-1.0
9856,Foxo1,Id1,-1.0
9857,Foxo1,Id2,1.0
9858,Foxo1,Idh1,1.0
9859,Foxo1,Igf1r,1.0
9860,Foxo1,Igf2,-1.0
9861,Foxo1,Igfbp1,1.0
9862,Foxo1,Il18,1.0
9863,Foxo1,Il1b,1.0
9864,Foxo1,Il6,1.0
9865,Foxo1,Il7r,1.0
9866,Foxo1,Il9,1.0
9867,Foxo1,Insr,1.0
9868,Foxo1,Irf4,1.0
9869,Foxo1,Irs2,1.0
9870,Foxo1,Jun,1.0
9871,Foxo1,Kcnj8,1.0
9872,Foxo1,Kdr,1.0
9873,Foxo1,Kitl,-1.0
9874,Foxo1,Klf2,1.0
9875,Foxo1,Klf4,1.0
9876,Foxo1,Krt19,-1.0
9877,Foxo1,Lpin2,1.0
9878,Foxo1,Lpl,1.0
9879,Foxo1,Ltbr,1.0
9880,Foxo1,Mafa,1.0
9881,Foxo1,Maoa,-1.0
9882,Foxo1,Mcm3ap,1.0
9883,Foxo1,Mcm5,-1.0
9884,Foxo1,Me1,-1.0
9885,Foxo1,Men1,1.0
9886,Foxo1,Mmp2,1.0
9887,Foxo1,Mrc1,1.0
9888,Foxo1,Mrtfa,-1.0
9889,Foxo1,Mstn,1.0
9890,Foxo1,Myod1,1.0
9891,Foxo1,Myog,1.0
9892,Foxo1,Ndn,1.0
9893,Foxo1,Ndnf,1.0
9894,Foxo1,Nectin3,1.0
9895,Foxo1,Nek2,-1.0
9896,Foxo1,Neurod1,1.0
9897,Foxo1,Neurog3,1.0
9898,Foxo1,Nkx3-1,1.0
9899,Foxo1,Nkx6-1,1.0
9900,Foxo1,Nlk,1.0
9901,Foxo1,Noct,1.0
9902,Foxo1,Nos3,-1.0
9903,Foxo1,Npc1,1.0
9904,Foxo1,Npy,1.0
9905,Foxo1,Nr0b2,1.0
9906,Foxo1,Ostn,-1.0
9907,Foxo1,Pbx1,-1.0
9908,Foxo1,Pck1,1.0
9909,Foxo1,Pck2,1.0
9910,Foxo1,Pdgfb,1.0
9911,Foxo1,Pdgfra,1.0
9912,Foxo1,Pdk4,1.0
9913,Foxo1,Pdx1,-1.0
9914,Foxo1,Phlpp1,-1.0
9915,Foxo1,Pigq,-1.0
9916,Foxo1,Pklr,-1.0
9917,Foxo1,Plk1,1.0
9918,Foxo1,Pltp,1.0
9919,Foxo1,Pmaip1,1.0
9920,Foxo1,Pnpla2,1.0
9921,Foxo1,Pomc,-1.0
9922,Foxo1,Pou5f1,1.0
9923,Foxo1,Ppa1,1.0
9924,Foxo1,Pparg,-1.0
9925,Foxo1,Ppargc1a,1.0
9926,Foxo1,Ppargc1b,1.0
9927,Foxo1,Prdx4,-1.0
9928,Foxo1,Prg4,-1.0
9929,Foxo1,Prkg1,1.0
9930,Foxo1,Psmb6,1.0
9931,Foxo1,Psmb8,1.0
9932,Foxo1,Rack1,1.0
9933,Foxo1,Rag1,1.0
9934,Foxo1,Rag2,1.0
9935,Foxo1,Rars1,1.0
9936,Foxo1,Rbl2,1.0
9937,Foxo1,Rela,1.0
9938,Foxo1,Retn,1.0
9939,Foxo1,Rpia,-1.0
9940,Foxo1,Rps6ka3,1.0
9941,Foxo1,Runx2,1.0
9942,Foxo1,S1pr1,1.0
9943,Foxo1,S1pr4,1.0
9944,Foxo1,Scarb1,1.0
9945,Foxo1,Scn5a,1.0
9946,Foxo1,Selenop,1.0
9947,Foxo1,Sell,1.0
9948,Foxo1,Sema3f,-1.0
9949,Foxo1,Serpinb2,1.0
9950,Foxo1,Serpine1,-1.0
9951,Foxo1,Sesn3,1.0
9952,Foxo1,Sfrp1,1.0
9953,Foxo1,Sfrp2,1.0
9954,Foxo1,Sirt1,1.0
9955,Foxo1,Slc16a1,1.0
9956,Foxo1,Slc2a4,1.0
9957,Foxo1,Slc37a4,1.0
9958,Foxo1,Smad4,1.0
9959,Foxo1,Smurf1,1.0
9960,Foxo1,Sod2,1.0
9961,Foxo1,Sost,1.0
9962,Foxo1,Sox2,1.0
9963,Foxo1,Spry2,1.0
9964,Foxo1,Sqle,-1.0
9965,Foxo1,Srebf1,-1.0
9966,Foxo1,Stab1,1.0
9967,Foxo1,Taf11,1.0
9968,Foxo1,Tcaf1,1.0
9969,Foxo1,Tcf4,1.0
9970,Foxo1,Tdo2,1.0
9971,Foxo1,Tgfb1,1.0
9972,Foxo1,Timp3,-1.0
9973,Foxo1,Tkt,-1.0
9974,Foxo1,Tle4,1.0
9975,Foxo1,Tlr4,1.0
9976,Foxo1,Tmeff2,1.0
9977,Foxo1,Tmem47,1.0
9978,Foxo1,Tnf,1.0
9979,Foxo1,Tnfsf10,1.0
9980,Foxo1,Tradd,1.0
9981,Foxo1,Traf1,1.0
9982,Foxo1,Traf2,1.0
9983,Foxo1,Traf6,1.0
9984,Foxo1,Trim63,1.0
9985,Foxo1,Trp53,1.0
9986,Foxo1,Tsc22d1,-1.0
9987,Foxo1,Tspan7,1.0
9988,Foxo1,Twist1,1.0
9989,Foxo1,Txnip,-1.0
9990,Foxo1,Ucp1,-1.0
9991,Foxo1,Vasp,-1.0
9992,Foxo1,Vcam1,1.0
9993,Foxo1,Vegfa,1.0
9994,Foxo1,Wnt16,1.0
9995,Foxo1,Wnt4,1.0
9996,Foxo3,Abcc8,1.0
9997,Foxo3,Akt1,1.0
9998,Foxo3,Akt2,1.0
9999,Foxo3,Angpt2,1.0
10000,Foxo3,App,-1.0
10001,Foxo3,Ar,1.0
10002,Foxo3,Arc,1.0
10003,Foxo3,Aspm,-1.0
10004,Foxo3,Atm,1.0
10005,Foxo3,Atp8a1,1.0
10006,Foxo3,Bbc3,1.0
10007,Foxo3,Bcl2l11,1.0
10008,Foxo3,Bcl6,1.0
10009,Foxo3,Birc5,-1.0
10010,Foxo3,Bmp15,-1.0
10011,Foxo3,Bmp4,1.0
10012,Foxo3,Bnip3,1.0
10013,Foxo3,Bnip3l,1.0
10014,Foxo3,Casp1,1.0
10015,Foxo3,Casp3,1.0
10016,Foxo3,Casp8,1.0
10017,Foxo3,Casp9,1.0
10018,Foxo3,Cat,1.0
10019,Foxo3,Cav1,1.0
10020,Foxo3,Cblb,1.0
10021,Foxo3,Ccn1,1.0
10022,Foxo3,Ccnd1,-1.0
10023,Foxo3,Ccnd2,-1.0
10024,Foxo3,Ccng2,1.0
10025,Foxo3,Cdh1,1.0
10026,Foxo3,Cdkn1a,1.0
10027,Foxo3,Cdkn1b,1.0
10028,Foxo3,Cdkn1c,1.0
10029,Foxo3,Cdkn2b,1.0
10030,Foxo3,Cdkn2d,1.0
10031,Foxo3,Cflar,1.0
10032,Foxo3,Cited2,1.0
10033,Foxo3,Col13a1,-1.0
10034,Foxo3,Ctsl,1.0
10035,Foxo3,Cxcl12,1.0
10036,Foxo3,Cxcr4,1.0
10037,Foxo3,Cyld,1.0
10038,Foxo3,Daam1,1.0
10039,Foxo3,Dab2,1.0
10040,Foxo3,Ddit3,1.0
10041,Foxo3,Dgka,1.0
10042,Foxo3,Dio2,1.0
10043,Foxo3,Dkk1,1.0
10044,Foxo3,Dok5,-1.0
10045,Foxo3,Dst,1.0
10046,Foxo3,Egfr,1.0
10047,Foxo3,Egr1,1.0
10048,Foxo3,Elk3,-1.0
10049,Foxo3,Esr1,1.0
10050,Foxo3,Fasl,1.0
10051,Foxo3,Fbxo32,1.0
10052,Foxo3,Fgfr1,1.0
10053,Foxo3,Foxm1,-1.0
10054,Foxo3,Foxo1,1.0
10055,Foxo3,Foxo4,1.0
10056,Foxo3,Foxp3,1.0
10057,Foxo3,Fxyd3,1.0
10058,Foxo3,Gadd45a,1.0
10059,Foxo3,Galt,1.0
10060,Foxo3,Gcc2,1.0
10061,Foxo3,Gja4,-1.0
10062,Foxo3,Grb14,1.0
10063,Foxo3,Gsk3b,1.0
10064,Foxo3,Gtf2i,1.0
10065,Foxo3,Hand2,1.0
10066,Foxo3,Hbp1,1.0
10067,Foxo3,Hey2,1.0
10068,Foxo3,Hif1a,-1.0
10069,Foxo3,Hmgcr,1.0
10070,Foxo3,Hmgcs2,1.0
10071,Foxo3,Hoxa5,1.0
10072,Foxo3,Hpgd,1.0
10073,Foxo3,Hspa4,1.0
10074,Foxo3,Id1,-1.0
10075,Foxo3,Id2,1.0
10076,Foxo3,Idh1,1.0
10077,Foxo3,Ifnb1,1.0
10078,Foxo3,Igfbp3,1.0
10079,Foxo3,Ikzf2,1.0
10080,Foxo3,Il2,1.0
10081,Foxo3,Il6,-1.0
10082,Foxo3,Irf7,1.0
10083,Foxo3,Irs2,1.0
10084,Foxo3,Jak1,1.0
10085,Foxo3,Kcnj8,-1.0
10086,Foxo3,Kdr,1.0
10087,Foxo3,Kitl,-1.0
10088,Foxo3,Klf4,1.0
10089,Foxo3,Klf6,1.0
10090,Foxo3,Klhl24,1.0
10091,Foxo3,Mapk8,1.0
10092,Foxo3,Mfge8,1.0
10093,Foxo3,Mmp9,1.0
10094,Foxo3,Msra,1.0
10095,Foxo3,Mstn,1.0
10096,Foxo3,Myocd,-1.0
10097,Foxo3,Myod1,1.0
10098,Foxo3,Nfkb1,1.0
10099,Foxo3,Nos2,1.0
10100,Foxo3,Nos3,-1.0
10101,Foxo3,Notch1,-1.0
10102,Foxo3,Notch3,-1.0
10103,Foxo3,Nr2c2,1.0
10104,Foxo3,Nt5e,1.0
10105,Foxo3,Ogt,1.0
10106,Foxo3,Pdgfb,1.0
10107,Foxo3,Pdk4,1.0
10108,Foxo3,Phlda1,1.0
10109,Foxo3,Pik3c3,1.0
10110,Foxo3,Pik3ca,1.0
10111,Foxo3,Pik3ip1,1.0
10112,Foxo3,Pik3r1,1.0
10113,Foxo3,Pink1,1.0
10114,Foxo3,Plau,-1.0
10115,Foxo3,Pnrc1,1.0
10116,Foxo3,Ppargc1a,1.0
10117,Foxo3,Prdx3,1.0
10118,Foxo3,Prkaa1,1.0
10119,Foxo3,Prkaa2,1.0
10120,Foxo3,Prnp,-1.0
10121,Foxo3,Rbl2,1.0
10122,Foxo3,Ros1,1.0
10123,Foxo3,Runx1,1.0
10124,Foxo3,Runx2,1.0
10125,Foxo3,Sat1,1.0
10126,Foxo3,Satb1,1.0
10127,Foxo3,Scg5,1.0
10128,Foxo3,Sdc2,1.0
10129,Foxo3,Selenop,1.0
10130,Foxo3,Sema3f,-1.0
10131,Foxo3,Serpine1,1.0
10132,Foxo3,Serpine2,1.0
10133,Foxo3,Sesn3,1.0
10134,Foxo3,Sfrp1,1.0
10135,Foxo3,Sfrp2,1.0
10136,Foxo3,Sirt1,1.0
10137,Foxo3,Sirt2,1.0
10138,Foxo3,Sirt3,1.0
10139,Foxo3,Sirt6,1.0
10140,Foxo3,Skp2,-1.0
10141,Foxo3,Slc2a1,1.0
10142,Foxo3,Smad4,1.0
10143,Foxo3,Socs3,1.0
10144,Foxo3,Sod1,1.0
10145,Foxo3,Sod2,1.0
10146,Foxo3,Sost,1.0
10147,Foxo3,Src,1.0
10148,Foxo3,Stab1,1.0
10149,Foxo3,Stat5a,1.0
10150,Foxo3,Stk11,-1.0
10151,Foxo3,Tff1,1.0
10152,Foxo3,Tgfb2,1.0
10153,Foxo3,Tgfbr2,1.0
10154,Foxo3,Tle4,1.0
10155,Foxo3,Tmeff2,1.0
10156,Foxo3,Tnf,1.0
10157,Foxo3,Tnfaip8,1.0
10158,Foxo3,Tnfrsf1a,1.0
10159,Foxo3,Tnfrsf1b,1.0
10160,Foxo3,Tnfsf10,1.0
10161,Foxo3,Trim63,1.0
10162,Foxo3,Trp53,1.0
10163,Foxo3,Tsc1,1.0
10164,Foxo3,Tsc22d3,1.0
10165,Foxo3,Tspan7,1.0
10166,Foxo3,Tspan9,1.0
10167,Foxo3,Twist1,-1.0
10168,Foxo3,Txn1,1.0
10169,Foxo3,Txnip,1.0
10170,Foxo3,Vasp,-1.0
10171,Foxo3,Vegfa,-1.0
10172,Foxo3,Vegfb,1.0
10173,Foxo3,Vmp1,-1.0
10174,Foxo3,Ybx1,-1.0
10175,Foxo3,Zbtb1,1.0
10176,Foxo4,Akt1,1.0
10177,Foxo4,Anxa8,-1.0
10178,Foxo4,Atxn3,1.0
10179,Foxo4,Bcl2l11,1.0
10180,Foxo4,Bcl6,1.0
10181,Foxo4,Ccng2,1.0
10182,Foxo4,Cdkn1b,1.0
10183,Foxo4,Creb1,1.0
10184,Foxo4,Cyp51,1.0
10185,Foxo4,Epo,-1.0
10186,Foxo4,Fbxo32,1.0
10187,Foxo4,Gadd45a,1.0
10188,Foxo4,Hif1a,-1.0
10189,Foxo4,Idh1,1.0
10190,Foxo4,Igfbp1,1.0
10191,Foxo4,Il10,1.0
10192,Foxo4,Mmp9,1.0
10193,Foxo4,Mylk,1.0
10194,Foxo4,Ppargc1a,1.0
10195,Foxo4,Psmd11,1.0
10196,Foxo4,Rbl2,1.0
10197,Foxo4,Serpine1,1.0
10198,Foxo4,Sirt1,1.0
10199,Foxo4,Sod2,1.0
10200,Foxo4,Sox14,1.0
10201,Foxo4,Tnf,1.0
10202,Foxo4,Tnfsf10,1.0
10203,Foxo4,Trim63,1.0
10204,Foxo4,Vegfa,-1.0
10205,Foxo6,Fbxo32,1.0
10206,Foxo6,Idh1,1.0
10207,Foxo6,Myc,1.0
10208,Foxo6,Ppargc1a,-1.0
10209,Foxo6,Trim63,1.0
10210,Foxp1,Ar,1.0
10211,Foxp1,Cd22,-1.0
10212,Foxp1,Cdkn1c,1.0
10213,Foxp1,Csf1r,-1.0
10214,Foxp1,Esr1,1.0
10215,Foxp1,Fgf16,1.0
10216,Foxp1,Fgf17,1.0
10217,Foxp1,Fgf18,1.0
10218,Foxp1,Fgf20,1.0
10219,Foxp1,Fgf3,1.0
10220,Foxp1,Gdf3,1.0
10221,Foxp1,Hip1r,-1.0
10222,Foxp1,Ifng,1.0
10223,Foxp1,Il2,1.0
10224,Foxp1,Il6,-1.0
10225,Foxp1,Il7r,1.0
10226,Foxp1,Lhx3,1.0
10227,Foxp1,Myc,1.0
10228,Foxp1,Myh6,1.0
10229,Foxp1,Myh7,1.0
10230,Foxp1,Nkx2-5,1.0
10231,Foxp1,Pitx3,1.0
10232,Foxp1,Rag1,1.0
10233,Foxp1,Rag2,1.0
10234,Foxp1,Rcan1,1.0
10235,Foxp1,Reln,1.0
10236,Foxp1,Scgb1a1,-1.0
10237,Foxp1,Sema5b,-1.0
10238,Foxp1,Sftpc,1.0
10239,Foxp2,Auts2,1.0
10240,Foxp2,Cntnap2,-1.0
10241,Foxp2,Grin2b,1.0
10242,Foxp2,Met,-1.0
10243,Foxp2,Nkx2-1,-1.0
10244,Foxp2,Plaur,1.0
10245,Foxp2,Reln,1.0
10246,Foxp2,Scgb1a1,-1.0
10247,Foxp2,Sftpc,1.0
10248,Foxp2,Srpx,1.0
10249,Foxp2,Srpx2,-1.0
10250,Foxp3,Apoa2,1.0
10251,Foxp3,Apoc3,1.0
10252,Foxp3,Birc3,-1.0
10253,Foxp3,Brca1,-1.0
10254,Foxp3,Casp3,1.0
10255,Foxp3,Casp9,1.0
10256,Foxp3,Ccr4,1.0
10257,Foxp3,Cd101,1.0
10258,Foxp3,Cdkn1a,1.0
10259,Foxp3,Crem,1.0
10260,Foxp3,Ctla4,1.0
10261,Foxp3,Dab2,1.0
10262,Foxp3,Erbb2,-1.0
10263,Foxp3,Fasl,-1.0
10264,Foxp3,Fcgr4,1.0
10265,Foxp3,Gata3,1.0
10266,Foxp3,Ghrhr,1.0
10267,Foxp3,H1f5,1.0
10268,Foxp3,H2-T23,1.0
10269,Foxp3,Hmox1,1.0
10270,Foxp3,Ifng,-1.0
10271,Foxp3,Igsf3,1.0
10272,Foxp3,Ikzf2,1.0
10273,Foxp3,Il10,1.0
10274,Foxp3,Il17a,-1.0
10275,Foxp3,Il2,-1.0
10276,Foxp3,Il2ra,1.0
10277,Foxp3,Il4,1.0
10278,Foxp3,Il6,-1.0
10279,Foxp3,Il9,1.0
10280,Foxp3,Lats2,1.0
10281,Foxp3,Lif,1.0
10282,Foxp3,Marchf7,1.0
10283,Foxp3,Mmp2,-1.0
10284,Foxp3,Mmp9,-1.0
10285,Foxp3,Nfatc1,-1.0
10286,Foxp3,Nfkb1,1.0
10287,Foxp3,Npr1,1.0
10288,Foxp3,Oga,1.0
10289,Foxp3,Pim2,1.0
10290,Foxp3,Plau,-1.0
10291,Foxp3,Ptgs2,1.0
10292,Foxp3,Ptpn22,1.0
10293,Foxp3,Satb1,1.0
10294,Foxp3,Skp2,-1.0
10295,Foxp3,Socs3,-1.0
10296,Foxp3,Tgfb1,1.0
10297,Foxp3,Tnfrsf18,1.0
10298,Foxp3,Usp21,1.0
10299,Foxp3,Vegfa,-1.0
10300,Foxp3,Zfp13,1.0
10301,Foxp4,Foxp1,-1.0
10302,Foxp4,Foxp2,-1.0
10303,Foxp4,Tspoap1,-1.0
10304,Foxq1,Bcl11a,1.0
10305,Foxq1,Bmp4,1.0
10306,Foxq1,Cdh1,1.0
10307,Foxq1,Cdkn1a,1.0
10308,Foxq1,Ibsp,1.0
10309,Foxq1,Igfbp6,1.0
10310,Foxq1,Itk,1.0
10311,Foxq1,Mylk,-1.0
10312,Foxq1,Nrxn3,1.0
10313,Foxq1,Rspo2,1.0
10314,Foxq1,Tagln,-1.0
10315,Foxq1,Twist1,1.0
10316,Foxq1,Vcan,1.0
10317,Foxq1,Vegfa,1.0
10318,Foxq1,Wnt3a,1.0
10319,Foxq1,Zeb2,1.0
10320,Foxs1,Fasl,-1.0
10321,Foxs1,Foxo3,-1.0
10322,Foxs1,Foxo4,-1.0
10323,Fus,Ar,1.0
10324,Fus,Ddit3,1.0
10325,Fus,Mdm2,-1.0
10326,Gabpa,Abcc1,1.0
10327,Gabpa,Ache,1.0
10328,Gabpa,Ar,1.0
10329,Gabpa,Aurka,1.0
10330,Gabpa,Brca1,1.0
10331,Gabpa,Cd79a,1.0
10332,Gabpa,Chrnd,1.0
10333,Gabpa,Chrne,1.0
10334,Gabpa,Cox4i1,1.0
10335,Gabpa,Cyp7b1,1.0
10336,Gabpa,Dld,1.0
10337,Gabpa,Elane,1.0
10338,Gabpa,Erbb2,1.0
10339,Gabpa,F9,1.0
10340,Gabpa,Gfi1,1.0
10341,Gabpa,Hgs,1.0
10342,Gabpa,Il10,1.0
10343,Gabpa,Il16,1.0
10344,Gabpa,Il2,1.0
10345,Gabpa,Il2rb,1.0
10346,Gabpa,Il7r,1.0
10347,Gabpa,Lig4,1.0
10348,Gabpa,Oxtr,1.0
10349,Gabpa,Pola1,1.0
10350,Gabpa,Pou5f1,1.0
10351,Gabpa,Prdx5,1.0
10352,Gabpa,Psen1,1.0
10353,Gabpa,Psmb5,1.0
10354,Gabpa,Pycard,1.0
10355,Gabpa,Rb1,1.0
10356,Gabpa,Robo4,1.0
10357,Gabpa,Rps3a1,1.0
10358,Gabpa,Serinc3,1.0
10359,Gabpa,Skp2,1.0
10360,Gabpa,Sult1a1,1.0
10361,Gabpa,Syvn1,1.0
10362,Gabpa,Tnc,1.0
10363,Gabpa,Tomm70a,1.0
10364,Gabpa,Tpo,1.0
10365,Gabpa,Tshr,1.0
10366,Gabpa,Uhmk1,-1.0
10367,Gabpa,Utrn,1.0
10368,Gabpa,Vegfa,1.0
10369,Gabpa,Zfp13,1.0
10370,Gata1,Aggf1,1.0
10371,Gata1,Ahsp,1.0
10372,Gata1,Alas2,1.0
10373,Gata1,Apoa1,1.0
10374,Gata1,Bace1,1.0
10375,Gata1,Bach1,1.0
10376,Gata1,Bcl2l1,1.0
10377,Gata1,Bdkrb1,1.0
10378,Gata1,Birc5,1.0
10379,Gata1,Bst2,1.0
10380,Gata1,C1qa,-1.0
10381,Gata1,Car1,1.0
10382,Gata1,Cbfa2t3,1.0
10383,Gata1,Cbfb,-1.0
10384,Gata1,Ccl24,1.0
10385,Gata1,Ccnd1,1.0
10386,Gata1,Ccnd2,-1.0
10387,Gata1,Ccr3,1.0
10388,Gata1,Ccr5,-1.0
10389,Gata1,Cd80,-1.0
10390,Gata1,Cd86,-1.0
10391,Gata1,Cda,1.0
10392,Gata1,Cdc6,1.0
10393,Gata1,Cdk6,-1.0
10394,Gata1,Cdkn1a,1.0
10395,Gata1,Cdkn1b,1.0
10396,Gata1,Cebpa,-1.0
10397,Gata1,Cldn11,1.0
10398,Gata1,Clmp,1.0
10399,Gata1,Cops5,1.0
10400,Gata1,Cpa3,1.0
10401,Gata1,Cpox,1.0
10402,Gata1,Ctse,1.0
10403,Gata1,Cybb,1.0
10404,Gata1,Dach1,-1.0
10405,Gata1,Dicer1,1.0
10406,Gata1,Dpysl2,1.0
10407,Gata1,Edn1,1.0
10408,Gata1,Epb42,1.0
10409,Gata1,Epo,1.0
10410,Gata1,Epor,1.0
10411,Gata1,Ercc1,1.0
10412,Gata1,Esr1,1.0
10413,Gata1,F13a1,1.0
10414,Gata1,Fcer1a,1.0
10415,Gata1,Fcer1g,1.0
10416,Gata1,Fcgr1,1.0
10417,Gata1,Fcgrt,1.0
10418,Gata1,Fli1,1.0
10419,Gata1,Furin,1.0
10420,Gata1,Gata2,-1.0
10421,Gata1,Gfi1b,1.0
10422,Gata1,Gnas,1.0
10423,Gata1,Gp1ba,1.0
10424,Gata1,Gp1bb,1.0
10425,Gata1,Gp6,1.0
10426,Gata1,Gp9,1.0
10427,Gata1,Gpr162,1.0
10428,Gata1,Gypa,1.0
10429,Gata1,H2-T23,1.0
10430,Gata1,Hba-x,1.0
10431,Gata1,Hbb-bh1,-1.0
10432,Gata1,Hbb-y,-1.0
10433,Gata1,Hcfc1r1,1.0
10434,Gata1,Hdac1,1.0
10435,Gata1,Hemgn,-1.0
10436,Gata1,Hhex,1.0
10437,Gata1,Hmbs,1.0
10438,Gata1,Hoxa10,-1.0
10439,Gata1,Hoxb2,1.0
10440,Gata1,Ifng,1.0
10441,Gata1,Ighe,1.0
10442,Gata1,Il13,-1.0
10443,Gata1,Il1a,1.0
10444,Gata1,Il1rl1,-1.0
10445,Gata1,Il4,1.0
10446,Gata1,Il5,1.0
10447,Gata1,Il6,1.0
10448,Gata1,Il9,1.0
10449,Gata1,Inha,1.0
10450,Gata1,Inhbb,1.0
10451,Gata1,Irf8,1.0
10452,Gata1,Itga2b,1.0
10453,Gata1,Itgax,-1.0
10454,Gata1,Kit,-1.0
10455,Gata1,Klf1,1.0
10456,Gata1,Lcn2,1.0
10457,Gata1,Ltbp4,1.0
10458,Gata1,Mafk,1.0
10459,Gata1,Mbp,1.0
10460,Gata1,Mpl,1.0
10461,Gata1,Ms4a2,1.0
10462,Gata1,Muc1,1.0
10463,Gata1,Myb,1.0
10464,Gata1,Myc,-1.0
10465,Gata1,Nbeal2,1.0
10466,Gata1,Nfe2,1.0
10467,Gata1,Nfil3,1.0
10468,Gata1,Npr1,-1.0
10469,Gata1,Nr0b2,1.0
10470,Gata1,Pbxip1,1.0
10471,Gata1,Pecam1,1.0
10472,Gata1,Pf4,1.0
10473,Gata1,Piga,1.0
10474,Gata1,Pklr,1.0
10475,Gata1,Plcg1,1.0
10476,Gata1,Plek,1.0
10477,Gata1,Plk2,1.0
10478,Gata1,Ppox,-1.0
10479,Gata1,Prdx5,1.0
10480,Gata1,Prg2,1.0
10481,Gata1,Ptgfr,-1.0
10482,Gata1,Pth,1.0
10483,Gata1,Rhag,1.0
10484,Gata1,Runx1,1.0
10485,Gata1,Runx1t1,1.0
10486,Gata1,Semg1,1.0
10487,Gata1,Sfrp4,1.0
10488,Gata1,Slc19a1,1.0
10489,Gata1,Slc25a37,1.0
10490,Gata1,Slc26a3,1.0
10491,Gata1,Smad1,1.0
10492,Gata1,Spi1,-1.0
10493,Gata1,Spta1,1.0
10494,Gata1,Sptb,1.0
10495,Gata1,Stat1,1.0
10496,Gata1,Tac1,1.0
10497,Gata1,Tac2,1.0
10498,Gata1,Tal1,1.0
10499,Gata1,Tbxa2r,1.0
10500,Gata1,Timp1,1.0
10501,Gata1,Tnfrsf10b,1.0
10502,Gata1,Wnk4,1.0
10503,Gata1,Wt1,1.0
10504,Gata1,Ybx1,1.0
10505,Gata1,Zxdc,1.0
10506,Gata2,Adcyap1,1.0
10507,Gata2,Adh1,1.0
10508,Gata2,Amotl1,1.0
10509,Gata2,Angpt2,1.0
10510,Gata2,Aqp2,1.0
10511,Gata2,Ar,1.0
10512,Gata2,Arrdc4,1.0
10513,Gata2,Asah2,1.0
10514,Gata2,Azgp1,-1.0
10515,Gata2,Bhlha15,1.0
10516,Gata2,Bmp4,1.0
10517,Gata2,Cacna1s,1.0
10518,Gata2,Casp3,1.0
10519,Gata2,Ccrl2,1.0
10520,Gata2,Cdkn1a,1.0
10521,Gata2,Cdkn1b,1.0
10522,Gata2,Cdx2,1.0
10523,Gata2,Cebpa,1.0
10524,Gata2,Cebpb,1.0
10525,Gata2,Cga,1.0
10526,Gata2,Chst2,1.0
10527,Gata2,Cop1,1.0
10528,Gata2,Cpa3,1.0
10529,Gata2,Csf2,1.0
10530,Gata2,Ctsh,1.0
10531,Gata2,Cybb,-1.0
10532,Gata2,Cyp19a1,1.0
10533,Gata2,Dio2,1.0
10534,Gata2,Dpysl2,1.0
10535,Gata2,Edn1,1.0
10536,Gata2,Ednrb,1.0
10537,Gata2,Egfl7,1.0
10538,Gata2,Emcn,1.0
10539,Gata2,Epo,-1.0
10540,Gata2,Fcer1a,1.0
10541,Gata2,Fcer1g,1.0
10542,Gata2,Fdps,1.0
10543,Gata2,Foxo3,1.0
10544,Gata2,Gata1,1.0
10545,Gata2,Gfi1,1.0
10546,Gata2,Gfi1b,1.0
10547,Gata2,Gnrhr,1.0
10548,Gata2,Gpr146,1.0
10549,Gata2,Hbb-bh1,1.0
10550,Gata2,Hcrtr2,1.0
10551,Gata2,Hhex,1.0
10552,Gata2,Hmgb1,1.0
10553,Gata2,Hsd17b1,-1.0
10554,Gata2,Htr5a,1.0
10555,Gata2,Icam4,1.0
10556,Gata2,Il13,-1.0
10557,Gata2,Il1rl1,1.0
10558,Gata2,Il4,1.0
10559,Gata2,Il5,1.0
10560,Gata2,Kdr,1.0
10561,Gata2,Kit,1.0
10562,Gata2,Klf1,1.0
10563,Gata2,Lyl1,1.0
10564,Gata2,Mafk,1.0
10565,Gata2,Mbp,1.0
10566,Gata2,Mill2,1.0
10567,Gata2,Mmp2,1.0
10568,Gata2,Ms4a2,1.0
10569,Gata2,Myc,1.0
10570,Gata2,Nfe2,1.0
10571,Gata2,Nos3,1.0
10572,Gata2,Nrp2,1.0
10573,Gata2,Pde9a,1.0
10574,Gata2,Pecam1,1.0
10575,Gata2,Pf4,-1.0
10576,Gata2,Plcg1,1.0
10577,Gata2,Pparg,-1.0
10578,Gata2,Ppp1r15a,1.0
10579,Gata2,Prg2,-1.0
10580,Gata2,Prkn,1.0
10581,Gata2,Psd4,1.0
10582,Gata2,Pten,-1.0
10583,Gata2,Rag1,1.0
10584,Gata2,Rc3h1,1.0
10585,Gata2,Rcan1,1.0
10586,Gata2,Skp2,-1.0
10587,Gata2,Smarca2,-1.0
10588,Gata2,Snca,1.0
10589,Gata2,Spi1,-1.0
10590,Gata2,Tac1,1.0
10591,Gata2,Tal1,1.0
10592,Gata2,Tfrc,1.0
10593,Gata2,Tnfaip8l1,1.0
10594,Gata2,Trh,1.0
10595,Gata2,Trp53,1.0
10596,Gata2,Tshb,1.0
10597,Gata2,Vwf,1.0
10598,Gata2,Wt1,1.0
10599,Gata2,Ybx1,1.0
10600,Gata3,Abcc2,1.0
10601,Gata3,Abcc3,1.0
10602,Gata3,Actr6,1.0
10603,Gata3,Aldh1a2,1.0
10604,Gata3,Apba1,1.0
10605,Gata3,Arnt2,1.0
10606,Gata3,Atox1,1.0
10607,Gata3,Atp2b1,1.0
10608,Gata3,Atxn10,1.0
10609,Gata3,Aurka,1.0
10610,Gata3,Aurkaip1,1.0
10611,Gata3,Bcas3,1.0
10612,Gata3,Bcl2l1,1.0
10613,Gata3,Bhlhe41,1.0
10614,Gata3,Birc5,1.0
10615,Gata3,Blcap,1.0
10616,Gata3,Bmp2,1.0
10617,Gata3,Bpifb1,1.0
10618,Gata3,Calr,1.0
10619,Gata3,Ccnd1,1.0
10620,Gata3,Ccr5,-1.0
10621,Gata3,Cd28,1.0
10622,Gata3,Cd38,1.0
10623,Gata3,Cd3e,1.0
10624,Gata3,Cd4,1.0
10625,Gata3,Cd40lg,1.0
10626,Gata3,Cd5,-1.0
10627,Gata3,Cd80,1.0
10628,Gata3,Cd8a,1.0
10629,Gata3,Cd8b1,1.0
10630,Gata3,Cdh1,1.0
10631,Gata3,Cdh2,1.0
10632,Gata3,Cdh3,-1.0
10633,Gata3,Cdkn2a,1.0
10634,Gata3,Cdkn2c,-1.0
10635,Gata3,Cdx2,1.0
10636,Gata3,Cfc1,1.0
10637,Gata3,Chd4,1.0
10638,Gata3,Chst2,1.0
10639,Gata3,Chst4,1.0
10640,Gata3,Clic3,1.0
10641,Gata3,Cryab,1.0
10642,Gata3,Ctla4,1.0
10643,Gata3,Ctnna2,1.0
10644,Gata3,Cybb,1.0
10645,Gata3,Dbh,1.0
10646,Gata3,Dnajc17,1.0
10647,Gata3,Dtx1,1.0
10648,Gata3,Dusp16,1.0
10649,Gata3,Edn1,1.0
10650,Gata3,Egfr,1.0
10651,Gata3,Epha7,1.0
10652,Gata3,Epo,-1.0
10653,Gata3,Epor,1.0
10654,Gata3,Erbb2,1.0
10655,Gata3,Erg,1.0
10656,Gata3,Esr1,1.0
10657,Gata3,Fam169b,1.0
10658,Gata3,Fbxo11,1.0
10659,Gata3,Fgf10,1.0
10660,Gata3,Fgf4,1.0
10661,Gata3,Fgfr1,1.0
10662,Gata3,Fndc3b,1.0
10663,Gata3,Foxa1,1.0
10664,Gata3,Foxc1,-1.0
10665,Gata3,Foxc2,-1.0
10666,Gata3,Foxp3,1.0
10667,Gata3,Fut7,-1.0
10668,Gata3,G6pc2,1.0
10669,Gata3,Galnt10,1.0
10670,Gata3,Gata1,1.0
10671,Gata3,Gata2,-1.0
10672,Gata3,Gcm2,1.0
10673,Gata3,Gcnt4,1.0
10674,Gata3,Gfi1b,1.0
10675,Gata3,Gls2,1.0
10676,Gata3,Gnrhr,1.0
10677,Gata3,Gpr162,1.0
10678,Gata3,Greb1,1.0
10679,Gata3,Grm7,1.0
10680,Gata3,Hat1,1.0
10681,Gata3,Hsd17b1,-1.0
10682,Gata3,Hspb1,1.0
10683,Gata3,Hspd1,1.0
10684,Gata3,Icos,1.0
10685,Gata3,Ifng,1.0
10686,Gata3,Il10,1.0
10687,Gata3,Il12rb1,1.0
10688,Gata3,Il12rb2,-1.0
10689,Gata3,Il13,-1.0
10690,Gata3,Il18r1,1.0
10691,Gata3,Il1rl1,1.0
10692,Gata3,Il24,1.0
10693,Gata3,Il3,-1.0
10694,Gata3,Il4,1.0
10695,Gata3,Il5,1.0
10696,Gata3,Il7r,1.0
10697,Gata3,Itpk1,1.0
10698,Gata3,Kmt2e,1.0
10699,Gata3,Lcn8,1.0
10700,Gata3,Lmo1,1.0
10701,Gata3,Lmo4,1.0
10702,Gata3,Lor,1.0
10703,Gata3,Lox,-1.0
10704,Gata3,Lrmda,1.0
10705,Gata3,Lrrc61,1.0
10706,Gata3,Lyl1,1.0
10707,Gata3,Mbnl2,1.0
10708,Gata3,Mgmt,1.0
10709,Gata3,Muc1,1.0
10710,Gata3,Myc,1.0
10711,Gata3,Myh3,1.0
10712,Gata3,Myrip,1.0
10713,Gata3,Ncoa3,1.0
10714,Gata3,Neto1,1.0
10715,Gata3,Nfkb1,1.0
10716,Gata3,Nkx3-1,1.0
10717,Gata3,Notch1,1.0
10718,Gata3,Notch2,1.0
10719,Gata3,Nrcam,1.0
10720,Gata3,Oprm1,1.0
10721,Gata3,Pacsin1,1.0
10722,Gata3,Pde3a,1.0
10723,Gata3,Pde7b,1.0
10724,Gata3,Pdgfrl,1.0
10725,Gata3,Pf4,1.0
10726,Gata3,Polr1f,1.0
10727,Gata3,Pparg,-1.0
10728,Gata3,Ppil2,1.0
10729,Gata3,Prkaca,1.0
10730,Gata3,Pth,1.0
10731,Gata3,Rag1,1.0
10732,Gata3,Rag2,1.0
10733,Gata3,Rapgef3,1.0
10734,Gata3,Rbms1,1.0
10735,Gata3,Rela,1.0
10736,Gata3,Rhoh,1.0
10737,Gata3,Ring1,1.0
10738,Gata3,Rtn4ip1,1.0
10739,Gata3,Runx3,-1.0
10740,Gata3,Septin7,1.0
10741,Gata3,Serpinf1,1.0
10742,Gata3,Serpinh1,1.0
10743,Gata3,Slc24a3,1.0
10744,Gata3,Slco4c1,1.0
10745,Gata3,Slit2,1.0
10746,Gata3,Smarca2,1.0
10747,Gata3,Snapc1,1.0
10748,Gata3,Sp1,1.0
10749,Gata3,Spart,1.0
10750,Gata3,Spef2,1.0
10751,Gata3,Spi1,1.0
10752,Gata3,Sst,1.0
10753,Gata3,St8sia6,1.0
10754,Gata3,Stat1,1.0
10755,Gata3,Stat4,-1.0
10756,Gata3,Svil,1.0
10757,Gata3,Tal1,1.0
10758,Gata3,Tcf7l2,1.0
10759,Gata3,Tek,1.0
10760,Gata3,Tet2,1.0
10761,Gata3,Tgfbr3,1.0
10762,Gata3,Th,1.0
10763,Gata3,Tlr5,1.0
10764,Gata3,Tmprss5,1.0
10765,Gata3,Tnf,1.0
10766,Gata3,Tox,1.0
10767,Gata3,Tpte,1.0
10768,Gata3,Usp21,1.0
10769,Gata3,Ust,1.0
10770,Gata3,Vapb,1.0
10771,Gata3,Vcam1,-1.0
10772,Gata3,Vgll4,1.0
10773,Gata3,Wasf1,1.0
10774,Gata3,Wtap,1.0
10775,Gata3,Zbtb7b,1.0
10776,Gata3,Zeb1,1.0
10777,Gata3,Zfp217,1.0
10778,Gata3,Zfp507,1.0
10779,Gata3,Zw10,1.0
10780,Gata3,Zxdc,1.0
10781,Gata4,Abcg8,1.0
10782,Gata4,Acot11,1.0
10783,Gata4,Acot13,1.0
10784,Gata4,Acta2,1.0
10785,Gata4,Ada,1.0
10786,Gata4,Adcyap1,1.0
10787,Gata4,Adora1,1.0
10788,Gata4,Amh,1.0
10789,Gata4,Ankrd1,1.0
10790,Gata4,Apc,1.0
10791,Gata4,Ar,1.0
10792,Gata4,Atp2a2,1.0
10793,Gata4,Bcl2,1.0
10794,Gata4,Bcl2l1,1.0
10795,Gata4,Bcl2l11,-1.0
10796,Gata4,Bmp2,1.0
10797,Gata4,Calca,1.0
10798,Gata4,Ccna2,1.0
10799,Gata4,Ccnd1,1.0
10800,Gata4,Ccnd2,1.0
10801,Gata4,Cd2,1.0
10802,Gata4,Cd44,1.0
10803,Gata4,Cdk4,1.0
10804,Gata4,Cdkn2b,1.0
10805,Gata4,Cebpb,-1.0
10806,Gata4,Cebpd,-1.0
10807,Gata4,Cish,1.0
10808,Gata4,Cldn1,1.0
10809,Gata4,Cldn11,1.0
10810,Gata4,Cldn2,1.0
10811,Gata4,Col1a2,1.0
10812,Gata4,Corin,1.0
10813,Gata4,Cpt1b,1.0
10814,Gata4,Ctnna3,1.0
10815,Gata4,Cyp17a1,1.0
10816,Gata4,Cyp19a1,1.0
10817,Gata4,Dio1,1.0
10818,Gata4,Dio2,1.0
10819,Gata4,Dll1,1.0
10820,Gata4,Edf1,1.0
10821,Gata4,Edn1,1.0
10822,Gata4,Ep300,1.0
10823,Gata4,Ephx1,1.0
10824,Gata4,Epo,1.0
10825,Gata4,Epor,1.0
10826,Gata4,Erbb2,-1.0
10827,Gata4,F10,1.0
10828,Gata4,Fabp1,1.0
10829,Gata4,Fabp2,1.0
10830,Gata4,Fcgr4,1.0
10831,Gata4,Fgf10,1.0
10832,Gata4,Fgf2,1.0
10833,Gata4,Fgf3,1.0
10834,Gata4,Fgfr1,1.0
10835,Gata4,Fshb,1.0
10836,Gata4,Fshr,1.0
10837,Gata4,Gata6,1.0
10838,Gata4,Gcg,1.0
10839,Gata4,Gip,1.0
10840,Gata4,Gja5,1.0
10841,Gata4,Gnrh1,1.0
10842,Gata4,Hdac9,-1.0
10843,Gata4,Hdc,-1.0
10844,Gata4,Hhex,1.0
10845,Gata4,Hnf4a,1.0
10846,Gata4,Hp,1.0
10847,Gata4,Hspa5,1.0
10848,Gata4,Iapp,1.0
10849,Gata4,Id2,1.0
10850,Gata4,Igf1,1.0
10851,Gata4,Igfbp5,1.0
10852,Gata4,Il33,1.0
10853,Gata4,Il5,1.0
10854,Gata4,Inha,1.0
10855,Gata4,Jarid2,1.0
10856,Gata4,Kdr,1.0
10857,Gata4,Krt27,1.0
10858,Gata4,Lhx9,1.0
10859,Gata4,Liph,1.0
10860,Gata4,Lrat,1.0
10861,Gata4,Lrrc10,1.0
10862,Gata4,Mafk,1.0
10863,Gata4,Me3,1.0
10864,Gata4,Mef2c,1.0
10865,Gata4,Mgmt,1.0
10866,Gata4,Mlc1,1.0
10867,Gata4,Mmp2,1.0
10868,Gata4,Mpg,1.0
10869,Gata4,Muc2,1.0
10870,Gata4,Muc5b,1.0
10871,Gata4,Myh6,1.0
10872,Gata4,Myh7,1.0
10873,Gata4,Myocd,1.0
10874,Gata4,Myog,1.0
10875,Gata4,Nanog,1.0
10876,Gata4,Nfya,1.0
10877,Gata4,Nkx2-5,1.0
10878,Gata4,Nos3,1.0
10879,Gata4,Nppa,1.0
10880,Gata4,Nppb,1.0
10881,Gata4,Pdgfra,1.0
10882,Gata4,Pias1,1.0
10883,Gata4,Pkd1,1.0
10884,Gata4,Ppa1,1.0
10885,Gata4,Ppargc1a,1.0
10886,Gata4,Ppp1r9b,1.0
10887,Gata4,Prkd3,1.0
10888,Gata4,Pten,-1.0
10889,Gata4,Rasa1,1.0
10890,Gata4,Serpinh1,1.0
10891,Gata4,Sftpc,1.0
10892,Gata4,Sgca,1.0
10893,Gata4,Sgpl1,1.0
10894,Gata4,Sirt1,1.0
10895,Gata4,Sis,1.0
10896,Gata4,Slc8a1,1.0
10897,Gata4,Sox9,1.0
10898,Gata4,Sry,1.0
10899,Gata4,Star,1.0
10900,Gata4,Sumo1,1.0
10901,Gata4,Tal1,1.0
10902,Gata4,Tbx6,1.0
10903,Gata4,Tdo2,-1.0
10904,Gata4,Tie1,1.0
10905,Gata4,Tnni3,1.0
10906,Gata4,Tnnt1,1.0
10907,Gata4,Trp53,1.0
10908,Gata4,Vcam1,1.0
10909,Gata4,Vegfa,1.0
10910,Gata4,Yy1,1.0
10911,Gata5,Apc,1.0
10912,Gata5,Cdh13,1.0
10913,Gata5,Fabp1,1.0
10914,Gata5,Gnrh1,1.0
10915,Gata5,Lct,-1.0
10916,Gata5,Mgmt,1.0
10917,Gata5,Muc17,1.0
10918,Gata5,Muc2,1.0
10919,Gata5,Muc4,1.0
10920,Gata5,Muc5b,1.0
10921,Gata5,Muc6,1.0
10922,Gata5,Myh7,1.0
10923,Gata5,Myl3,1.0
10924,Gata5,Nelfe,1.0
10925,Gata5,Nkx2-5,1.0
10926,Gata5,Nppa,1.0
10927,Gata5,Pgr,1.0
10928,Gata5,Rassf1,1.0
10929,Gata5,Rhd,1.0
10930,Gata5,Slc5a1,1.0
10931,Gata5,Slc9a3,1.0
10932,Gata5,Sox17,1.0
10933,Gata5,Tbx20,1.0
10934,Gata5,Tnnc1,1.0
10935,Gata5,Ttf1,1.0
10936,Gata6,Abca3,1.0
10937,Gata6,Abcg8,1.0
10938,Gata6,Acta2,1.0
10939,Gata6,Actg2,1.0
10940,Gata6,Alox15,-1.0
10941,Gata6,Apc,1.0
10942,Gata6,Apoa1,1.0
10943,Gata6,Aqp5,1.0
10944,Gata6,Bmp2,1.0
10945,Gata6,Bmp4,1.0
10946,Gata6,Calr,1.0
10947,Gata6,Cav1,-1.0
10948,Gata6,Cdh1,1.0
10949,Gata6,Cdx2,1.0
10950,Gata6,Cldn11,1.0
10951,Gata6,Clmp,1.0
10952,Gata6,Cx3cl1,1.0
10953,Gata6,Cyb5a,1.0
10954,Gata6,Cyp11a1,1.0
10955,Gata6,Cyp17a1,1.0
10956,Gata6,Dab2,1.0
10957,Gata6,Dkk1,1.0
10958,Gata6,Dppa4,1.0
10959,Gata6,Dusp16,1.0
10960,Gata6,Fabp1,1.0
10961,Gata6,Fasl,1.0
10962,Gata6,Fgf5,1.0
10963,Gata6,Fzd2,1.0
10964,Gata6,Gata4,1.0
10965,Gata6,Glb1,1.0
10966,Gata6,H2-T23,1.0
10967,Gata6,Hcn4,1.0
10968,Gata6,Hdc,-1.0
10969,Gata6,Hnf4a,1.0
10970,Gata6,Inha,1.0
10971,Gata6,Kras,1.0
10972,Gata6,Lama1,1.0
10973,Gata6,Lct,1.0
10974,Gata6,Lmcd1,1.0
10975,Gata6,Mafk,1.0
10976,Gata6,Mapk1,1.0
10977,Gata6,Mapk8,1.0
10978,Gata6,Mecom,1.0
10979,Gata6,Med1,1.0
10980,Gata6,Muc5b,1.0
10981,Gata6,Myh11,1.0
10982,Gata6,Myh6,1.0
10983,Gata6,Mylk,-1.0
10984,Gata6,Myocd,1.0
10985,Gata6,Nanog,1.0
10986,Gata6,Nkx2-1,1.0
10987,Gata6,Nkx2-5,1.0
10988,Gata6,Nlk,1.0
10989,Gata6,Nos3,1.0
10990,Gata6,Nox1,1.0
10991,Gata6,Nppa,1.0
10992,Gata6,Pdgfra,1.0
10993,Gata6,Plau,-1.0
10994,Gata6,Plxna2,1.0
10995,Gata6,Ppp1r14a,1.0
10996,Gata6,Rock1,1.0
10997,Gata6,Rpsa,1.0
10998,Gata6,Sema3c,1.0
10999,Gata6,Serpine1,1.0
11000,Gata6,Sftpc,1.0
11001,Gata6,Shh,1.0
11002,Gata6,Slc2a4,1.0
11003,Gata6,Star,1.0
11004,Gata6,Tagln,1.0
11005,Gata6,Tff1,1.0
11006,Gata6,Tff2,1.0
11007,Gata6,Tff3,1.0
11008,Gata6,Tgfb1,-1.0
11009,Gata6,Thy1,1.0
11010,Gata6,Tnc,-1.0
11011,Gata6,Tnf,1.0
11012,Gata6,Ttf1,1.0
11013,Gata6,Vcam1,1.0
11014,Gata6,Vegfa,1.0
11015,Gata6,Vwf,1.0
11016,Gata6,Wnt2,1.0
11017,Gata6,Wnt6,1.0
11018,Gata6,Wnt7b,1.0
11019,Gatad2b,Shc1,1.0
11020,Gbx2,Bmp4,1.0
11021,Gbx2,Eef1a1,1.0
11022,Gbx2,Fgf8,1.0
11023,Gbx2,Hmgb1,1.0
11024,Gbx2,Il6,1.0
11025,Gbx2,Lmo3,1.0
11026,Gbx2,Otx2,-1.0
11027,Gbx2,Wnt1,1.0
11028,Gcm1,Crebbp,1.0
11029,Gcm1,Cyp19a1,1.0
11030,Gcm1,Gfap,1.0
11031,Gcm1,Jund,1.0
11032,Gcm1,Mapk8,1.0
11033,Gcm1,Mfsd2a,1.0
11034,Gcm1,Mmp2,1.0
11035,Gcm1,Pgf,1.0
11036,Gcm2,Casr,1.0
11037,Gcm2,Pth,1.0
11038,Gfi1,Abl1,1.0
11039,Gfi1,Arih2,1.0
11040,Gfi1,Bax,-1.0
11041,Gfi1,Birc5,-1.0
11042,Gfi1,Cd8a,1.0
11043,Gfi1,Cdkn1a,-1.0
11044,Gfi1,Cdkn2b,-1.0
11045,Gfi1,Csf1,-1.0
11046,Gfi1,Csf1r,1.0
11047,Gfi1,Csf3,1.0
11048,Gfi1,Cxcr4,-1.0
11049,Gfi1,Cyp27b1,-1.0
11050,Gfi1,Egr2,-1.0
11051,Gfi1,Elane,1.0
11052,Gfi1,Entpd1,-1.0
11053,Gfi1,Gata1,1.0
11054,Gfi1,Gfi1b,1.0
11055,Gfi1,Ghr,1.0
11056,Gfi1,Gucy1b1,1.0
11057,Gfi1,Hoxa9,1.0
11058,Gfi1,Id2,1.0
11059,Gfi1,Il13,-1.0
11060,Gfi1,Il17a,-1.0
11061,Gfi1,Il17f,1.0
11062,Gfi1,Il2,1.0
11063,Gfi1,Il5,1.0
11064,Gfi1,Il7,1.0
11065,Gfi1,Il7r,-1.0
11066,Gfi1,Itgae,1.0
11067,Gfi1,Lcp1,-1.0
11068,Gfi1,Lep,1.0
11069,Gfi1,Mapk1,1.0
11070,Gfi1,Mapk3,1.0
11071,Gfi1,Mbp,1.0
11072,Gfi1,Mmp8,1.0
11073,Gfi1,Myb,1.0
11074,Gfi1,Myc,1.0
11075,Gfi1,Mysm1,1.0
11076,Gfi1,Nf1,1.0
11077,Gfi1,Nt5e,-1.0
11078,Gfi1,Prdm5,1.0
11079,Gfi1,Prg2,1.0
11080,Gfi1,Rag1,1.0
11081,Gfi1,Rasgrp1,1.0
11082,Gfi1,Rela,1.0
11083,Gfi1,Runx1t1,1.0
11084,Gfi1,Runx2,-1.0
11085,Gfi1,Socs1,1.0
11086,Gfi1,Socs3,1.0
11087,Gfi1,Spi1,-1.0
11088,Gfi1,Tnf,1.0
11089,Gfi1,Trp53,1.0
11090,Gfi1,Tspoap1,1.0
11091,Gfi1,Zbtb16,1.0
11092,Gfi1b,Bcl2l1,1.0
11093,Gfi1b,Cd34,1.0
11094,Gfi1b,Cdkn1a,-1.0
11095,Gfi1b,Dtx1,1.0
11096,Gfi1b,Elf4,1.0
11097,Gfi1b,Gata3,-1.0
11098,Gfi1b,Gfi1,1.0
11099,Gfi1b,Mef2c,-1.0
11100,Gfi1b,Meis1,-1.0
11101,Gfi1b,Myc,1.0
11102,Gfi1b,Runx1t1,1.0
11103,Gfi1b,Tgfbr3,1.0
11104,Gli1,Adam12,-1.0
11105,Gli1,Akt1,1.0
11106,Gli1,Alcam,-1.0
11107,Gli1,Amh,-1.0
11108,Gli1,Angpt4,1.0
11109,Gli1,Aqp1,1.0
11110,Gli1,Artn,1.0
11111,Gli1,Atg12,-1.0
11112,Gli1,Bcl2,1.0
11113,Gli1,Bhlhe41,1.0
11114,Gli1,Birc3,1.0
11115,Gli1,Bmi1,1.0
11116,Gli1,Camk1d,1.0
11117,Gli1,Ccn1,1.0
11118,Gli1,Ccnd1,1.0
11119,Gli1,Ccnd2,1.0
11120,Gli1,Ccpg1,-1.0
11121,Gli1,Cd24a,1.0
11122,Gli1,Cdc14a,1.0
11123,Gli1,Cdh1,1.0
11124,Gli1,Cdk2,1.0
11125,Gli1,Cdkn1a,-1.0
11126,Gli1,Cflar,1.0
11127,Gli1,Clca1,-1.0
11128,Gli1,Clca2,-1.0
11129,Gli1,Cldn2,1.0
11130,Gli1,Cnksr1,1.0
11131,Gli1,Cp,1.0
11132,Gli1,Ctnnb1,1.0
11133,Gli1,Cx3cl1,-1.0
11134,Gli1,Cxcl14,1.0
11135,Gli1,Cxcr4,1.0
11136,Gli1,Cyld,-1.0
11137,Gli1,Dars2,-1.0
11138,Gli1,Dkk2,1.0
11139,Gli1,Dkk3,1.0
11140,Gli1,Dkk4,1.0
11141,Gli1,Dmp1,-1.0
11142,Gli1,Dnajb9,-1.0
11143,Gli1,Dner,1.0
11144,Gli1,Drg2,1.0
11145,Gli1,Efnb2,1.0
11146,Gli1,Egfr,-1.0
11147,Gli1,Egr2,-1.0
11148,Gli1,Emb,-1.0
11149,Gli1,Fa2h,1.0
11150,Gli1,Fads2,1.0
11151,Gli1,Fas,-1.0
11152,Gli1,Fblim1,1.0
11153,Gli1,Fbn2,1.0
11154,Gli1,Fgf15,1.0
11155,Gli1,Fgf5,1.0
11156,Gli1,Fkbp1a,-1.0
11157,Gli1,Fmo1,1.0
11158,Gli1,Foxa1,-1.0
11159,Gli1,Foxa2,1.0
11160,Gli1,Foxd1,1.0
11161,Gli1,Foxm1,1.0
11162,Gli1,Frzb,1.0
11163,Gli1,Fst,1.0
11164,Gli1,Gatm,-1.0
11165,Gli1,Glis1,1.0
11166,Gli1,Gosr1,-1.0
11167,Gli1,Grem1,1.0
11168,Gli1,Grhl2,-1.0
11169,Gli1,H2ax,-1.0
11170,Gli1,Has2,1.0
11171,Gli1,Hes1,1.0
11172,Gli1,Hhip,1.0
11173,Gli1,Hsd11b1,1.0
11174,Gli1,Id4,1.0
11175,Gli1,Igf2,1.0
11176,Gli1,Igfbp6,1.0
11177,Gli1,Il1r2,1.0
11178,Gli1,Il6,1.0
11179,Gli1,Itgb1,1.0
11180,Gli1,Itih3,1.0
11181,Gli1,Jun,1.0
11182,Gli1,Jup,-1.0
11183,Gli1,Kank1,-1.0
11184,Gli1,Kidins220,-1.0
11185,Gli1,Kremen1,-1.0
11186,Gli1,Lgi2,1.0
11187,Gli1,Lhfpl6,1.0
11188,Gli1,Map3k12,1.0
11189,Gli1,Mcmbp,1.0
11190,Gli1,Mgmt,1.0
11191,Gli1,Mlh1,-1.0
11192,Gli1,Mmp13,-1.0
11193,Gli1,Mmp14,1.0
11194,Gli1,Mr1,1.0
11195,Gli1,Mtus1,-1.0
11196,Gli1,Muc5ac,1.0
11197,Gli1,Myc,-1.0
11198,Gli1,Mycl,1.0
11199,Gli1,Myo15a,1.0
11200,Gli1,Myo1e,-1.0
11201,Gli1,Nek2,1.0
11202,Gli1,Nhlh1,1.0
11203,Gli1,Nkx2-1,1.0
11204,Gli1,Nkx2-9,1.0
11205,Gli1,Npdc1,1.0
11206,Gli1,Npm1,1.0
11207,Gli1,Nr1h4,-1.0
11208,Gli1,Ntrk2,-1.0
11209,Gli1,Ntrk3,1.0
11210,Gli1,Pde4b,-1.0
11211,Gli1,Pde9a,1.0
11212,Gli1,Pdgfra,1.0
11213,Gli1,Pf4,-1.0
11214,Gli1,Pltp,1.0
11215,Gli1,Plxna2,1.0
11216,Gli1,Pomc,1.0
11217,Gli1,Prdm1,1.0
11218,Gli1,Prdm8,1.0
11219,Gli1,Prkch,-1.0
11220,Gli1,Prokr1,1.0
11221,Gli1,Prpsap1,1.0
11222,Gli1,Ptch1,1.0
11223,Gli1,Ptch2,1.0
11224,Gli1,Pthlh,1.0
11225,Gli1,Rasl11b,1.0
11226,Gli1,Rassf8,1.0
11227,Gli1,Rbm24,1.0
11228,Gli1,Rbpms,1.0
11229,Gli1,Reg4,1.0
11230,Gli1,Rgs16,1.0
11231,Gli1,Rgs4,-1.0
11232,Gli1,Rrm2b,1.0
11233,Gli1,Runx2,1.0
11234,Gli1,Runx3,1.0
11235,Gli1,S100a9,1.0
11236,Gli1,Scara5,1.0
11237,Gli1,Scarb1,1.0
11238,Gli1,Septin7,1.0
11239,Gli1,Sfrp1,1.0
11240,Gli1,Sfrp2,-1.0
11241,Gli1,Sgk1,-1.0
11242,Gli1,Sh3glb1,-1.0
11243,Gli1,Shh,1.0
11244,Gli1,Skic8,-1.0
11245,Gli1,Slc19a1,1.0
11246,Gli1,Slit2,-1.0
11247,Gli1,Slitrk6,1.0
11248,Gli1,Smad4,1.0
11249,Gli1,Smoc2,1.0
11250,Gli1,Snai1,1.0
11251,Gli1,Socs1,1.0
11252,Gli1,Sox14,1.0
11253,Gli1,Sox9,1.0
11254,Gli1,Spag9,1.0
11255,Gli1,Spp1,1.0
11256,Gli1,Steap4,1.0
11257,Gli1,Stxbp6,1.0
11258,Gli1,Sufu,-1.0
11259,Gli1,Synm,-1.0
11260,Gli1,Tert,1.0
11261,Gli1,Tgfb1,1.0
11262,Gli1,Tiam1,1.0
11263,Gli1,Tmem69,1.0
11264,Gli1,Tnfaip6,-1.0
11265,Gli1,Tnfrsf10b,-1.0
11266,Gli1,Tnmd,1.0
11267,Gli1,Tom1,-1.0
11268,Gli1,Trib2,1.0
11269,Gli1,Trp53,1.0
11270,Gli1,Tsc22d1,-1.0
11271,Gli1,Tst,1.0
11272,Gli1,Usp7,1.0
11273,Gli1,Vegfa,1.0
11274,Gli1,Vim,1.0
11275,Gli1,Vldlr,1.0
11276,Gli2,Abca1,-1.0
11277,Gli2,Add3,1.0
11278,Gli2,Akap4,-1.0
11279,Gli2,Ascl1,1.0
11280,Gli2,Atp10b,-1.0
11281,Gli2,Atp4a,1.0
11282,Gli2,Atp9a,-1.0
11283,Gli2,Bcl2,1.0
11284,Gli2,Bcl6,-1.0
11285,Gli2,Bhlhe41,1.0
11286,Gli2,Blvra,-1.0
11287,Gli2,Bmp1,-1.0
11288,Gli2,Bmp2,1.0
11289,Gli2,Bmp4,1.0
11290,Gli2,Bmp7,-1.0
11291,Gli2,Brd2,1.0
11292,Gli2,Camk1,1.0
11293,Gli2,Ccl17,1.0
11294,Gli2,Ccnd1,1.0
11295,Gli2,Ccnd2,1.0
11296,Gli2,Ccng2,-1.0
11297,Gli2,Cdc45,1.0
11298,Gli2,Cdc7,1.0
11299,Gli2,Cdh1,-1.0
11300,Gli2,Cdk1,1.0
11301,Gli2,Cdkn1a,-1.0
11302,Gli2,Cflar,1.0
11303,Gli2,Clk1,-1.0
11304,Gli2,Clk2,1.0
11305,Gli2,Cntn2,1.0
11306,Gli2,Col10a1,-1.0
11307,Gli2,Col5a2,1.0
11308,Gli2,Ctr9,-1.0
11309,Gli2,Ctsl,1.0
11310,Gli2,Dio3,1.0
11311,Gli2,Dlx3,-1.0
11312,Gli2,Dlx5,-1.0
11313,Gli2,Dst,-1.0
11314,Gli2,E2f1,1.0
11315,Gli2,Edn1,1.0
11316,Gli2,Efemp1,-1.0
11317,Gli2,Efna1,-1.0
11318,Gli2,Egfr,-1.0
11319,Gli2,Fas,-1.0
11320,Gli2,Fen1,1.0
11321,Gli2,Fgf10,-1.0
11322,Gli2,Fgf13,1.0
11323,Gli2,Fgf15,1.0
11324,Gli2,Fgf8,1.0
11325,Gli2,Foxa2,1.0
11326,Gli2,Foxc1,-1.0
11327,Gli2,Foxc2,-1.0
11328,Gli2,Foxe1,1.0
11329,Gli2,Foxf1,1.0
11330,Gli2,Foxl1,1.0
11331,Gli2,Frzb,1.0
11332,Gli2,Fst,1.0
11333,Gli2,Fzd6,-1.0
11334,Gli2,Gast,-1.0
11335,Gli2,Gli1,1.0
11336,Gli2,H2-Ea,-1.0
11337,Gli2,H2-T23,-1.0
11338,Gli2,H2ac19,-1.0
11339,Gli2,H2ax,-1.0
11340,Gli2,Hes1,1.0
11341,Gli2,Hhip,1.0
11342,Gli2,Hip1,1.0
11343,Gli2,Hk1,1.0
11344,Gli2,Hpgd,-1.0
11345,Gli2,Hspa4,1.0
11346,Gli2,Ifitm5,1.0
11347,Gli2,Ifngr1,-1.0
11348,Gli2,Igfbp3,-1.0
11349,Gli2,Il13,-1.0
11350,Gli2,Il1r2,1.0
11351,Gli2,Il6,1.0
11352,Gli2,Ilf3,1.0
11353,Gli2,Irf9,-1.0
11354,Gli2,Itga6,-1.0
11355,Gli2,Itgb1,1.0
11356,Gli2,Jag1,-1.0
11357,Gli2,Jun,1.0
11358,Gli2,Junb,-1.0
11359,Gli2,Krt17,1.0
11360,Gli2,Lamb3,-1.0
11361,Gli2,Lum,-1.0
11362,Gli2,Mad2l1,1.0
11363,Gli2,Map3k4,-1.0
11364,Gli2,Mapk6,-1.0
11365,Gli2,Maz,-1.0
11366,Gli2,Meox1,1.0
11367,Gli2,Mitf,-1.0
11368,Gli2,Mlh1,-1.0
11369,Gli2,Mmp13,-1.0
11370,Gli2,Mmp2,1.0
11371,Gli2,Msx2,-1.0
11372,Gli2,Muc5ac,1.0
11373,Gli2,Myc,-1.0
11374,Gli2,Myf5,1.0
11375,Gli2,Nek2,1.0
11376,Gli2,Nkx2-2,1.0
11377,Gli2,Npy2r,-1.0
11378,Gli2,Nr2f1,1.0
11379,Gli2,Olig2,1.0
11380,Gli2,Pax3,1.0
11381,Gli2,Pcna,1.0
11382,Gli2,Pdgfra,1.0
11383,Gli2,Ppp1cb,1.0
11384,Gli2,Prkaca,-1.0
11385,Gli2,Ptch1,1.0
11386,Gli2,Pten,-1.0
11387,Gli2,Pthlh,1.0
11388,Gli2,Rapgefl1,-1.0
11389,Gli2,Rhoh,-1.0
11390,Gli2,Rorc,-1.0
11391,Gli2,Runx2,1.0
11392,Gli2,Serpinb2,1.0
11393,Gli2,Sfrp1,1.0
11394,Gli2,Socs1,1.0
11395,Gli2,Sox2,1.0
11396,Gli2,Sox8,1.0
11397,Gli2,Spart,1.0
11398,Gli2,Sytl2,-1.0
11399,Gli2,Tead1,1.0
11400,Gli2,Tert,1.0
11401,Gli2,Tgfa,1.0
11402,Gli2,Tgfb1,1.0
11403,Gli2,Tgfbi,1.0
11404,Gli2,Timp3,-1.0
11405,Gli2,Tnc,1.0
11406,Gli2,Tnfrsf10b,-1.0
11407,Gli2,Tob1,-1.0
11408,Gli2,Ugcg,-1.0
11409,Gli2,Vav3,-1.0
11410,Gli2,Vdr,-1.0
11411,Gli2,Vipr1,-1.0
11412,Gli2,Wnt2b,1.0
11413,Gli2,Xiap,1.0
11414,Gli2,Zeb1,1.0
11415,Gli2,Zfc3h1,-1.0
11416,Gli3,Bcl2,1.0
11417,Gli3,Ccnd1,1.0
11418,Gli3,Cd5,1.0
11419,Gli3,Cdk6,-1.0
11420,Gli3,Cdkn2c,1.0
11421,Gli3,Col10a1,1.0
11422,Gli3,Ctnnb1,1.0
11423,Gli3,Fgf8,-1.0
11424,Gli3,Fos,1.0
11425,Gli3,Foxf1,1.0
11426,Gli3,Foxl1,1.0
11427,Gli3,Fst,1.0
11428,Gli3,Gli1,1.0
11429,Gli3,Gna14,-1.0
11430,Gli3,Gnat3,-1.0
11431,Gli3,Hand2,-1.0
11432,Gli3,Hip1,-1.0
11433,Gli3,Hoxd13,1.0
11434,Gli3,Ift88,1.0
11435,Gli3,Itgax,1.0
11436,Gli3,Med12,1.0
11437,Gli3,Myf5,-1.0
11438,Gli3,Nos2,-1.0
11439,Gli3,Pitrm1,-1.0
11440,Gli3,Ptch1,1.0
11441,Gli3,Ptch2,1.0
11442,Gli3,Pthlh,1.0
11443,Gli3,Rbp1,-1.0
11444,Gli3,Rnf123,1.0
11445,Gli3,Shh,-1.0
11446,Gli3,Smo,1.0
11447,Gli3,Tas1r3,-1.0
11448,Gli3,Tnfrsf10b,-1.0
11449,Gli3,Trpm5,-1.0
11450,Gli3,Vmp1,1.0
11451,Gli3,Wnt2,1.0
11452,Gli3,Wnt7b,1.0
11453,Gli3,Wnt8b,1.0
11454,Gli3,Zfp503,1.0
11455,Glis1,Wnt5a,1.0
11456,Glis3,Fgf18,1.0
11457,Glis3,Mafa,1.0
11458,Glis3,Neurog3,1.0
11459,Glis3,Pax6,-1.0
11460,Glis3,Runx2,1.0
11461,Glis3,Spp1,1.0
11462,Gmeb1,Per2,1.0
11463,Gmeb1,Tat,1.0
11464,Grhl1,Cyp11a1,-1.0
11465,Grhl1,Igf2,-1.0
11466,Grhl2,Cdc42se1,1.0
11467,Grhl2,Cdh1,1.0
11468,Grhl2,Cldn3,1.0
11469,Grhl2,Erbb3,1.0
11470,Grhl2,Nkx2-1,1.0
11471,Grhl2,Rab25,1.0
11472,Grhl2,Tert,1.0
11473,Grhl2,Zeb1,-1.0
11474,Grhl3,Ache,1.0
11475,Grhl3,Angpt1,1.0
11476,Grhl3,Atm,1.0
11477,Grhl3,Axin2,1.0
11478,Grhl3,Bax,1.0
11479,Grhl3,Bdnf,1.0
11480,Grhl3,Bik,1.0
11481,Grhl3,Calca,1.0
11482,Grhl3,Cdh1,1.0
11483,Grhl3,Cdkn2a,1.0
11484,Grhl3,Cldn7,1.0
11485,Grhl3,Hey1,1.0
11486,Grhl3,Hp,1.0
11487,Grhl3,Krt5,1.0
11488,Grhl3,Nos1,1.0
11489,Grhl3,Oga,1.0
11490,Grhl3,Pten,1.0
11491,Grhl3,Rb1,1.0
11492,Grhl3,Smad7,1.0
11493,Grhl3,Smyd1,1.0
11494,Grhl3,Tat,1.0
11495,Grhl3,Tfap2a,1.0
11496,Grhl3,Tiam1,1.0
11497,Grhl3,Tnfrsf11a,1.0
11498,Grhl3,Ube2d3,1.0
11499,Grhl3,Upk2,1.0
11500,Grhl3,Vdr,1.0
11501,Gsc,Bmp4,1.0
11502,Gsc,Cdh5,1.0
11503,Gsc,Chrd,1.0
11504,Gsc,Epha7,-1.0
11505,Gsc,Evx1,-1.0
11506,Gsc,Foxc2,1.0
11507,Gsc,Foxh1,1.0
11508,Gsc,Gsc2,1.0
11509,Gsc,Gtf2i,1.0
11510,Gsc,Igkc,1.0
11511,Gsc,Inhba,1.0
11512,Gsc,Mixl1,1.0
11513,Gsc,Pax3,1.0
11514,Gsc,Prom1,1.0
11515,Gsc2,Th,1.0
11516,Gsx1,Gclc,1.0
11517,Gsx1,Ghrh,1.0
11518,Gsx2,Aldh1a3,1.0
11519,Gtf2a1,Tbp,1.0
11520,Gtf2b,Bdkrb1,1.0
11521,Gtf2i,Akap12,1.0
11522,Gtf2i,Btk,1.0
11523,Gtf2i,Ccnd1,1.0
11524,Gtf2i,Ccnd2,1.0
11525,Gtf2i,Ccnd3,1.0
11526,Gtf2i,Cd44,1.0
11527,Gtf2i,Cish,1.0
11528,Gtf2i,E2f2,1.0
11529,Gtf2i,Fos,1.0
11530,Gtf2i,Gsc,1.0
11531,Gtf2i,Hps4,1.0
11532,Gtf2i,Hspa5,1.0
11533,Gtf2i,Itsn1,1.0
11534,Gtf2i,Kdr,1.0
11535,Gtf2i,Polr2f,1.0
11536,Gtf2i,Sirt1,1.0
11537,Gtf2i,Smarca4,1.0
11538,Gtf2i,Src,1.0
11539,Gtf2i,Tgfb1,1.0
11540,Gtf2i,Ucn,1.0
11541,Gtf2ird1,Calca,1.0
11542,Gtf2ird1,Cish,1.0
11543,Gtf2ird1,Large1,1.0
11544,Gtf2ird1,Rb1,1.0
11545,Gtf2ird1,Sirt7,1.0
11546,Gtf3a,Abca1,1.0
11547,Gtf3a,Actg2,1.0
11548,Gtf3a,Adm,1.0
11549,Gtf3a,Bag3,1.0
11550,Gtf3a,Birc5,1.0
11551,Gtf3a,Bok,1.0
11552,Gtf3a,Btk,1.0
11553,Gtf3a,Epo,1.0
11554,Gtf3a,Fus,1.0
11555,Gtf3a,Gps2,1.0
11556,Gtf3a,Hspa4,1.0
11557,Gtf3a,Igf2,1.0
11558,Gtf3a,Kdr,1.0
11559,Gtf3a,Lct,1.0
11560,Gtf3a,Lipg,1.0
11561,Gtf3a,Lpp,1.0
11562,Gtf3a,Nme1,1.0
11563,Gtf3a,Nppb,1.0
11564,Gtf3a,Pdgfa,1.0
11565,Gtf3a,Plau,1.0
11566,Gtf3a,Rad51b,1.0
11567,Gtf3a,Scn5a,1.0
11568,Gtf3a,Stat1,1.0
11569,Gtf3a,Tnf,1.0
11570,Gtf3a,Vegfa,1.0
11571,Gzf1,Hoxa10,-1.0
11572,Hand1,Ascl2,1.0
11573,Hand1,Dbh,1.0
11574,Hand1,Fgf8,1.0
11575,Hand1,Gh,1.0
11576,Hand1,Ghrhr,1.0
11577,Hand1,Il4,1.0
11578,Hand1,Ngf,1.0
11579,Hand1,Ngfr,-1.0
11580,Hand1,Nppa,1.0
11581,Hand1,Ntrk1,1.0
11582,Hand1,Phox2b,1.0
11583,Hand1,Th,1.0
11584,Hand1,Tnfrsf1b,1.0
11585,Hand1,Twist2,1.0
11586,Hand2,Abra,1.0
11587,Hand2,Acan,-1.0
11588,Hand2,Bmp2,1.0
11589,Hand2,Bmp4,1.0
11590,Hand2,Bmp7,-1.0
11591,Hand2,Chat,-1.0
11592,Hand2,Col2a1,-1.0
11593,Hand2,Cops5,1.0
11594,Hand2,Dbh,1.0
11595,Hand2,Emx2,1.0
11596,Hand2,Fbn1,1.0
11597,Hand2,Fn1,1.0
11598,Hand2,Gata4,1.0
11599,Hand2,Gja5,1.0
11600,Hand2,Gli3,-1.0
11601,Hand2,Gnai1,-1.0
11602,Hand2,Hand1,1.0
11603,Hand2,Id1,1.0
11604,Hand2,Il6,1.0
11605,Hand2,Msx1,1.0
11606,Hand2,Myh6,1.0
11607,Hand2,Ngfr,1.0
11608,Hand2,Nppa,1.0
11609,Hand2,Nppb,1.0
11610,Hand2,Nrp1,1.0
11611,Hand2,Pdk4,1.0
11612,Hand2,Phox2a,1.0
11613,Hand2,Phox2b,1.0
11614,Hand2,Postn,1.0
11615,Hand2,Sfrp1,1.0
11616,Hand2,Shh,1.0
11617,Hand2,Slc18a3,-1.0
11618,Hand2,Slit3,-1.0
11619,Hand2,Sox9,-1.0
11620,Hand2,Th,1.0
11621,Hand2,Tnfrsf1b,1.0
11622,Hand2,Tspoap1,1.0
11623,Hand2,Ucp3,1.0
11624,Hbp1,Bax,1.0
11625,Hbp1,Bcl2,1.0
11626,Hbp1,Becn1,1.0
11627,Hbp1,Bmp2,1.0
11628,Hbp1,Ccnd1,-1.0
11629,Hbp1,Ccnd3,-1.0
11630,Hbp1,Ccne1,-1.0
11631,Hbp1,Cd74,1.0
11632,Hbp1,Cdkn1a,-1.0
11633,Hbp1,Cdkn2a,1.0
11634,Hbp1,Cebpa,1.0
11635,Hbp1,Col2a1,1.0
11636,Hbp1,Crebbp,1.0
11637,Hbp1,Dnmt1,-1.0
11638,Hbp1,Fasl,1.0
11639,Hbp1,Gata1,1.0
11640,Hbp1,H1f0,1.0
11641,Hbp1,H1f2,1.0
11642,Hbp1,H1f5,1.0
11643,Hbp1,Hmgb1,1.0
11644,Hbp1,Ifnar1,1.0
11645,Hbp1,Il1b,1.0
11646,Hbp1,Il2,1.0
11647,Hbp1,Irs1,1.0
11648,Hbp1,Junb,1.0
11649,Hbp1,Map1lc3a,1.0
11650,Hbp1,Mapk14,1.0
11651,Hbp1,Matn1,1.0
11652,Hbp1,Mcl1,1.0
11653,Hbp1,Mif,-1.0
11654,Hbp1,Mpo,1.0
11655,Hbp1,Mrgprf,1.0
11656,Hbp1,Myb,-1.0
11657,Hbp1,Myc,-1.0
11658,Hbp1,Ncf1,-1.0
11659,Hbp1,Nfkbia,1.0
11660,Hbp1,Pax7,1.0
11661,Hbp1,Rb1,1.0
11662,Hbp1,Runx1,1.0
11663,Hbp1,Spi1,-1.0
11664,Hbp1,Sqstm1,1.0
11665,Hbp1,Tlr2,1.0
11666,Hbp1,Tnf,1.0
11667,Hbp1,Tnnt2,1.0
11668,Hbp1,Trp63,1.0
11669,Hbp1,Trp73,1.0
11670,Hcfc1,Ccna2,1.0
11671,Hcfc1,Cdc6,1.0
11672,Hcfc1,Cdk1,1.0
11673,Hcfc1,Cox7c,1.0
11674,Hcfc1,E2f1,1.0
11675,Hcfc1,E2f4,-1.0
11676,Hcfc1,Mmachc,1.0
11677,Hcfc1,Pdx1,1.0
11678,Hdac1,Adam10,-1.0
11679,Hdac1,Alox15,-1.0
11680,Hdac1,Apoc3,-1.0
11681,Hdac1,Ar,-1.0
11682,Hdac1,Bambi,-1.0
11683,Hdac1,Birc3,1.0
11684,Hdac1,Birc5,-1.0
11685,Hdac1,Brca2,-1.0
11686,Hdac1,Ccnd1,-1.0
11687,Hdac1,Ccnd2,-1.0
11688,Hdac1,Cd44,-1.0
11689,Hdac1,Cd82,-1.0
11690,Hdac1,Cdh1,-1.0
11691,Hdac1,Cdkn1a,-1.0
11692,Hdac1,Cdkn2a,-1.0
11693,Hdac1,Cebpa,-1.0
11694,Hdac1,Cldn7,-1.0
11695,Hdac1,Col1a2,1.0
11696,Hdac1,Defb1,-1.0
11697,Hdac1,Dnmt1,-1.0
11698,Hdac1,E2f1,-1.0
11699,Hdac1,Egfr,-1.0
11700,Hdac1,Egr1,-1.0
11701,Hdac1,Ehmt2,-1.0
11702,Hdac1,Eif2ak1,-1.0
11703,Hdac1,Epcam,-1.0
11704,Hdac1,Esr1,-1.0
11705,Hdac1,Fos,-1.0
11706,Hdac1,Fshr,-1.0
11707,Hdac1,Gad1,-1.0
11708,Hdac1,Grin2b,1.0
11709,Hdac1,H2-Ea,-1.0
11710,Hdac1,Hes1,-1.0
11711,Hdac1,Hmgcs1,-1.0
11712,Hdac1,Hspa5,-1.0
11713,Hdac1,Icam1,1.0
11714,Hdac1,Igfbp3,1.0
11715,Hdac1,Il2,-1.0
11716,Hdac1,Klf4,-1.0
11717,Hdac1,Mgmt,-1.0
11718,Hdac1,Mill2,-1.0
11719,Hdac1,Mme,-1.0
11720,Hdac1,Mmp28,-1.0
11721,Hdac1,Mmp9,-1.0
11722,Hdac1,Mta3,-1.0
11723,Hdac1,Nfkb1,-1.0
11724,Hdac1,Nos3,-1.0
11725,Hdac1,Pcna,-1.0
11726,Hdac1,Phb1,-1.0
11727,Hdac1,Pou5f1,-1.0
11728,Hdac1,Psip1,-1.0
11729,Hdac1,Ptgs2,1.0
11730,Hdac1,Rarb,-1.0
11731,Hdac1,Reck,-1.0
11732,Hdac1,Recql4,-1.0
11733,Hdac1,Reln,-1.0
11734,Hdac1,Rgs10,-1.0
11735,Hdac1,Rhob,-1.0
11736,Hdac1,Runx3,-1.0
11737,Hdac1,Serpinb5,-1.0
11738,Hdac1,Sfrp1,-1.0
11739,Hdac1,Smad7,-1.0
11740,Hdac1,Snai2,-1.0
11741,Hdac1,Sp1,-1.0
11742,Hdac1,Spp1,-1.0
11743,Hdac1,Star,-1.0
11744,Hdac1,Stat3,-1.0
11745,Hdac1,Tert,-1.0
11746,Hdac1,Tff1,-1.0
11747,Hdac1,Tjp1,-1.0
11748,Hdac1,Tnfrsf10b,-1.0
11749,Hdac1,Trp53,-1.0
11750,Hdac1,Txnip,-1.0
11751,Hdac1,Ube2d3,-1.0
11752,Hdac1,Vdr,-1.0
11753,Hdac1,Vegfc,-1.0
11754,Hdac3,Alox5,1.0
11755,Hdac3,Apoc3,1.0
11756,Hdac3,Atp6v0e2,-1.0
11757,Hdac3,Cdh1,-1.0
11758,Hdac3,Cdkn2a,-1.0
11759,Hdac3,Cxcr4,-1.0
11760,Hdac3,Egfr,1.0
11761,Hdac3,Gas2,-1.0
11762,Hdac3,Gata2,-1.0
11763,Hdac3,Gcm1,1.0
11764,Hdac3,Grhl1,-1.0
11765,Hdac3,Gtf2i,1.0
11766,Hdac3,Jun,-1.0
11767,Hdac3,Lgals9,1.0
11768,Hdac3,Lss,1.0
11769,Hdac3,Mbd1,1.0
11770,Hdac3,Mmp2,-1.0
11771,Hdac3,Myc,-1.0
11772,Hdac3,Pck2,1.0
11773,Hdac3,Pram1,1.0
11774,Hdac3,Smad7,1.0
11775,Hdac3,Tlr9,1.0
11776,Hdac3,Tnf,1.0
11777,Hdac3,Ulbp1,1.0
11778,Hdac3,Vegfa,1.0
11779,Hdac4,Atf4,1.0
11780,Hdac4,Car9,1.0
11781,Hdac4,Cdkn1a,-1.0
11782,Hdac4,Cdkn2a,-1.0
11783,Hdac4,Hdac3,1.0
11784,Hdac4,Hoxb13,-1.0
11785,Hdac4,Il10,-1.0
11786,Hdac4,Il5,1.0
11787,Hdac4,Jun,1.0
11788,Hdac4,Klf4,1.0
11789,Hdac4,Mef2a,-1.0
11790,Hdac4,Mmp13,-1.0
11791,Hdac4,Ptges,1.0
11792,Hdac4,Ptgs2,1.0
11793,Hdac4,Ptpa,1.0
11794,Hdac4,Reck,1.0
11795,Hdac4,Runx2,-1.0
11796,Hdac4,Slc2a4,1.0
11797,Hdac4,Smad4,1.0
11798,Hdac4,Tgif1,1.0
11799,Hdac4,Tgif2,1.0
11800,Hdac4,Vcam1,1.0
11801,Hdac4,Vegfa,-1.0
11802,Hdac4,Wt1,-1.0
11803,Hdac5,Fgf2,-1.0
11804,Hdac5,Gcm1,-1.0
11805,Hdac5,Igf2,-1.0
11806,Hdac5,Mef2a,-1.0
11807,Hdac5,Slc2a1,1.0
11808,Hdac5,Slc2a4,-1.0
11809,Hdac5,Slit2,-1.0
11810,Hdac5,Wt1,-1.0
11811,Hdac5,Yy1,1.0
11812,Hdac7,Actn4,-1.0
11813,Hdac7,Akap12,-1.0
11814,Hdac7,Cdkn1a,1.0
11815,Hdac7,Cyp7a1,-1.0
11816,Hdac7,Esr1,-1.0
11817,Hdac7,Hdc,-1.0
11818,Hdac7,Hif1a,-1.0
11819,Hdac7,Maml1,-1.0
11820,Hdac7,Mef2a,-1.0
11821,Hdac7,Mef2c,-1.0
11822,Hdac7,Mef2d,-1.0
11823,Hdac7,Nr4a1,-1.0
11824,Hdac9,App,-1.0
11825,Hdac9,Cdkn2a,1.0
11826,Hdac9,Cflar,-1.0
11827,Hdac9,Cited2,-1.0
11828,Hdac9,Esr1,-1.0
11829,Hdac9,Hspa5,-1.0
11830,Hdac9,Igfbp1,-1.0
11831,Hdac9,Il18,-1.0
11832,Hdac9,Lpl,-1.0
11833,Hdac9,Mef2a,-1.0
11834,Hdac9,Mmp13,1.0
11835,Hdac9,Nfkb1,-1.0
11836,Hdac9,Rela,-1.0
11837,Hdac9,Stat6,-1.0
11838,Hdac9,Tnfrsf10b,-1.0
11839,Hdac9,Trp53,-1.0
11840,Hdgf,Cdh1,-1.0
11841,Hdgf,Fas,1.0
11842,Hdgf,Smyd1,-1.0
11843,Hdgf,Trp53,1.0
11844,Hdgf,Vegfa,1.0
11845,Hdgf,Vegfb,1.0
11846,Hdgf,Vim,1.0
11847,Hes1,Adamts5,1.0
11848,Hes1,Akt1,1.0
11849,Hes1,Aldh2,1.0
11850,Hes1,Ascl1,-1.0
11851,Hes1,Ascl2,-1.0
11852,Hes1,Atoh1,-1.0
11853,Hes1,Bbc3,-1.0
11854,Hes1,Bcl2,1.0
11855,Hes1,Bnip3,-1.0
11856,Hes1,Cbln4,1.0
11857,Hes1,Ccne1,-1.0
11858,Hes1,Cd3e,1.0
11859,Hes1,Cd4,-1.0
11860,Hes1,Cd44,1.0
11861,Hes1,Cdkn1a,-1.0
11862,Hes1,Cdkn1b,-1.0
11863,Hes1,Cdkn1c,-1.0
11864,Hes1,Cfd,1.0
11865,Hes1,Ckm,1.0
11866,Hes1,Col1a1,1.0
11867,Hes1,Col1a2,1.0
11868,Hes1,Col2a1,-1.0
11869,Hes1,Crabp1,1.0
11870,Hes1,Ctnnd2,-1.0
11871,Hes1,Dbf4,1.0
11872,Hes1,Ddr1,1.0
11873,Hes1,Dll1,-1.0
11874,Hes1,Dtx1,-1.0
11875,Hes1,Dusp1,1.0
11876,Hes1,E2f1,-1.0
11877,Hes1,Efnb2,1.0
11878,Hes1,Fcer1g,1.0
11879,Hes1,Flt3,-1.0
11880,Hes1,Foxp3,1.0
11881,Hes1,Gaa,-1.0
11882,Hes1,Gadd45a,1.0
11883,Hes1,Gata2,-1.0
11884,Hes1,Gli1,1.0
11885,Hes1,Gpr146,-1.0
11886,Hes1,Gria1,1.0
11887,Hes1,Htr1a,-1.0
11888,Hes1,Il1b,1.0
11889,Hes1,Il1rl1,1.0
11890,Hes1,Il6,1.0
11891,Hes1,Jun,1.0
11892,Hes1,Kdm6b,1.0
11893,Hes1,Ldlr,1.0
11894,Hes1,Maml1,1.0
11895,Hes1,Map2,-1.0
11896,Hes1,Mapk1,1.0
11897,Hes1,Mapk8,1.0
11898,Hes1,Mdm2,1.0
11899,Hes1,Mmp13,1.0
11900,Hes1,Msi1,1.0
11901,Hes1,Muc5ac,1.0
11902,Hes1,Myod1,-1.0
11903,Hes1,Neurod1,1.0
11904,Hes1,Neurog1,-1.0
11905,Hes1,Neurog2,-1.0
11906,Hes1,Neurog3,-1.0
11907,Hes1,Ngf,1.0
11908,Hes1,Noc3l,-1.0
11909,Hes1,Notch1,1.0
11910,Hes1,Notch2,1.0
11911,Hes1,Npat,-1.0
11912,Hes1,Nr1h3,1.0
11913,Hes1,Nr3c1,-1.0
11914,Hes1,Numb,1.0
11915,Hes1,Pax3,1.0
11916,Hes1,Pparg,-1.0
11917,Hes1,Prdm16,1.0
11918,Hes1,Prnp,-1.0
11919,Hes1,Prph2,1.0
11920,Hes1,Pten,-1.0
11921,Hes1,Ptgds,-1.0
11922,Hes1,Rb1,1.0
11923,Hes1,Rbp4,1.0
11924,Hes1,Rcan1,-1.0
11925,Hes1,Rest,-1.0
11926,Hes1,Sar1b,1.0
11927,Hes1,Sirt1,1.0
11928,Hes1,Slc25a5,1.0
11929,Hes1,Spp1,1.0
11930,Hes1,Tagln,1.0
11931,Hes1,Tle1,1.0
11932,Hes1,Tlx3,1.0
11933,Hes1,Tph1,1.0
11934,Hes1,Tra2b,1.0
11935,Hes3,Hes1,-1.0
11936,Hes5,Ascl1,-1.0
11937,Hes5,Atoh1,-1.0
11938,Hes5,Htr1a,-1.0
11939,Hes5,Il12a,-1.0
11940,Hes5,Neurog1,-1.0
11941,Hes5,Neurog2,-1.0
11942,Hes5,Notch1,-1.0
11943,Hes6,Ascl1,-1.0
11944,Hes6,E2f1,1.0
11945,Hes6,Hes5,-1.0
11946,Hes6,Hnf4a,1.0
11947,Hes6,Htr1a,1.0
11948,Hes6,Ldlr,1.0
11949,Hes6,Msc,-1.0
11950,Hes6,Pparg,-1.0
11951,Hes7,Spry4,-1.0
11952,Hesx1,Calm1,1.0
11953,Hesx1,Camk2a,1.0
11954,Hesx1,Cga,-1.0
11955,Hesx1,Cyp26a1,1.0
11956,Hesx1,Dhx9,1.0
11957,Hesx1,Esr1,1.0
11958,Hesx1,Fshb,1.0
11959,Hesx1,Gnrh1,1.0
11960,Hesx1,Kras,1.0
11961,Hesx1,Mapk1,1.0
11962,Hesx1,Mmp2,1.0
11963,Hesx1,Myh6,1.0
11964,Hesx1,Myh7,1.0
11965,Hesx1,Myl2,1.0
11966,Hesx1,Myocd,1.0
11967,Hesx1,Ncor1,1.0
11968,Hesx1,Nlrp3,1.0
11969,Hesx1,Nppa,1.0
11970,Hesx1,Nppb,1.0
11971,Hesx1,Pkn1,1.0
11972,Hesx1,Pou1f1,-1.0
11973,Hesx1,Prop1,1.0
11974,Hesx1,Rcan1,1.0
11975,Hesx1,Rho,1.0
11976,Hesx1,Rlf,1.0
11977,Hesx1,Sap30,1.0
11978,Hesx1,Sftpc,1.0
11979,Hesx1,Tle1,1.0
11980,Hey1,Acan,-1.0
11981,Hey1,Acta2,-1.0
11982,Hey1,Acvr1,1.0
11983,Hey1,Ar,1.0
11984,Hey1,Atxn1l,1.0
11985,Hey1,Bmp2,-1.0
11986,Hey1,Cdkn1c,-1.0
11987,Hey1,Col2a1,-1.0
11988,Hey1,Efnb2,1.0
11989,Hey1,Gata4,-1.0
11990,Hey1,Gata6,-1.0
11991,Hey1,H2bc21,1.0
11992,Hey1,Hes1,1.0
11993,Hey1,Hes3,1.0
11994,Hey1,Hes5,1.0
11995,Hey1,Id1,-1.0
11996,Hey1,Il6,-1.0
11997,Hey1,Kdr,-1.0
11998,Hey1,Mdm2,1.0
11999,Hey1,Mef2c,-1.0
12000,Hey1,Myog,-1.0
12001,Hey1,Neurl1a,1.0
12002,Hey1,Nfatc1,1.0
12003,Hey1,Notch1,1.0
12004,Hey1,Notch2,1.0
12005,Hey1,Notch4,1.0
12006,Hey1,Ocln,1.0
12007,Hey1,Prox1,-1.0
12008,Hey1,Rbfox2,1.0
12009,Hey1,Runx2,1.0
12010,Hey1,Slc6a3,-1.0
12011,Hey1,Sost,1.0
12012,Hey1,Tra2b,1.0
12013,Hey2,Acta2,-1.0
12014,Hey2,Cdkn1b,1.0
12015,Hey2,Ddr1,1.0
12016,Hey2,Dym,1.0
12017,Hey2,Efnb2,1.0
12018,Hey2,Gata4,-1.0
12019,Hey2,Gata6,-1.0
12020,Hey2,Hes1,1.0
12021,Hey2,Hey1,1.0
12022,Hey2,Kdr,1.0
12023,Hey2,Myl2,1.0
12024,Hey2,Myl7,1.0
12025,Hey2,Myocd,1.0
12026,Hey2,Notch4,1.0
12027,Hey2,Nppa,1.0
12028,Hey2,Runx2,-1.0
12029,Hey2,Smtn,-1.0
12030,Hey2,Tbx2,-1.0
12031,Heyl,Ar,-1.0
12032,Heyl,Hes1,-1.0
12033,Heyl,Hey1,-1.0
12034,Heyl,Hey2,-1.0
12035,Heyl,Neurog2,1.0
12036,Heyl,Smtn,-1.0
12037,Hhex,Abl1,1.0
12038,Hhex,Acta2,1.0
12039,Hhex,Bcr,1.0
12040,Hhex,Cd81,1.0
12041,Hhex,Cer1,-1.0
12042,Hhex,Csnk2a1,1.0
12043,Hhex,Csnk2a2,1.0
12044,Hhex,Ctsg,1.0
12045,Hhex,Esm1,1.0
12046,Hhex,Fgf2,1.0
12047,Hhex,Flt1,1.0
12048,Hhex,Gsc,1.0
12049,Hhex,Hnf4a,1.0
12050,Hhex,Kdr,1.0
12051,Hhex,Myh10,1.0
12052,Hhex,Nos2,-1.0
12053,Hhex,Pklr,1.0
12054,Hhex,Ppig,1.0
12055,Hhex,Slc10a1,1.0
12056,Hhex,Slc5a5,1.0
12057,Hhex,Src,1.0
12058,Hhex,Tagln,1.0
12059,Hhex,Tg,1.0
12060,Hhex,Tle1,1.0
12061,Hhex,Tle4,-1.0
12062,Hhex,Tle5,1.0
12063,Hhex,Vegfa,-1.0
12064,Hhex,Wnt2,1.0
12065,Hic1,Ackr3,-1.0
12066,Hic1,Adrb2,1.0
12067,Hic1,Atoh1,-1.0
12068,Hic1,Cdkn1a,-1.0
12069,Hic1,Cxcl14,1.0
12070,Hic1,E2f1,-1.0
12071,Hic1,Efna1,-1.0
12072,Hic1,Epha2,-1.0
12073,Hic1,Fgfbp1,1.0
12074,Hic1,Igf2,1.0
12075,Hic1,Il6,1.0
12076,Hic1,Lrp8,-1.0
12077,Hic1,Myc,-1.0
12078,Hic1,Rassf1,1.0
12079,Hic1,Sirt1,-1.0
12080,Hic1,Smarca4,1.0
12081,Hic1,Stat3,1.0
12082,Hic1,Tmpo,1.0
12083,Hic1,Trp53,1.0
12084,Hic1,Vegfa,-1.0
12085,Hic1,Vldlr,-1.0
12086,Hif1a,Abca1,1.0
12087,Hif1a,Abcc8,1.0
12088,Hif1a,Abcc9,1.0
12089,Hif1a,Abl1,1.0
12090,Hif1a,Acan,1.0
12091,Hif1a,Ace,1.0
12092,Hif1a,Ace2,-1.0
12093,Hif1a,Ackr3,1.0
12094,Hif1a,Adipoq,1.0
12095,Hif1a,Adm,1.0
12096,Hif1a,Adm2,1.0
12097,Hif1a,Adora2b,1.0
12098,Hif1a,Afp,1.0
12099,Hif1a,Agt,1.0
12100,Hif1a,Akt1,1.0
12101,Hif1a,Alas2,1.0
12102,Hif1a,Alox5ap,1.0
12103,Hif1a,Angpt1,-1.0
12104,Hif1a,Angpt2,1.0
12105,Hif1a,Angpt4,1.0
12106,Hif1a,Angptl4,1.0
12107,Hif1a,Ankrd37,1.0
12108,Hif1a,Apc,-1.0
12109,Hif1a,Apex1,-1.0
12110,Hif1a,Aph1a,1.0
12111,Hif1a,Apln,1.0
12112,Hif1a,App,1.0
12113,Hif1a,Aqp1,1.0
12114,Hif1a,Aqp4,1.0
12115,Hif1a,Aqp5,1.0
12116,Hif1a,Aqp9,1.0
12117,Hif1a,Ar,1.0
12118,Hif1a,Arc,1.0
12119,Hif1a,Arnt,1.0
12120,Hif1a,Arnt2,1.0
12121,Hif1a,Ass1,1.0
12122,Hif1a,Atp13a2,1.0
12123,Hif1a,Atp5if1,1.0
12124,Hif1a,Atp7a,1.0
12125,Hif1a,Atrip,1.0
12126,Hif1a,Aurka,1.0
12127,Hif1a,Avp,1.0
12128,Hif1a,Bace1,1.0
12129,Hif1a,Bax,1.0
12130,Hif1a,Bcl2,1.0
12131,Hif1a,Bcl2l1,1.0
12132,Hif1a,Bcr,1.0
12133,Hif1a,Bhlhe40,1.0
12134,Hif1a,Bhlhe41,1.0
12135,Hif1a,Bid,-1.0
12136,Hif1a,Birc3,1.0
12137,Hif1a,Birc5,1.0
12138,Hif1a,Bmp4,1.0
12139,Hif1a,Bnip3,1.0
12140,Hif1a,Bnip3l,1.0
12141,Hif1a,Brca1,1.0
12142,Hif1a,Bsg,1.0
12143,Hif1a,Btg2,1.0
12144,Hif1a,Cad,1.0
12145,Hif1a,Capg,1.0
12146,Hif1a,Car9,1.0
12147,Hif1a,Carm1,1.0
12148,Hif1a,Casp3,1.0
12149,Hif1a,Ccl4,1.0
12150,Hif1a,Ccl5,1.0
12151,Hif1a,Ccn1,1.0
12152,Hif1a,Ccn2,1.0
12153,Hif1a,Ccna2,1.0
12154,Hif1a,Ccnd1,-1.0
12155,Hif1a,Ccr7,1.0
12156,Hif1a,Cd151,-1.0
12157,Hif1a,Cd164,1.0
12158,Hif1a,Cd24a,1.0
12159,Hif1a,Cd274,1.0
12160,Hif1a,Cd36,1.0
12161,Hif1a,Cd44,1.0
12162,Hif1a,Cdc25a,-1.0
12163,Hif1a,Cdh1,-1.0
12164,Hif1a,Cdh13,1.0
12165,Hif1a,Cdh5,1.0
12166,Hif1a,Cdkn1a,1.0
12167,Hif1a,Cdkn1b,1.0
12168,Hif1a,Cdkn1c,1.0
12169,Hif1a,Cebpa,-1.0
12170,Hif1a,Cfc1,1.0
12171,Hif1a,Cftr,1.0
12172,Hif1a,Chka,1.0
12173,Hif1a,Chrna3,1.0
12174,Hif1a,Cish,1.0
12175,Hif1a,Cited1,1.0
12176,Hif1a,Cited2,1.0
12177,Hif1a,Cma1,1.0
12178,Hif1a,Col2a1,1.0
12179,Hif1a,Cox4i1,1.0
12180,Hif1a,Cp,1.0
12181,Hif1a,Crebbp,1.0
12182,Hif1a,Csf3,1.0
12183,Hif1a,Ctf1,1.0
12184,Hif1a,Ctsd,1.0
12185,Hif1a,Cx3cr1,1.0
12186,Hif1a,Cxcl12,1.0
12187,Hif1a,Cxcl5,1.0
12188,Hif1a,Cxcr2,1.0
12189,Hif1a,Cxcr4,1.0
12190,Hif1a,Cybb,1.0
12191,Hif1a,Cygb,1.0
12192,Hif1a,Cyp19a1,1.0
12193,Hif1a,Ddit4,1.0
12194,Hif1a,Defb1,1.0
12195,Hif1a,Dio3,1.0
12196,Hif1a,Dld,1.0
12197,Hif1a,Dll4,1.0
12198,Hif1a,Dnase1,1.0
12199,Hif1a,E2f3,1.0
12200,Hif1a,Ebp,1.0
12201,Hif1a,Edn1,1.0
12202,Hif1a,Ednrb,1.0
12203,Hif1a,Eef1a2,1.0
12204,Hif1a,Egf,1.0
12205,Hif1a,Egln1,1.0
12206,Hif1a,Egln3,1.0
12207,Hif1a,Eif4e,1.0
12208,Hif1a,Eif4ebp1,1.0
12209,Hif1a,Eln,1.0
12210,Hif1a,Eno2,1.0
12211,Hif1a,Epas1,1.0
12212,Hif1a,Epo,1.0
12213,Hif1a,Epor,1.0
12214,Hif1a,Erbb2,1.0
12215,Hif1a,Ercc2,1.0
12216,Hif1a,Errfi1,1.0
12217,Hif1a,Esr1,1.0
12218,Hif1a,Esr2,1.0
12219,Hif1a,Esrrg,1.0
12220,Hif1a,F2,1.0
12221,Hif1a,F3,1.0
12222,Hif1a,Fam162a,1.0
12223,Hif1a,Fasn,1.0
12224,Hif1a,Fbln5,1.0
12225,Hif1a,Fech,1.0
12226,Hif1a,Fgf2,1.0
12227,Hif1a,Flt1,1.0
12228,Hif1a,Fn1,1.0
12229,Hif1a,Foxm1,1.0
12230,Hif1a,Foxp3,1.0
12231,Hif1a,Fscn1,1.0
12232,Hif1a,Fshb,1.0
12233,Hif1a,Furin,1.0
12234,Hif1a,G6pc1,1.0
12235,Hif1a,Gabrg2,1.0
12236,Hif1a,Gast,1.0
12237,Hif1a,Gata1,1.0
12238,Hif1a,Gata4,1.0
12239,Hif1a,Gbe1,1.0
12240,Hif1a,Gc,1.0
12241,Hif1a,Gck,1.0
12242,Hif1a,Ghr,1.0
12243,Hif1a,Glb1,1.0
12244,Hif1a,Gper1,1.0
12245,Hif1a,Gpr35,1.0
12246,Hif1a,Grin1,1.0
12247,Hif1a,Gsn,1.0
12248,Hif1a,Gys1,1.0
12249,Hif1a,Hbegf,1.0
12250,Hif1a,Hdac2,1.0
12251,Hif1a,Hdc,1.0
12252,Hif1a,Hes1,1.0
12253,Hif1a,Hey1,1.0
12254,Hif1a,Hgf,1.0
12255,Hif1a,Hgfac,1.0
12256,Hif1a,Hif1an,1.0
12257,Hif1a,Hif3a,1.0
12258,Hif1a,Hipk2,1.0
12259,Hif1a,Hk2,1.0
12260,Hif1a,Hmox1,1.0
12261,Hif1a,Hmox2,1.0
12262,Hif1a,Hp,1.0
12263,Hif1a,Hs2st1,1.0
12264,Hif1a,Hsf1,1.0
12265,Hif1a,Hsp90aa1,1.0
12266,Hif1a,Hsp90ab1,1.0
12267,Hif1a,Hsp90b1,1.0
12268,Hif1a,Hspa4,1.0
12269,Hif1a,Id2,1.0
12270,Hif1a,Igf1,1.0
12271,Hif1a,Igf2,1.0
12272,Hif1a,Igf2bp1,1.0
12273,Hif1a,Igfbp3,1.0
12274,Hif1a,Ikbkb,1.0
12275,Hif1a,Il10,1.0
12276,Hif1a,Il11,1.0
12277,Hif1a,Il17a,1.0
12278,Hif1a,Il1b,1.0
12279,Hif1a,Il20,1.0
12280,Hif1a,Il4,1.0
12281,Hif1a,Il6,1.0
12282,Hif1a,Itga5,1.0
12283,Hif1a,Itgam,1.0
12284,Hif1a,Itgb3,1.0
12285,Hif1a,Jun,1.0
12286,Hif1a,Kcna5,-1.0
12287,Hif1a,Kcnj8,1.0
12288,Hif1a,Kcnmb1,1.0
12289,Hif1a,Kdm1a,-1.0
12290,Hif1a,Kdm2a,1.0
12291,Hif1a,Kdm2b,1.0
12292,Hif1a,Kdm3a,1.0
12293,Hif1a,Kdm4b,1.0
12294,Hif1a,Kdm4c,1.0
12295,Hif1a,Kdm5a,1.0
12296,Hif1a,Kdm5b,1.0
12297,Hif1a,Kdm6b,1.0
12298,Hif1a,Kdm7a,1.0
12299,Hif1a,Kdr,1.0
12300,Hif1a,Kitl,1.0
12301,Hif1a,Kpna7,1.0
12302,Hif1a,Lct,1.0
12303,Hif1a,Ldha,1.0
12304,Hif1a,Lep,1.0
12305,Hif1a,Lepr,1.0
12306,Hif1a,Lgals1,-1.0
12307,Hif1a,Lgals3,1.0
12308,Hif1a,Lifr,-1.0
12309,Hif1a,Lox,1.0
12310,Hif1a,Lpin1,1.0
12311,Hif1a,Lrp1,1.0
12312,Hif1a,Mad1l1,1.0
12313,Hif1a,Map3k11,1.0
12314,Hif1a,Mapk1,1.0
12315,Hif1a,Mapk14,1.0
12316,Hif1a,Mapk9,1.0
12317,Hif1a,Mat2a,1.0
12318,Hif1a,Matk,1.0
12319,Hif1a,Mcl1,1.0
12320,Hif1a,Mdk,1.0
12321,Hif1a,Mdm2,1.0
12322,Hif1a,Men1,1.0
12323,Hif1a,Met,1.0
12324,Hif1a,Mif,1.0
12325,Hif1a,Mill2,1.0
12326,Hif1a,Mlh1,1.0
12327,Hif1a,Mme,1.0
12328,Hif1a,Mmp15,1.0
12329,Hif1a,Mmp17,1.0
12330,Hif1a,Mmp2,-1.0
12331,Hif1a,Mmp9,1.0
12332,Hif1a,Mmut,1.0
12333,Hif1a,Mrc1,1.0
12334,Hif1a,Mrgprf,1.0
12335,Hif1a,Msh2,-1.0
12336,Hif1a,Msh6,-1.0
12337,Hif1a,Mst1r,1.0
12338,Hif1a,Mt1,1.0
12339,Hif1a,Muc1,1.0
12340,Hif1a,Muc3a,1.0
12341,Hif1a,Mxi1,1.0
12342,Hif1a,Myc,-1.0
12343,Hif1a,Naa10,1.0
12344,Hif1a,Nampt,1.0
12345,Hif1a,Nbn,-1.0
12346,Hif1a,Ncor2,1.0
12347,Hif1a,Ndrg1,1.0
12348,Hif1a,Ndrg2,1.0
12349,Hif1a,Nedd8,1.0
12350,Hif1a,Nedd9,1.0
12351,Hif1a,Nfe2l2,1.0
12352,Hif1a,Ngb,1.0
12353,Hif1a,Nkx2-5,1.0
12354,Hif1a,Nkx3-1,1.0
12355,Hif1a,Nmbr,1.0
12356,Hif1a,Nos1,1.0
12357,Hif1a,Nos2,1.0
12358,Hif1a,Nox4,1.0
12359,Hif1a,Npm1,1.0
12360,Hif1a,Nppa,1.0
12361,Hif1a,Nppb,1.0
12362,Hif1a,Nr3c1,1.0
12363,Hif1a,Nr4a1,1.0
12364,Hif1a,Nrp2,-1.0
12365,Hif1a,Nt5e,1.0
12366,Hif1a,Ntrk2,1.0
12367,Hif1a,Ocm,1.0
12368,Hif1a,Pak1,1.0
12369,Hif1a,Park7,1.0
12370,Hif1a,Pck1,1.0
12371,Hif1a,Pcx,1.0
12372,Hif1a,Pdc,1.0
12373,Hif1a,Pdgfb,1.0
12374,Hif1a,Pdk1,1.0
12375,Hif1a,Pdk3,1.0
12376,Hif1a,Pecam1,1.0
12377,Hif1a,Pepd,1.0
12378,Hif1a,Pfkfb1,1.0
12379,Hif1a,Pfkfb2,1.0
12380,Hif1a,Pfkfb3,1.0
12381,Hif1a,Pfkfb4,1.0
12382,Hif1a,Pfkl,1.0
12383,Hif1a,Pgam1,1.0
12384,Hif1a,Pgf,1.0
12385,Hif1a,Pgk1,1.0
12386,Hif1a,Pik3c3,1.0
12387,Hif1a,Pik3ca,1.0
12388,Hif1a,Pik3r1,1.0
12389,Hif1a,Pkm,1.0
12390,Hif1a,Plat,1.0
12391,Hif1a,Plau,1.0
12392,Hif1a,Plaur,1.0
12393,Hif1a,Plg,1.0
12394,Hif1a,Pmaip1,1.0
12395,Hif1a,Pnmt,1.0
12396,Hif1a,Polm,1.0
12397,Hif1a,Pou5f1,1.0
12398,Hif1a,Ppara,1.0
12399,Hif1a,Pparg,1.0
12400,Hif1a,Ppfia4,1.0
12401,Hif1a,Ppp1r10,1.0
12402,Hif1a,Ppp1r3c,1.0
12403,Hif1a,Ppp5c,1.0
12404,Hif1a,Prdx2,1.0
12405,Hif1a,Prdx3,1.0
12406,Hif1a,Prkg1,1.0
12407,Hif1a,Prmt1,1.0
12408,Hif1a,Prnp,1.0
12409,Hif1a,Prom1,1.0
12410,Hif1a,Prox1,1.0
12411,Hif1a,Prph2,1.0
12412,Hif1a,Psmc6,1.0
12413,Hif1a,Pten,1.0
12414,Hif1a,Ptger1,1.0
12415,Hif1a,Ptges,1.0
12416,Hif1a,Ptgs2,1.0
12417,Hif1a,Ptk6,1.0
12418,Hif1a,Qsox1,1.0
12419,Hif1a,Rac1,1.0
12420,Hif1a,Rapgef3,1.0
12421,Hif1a,Rarb,1.0
12422,Hif1a,Rbms1,1.0
12423,Hif1a,Reck,-1.0
12424,Hif1a,Rgcc,1.0
12425,Hif1a,Rho,1.0
12426,Hif1a,Rora,1.0
12427,Hif1a,Ros1,1.0
12428,Hif1a,Rps6kb1,1.0
12429,Hif1a,Rpsa,1.0
12430,Hif1a,Runx1t1,1.0
12431,Hif1a,S100a11,1.0
12432,Hif1a,S100a4,1.0
12433,Hif1a,S100a8,1.0
12434,Hif1a,S100a9,1.0
12435,Hif1a,Sat1,1.0
12436,Hif1a,Sdc1,1.0
12437,Hif1a,Sdc4,1.0
12438,Hif1a,Sdhb,-1.0
12439,Hif1a,Sema4d,1.0
12440,Hif1a,Senp1,-1.0
12441,Hif1a,Serpine1,1.0
12442,Hif1a,Setd2,1.0
12443,Hif1a,Sh3bp2,1.0
12444,Hif1a,Sim1,1.0
12445,Hif1a,Slc11a1,1.0
12446,Hif1a,Slc11a2,1.0
12447,Hif1a,Slc29a1,-1.0
12448,Hif1a,Slc29a2,1.0
12449,Hif1a,Slc2a1,1.0
12450,Hif1a,Slc2a3,1.0
12451,Hif1a,Slc2a4,1.0
12452,Hif1a,Slc34a1,1.0
12453,Hif1a,Slc8a1,1.0
12454,Hif1a,Slc9a1,1.0
12455,Hif1a,Smad4,1.0
12456,Hif1a,Snai1,1.0
12457,Hif1a,Socs1,1.0
12458,Hif1a,Sod2,1.0
12459,Hif1a,Sost,1.0
12460,Hif1a,Sox9,1.0
12461,Hif1a,Sp1,-1.0
12462,Hif1a,Sphk1,1.0
12463,Hif1a,Spp1,1.0
12464,Hif1a,Spry2,-1.0
12465,Hif1a,Src,1.0
12466,Hif1a,Stat3,1.0
12467,Hif1a,Stc1,1.0
12468,Hif1a,Stc2,1.0
12469,Hif1a,Tcirg1,1.0
12470,Hif1a,Tert,1.0
12471,Hif1a,Tff1,1.0
12472,Hif1a,Tff3,1.0
12473,Hif1a,Tfrc,1.0
12474,Hif1a,Tgfb1,1.0
12475,Hif1a,Tgfb3,1.0
12476,Hif1a,Th,1.0
12477,Hif1a,Thbs1,1.0
12478,Hif1a,Thpo,1.0
12479,Hif1a,Tigar,1.0
12480,Hif1a,Timp1,1.0
12481,Hif1a,Timp2,1.0
12482,Hif1a,Tktl1,1.0
12483,Hif1a,Tlr2,1.0
12484,Hif1a,Tlr4,1.0
12485,Hif1a,Tlr6,1.0
12486,Hif1a,Tm9sf4,-1.0
12487,Hif1a,Tnf,1.0
12488,Hif1a,Tnfsf13b,1.0
12489,Hif1a,Tnni3,1.0
12490,Hif1a,Tpo,1.0
12491,Hif1a,Trf,1.0
12492,Hif1a,Trim63,1.0
12493,Hif1a,Trp53,1.0
12494,Hif1a,Tubb3,1.0
12495,Hif1a,Twist1,1.0
12496,Hif1a,Twist2,1.0
12497,Hif1a,Txn1,1.0
12498,Hif1a,Txn2,1.0
12499,Hif1a,Ucn3,1.0
12500,Hif1a,Ucp2,1.0
12501,Hif1a,Uts2,1.0
12502,Hif1a,Vasp,1.0
12503,Hif1a,Vegfa,1.0
12504,Hif1a,Vegfb,1.0
12505,Hif1a,Vegfc,1.0
12506,Hif1a,Vhl,1.0
12507,Hif1a,Vim,1.0
12508,Hif1a,Vldlr,1.0
12509,Hif1a,Vmp1,1.0
12510,Hif1a,Vtcn1,1.0
12511,Hif1a,Wasf3,1.0
12512,Hif1a,Wdr83,1.0
12513,Hif1a,Wsb1,1.0
12514,Hif1a,Wt1,1.0
12515,Hif1a,Xiap,1.0
12516,Hif1a,Xpa,1.0
12517,Hif1a,Xpc,1.0
12518,Hif1a,Zfp217,1.0
12519,Hif1a,Zfp667,1.0
12520,Hif3a,Edn1,-1.0
12521,Hif3a,Epas1,-1.0
12522,Hif3a,Ghrhr,-1.0
12523,Hif3a,Hif1a,-1.0
12524,Hif3a,Lox,-1.0
12525,Hif3a,Vegfa,-1.0
12526,Hinfp,Cd44,1.0
12527,Hinfp,Cdk2,1.0
12528,Hinfp,Chka,1.0
12529,Hinfp,Eif4g1,1.0
12530,Hinfp,Fgfr1,1.0
12531,Hinfp,Mbd2,-1.0
12532,Hinfp,Npat,1.0
12533,Hinfp,Pcsk9,1.0
12534,Hinfp,Rb1,1.0
12535,Hipk2,Cdkn1a,1.0
12536,Hipk2,Ctbp2,-1.0
12537,Hipk2,Hif1a,-1.0
12538,Hipk2,Mef2c,-1.0
12539,Hipk2,Nox1,-1.0
12540,Hipk2,Trp53,-1.0
12541,Hipk2,Vegfa,-1.0
12542,Hipk2,Vim,-1.0
12543,Hira,Plb1,-1.0
12544,Hivep1,Ccnd1,1.0
12545,Hivep1,Col2a1,1.0
12546,Hivep1,Cryaa,1.0
12547,Hivep1,Hp,1.0
12548,Hivep1,Irf1,1.0
12549,Hivep1,Myc,-1.0
12550,Hivep1,Ptgs2,-1.0
12551,Hivep1,Sox9,-1.0
12552,Hivep1,Spen,1.0
12553,Hivep1,Trp53,1.0
12554,Hivep2,H2-T23,1.0
12555,Hivep2,Myc,-1.0
12556,Hivep2,Pparg,1.0
12557,Hivep2,Sp7,1.0
12558,Hivep2,Sstr2,1.0
12559,Hivep3,Il17a,1.0
12560,Hivep3,Il2,1.0
12561,Hivep3,Prkd2,1.0
12562,Hivep3,Runx2,1.0
12563,Hivep3,Tnf,1.0
12564,Hivep3,Wwp1,1.0
12565,Hlf,Birc5,1.0
12566,Hlf,Cyp7a1,1.0
12567,Hlf,Dbp,1.0
12568,Hlf,Epo,1.0
12569,Hlf,F8,1.0
12570,Hlf,Fgf2,1.0
12571,Hlf,H2-T23,1.0
12572,Hlf,Jtb,1.0
12573,Hlf,Lmo2,1.0
12574,Hlf,Per2,1.0
12575,Hlf,Runx1,-1.0
12576,Hlf,Tle2,1.0
12577,Hlf,Tle6,1.0
12578,Hlf,Tnf,1.0
12579,Hlf,Tshb,1.0
12580,Hlf,Vegfa,1.0
12581,Hlx,Bmp4,1.0
12582,Hlx,Ccnb1,1.0
12583,Hlx,Cd24a,1.0
12584,Hlx,Cdkn1c,1.0
12585,Hlx,Csf1,1.0
12586,Hlx,Dppa4,1.0
12587,Hlx,Egr1,-1.0
12588,Hlx,Elk1,1.0
12589,Hlx,Ifng,1.0
12590,Hlx,Il2ra,1.0
12591,Hlx,Jun,1.0
12592,Hlx,Myc,-1.0
12593,Hlx,Pak1,1.0
12594,Hlx,Thy1,1.0
12595,Hmbox1,Ifng,-1.0
12596,Hmbox1,Klrk1,1.0
12597,Hmbox1,Lamp1,1.0
12598,Hmg20b,Brca2,1.0
12599,Hmga2,Actg2,1.0
12600,Hmga2,Akt1,1.0
12601,Hmga2,Aqp5,1.0
12602,Hmga2,Ccna2,1.0
12603,Hmga2,Ccnb2,1.0
12604,Hmga2,Ccng1,1.0
12605,Hmga2,Cdc73,1.0
12606,Hmga2,Cdh1,1.0
12607,Hmga2,Cdkn2a,-1.0
12608,Hmga2,Col11a2,1.0
12609,Hmga2,Dbi,1.0
12610,Hmga2,Ercc1,1.0
12611,Hmga2,Fosl1,1.0
12612,Hmga2,Fzd2,1.0
12613,Hmga2,H2-Ea,1.0
12614,Hmga2,Igf1,1.0
12615,Hmga2,Igf2,1.0
12616,Hmga2,Igf2bp2,1.0
12617,Hmga2,Igfbp4,1.0
12618,Hmga2,Il11,1.0
12619,Hmga2,Jun,1.0
12620,Hmga2,Junb,1.0
12621,Hmga2,Klf5,1.0
12622,Hmga2,Kras,1.0
12623,Hmga2,Lin28a,1.0
12624,Hmga2,Lox,1.0
12625,Hmga2,Ly6e,1.0
12626,Hmga2,Nkx2-5,1.0
12627,Hmga2,Plg,1.0
12628,Hmga2,Pou1f1,1.0
12629,Hmga2,Ptgs2,1.0
12630,Hmga2,Rho,1.0
12631,Hmga2,Scnn1a,-1.0
12632,Hmga2,Sele,1.0
12633,Hmga2,Snai1,1.0
12634,Hmga2,Sox2,1.0
12635,Hmga2,Tert,1.0
12636,Hmga2,Tsc2,1.0
12637,Hmga2,Twist1,1.0
12638,Hmga2,Vim,1.0
12639,Hmga2,Zfhx3,1.0
12640,Hmgb1,Il1b,1.0
12641,Hmgb1,Il2ra,1.0
12642,Hmgb1,Il5,1.0
12643,Hmgb1,Tnf,1.0
12644,Hmgb2,Bax,1.0
12645,Hmgb2,Cdkn1a,1.0
12646,Hmgb2,Ercc3,1.0
12647,Hmgb2,Gfi1b,1.0
12648,Hmgb2,Hfm1,1.0
12649,Hmgb2,Mdm2,1.0
12650,Hmgb2,Tnf,1.0
12651,Hmgb2,Tnnc1,1.0
12652,Hmgb2,Trp73,1.0
12653,Hmgxb4,Acta2,-1.0
12654,Hmgxb4,Cnn1,-1.0
12655,Hmgxb4,Myh11,-1.0
12656,Hmgxb4,Tagln,-1.0
12657,Hmx1,Ntrk1,1.0
12658,Hmx1,Th,1.0
12659,Hmx2,Slc26a9,1.0
12660,Hmx3,Hmx1,1.0
12661,Hmx3,Hmx2,1.0
12662,Hnf1a,Abca1,1.0
12663,Hnf1a,Abcc2,1.0
12664,Hnf1a,Ace2,1.0
12665,Hnf1a,Adh1,1.0
12666,Hnf1a,Afm,1.0
12667,Hnf1a,Afp,1.0
12668,Hnf1a,Agt,1.0
12669,Hnf1a,Alb,1.0
12670,Hnf1a,Aldh3a1,1.0
12671,Hnf1a,Aldob,1.0
12672,Hnf1a,Anpep,1.0
12673,Hnf1a,Apoa1,-1.0
12674,Hnf1a,Apoa2,1.0
12675,Hnf1a,Apob,1.0
12676,Hnf1a,Apoc3,-1.0
12677,Hnf1a,Apoh,1.0
12678,Hnf1a,Apom,1.0
12679,Hnf1a,B3galt5,1.0
12680,Hnf1a,Cd3e,1.0
12681,Hnf1a,Cdh1,1.0
12682,Hnf1a,Cdh17,1.0
12683,Hnf1a,Cebpa,1.0
12684,Hnf1a,Cftr,1.0
12685,Hnf1a,Cip2a,1.0
12686,Hnf1a,Clcn5,1.0
12687,Hnf1a,Cldn2,1.0
12688,Hnf1a,Cpb2,1.0
12689,Hnf1a,Crp,1.0
12690,Hnf1a,Csrp1,1.0
12691,Hnf1a,Ctnnb1,1.0
12692,Hnf1a,Cyp1a2,1.0
12693,Hnf1a,Cyp27a1,1.0
12694,Hnf1a,Cyp2e1,1.0
12695,Hnf1a,Cyp7a1,1.0
12696,Hnf1a,Dbp,1.0
12697,Hnf1a,Ddc,1.0
12698,Hnf1a,Dpp4,1.0
12699,Hnf1a,F8,1.0
12700,Hnf1a,Fabp1,1.0
12701,Hnf1a,Fabp2,1.0
12702,Hnf1a,Fech,1.0
12703,Hnf1a,Fgfr4,1.0
12704,Hnf1a,Fgl1,1.0
12705,Hnf1a,G6pc1,1.0
12706,Hnf1a,Gata3,1.0
12707,Hnf1a,Gck,1.0
12708,Hnf1a,Gjb1,1.0
12709,Hnf1a,Gls2,1.0
12710,Hnf1a,Gpr39,1.0
12711,Hnf1a,Gstk1,-1.0
12712,Hnf1a,Guca2a,1.0
12713,Hnf1a,Hgfac,1.0
12714,Hnf1a,Hnf4a,1.0
12715,Hnf1a,Hspa5,1.0
12716,Hnf1a,Iapp,1.0
12717,Hnf1a,Ifng,1.0
12718,Hnf1a,Igf1,1.0
12719,Hnf1a,Igfbp1,1.0
12720,Hnf1a,Il17a,1.0
12721,Hnf1a,Il17f,1.0
12722,Hnf1a,Lct,1.0
12723,Hnf1a,Lipc,1.0
12724,Hnf1a,Mafa,1.0
12725,Hnf1a,Mgam,1.0
12726,Hnf1a,Mia2,1.0
12727,Hnf1a,Mmp7,1.0
12728,Hnf1a,Mtr,1.0
12729,Hnf1a,Mttp,1.0
12730,Hnf1a,Muc4,1.0
12731,Hnf1a,Nags,1.0
12732,Hnf1a,Ncr1,1.0
12733,Hnf1a,Npc1l1,1.0
12734,Hnf1a,Nr1h4,1.0
12735,Hnf1a,Nr1i2,1.0
12736,Hnf1a,Nr5a2,1.0
12737,Hnf1a,Nt5e,1.0
12738,Hnf1a,Oat,1.0
12739,Hnf1a,Ogdh,-1.0
12740,Hnf1a,Pah,1.0
12741,Hnf1a,Pax4,1.0
12742,Hnf1a,Pck1,1.0
12743,Hnf1a,Pcsk9,1.0
12744,Hnf1a,Pdx1,1.0
12745,Hnf1a,Pkhd1,1.0
12746,Hnf1a,Pklr,1.0
12747,Hnf1a,Plg,1.0
12748,Hnf1a,Pou2f1,1.0
12749,Hnf1a,Proc,-1.0
12750,Hnf1a,Prodh2,1.0
12751,Hnf1a,Pros1,1.0
12752,Hnf1a,Ptpn6,1.0
12753,Hnf1a,Rps15,1.0
12754,Hnf1a,Runx2,1.0
12755,Hnf1a,S100g,1.0
12756,Hnf1a,Serpina6,1.0
12757,Hnf1a,Serpina7,1.0
12758,Hnf1a,Serping1,1.0
12759,Hnf1a,Sis,1.0
12760,Hnf1a,Slc10a1,1.0
12761,Hnf1a,Slc10a2,1.0
12762,Hnf1a,Slc17a1,1.0
12763,Hnf1a,Slc22a1,1.0
12764,Hnf1a,Slc22a12,1.0
12765,Hnf1a,Slc22a8,1.0
12766,Hnf1a,Slc23a1,1.0
12767,Hnf1a,Slc26a3,1.0
12768,Hnf1a,Slc2a2,1.0
12769,Hnf1a,Slc35a2,1.0
12770,Hnf1a,Slc4a2,1.0
12771,Hnf1a,Slc5a1,1.0
12772,Hnf1a,Slc5a2,1.0
12773,Hnf1a,Slc6a19,1.0
12774,Hnf1a,Slco1b2,1.0
12775,Hnf1a,Slco2b1,1.0
12776,Hnf1a,Spink1,1.0
12777,Hnf1a,Spp1,1.0
12778,Hnf1a,Src,1.0
12779,Hnf1a,St6gal1,1.0
12780,Hnf1a,Tm4sf1,-1.0
12781,Hnf1a,Tnf,1.0
12782,Hnf1a,Ttr,1.0
12783,Hnf1a,Tyr,1.0
12784,Hnf1a,Ucp2,1.0
12785,Hnf1a,Vegfa,1.0
12786,Hnf1a,Xbp1,1.0
12787,Hnf1b,Abcb6,1.0
12788,Hnf1b,Abcc2,1.0
12789,Hnf1b,Ace2,1.0
12790,Hnf1b,Adcy10,1.0
12791,Hnf1b,Afm,1.0
12792,Hnf1b,Afp,1.0
12793,Hnf1b,Alb,1.0
12794,Hnf1b,Aldob,-1.0
12795,Hnf1b,B3galt5,1.0
12796,Hnf1b,Car2,1.0
12797,Hnf1b,Cdh1,1.0
12798,Hnf1b,Cftr,1.0
12799,Hnf1b,Cyp2e1,1.0
12800,Hnf1b,Dpp4,1.0
12801,Hnf1b,Egf,1.0
12802,Hnf1b,Egr2,1.0
12803,Hnf1b,Folr1,1.0
12804,Hnf1b,Foxa3,1.0
12805,Hnf1b,Fxyd2,1.0
12806,Hnf1b,Hnf1a,1.0
12807,Hnf1b,Hnf4a,1.0
12808,Hnf1b,Hp,1.0
12809,Hnf1b,Igf1,1.0
12810,Hnf1b,Igfbp1,1.0
12811,Hnf1b,Il1b,1.0
12812,Hnf1b,Kcnk3,1.0
12813,Hnf1b,Kif12,1.0
12814,Hnf1b,Krt18,1.0
12815,Hnf1b,Lhx1,1.0
12816,Hnf1b,Map3k14,1.0
12817,Hnf1b,Mep1a,1.0
12818,Hnf1b,Mep1b,1.0
12819,Hnf1b,Mib1,1.0
12820,Hnf1b,Mmp7,1.0
12821,Hnf1b,Neurog3,1.0
12822,Hnf1b,Nnmt,1.0
12823,Hnf1b,Onecut1,1.0
12824,Hnf1b,Pax8,1.0
12825,Hnf1b,Pdx1,1.0
12826,Hnf1b,Pkhd1,1.0
12827,Hnf1b,Plau,1.0
12828,Hnf1b,Prom1,1.0
12829,Hnf1b,Pth,1.0
12830,Hnf1b,Serpina6,1.0
12831,Hnf1b,Serpina7,1.0
12832,Hnf1b,Shh,1.0
12833,Hnf1b,Sis,1.0
12834,Hnf1b,Slc22a12,1.0
12835,Hnf1b,Slc22a8,1.0
12836,Hnf1b,Slc23a1,1.0
12837,Hnf1b,Slc2a2,1.0
12838,Hnf1b,Slc5a1,1.0
12839,Hnf1b,Socs3,1.0
12840,Hnf1b,Sox9,1.0
12841,Hnf1b,Trip12,1.0
12842,Hnf1b,Ttr,1.0
12843,Hnf1b,Umod,1.0
12844,Hnf1b,Wnt3a,1.0
12845,Hnf4a,Abca1,1.0
12846,Hnf4a,Abcc2,1.0
12847,Hnf4a,Abcc6,1.0
12848,Hnf4a,Abcg5,-1.0
12849,Hnf4a,Abcg8,-1.0
12850,Hnf4a,Acadm,1.0
12851,Hnf4a,Acmsd,1.0
12852,Hnf4a,Adgrg1,1.0
12853,Hnf4a,Afp,1.0
12854,Hnf4a,Agt,1.0
12855,Hnf4a,Alb,-1.0
12856,Hnf4a,Aldh2,-1.0
12857,Hnf4a,Aldh3a1,1.0
12858,Hnf4a,Aldob,1.0
12859,Hnf4a,Ambp,1.0
12860,Hnf4a,Anks4b,1.0
12861,Hnf4a,Apc,1.0
12862,Hnf4a,Apoa1,1.0
12863,Hnf4a,Apoa2,1.0
12864,Hnf4a,Apoa4,1.0
12865,Hnf4a,Apoa5,1.0
12866,Hnf4a,Apob,1.0
12867,Hnf4a,Apoc2,1.0
12868,Hnf4a,Apoc3,1.0
12869,Hnf4a,Apom,1.0
12870,Hnf4a,Ar,1.0
12871,Hnf4a,Arg1,1.0
12872,Hnf4a,Arhgdig,1.0
12873,Hnf4a,Asah2,1.0
12874,Hnf4a,Axin2,1.0
12875,Hnf4a,Baat,1.0
12876,Hnf4a,Baz1a,1.0
12877,Hnf4a,Bmp2,1.0
12878,Hnf4a,C1qtnf5,1.0
12879,Hnf4a,C3,1.0
12880,Hnf4a,Carm1,1.0
12881,Hnf4a,Cby1,1.0
12882,Hnf4a,Ccn2,1.0
12883,Hnf4a,Ccnd2,1.0
12884,Hnf4a,Cd82,1.0
12885,Hnf4a,Cdh1,1.0
12886,Hnf4a,Cdh3,1.0
12887,Hnf4a,Cdkn1a,1.0
12888,Hnf4a,Cdx1,1.0
12889,Hnf4a,Cdx2,1.0
12890,Hnf4a,Cdx4,1.0
12891,Hnf4a,Cebpa,1.0
12892,Hnf4a,Chrne,1.0
12893,Hnf4a,Cited2,1.0
12894,Hnf4a,Cldn6,1.0
12895,Hnf4a,Cldn7,1.0
12896,Hnf4a,Cops5,1.0
12897,Hnf4a,Cps1,-1.0
12898,Hnf4a,Cpt1a,1.0
12899,Hnf4a,Crebbp,1.0
12900,Hnf4a,Csn2,1.0
12901,Hnf4a,Ctnnb1,1.0
12902,Hnf4a,Ctnnbip1,1.0
12903,Hnf4a,Cyp27a1,1.0
12904,Hnf4a,Cyp7a1,-1.0
12905,Hnf4a,Cyp8b1,1.0
12906,Hnf4a,Depp1,1.0
12907,Hnf4a,Dio1,1.0
12908,Hnf4a,Dkk4,1.0
12909,Hnf4a,Dr1,1.0
12910,Hnf4a,Dspp,1.0
12911,Hnf4a,Ebp,1.0
12912,Hnf4a,Egf,1.0
12913,Hnf4a,Egr1,1.0
12914,Hnf4a,Ephb2,1.0
12915,Hnf4a,Ephx1,1.0
12916,Hnf4a,Epo,1.0
12917,Hnf4a,Erbb2,1.0
12918,Hnf4a,F10,1.0
12919,Hnf4a,F11,1.0
12920,Hnf4a,F12,-1.0
12921,Hnf4a,F13b,1.0
12922,Hnf4a,F2,1.0
12923,Hnf4a,F7,1.0
12924,Hnf4a,Fabp1,1.0
12925,Hnf4a,Fabp2,1.0
12926,Hnf4a,Fasn,1.0
12927,Hnf4a,Fgf18,1.0
12928,Hnf4a,Fgf20,1.0
12929,Hnf4a,Fgl2,1.0
12930,Hnf4a,Fmo3,1.0
12931,Hnf4a,Foxa2,1.0
12932,Hnf4a,Fscn1,1.0
12933,Hnf4a,Fst,1.0
12934,Hnf4a,G6pc1,1.0
12935,Hnf4a,Gcg,1.0
12936,Hnf4a,Gck,1.0
12937,Hnf4a,Gfer,-1.0
12938,Hnf4a,Gh,-1.0
12939,Hnf4a,Ghr,1.0
12940,Hnf4a,Glul,1.0
12941,Hnf4a,Gpam,1.0
12942,Hnf4a,Gpr39,1.0
12943,Hnf4a,Gpx2,1.0
12944,Hnf4a,Gsk3b,1.0
12945,Hnf4a,Gtf2b,1.0
12946,Hnf4a,Gucy2c,1.0
12947,Hnf4a,Hmgcs1,1.0
12948,Hnf4a,Hmgcs2,-1.0
12949,Hnf4a,Hnf1a,1.0
12950,Hnf4a,Hnf1b,1.0
12951,Hnf4a,Hp,1.0
12952,Hnf4a,Hspa5,1.0
12953,Hnf4a,Hspb3,1.0
12954,Hnf4a,Id2,1.0
12955,Hnf4a,Igf1,1.0
12956,Hnf4a,Igfbp6,1.0
12957,Hnf4a,Il10,1.0
12958,Hnf4a,Il1b,1.0
12959,Hnf4a,Il5,1.0
12960,Hnf4a,Inhba,1.0
12961,Hnf4a,Itk,1.0
12962,Hnf4a,Jun,1.0
12963,Hnf4a,Jup,1.0
12964,Hnf4a,Kcnj11,1.0
12965,Hnf4a,Kcnk3,1.0
12966,Hnf4a,Kras,1.0
12967,Hnf4a,L1cam,1.0
12968,Hnf4a,Lct,1.0
12969,Hnf4a,Ldlr,1.0
12970,Hnf4a,Lipc,1.0
12971,Hnf4a,Lpin1,1.0
12972,Hnf4a,Mapk1,1.0
12973,Hnf4a,Mdm2,1.0
12974,Hnf4a,Mmp14,1.0
12975,Hnf4a,Mmp2,1.0
12976,Hnf4a,Mmp7,1.0
12977,Hnf4a,Msi1,1.0
12978,Hnf4a,Mst1,1.0
12979,Hnf4a,Mtap,1.0
12980,Hnf4a,Mttp,1.0
12981,Hnf4a,Muc4,1.0
12982,Hnf4a,Myc,1.0
12983,Hnf4a,Myocd,1.0
12984,Hnf4a,Nf1,1.0
12985,Hnf4a,Nos2,1.0
12986,Hnf4a,Npc1l1,1.0
12987,Hnf4a,Nppa,1.0
12988,Hnf4a,Nr0b2,1.0
12989,Hnf4a,Nr1h4,1.0
12990,Hnf4a,Nr1i2,1.0
12991,Hnf4a,Nrcam,1.0
12992,Hnf4a,Numb,1.0
12993,Hnf4a,Numbl,1.0
12994,Hnf4a,Ocln,1.0
12995,Hnf4a,Onecut1,1.0
12996,Hnf4a,Or4c3,1.0
12997,Hnf4a,Osm,1.0
12998,Hnf4a,Otc,1.0
12999,Hnf4a,Pak5,1.0
13000,Hnf4a,Pck1,1.0
13001,Hnf4a,Pcsk9,1.0
13002,Hnf4a,Pcx,1.0
13003,Hnf4a,Pdk4,1.0
13004,Hnf4a,Pea15a,-1.0
13005,Hnf4a,Pitx2,1.0
13006,Hnf4a,Pkd1,1.0
13007,Hnf4a,Pklr,1.0
13008,Hnf4a,Pla2g12b,1.0
13009,Hnf4a,Plg,1.0
13010,Hnf4a,Polr2f,1.0
13011,Hnf4a,Pop1,1.0
13012,Hnf4a,Pou2f1,1.0
13013,Hnf4a,Ppara,1.0
13014,Hnf4a,Pparg,1.0
13015,Hnf4a,Ppargc1a,-1.0
13016,Hnf4a,Ppig,1.0
13017,Hnf4a,Prdm5,1.0
13018,Hnf4a,Prkaa2,1.0
13019,Hnf4a,Prkaca,1.0
13020,Hnf4a,Prmt1,1.0
13021,Hnf4a,Pros1,1.0
13022,Hnf4a,Proz,1.0
13023,Hnf4a,Prpf3,1.0
13024,Hnf4a,Psmd4,1.0
13025,Hnf4a,Pten,1.0
13026,Hnf4a,Ptk6,1.0
13027,Hnf4a,Ptk7,1.0
13028,Hnf4a,Ptpn6,1.0
13029,Hnf4a,Rac1,1.0
13030,Hnf4a,Rap1a,1.0
13031,Hnf4a,Rara,1.0
13032,Hnf4a,Rbp1,1.0
13033,Hnf4a,Rbp2,1.0
13034,Hnf4a,Rcan1,1.0
13035,Hnf4a,Rnf34,1.0
13036,Hnf4a,Rps6ka6,1.0
13037,Hnf4a,S100a4,1.0
13038,Hnf4a,S100a6,1.0
13039,Hnf4a,Sar1b,1.0
13040,Hnf4a,Scarb1,1.0
13041,Hnf4a,Scp2,1.0
13042,Hnf4a,Sdc2,1.0
13043,Hnf4a,Selenop,1.0
13044,Hnf4a,Serpinc1,1.0
13045,Hnf4a,Shbg,1.0
13046,Hnf4a,Slc10a1,1.0
13047,Hnf4a,Slc22a1,1.0
13048,Hnf4a,Slc22a6,1.0
13049,Hnf4a,Slc22a7,1.0
13050,Hnf4a,Slc22a8,1.0
13051,Hnf4a,Slc26a3,1.0
13052,Hnf4a,Slc27a5,1.0
13053,Hnf4a,Slc28a1,1.0
13054,Hnf4a,Slc2a2,1.0
13055,Hnf4a,Slc46a1,1.0
13056,Hnf4a,Slc6a19,1.0
13057,Hnf4a,Slco1c1,1.0
13058,Hnf4a,Snap25,1.0
13059,Hnf4a,Soat2,1.0
13060,Hnf4a,Src,1.0
13061,Hnf4a,Srebf1,1.0
13062,Hnf4a,Stk11,1.0
13063,Hnf4a,Stmn2,1.0
13064,Hnf4a,Stxbp1,1.0
13065,Hnf4a,Sult1e1,1.0
13066,Hnf4a,Tbp,1.0
13067,Hnf4a,Tcf7l2,1.0
13068,Hnf4a,Tert,1.0
13069,Hnf4a,Thop1,1.0
13070,Hnf4a,Tnf,1.0
13071,Hnf4a,Tnfrsf11b,1.0
13072,Hnf4a,Tpo,1.0
13073,Hnf4a,Trf,1.0
13074,Hnf4a,Trp53,1.0
13075,Hnf4a,Trpc1,1.0
13076,Hnf4a,Ttr,1.0
13077,Hnf4a,Ube2b,1.0
13078,Hnf4a,Uchl1,1.0
13079,Hnf4a,Upk2,1.0
13080,Hnf4a,Vcan,1.0
13081,Hnf4a,Vegfd,1.0
13082,Hnf4a,Vim,1.0
13083,Hnf4a,Vnn1,1.0
13084,Hnf4a,Wnt1,1.0
13085,Hnf4a,Wnt10b,1.0
13086,Hnf4a,Wnt2,1.0
13087,Hnf4a,Wnt3a,1.0
13088,Hnf4a,Wt1,1.0
13089,Hnf4a,Zmiz2,1.0
13090,Hnf4a,Znhit3,1.0
13091,Hnf4g,Afp,1.0
13092,Hnf4g,Agt,1.0
13093,Hnf4g,Apoa4,1.0
13094,Hnf4g,Apoc3,1.0
13095,Hnf4g,Ghr,1.0
13096,Hnf4g,Has2,1.0
13097,Hnf4g,Hnf1a,1.0
13098,Hnf4g,Hsd17b7,1.0
13099,Hnf4g,Shbg,1.0
13100,Hopx,Dhx9,1.0
13101,Hopx,Fkbp4,1.0
13102,Hopx,Fos,-1.0
13103,Hopx,Hsp90ab1,1.0
13104,Hopx,Lor,1.0
13105,Hopx,Nppa,1.0
13106,Hopx,Nppb,1.0
13107,Hoxa1,Abi3,1.0
13108,Hoxa1,Adra1d,1.0
13109,Hoxa1,Aldh1a2,1.0
13110,Hoxa1,Bcl2,1.0
13111,Hoxa1,Ccnd1,1.0
13112,Hoxa1,Cdh6,1.0
13113,Hoxa1,Epas1,1.0
13114,Hoxa1,Grb2,1.0
13115,Hoxa1,Hoxa4,1.0
13116,Hoxa1,Hoxb1,1.0
13117,Hoxa1,Ibsp,1.0
13118,Hoxa1,Ier3,1.0
13119,Hoxa1,L1cam,1.0
13120,Hoxa1,Lamb1,1.0
13121,Hoxa1,Lyl1,1.0
13122,Hoxa1,Map2,1.0
13123,Hoxa1,Mitf,1.0
13124,Hoxa1,Mt1,1.0
13125,Hoxa1,Myc,1.0
13126,Hoxa1,Nes,1.0
13127,Hoxa1,Pax3,1.0
13128,Hoxa1,Pcna,1.0
13129,Hoxa1,Prlr,1.0
13130,Hoxa1,Rhob,1.0
13131,Hoxa1,Sox17,-1.0
13132,Hoxa10,Arih2,1.0
13133,Hoxa10,Bhlhe22,1.0
13134,Hoxa10,Capn5,1.0
13135,Hoxa10,Cbx2,1.0
13136,Hoxa10,Ccnb2,1.0
13137,Hoxa10,Cdh1,1.0
13138,Hoxa10,Cdk1,1.0
13139,Hoxa10,Cdkn1a,1.0
13140,Hoxa10,Cdkn1c,-1.0
13141,Hoxa10,Cdx4,1.0
13142,Hoxa10,Cish,1.0
13143,Hoxa10,Cybb,-1.0
13144,Hoxa10,Dusp4,1.0
13145,Hoxa10,Ednra,1.0
13146,Hoxa10,Emx2,-1.0
13147,Hoxa10,Epcam,1.0
13148,Hoxa10,Esr1,1.0
13149,Hoxa10,Fgf2,1.0
13150,Hoxa10,Fkbp4,1.0
13151,Hoxa10,Ghrhr,1.0
13152,Hoxa10,Glb1,1.0
13153,Hoxa10,Hoxa9,1.0
13154,Hoxa10,Hoxb4,1.0
13155,Hoxa10,Ibsp,1.0
13156,Hoxa10,Id2,1.0
13157,Hoxa10,Igfbp1,1.0
13158,Hoxa10,Il11,-1.0
13159,Hoxa10,Il15,1.0
13160,Hoxa10,Itgb3,1.0
13161,Hoxa10,Kat2b,1.0
13162,Hoxa10,Klf9,-1.0
13163,Hoxa10,Lyl1,1.0
13164,Hoxa10,Mef2c,-1.0
13165,Hoxa10,Mylk,1.0
13166,Hoxa10,Ncf2,-1.0
13167,Hoxa10,Phgdh,-1.0
13168,Hoxa10,Prdm16,1.0
13169,Hoxa10,Ptger3,1.0
13170,Hoxa10,Ptger4,1.0
13171,Hoxa10,Setbp1,1.0
13172,Hoxa10,Snai1,-1.0
13173,Hoxa10,Sp7,1.0
13174,Hoxa10,Spast,1.0
13175,Hoxa10,Stxbp1,1.0
13176,Hoxa10,Tgfbr2,1.0
13177,Hoxa10,Trp53,1.0
13178,Hoxa10,Wt1,1.0
13179,Hoxa11,Asxl3,1.0
13180,Hoxa11,Col3a1,1.0
13181,Hoxa11,Egfr,1.0
13182,Hoxa11,Hoxa10,-1.0
13183,Hoxa11,Mmp2,-1.0
13184,Hoxa11,Myod1,-1.0
13185,Hoxa11,Trp53,-1.0
13186,Hoxa13,Aldh1a2,1.0
13187,Hoxa13,Bmp4,1.0
13188,Hoxa13,Bmp7,1.0
13189,Hoxa13,Cdkn2a,1.0
13190,Hoxa13,Cish,1.0
13191,Hoxa13,Epha3,1.0
13192,Hoxa13,Epha4,-1.0
13193,Hoxa13,Epha6,1.0
13194,Hoxa13,Epha7,1.0
13195,Hoxa13,Fgf8,1.0
13196,Hoxa13,Foxf1,1.0
13197,Hoxa13,Hoxa11,-1.0
13198,Hoxa13,Sall1,-1.0
13199,Hoxa13,Sall3,-1.0
13200,Hoxa13,Sostdc1,-1.0
13201,Hoxa13,Tek,1.0
13202,Hoxa2,Barx1,-1.0
13203,Hoxa2,Bmp4,-1.0
13204,Hoxa2,Msx1,-1.0
13205,Hoxa2,Nkx3-2,-1.0
13206,Hoxa2,Pcp4,-1.0
13207,Hoxa2,Six2,-1.0
13208,Hoxa3,Gata2,1.0
13209,Hoxa3,Mmp14,1.0
13210,Hoxa4,Hoxa5,1.0
13211,Hoxa4,Itgb1,1.0
13212,Hoxa4,Th,1.0
13213,Hoxa4,Ttf1,1.0
13214,Hoxa5,Arhgef1,1.0
13215,Hoxa5,Dst,1.0
13216,Hoxa5,Hoxa4,-1.0
13217,Hoxa5,Igfbp1,1.0
13218,Hoxa5,Kdr,1.0
13219,Hoxa5,Lhx2,1.0
13220,Hoxa5,Mlh1,1.0
13221,Hoxa5,Pax1,1.0
13222,Hoxa5,Pgr,1.0
13223,Hoxa5,Ptn,1.0
13224,Hoxa5,Slc6a2,1.0
13225,Hoxa5,Th,1.0
13226,Hoxa5,Thbs2,1.0
13227,Hoxa5,Tnc,1.0
13228,Hoxa5,Trp53,1.0
13229,Hoxa5,Zeb1,1.0
13230,Hoxa7,Cdh1,1.0
13231,Hoxa7,Cdkn1b,1.0
13232,Hoxa7,Egfr,1.0
13233,Hoxa7,Epb41,1.0
13234,Hoxa7,Fn1,1.0
13235,Hoxa7,Ivl,1.0
13236,Hoxa7,Krt10,1.0
13237,Hoxa7,Meis1,1.0
13238,Hoxa7,Pcgf2,1.0
13239,Hoxa7,Tert,1.0
13240,Hoxa7,Tgm1,-1.0
13241,Hoxa7,Vim,1.0
13242,Hoxa9,Arhgef1,1.0
13243,Hoxa9,Brca1,1.0
13244,Hoxa9,Cd34,1.0
13245,Hoxa9,Cdh3,1.0
13246,Hoxa9,Cdh5,1.0
13247,Hoxa9,Creb1,1.0
13248,Hoxa9,Cybb,1.0
13249,Hoxa9,Dach1,1.0
13250,Hoxa9,Eif4e,1.0
13251,Hoxa9,Ephb4,1.0
13252,Hoxa9,Fgf2,1.0
13253,Hoxa9,Flt3,1.0
13254,Hoxa9,Hoxa10,1.0
13255,Hoxa9,Hoxb4,1.0
13256,Hoxa9,Id2,1.0
13257,Hoxa9,Igf1,1.0
13258,Hoxa9,Igf1r,1.0
13259,Hoxa9,Kdr,1.0
13260,Hoxa9,Kras,1.0
13261,Hoxa9,Mef2c,-1.0
13262,Hoxa9,Meis1,1.0
13263,Hoxa9,Msi2,1.0
13264,Hoxa9,Myb,1.0
13265,Hoxa9,Nfkb1,-1.0
13266,Hoxa9,Odc1,1.0
13267,Hoxa9,Pim1,1.0
13268,Hoxa9,Pknox1,1.0
13269,Hoxa9,Prdm16,1.0
13270,Hoxa9,Pten,1.0
13271,Hoxa9,Rassf1,1.0
13272,Hoxa9,Rela,-1.0
13273,Hoxa9,Scmh1,1.0
13274,Hoxa9,Sele,1.0
13275,Hoxa9,Setbp1,1.0
13276,Hoxa9,Spp1,-1.0
13277,Hoxa9,Vcam1,1.0
13278,Hoxa9,Vezf1,1.0
13279,Hoxb1,Crabp1,1.0
13280,Hoxb1,Gata2,1.0
13281,Hoxb1,Gata3,1.0
13282,Hoxb1,Hoxa1,1.0
13283,Hoxb1,Hoxa2,1.0
13284,Hoxb1,Hoxb2,1.0
13285,Hoxb1,Otx2,1.0
13286,Hoxb1,Pbx1,-1.0
13287,Hoxb1,Tcf4,-1.0
13288,Hoxb13,Ar,-1.0
13289,Hoxb13,Ccnd1,-1.0
13290,Hoxb13,Disc1,1.0
13291,Hoxb13,Dnmt3b,1.0
13292,Hoxb13,Esr1,1.0
13293,Hoxb13,Gna11,1.0
13294,Hoxb13,Il6,1.0
13295,Hoxb13,Mecp2,1.0
13296,Hoxb13,Myc,-1.0
13297,Hoxb13,Rfx6,1.0
13298,Hoxb13,Slit1,1.0
13299,Hoxb13,Tcf4,-1.0
13300,Hoxb2,Hbb-bh1,1.0
13301,Hoxb2,Hoxb3,1.0
13302,Hoxb2,Ifnb1,1.0
13303,Hoxb2,Kat2b,1.0
13304,Hoxb2,Krt14,1.0
13305,Hoxb2,Krt8,1.0
13306,Hoxb2,Ltbp1,1.0
13307,Hoxb2,Mmp9,1.0
13308,Hoxb2,Mrgprf,1.0
13309,Hoxb2,Otx2,1.0
13310,Hoxb2,Plat,1.0
13311,Hoxb2,Plg,1.0
13312,Hoxb3,Cdca3,1.0
13313,Hoxb3,Dnmt3b,1.0
13314,Hoxb3,Foxa2,1.0
13315,Hoxb3,Hoxb1,1.0
13316,Hoxb3,Hoxb2,1.0
13317,Hoxb3,Nkx2-1,1.0
13318,Hoxb3,Otx2,1.0
13319,Hoxb3,Tg,1.0
13320,Hoxb3,Ttf1,1.0
13321,Hoxb4,Axin1,1.0
13322,Hoxb4,Casp8ap2,1.0
13323,Hoxb4,Igfbp1,1.0
13324,Hoxb4,Itga2b,1.0
13325,Hoxb4,Itgb3,1.0
13326,Hoxb4,Nfya,1.0
13327,Hoxb4,Pgr,1.0
13328,Hoxb4,Prdm16,1.0
13329,Hoxb4,Prom1,1.0
13330,Hoxb4,Scai,1.0
13331,Hoxb5,Angpt2,1.0
13332,Hoxb5,Kdr,1.0
13333,Hoxb5,Rassf1,1.0
13334,Hoxb5,Ret,1.0
13335,Hoxb5,Tnc,1.0
13336,Hoxb6,Hbb-bh1,-1.0
13337,Hoxb6,Kdr,1.0
13338,Hoxb6,Usf2,1.0
13339,Hoxb7,Car1,1.0
13340,Hoxb7,Ccnd1,1.0
13341,Hoxb7,Cdkn1b,-1.0
13342,Hoxb7,Cdx1,1.0
13343,Hoxb7,Cldn1,1.0
13344,Hoxb7,Dapk1,-1.0
13345,Hoxb7,Egfr,1.0
13346,Hoxb7,Fgf2,1.0
13347,Hoxb7,Gh,1.0
13348,Hoxb7,Ghrh,1.0
13349,Hoxb7,Iapp,1.0
13350,Hoxb7,Kdm1a,1.0
13351,Hoxb7,Mmp2,1.0
13352,Hoxb7,Myh10,1.0
13353,Hoxb7,Nppa,1.0
13354,Hoxb7,Pdgfa,1.0
13355,Hoxb7,Ppp1r1b,1.0
13356,Hoxb7,Smarca4,1.0
13357,Hoxb7,Thbs2,-1.0
13358,Hoxb7,Tnfrsf11b,1.0
13359,Hoxb7,Vegfa,1.0
13360,Hoxb7,Wnt5a,1.0
13361,Hoxb8,Acta2,-1.0
13362,Hoxb8,Mylk,-1.0
13363,Hoxb8,Tagln,-1.0
13364,Hoxb9,Angptl2,1.0
13365,Hoxb9,Cdh1,1.0
13366,Hoxb9,Fgf2,1.0
13367,Hoxb9,Ncam1,1.0
13368,Hoxb9,Ren1,1.0
13369,Hoxb9,Vegfa,1.0
13370,Hoxc10,Hoxb8,-1.0
13371,Hoxc10,Lamb2,1.0
13372,Hoxc11,Cd24a,1.0
13373,Hoxc11,Lct,1.0
13374,Hoxc11,Pawr,-1.0
13375,Hoxc11,S100b,1.0
13376,Hoxc13,Dsg4,-1.0
13377,Hoxc13,Foxn1,1.0
13378,Hoxc13,Lamb2,1.0
13379,Hoxc13,Spi1,-1.0
13380,Hoxc13,Zfp521,1.0
13381,Hoxc4,Aicda,1.0
13382,Hoxc4,Cd14,1.0
13383,Hoxc4,Tnfsf13,1.0
13384,Hoxc5,Ttf1,1.0
13385,Hoxc6,Bcl2,1.0
13386,Hoxc6,Cd44,1.0
13387,Hoxc6,Fgfr2,1.0
13388,Hoxc6,Hoxc5,1.0
13389,Hoxc6,Igfbp3,-1.0
13390,Hoxc6,Isl1,1.0
13391,Hoxc6,Mme,-1.0
13392,Hoxc6,Ncam1,1.0
13393,Hoxc6,Pdgfra,1.0
13394,Hoxc6,S100b,1.0
13395,Hoxc6,Ttf1,1.0
13396,Hoxc8,Ar,-1.0
13397,Hoxc8,Bmp2,1.0
13398,Hoxc8,Dst,1.0
13399,Hoxc8,Hoxd4,1.0
13400,Hoxc8,Llgl1,1.0
13401,Hoxc8,Ncam1,1.0
13402,Hoxc8,Nkd2,-1.0
13403,Hoxc8,Pcna,1.0
13404,Hoxc8,Slc11a1,1.0
13405,Hoxc8,Smad1,1.0
13406,Hoxc8,Smad6,-1.0
13407,Hoxc8,Spp1,1.0
13408,Hoxc8,Tnfrsf11b,1.0
13409,Hoxc8,Ttf1,1.0
13410,Hoxc9,Hoxb8,-1.0
13411,Hoxc9,Hoxc8,1.0
13412,Hoxc9,Stab2,1.0
13413,Hoxd1,Bhlhb9,1.0
13414,Hoxd1,Itgb1,1.0
13415,Hoxd1,Kras,1.0
13416,Hoxd1,Mlh1,1.0
13417,Hoxd1,Mog,1.0
13418,Hoxd1,Socs1,1.0
13419,Hoxd1,Sos1,1.0
13420,Hoxd10,Hoxc5,1.0
13421,Hoxd10,Igfbp3,1.0
13422,Hoxd10,Ren1,1.0
13423,Hoxd10,Rock2,1.0
13424,Hoxd11,Hoxc5,1.0
13425,Hoxd11,Hoxd9,1.0
13426,Hoxd11,Itga8,1.0
13427,Hoxd11,Shh,1.0
13428,Hoxd12,Shh,1.0
13429,Hoxd13,Barx1,-1.0
13430,Hoxd13,Bmp2,1.0
13431,Hoxd13,Bmp4,1.0
13432,Hoxd13,Casp8ap2,1.0
13433,Hoxd13,Cyp1a1,1.0
13434,Hoxd13,Dach1,1.0
13435,Hoxd13,Emx2,1.0
13436,Hoxd13,Epha3,-1.0
13437,Hoxd13,Epha4,-1.0
13438,Hoxd13,Epha7,1.0
13439,Hoxd13,Fbn1,1.0
13440,Hoxd13,H1f6,1.0
13441,Hoxd13,Hand2,1.0
13442,Hoxd13,Hoxa13,1.0
13443,Hoxd13,Il6,1.0
13444,Hoxd13,Ngef,1.0
13445,Hoxd13,Sall1,-1.0
13446,Hoxd13,Sall3,-1.0
13447,Hoxd13,Sfrp1,1.0
13448,Hoxd3,Gabrb3,1.0
13449,Hoxd3,Itga3,1.0
13450,Hoxd3,Itga5,1.0
13451,Hoxd3,Itgav,1.0
13452,Hoxd3,Itgb1,1.0
13453,Hoxd3,Itgb3,1.0
13454,Hoxd3,Mmp2,1.0
13455,Hoxd3,Plau,1.0
13456,Hoxd3,Ttf1,1.0
13457,Hoxd3,Wnt1,1.0
13458,Hoxd4,Fgfr1,1.0
13459,Hoxd4,Hoxd9,1.0
13460,Hoxd4,Krt27,1.0
13461,Hoxd4,Me3,1.0
13462,Hoxd4,Ttf1,1.0
13463,Hoxd8,Angpt2,1.0
13464,Hoxd8,Cdkn2a,1.0
13465,Hoxd8,Kdm1a,1.0
13466,Hoxd8,Prox1,1.0
13467,Hoxd8,Ttf1,1.0
13468,Hoxd9,Cdh1,1.0
13469,Hoxd9,Hoxc5,1.0
13470,Hr,Abl1,1.0
13471,Hr,Ache,1.0
13472,Hr,Adamts7,1.0
13473,Hr,Apoa1,1.0
13474,Hr,Brca1,1.0
13475,Hr,Camp,1.0
13476,Hr,Casp14,1.0
13477,Hr,Ccnd1,1.0
13478,Hr,Ccnd3,1.0
13479,Hr,Ccne1,1.0
13480,Hr,Cdh1,1.0
13481,Hr,Cdk4,1.0
13482,Hr,Cdkn1a,1.0
13483,Hr,Chrm4,1.0
13484,Hr,Chrna7,1.0
13485,Hr,Ciita,1.0
13486,Hr,Cish,1.0
13487,Hr,Crhr1,1.0
13488,Hr,Cyp24a1,1.0
13489,Hr,Dio3,1.0
13490,Hr,Dld,1.0
13491,Hr,Dlx3,1.0
13492,Hr,Dmd,1.0
13493,Hr,Drd1,1.0
13494,Hr,Fcgr1,1.0
13495,Hr,Ffar1,1.0
13496,Hr,Flt4,1.0
13497,Hr,Fn1,1.0
13498,Hr,Gdf15,1.0
13499,Hr,Gria2,1.0
13500,Hr,Higd1a,1.0
13501,Hr,Hpse,1.0
13502,Hr,Icam1,1.0
13503,Hr,Ifng,1.0
13504,Hr,Igfbp1,1.0
13505,Hr,Il1b,1.0
13506,Hr,Il3,1.0
13507,Hr,Il6,1.0
13508,Hr,Kifbp,1.0
13509,Hr,L1cam,1.0
13510,Hr,Lamb1,1.0
13511,Hr,Map3k7,1.0
13512,Hr,Mcph1,1.0
13513,Hr,Mdm2,1.0
13514,Hr,Msx2,-1.0
13515,Hr,Musk,1.0
13516,Hr,Myog,1.0
13517,Hr,Ncam1,1.0
13518,Hr,Ncf1,1.0
13519,Hr,Ndrg1,1.0
13520,Hr,Nos2,1.0
13521,Hr,Notch1,1.0
13522,Hr,Nqo1,1.0
13523,Hr,Nrn1,1.0
13524,Hr,Olr1,1.0
13525,Hr,Pdlim7,1.0
13526,Hr,Per2,1.0
13527,Hr,Prkcg,1.0
13528,Hr,Ptgdr,1.0
13529,Hr,Rad51,1.0
13530,Hr,Rapsn,1.0
13531,Hr,Rb1,1.0
13532,Hr,Rpe65,1.0
13533,Hr,Rrm1,1.0
13534,Hr,Samhd1,1.0
13535,Hr,Sgip1,1.0
13536,Hr,Sla,1.0
13537,Hr,Slc26a3,1.0
13538,Hr,Slc3a2,1.0
13539,Hr,Sphk1,1.0
13540,Hr,Tab1,1.0
13541,Hr,Tab2,1.0
13542,Hr,Tab3,1.0
13543,Hr,Tgfa,1.0
13544,Hr,Tgfb1,1.0
13545,Hr,Thy1,1.0
13546,Hr,Timp1,1.0
13547,Hr,Tnf,1.0
13548,Hr,Tnfrsf12a,1.0
13549,Hr,Trp53,1.0
13550,Hr,Tubb3,1.0
13551,Hr,Vegfa,1.0
13552,Hr,Xrcc1,1.0
13553,Hsf1,Abcb6,1.0
13554,Hsf1,Atf3,1.0
13555,Hsf1,Atg7,1.0
13556,Hsf1,Bace1,1.0
13557,Hsf1,Bag3,-1.0
13558,Hsf1,Cdkn1a,-1.0
13559,Hsf1,Cdkn1b,1.0
13560,Hsf1,Clu,1.0
13561,Hsf1,Cryab,1.0
13562,Hsf1,Cryga,1.0
13563,Hsf1,Crygb,1.0
13564,Hsf1,Crygc,1.0
13565,Hsf1,Csf1r,-1.0
13566,Hsf1,Csf2,1.0
13567,Hsf1,Csf3,1.0
13568,Hsf1,Cxcl5,1.0
13569,Hsf1,Cylc1,1.0
13570,Hsf1,Dlg1,1.0
13571,Hsf1,Dnajb1,1.0
13572,Hsf1,Erbb2,1.0
13573,Hsf1,Eya1,1.0
13574,Hsf1,Fas,1.0
13575,Hsf1,Fasl,1.0
13576,Hsf1,Fkbp4,1.0
13577,Hsf1,Flt1,1.0
13578,Hsf1,Fos,1.0
13579,Hsf1,Foxm1,1.0
13580,Hsf1,Fut4,1.0
13581,Hsf1,Gast,1.0
13582,Hsf1,Guca2b,-1.0
13583,Hsf1,Hbb-bh1,1.0
13584,Hsf1,Hopx,1.0
13585,Hsf1,Hsd17b6,-1.0
13586,Hsf1,Hsf2,1.0
13587,Hsf1,Hsp90aa1,1.0
13588,Hsf1,Hsp90ab1,1.0
13589,Hsf1,Hspa4,1.0
13590,Hsf1,Hspa9,1.0
13591,Hsf1,Hspb1,1.0
13592,Hsf1,Hspb2,1.0
13593,Hsf1,Hypk,1.0
13594,Hsf1,Icam1,1.0
13595,Hsf1,Il10,1.0
13596,Hsf1,Il1b,-1.0
13597,Hsf1,Il6,1.0
13598,Hsf1,Jun,1.0
13599,Hsf1,Kcna5,1.0
13600,Hsf1,Kras,1.0
13601,Hsf1,Ldha,1.0
13602,Hsf1,Map3k14,1.0
13603,Hsf1,Mcl1,1.0
13604,Hsf1,Mill2,1.0
13605,Hsf1,Nfix,1.0
13606,Hsf1,Nfkb1,1.0
13607,Hsf1,Nr4a3,1.0
13608,Hsf1,Pdzd2,1.0
13609,Hsf1,Phb1,1.0
13610,Hsf1,Phlda1,1.0
13611,Hsf1,Polk,1.0
13612,Hsf1,Prkaca,1.0
13613,Hsf1,Ptgs2,1.0
13614,Hsf1,Rela,1.0
13615,Hsf1,Rgs2,1.0
13616,Hsf1,Serpine1,1.0
13617,Hsf1,Serpinh1,1.0
13618,Hsf1,Sesn3,-1.0
13619,Hsf1,Slc1a2,1.0
13620,Hsf1,Slc26a4,1.0
13621,Hsf1,Slc6a6,1.0
13622,Hsf1,Socs3,1.0
13623,Hsf1,Spi1,1.0
13624,Hsf1,St8sia4,1.0
13625,Hsf1,Stip1,1.0
13626,Hsf1,Sumo1,1.0
13627,Hsf1,Tacr1,1.0
13628,Hsf1,Tnf,1.0
13629,Hsf1,Trp53,1.0
13630,Hsf1,Trpv1,1.0
13631,Hsf1,Ttr,1.0
13632,Hsf1,Txn1,1.0
13633,Hsf1,Ubb,1.0
13634,Hsf1,Vamp2,1.0
13635,Hsf1,Xaf1,-1.0
13636,Hsf1,Zfand2a,1.0
13637,Hsf2,Alb,1.0
13638,Hsf2,Cdk5r1,1.0
13639,Hsf2,Clu,1.0
13640,Hsf2,Cryab,1.0
13641,Hsf2,Dach1,1.0
13642,Hsf2,Fos,1.0
13643,Hsf2,Hif1a,1.0
13644,Hsf2,Hsp90aa1,1.0
13645,Hsf2,Hspa4,1.0
13646,Hsf2,Hspb1,1.0
13647,Hsf2,Il12a,1.0
13648,Hsf2,Il6,1.0
13649,Hsf2,Map2k4,-1.0
13650,Hsf2,Mapk8,-1.0
13651,Hsf2,Prkaca,1.0
13652,Hsf2,Ros1,1.0
13653,Hsf2,Sumo1,1.0
13654,Hsf2,Tnfsf11,1.0
13655,Hsf2,Txn1,1.0
13656,Hsf2,Zfand2a,-1.0
13657,Hsf2,Zfp804a,-1.0
13658,Hsf4,Abcc3,-1.0
13659,Hsf4,Cryab,1.0
13660,Hsf4,Crygc,1.0
13661,Hsf4,Dnase2b,1.0
13662,Hsf4,Hif1a,1.0
13663,Hsf4,Hsf2,-1.0
13664,Hsf4,Hsp90aa1,1.0
13665,Hsf4,Hspb1,1.0
13666,Hsf4,Lif,-1.0
13667,Hsf4,Rad51,1.0
13668,Hsf4,Vim,-1.0
13669,Htatip2,Adamts7,1.0
13670,Htatip2,Ccn5,1.0
13671,Htatip2,Ccnd1,-1.0
13672,Htatip2,Cdh1,1.0
13673,Htatip2,Egf,1.0
13674,Htatip2,Ephb2,1.0
13675,Htatip2,Esr1,1.0
13676,Htatip2,Fn1,1.0
13677,Htatip2,Igf1,1.0
13678,Htatip2,Il1b,1.0
13679,Htatip2,Met,1.0
13680,Htatip2,Mmp2,-1.0
13681,Htatip2,Myc,1.0
13682,Htatip2,Spp1,-1.0
13683,Htatip2,Tgfb1,1.0
13684,Htatip2,Vegfa,-1.0
13685,Id1,Add1,1.0
13686,Id1,Ahsg,1.0
13687,Id1,Alpl,-1.0
13688,Id1,Ascl1,1.0
13689,Id1,Aurka,1.0
13690,Id1,Bmi1,1.0
13691,Id1,Bmp4,1.0
13692,Id1,Brca1,1.0
13693,Id1,Ccnd1,1.0
13694,Id1,Ccnd3,1.0
13695,Id1,Cd44,1.0
13696,Id1,Cd79a,1.0
13697,Id1,Cdh1,-1.0
13698,Id1,Cdk6,1.0
13699,Id1,Cdkn1a,1.0
13700,Id1,Cdkn1b,1.0
13701,Id1,Cdkn2a,-1.0
13702,Id1,Cdkn2b,1.0
13703,Id1,Ckm,-1.0
13704,Id1,Ctnnb1,1.0
13705,Id1,Ctsk,-1.0
13706,Id1,Dtx1,1.0
13707,Id1,Egfr,1.0
13708,Id1,Epor,1.0
13709,Id1,Esr2,1.0
13710,Id1,Fasn,1.0
13711,Id1,Fgf2,1.0
13712,Id1,Fgfr1,1.0
13713,Id1,Fos,-1.0
13714,Id1,Fshb,1.0
13715,Id1,Fshr,1.0
13716,Id1,Ghrhr,1.0
13717,Id1,Hgf,1.0
13718,Id1,Id2,1.0
13719,Id1,Id3,1.0
13720,Id1,Ifng,1.0
13721,Id1,Inhba,1.0
13722,Id1,Itga4,1.0
13723,Id1,Krt9,1.0
13724,Id1,Mapk1,1.0
13725,Id1,Me3,1.0
13726,Id1,Mmp2,1.0
13727,Id1,Mmp9,1.0
13728,Id1,Mpz,1.0
13729,Id1,Myc,1.0
13730,Id1,Myog,1.0
13731,Id1,Pcgf2,1.0
13732,Id1,Pcsk1,1.0
13733,Id1,Pdlim7,1.0
13734,Id1,Pik3r1,1.0
13735,Id1,Pomc,1.0
13736,Id1,Postn,1.0
13737,Id1,Psen1,1.0
13738,Id1,Psmd4,1.0
13739,Id1,Pten,1.0
13740,Id1,Ptgs2,1.0
13741,Id1,Rorc,-1.0
13742,Id1,Runx2,1.0
13743,Id1,Serpine1,1.0
13744,Id1,Shbg,1.0
13745,Id1,Skp2,1.0
13746,Id1,Stat5a,1.0
13747,Id1,Tal1,1.0
13748,Id1,Tcf3,1.0
13749,Id1,Tgfb1,-1.0
13750,Id1,Tgfb1i1,1.0
13751,Id1,Thbs1,-1.0
13752,Id1,Tjp1,-1.0
13753,Id1,Tnf,1.0
13754,Id1,Tnfsf11,1.0
13755,Id1,Trf,-1.0
13756,Id1,Trp53,1.0
13757,Id1,Vegfa,1.0
13758,Id1,Zfp148,-1.0
13759,Id2,Aicda,-1.0
13760,Id2,Alpl,-1.0
13761,Id2,Bcl2l1,1.0
13762,Id2,Bmal1,1.0
13763,Id2,Bmp4,1.0
13764,Id2,Cav3,1.0
13765,Id2,Ccna2,-1.0
13766,Id2,Ccnd1,1.0
13767,Id2,Cd79a,1.0
13768,Id2,Cd8a,1.0
13769,Id2,Cdh1,-1.0
13770,Id2,Cdh5,1.0
13771,Id2,Cdkn1a,1.0
13772,Id2,Cdkn1b,1.0
13773,Id2,Cdkn1c,-1.0
13774,Id2,Cdkn2a,1.0
13775,Id2,Cdkn2b,1.0
13776,Id2,Clock,1.0
13777,Id2,Col1a2,-1.0
13778,Id2,Crebbp,1.0
13779,Id2,Dkk1,1.0
13780,Id2,Dppa4,1.0
13781,Id2,Fas,-1.0
13782,Id2,Fgfr1,1.0
13783,Id2,Fshr,-1.0
13784,Id2,Gap43,1.0
13785,Id2,Gfap,1.0
13786,Id2,Gh,-1.0
13787,Id2,Hbb-bh1,1.0
13788,Id2,Hes1,-1.0
13789,Id2,Hhip,1.0
13790,Id2,Hnrnph1,1.0
13791,Id2,Id1,1.0
13792,Id2,Id3,1.0
13793,Id2,Igfbp3,1.0
13794,Id2,Il10,1.0
13795,Id2,Inhba,1.0
13796,Id2,Itgae,1.0
13797,Id2,Kras,1.0
13798,Id2,Lgals1,1.0
13799,Id2,Lipe,1.0
13800,Id2,Myc,-1.0
13801,Id2,Ngf,1.0
13802,Id2,Notch1,1.0
13803,Id2,Oscar,1.0
13804,Id2,Per1,1.0
13805,Id2,Pomc,-1.0
13806,Id2,Rb1,1.0
13807,Id2,Rbl2,1.0
13808,Id2,Sema3f,1.0
13809,Id2,Sgca,1.0
13810,Id2,Snai1,1.0
13811,Id2,Tcf3,1.0
13812,Id2,Tert,1.0
13813,Id2,Tff1,1.0
13814,Id2,Tg,1.0
13815,Id2,Thy1,1.0
13816,Id2,Tnfsf11,1.0
13817,Id2,Trf,1.0
13818,Id2,Trp53,1.0
13819,Id2,Tubb3,1.0
13820,Id2,Zbtb16,1.0
13821,Id3,Adipoq,1.0
13822,Id3,Alpl,-1.0
13823,Id3,Bax,1.0
13824,Id3,Bmp2,1.0
13825,Id3,Bmp4,1.0
13826,Id3,Cdh1,1.0
13827,Id3,Cdkn1a,1.0
13828,Id3,Cdkn1b,1.0
13829,Id3,Cdkn2a,1.0
13830,Id3,Ckm,1.0
13831,Id3,Col1a2,-1.0
13832,Id3,Egr1,-1.0
13833,Id3,Fas,-1.0
13834,Id3,Fgf2,1.0
13835,Id3,Foxp3,1.0
13836,Id3,Gast,1.0
13837,Id3,Hes1,1.0
13838,Id3,Id2,1.0
13839,Id3,Il2rb,1.0
13840,Id3,Inhba,1.0
13841,Id3,Jun,1.0
13842,Id3,Mapk1,1.0
13843,Id3,Mmp2,1.0
13844,Id3,Ngf,1.0
13845,Id3,Notch1,1.0
13846,Id3,Nptx1,1.0
13847,Id3,Pcsk1,1.0
13848,Id3,Pdlim7,1.0
13849,Id3,Rag2,1.0
13850,Id3,Smarcc1,1.0
13851,Id3,Tcf3,-1.0
13852,Id3,Thbs1,1.0
13853,Id3,Vcam1,1.0
13854,Id3,Vegfa,1.0
13855,Id4,Abcc3,1.0
13856,Id4,Abcc6,1.0
13857,Id4,Brca1,-1.0
13858,Id4,Crebbp,1.0
13859,Id4,Csn2,1.0
13860,Id4,Gfap,1.0
13861,Id4,Igf1r,1.0
13862,Id4,Igfbp3,1.0
13863,Id4,Mbp,1.0
13864,Id4,Sox2,1.0
13865,Id4,Tff1,1.0
13866,Id4,Trp53,1.0
13867,Id4,Tubb3,1.0
13868,Ikzf1,Bcl2l1,-1.0
13869,Ikzf1,Cd3d,1.0
13870,Ikzf1,Cd4,1.0
13871,Ikzf1,Dntt,1.0
13872,Ikzf1,Dtx1,1.0
13873,Ikzf1,Faah,1.0
13874,Ikzf1,Fgfr4,1.0
13875,Ikzf1,Flt3,1.0
13876,Ikzf1,Gabrg2,-1.0
13877,Ikzf1,Gata2,1.0
13878,Ikzf1,Gata3,1.0
13879,Ikzf1,Gh,-1.0
13880,Ikzf1,Ghrh,1.0
13881,Ikzf1,Hbb-bh1,-1.0
13882,Ikzf1,Hes1,-1.0
13883,Ikzf1,Ifng,1.0
13884,Ikzf1,Ifnlr1,1.0
13885,Ikzf1,Igll1,-1.0
13886,Ikzf1,Ikzf3,1.0
13887,Ikzf1,Il10,1.0
13888,Ikzf1,Il13,-1.0
13889,Ikzf1,Il2,-1.0
13890,Ikzf1,Il21,1.0
13891,Ikzf1,Il4,1.0
13892,Ikzf1,Il7r,1.0
13893,Ikzf1,Inpp5d,1.0
13894,Ikzf1,Kit,1.0
13895,Ikzf1,Ldlr,1.0
13896,Ikzf1,Lep,1.0
13897,Ikzf1,Lnpep,1.0
13898,Ikzf1,Myc,-1.0
13899,Ikzf1,Nos2,-1.0
13900,Ikzf1,Notch1,-1.0
13901,Ikzf1,Npr1,-1.0
13902,Ikzf1,Oprd1,1.0
13903,Ikzf1,Osr1,-1.0
13904,Ikzf1,Pecam1,1.0
13905,Ikzf1,Penk,1.0
13906,Ikzf1,Ptcra,-1.0
13907,Ikzf1,Runx1,1.0
13908,Ikzf1,Sell,1.0
13909,Ikzf1,Sgcg,1.0
13910,Ikzf1,Snai1,1.0
13911,Ikzf1,Spi1,1.0
13912,Ikzf1,Stat1,-1.0
13913,Ikzf1,Tbx21,1.0
13914,Ikzf1,Tnf,1.0
13915,Ikzf1,Vipr1,1.0
13916,Ikzf2,Foxp3,1.0
13917,Ikzf2,Il2,1.0
13918,Ikzf2,Il2ra,1.0
13919,Ikzf2,Inpp5d,1.0
13920,Ikzf2,Lnpep,1.0
13921,Ikzf3,Aicda,1.0
13922,Ikzf3,Bcl2,1.0
13923,Ikzf3,Igll1,-1.0
13924,Ikzf3,Il2,1.0
13925,Ikzf3,Lnpep,1.0
13926,Ikzf3,Myc,-1.0
13927,Ikzf4,Ctsk,1.0
13928,Ikzf4,Dlg4,1.0
13929,Ikzf4,Hbb-bh1,1.0
13930,Ikzf4,Lnpep,1.0
13931,Ikzf4,Myh1,1.0
13932,Ikzf4,Myh14,1.0
13933,Ikzf4,Myh7b,1.0
13934,Ikzf5,Lnpep,1.0
13935,Ing4,Angpt1,-1.0
13936,Ing4,Arl6ip5,1.0
13937,Ing4,Bax,1.0
13938,Ing4,Bcl2,-1.0
13939,Ing4,Casp3,1.0
13940,Ing4,Ccnd1,-1.0
13941,Ing4,Cdkn1a,1.0
13942,Ing4,Cdkn1b,1.0
13943,Ing4,Ngf,-1.0
13944,Ing4,Ntrk1,-1.0
13945,Ing4,Ptgs2,-1.0
13946,Ing4,Skp2,-1.0
13947,Ing4,Spp1,-1.0
13948,Ing4,Trp53,1.0
13949,Insm1,Crebbp,1.0
13950,Insm1,Neurod1,1.0
13951,Insm1,Pax6,1.0
13952,Insm1,Rgn,1.0
13953,Irf1,Ache,1.0
13954,Irf1,Agtr2,1.0
13955,Irf1,Akt1,-1.0
13956,Irf1,Bbc3,1.0
13957,Irf1,Bcl2,-1.0
13958,Irf1,Bcl2l2,-1.0
13959,Irf1,Birc3,1.0
13960,Irf1,Birc5,-1.0
13961,Irf1,Blmh,1.0
13962,Irf1,C4b,1.0
13963,Irf1,Camk4,1.0
13964,Irf1,Casp1,1.0
13965,Irf1,Casp7,1.0
13966,Irf1,Casp8,1.0
13967,Irf1,Casp9,1.0
13968,Irf1,Ccl19,1.0
13969,Irf1,Ccl4,1.0
13970,Irf1,Ccl5,1.0
13971,Irf1,Ccnb1,-1.0
13972,Irf1,Ccnd1,-1.0
13973,Irf1,Ccne1,-1.0
13974,Irf1,Ccr5,1.0
13975,Irf1,Cd200,1.0
13976,Irf1,Cd274,1.0
13977,Irf1,Cd38,1.0
13978,Irf1,Cd40,1.0
13979,Irf1,Cd74,1.0
13980,Irf1,Cd80,1.0
13981,Irf1,Cdk1,-1.0
13982,Irf1,Cdk2,-1.0
13983,Irf1,Cdk4,-1.0
13984,Irf1,Cdkn1a,-1.0
13985,Irf1,Ciita,1.0
13986,Irf1,Col1a2,-1.0
13987,Irf1,Crebbp,1.0
13988,Irf1,Csf3,1.0
13989,Irf1,Ctss,1.0
13990,Irf1,Cxcl10,1.0
13991,Irf1,Cxcl11,-1.0
13992,Irf1,Cxcl14,1.0
13993,Irf1,Cybb,1.0
13994,Irf1,Dot1l,1.0
13995,Irf1,Dst,-1.0
13996,Irf1,E2f1,-1.0
13997,Irf1,Egfr,1.0
13998,Irf1,Eif2ak2,1.0
13999,Irf1,Fasl,1.0
14000,Irf1,Fgfr1,1.0
14001,Irf1,Foxp3,-1.0
14002,Irf1,Gabra6,1.0
14003,Irf1,Gast,1.0
14004,Irf1,Gbp5,1.0
14005,Irf1,Ghrhr,1.0
14006,Irf1,Gpt,1.0
14007,Irf1,H2-T23,1.0
14008,Irf1,Hspa4,1.0
14009,Irf1,Icam1,1.0
14010,Irf1,Ido1,1.0
14011,Irf1,Ifi35,1.0
14012,Irf1,Ifnb1,1.0
14013,Irf1,Ifng,1.0
14014,Irf1,Ifngr1,1.0
14015,Irf1,Il10,1.0
14016,Irf1,Il12a,1.0
14017,Irf1,Il12b,-1.0
14018,Irf1,Il12rb1,1.0
14019,Irf1,Il15,1.0
14020,Irf1,Il17a,1.0
14021,Irf1,Il18,1.0
14022,Irf1,Il18bp,1.0
14023,Irf1,Il1b,1.0
14024,Irf1,Il23a,1.0
14025,Irf1,Il27,1.0
14026,Irf1,Il2ra,1.0
14027,Irf1,Il4,1.0
14028,Irf1,Il6,-1.0
14029,Irf1,Il7,1.0
14030,Irf1,Irf2,1.0
14031,Irf1,Irf8,1.0
14032,Irf1,Jun,1.0
14033,Irf1,Kat2b,1.0
14034,Irf1,Krt79,1.0
14035,Irf1,Lck,1.0
14036,Irf1,Lgals3,1.0
14037,Irf1,Mapk8,1.0
14038,Irf1,Mc1r,1.0
14039,Irf1,Me3,1.0
14040,Irf1,Mki67,-1.0
14041,Irf1,Mmp9,1.0
14042,Irf1,Myb,-1.0
14043,Irf1,Myd88,1.0
14044,Irf1,Ncf2,1.0
14045,Irf1,Nod1,1.0
14046,Irf1,Nos2,1.0
14047,Irf1,Nos3,-1.0
14048,Irf1,Npy2r,1.0
14049,Irf1,Odc1,1.0
14050,Irf1,Ogn,1.0
14051,Irf1,Optn,1.0
14052,Irf1,Pdgfd,1.0
14053,Irf1,Pigr,1.0
14054,Irf1,Plaat3,1.0
14055,Irf1,Pmaip1,1.0
14056,Irf1,Polh,1.0
14057,Irf1,Polr2k,1.0
14058,Irf1,Prkcg,1.0
14059,Irf1,Psmb10,1.0
14060,Irf1,Psmb9,1.0
14061,Irf1,Ptgs2,1.0
14062,Irf1,Rigi,1.0
14063,Irf1,Rsad2,1.0
14064,Irf1,Samhd1,1.0
14065,Irf1,Sell,1.0
14066,Irf1,Slc22a6,1.0
14067,Irf1,Slc26a6,1.0
14068,Irf1,Slpi,-1.0
14069,Irf1,Smarca4,1.0
14070,Irf1,Socs1,1.0
14071,Irf1,Socs2,1.0
14072,Irf1,Sp1,1.0
14073,Irf1,Spg7,1.0
14074,Irf1,Stat1,1.0
14075,Irf1,Tap1,1.0
14076,Irf1,Tap2,1.0
14077,Irf1,Tapbp,1.0
14078,Irf1,Tat,1.0
14079,Irf1,Tert,-1.0
14080,Irf1,Tg,1.0
14081,Irf1,Tlr2,1.0
14082,Irf1,Tlr3,1.0
14083,Irf1,Tlr7,1.0
14084,Irf1,Tnf,1.0
14085,Irf1,Tnfsf10,1.0
14086,Irf1,Tnfsf13b,1.0
14087,Irf1,Traf3ip2,1.0
14088,Irf1,Trim21,1.0
14089,Irf1,Trim28,1.0
14090,Irf1,Trim63,1.0
14091,Irf1,Trp53,1.0
14092,Irf1,Trp73,1.0
14093,Irf1,Upp1,1.0
14094,Irf1,Vcam1,1.0
14095,Irf1,Xaf1,1.0
14096,Irf2,Abcc8,1.0
14097,Irf2,Agtr2,-1.0
14098,Irf2,Bcl2l1,1.0
14099,Irf2,Blmh,1.0
14100,Irf2,Camk4,1.0
14101,Irf2,Casp1,1.0
14102,Irf2,Casp8,1.0
14103,Irf2,Ccl5,1.0
14104,Irf2,Cdk2,1.0
14105,Irf2,Cdkn1a,1.0
14106,Irf2,Ciita,1.0
14107,Irf2,Crebbp,1.0
14108,Irf2,Ctss,1.0
14109,Irf2,Cxcl10,1.0
14110,Irf2,Cxcl11,1.0
14111,Irf2,Cxcr4,-1.0
14112,Irf2,Cybb,1.0
14113,Irf2,Dst,-1.0
14114,Irf2,Fasl,1.0
14115,Irf2,Fgfr1,1.0
14116,Irf2,H2-T23,1.0
14117,Irf2,Ifi35,1.0
14118,Irf2,Ifnb1,1.0
14119,Irf2,Ifng,1.0
14120,Irf2,Ifngr1,-1.0
14121,Irf2,Il10,1.0
14122,Irf2,Il1b,1.0
14123,Irf2,Il4,1.0
14124,Irf2,Il6,1.0
14125,Irf2,Il7,-1.0
14126,Irf2,Irf1,1.0
14127,Irf2,Itga2b,1.0
14128,Irf2,Kat2b,1.0
14129,Irf2,Lgals3,1.0
14130,Irf2,Myh9,1.0
14131,Irf2,Nf1,1.0
14132,Irf2,Nos2,-1.0
14133,Irf2,Oga,1.0
14134,Irf2,Ogn,1.0
14135,Irf2,Prkca,1.0
14136,Irf2,Ptgs2,-1.0
14137,Irf2,Rigi,1.0
14138,Irf2,Samhd1,1.0
14139,Irf2,Smc3,1.0
14140,Irf2,Tap1,1.0
14141,Irf2,Thpo,1.0
14142,Irf2,Tnf,1.0
14143,Irf2,Tnfsf10,1.0
14144,Irf2,Tnfsf14,1.0
14145,Irf2,Trim21,1.0
14146,Irf2,Trim63,1.0
14147,Irf2,Usp18,1.0
14148,Irf2,Vcam1,1.0
14149,Irf2bpl,Gnrh1,1.0
14150,Irf2bpl,Pdyn,-1.0
14151,Irf2bpl,Penk,-1.0
14152,Irf3,Abcc2,1.0
14153,Irf3,Akt1,1.0
14154,Irf3,Ccl19,1.0
14155,Irf3,Ccl3,-1.0
14156,Irf3,Ccl5,1.0
14157,Irf3,Cdk2,1.0
14158,Irf3,Cdk4,1.0
14159,Irf3,Cdkn1a,-1.0
14160,Irf3,Chuk,1.0
14161,Irf3,Cish,1.0
14162,Irf3,Crebbp,1.0
14163,Irf3,Ctnnb1,1.0
14164,Irf3,Cxcl10,1.0
14165,Irf3,Cxcl14,1.0
14166,Irf3,Fgfr1,1.0
14167,Irf3,Gpr146,1.0
14168,Irf3,Ifit2,1.0
14169,Irf3,Ifnar1,1.0
14170,Irf3,Ifnb1,-1.0
14171,Irf3,Ifng,1.0
14172,Irf3,Ikbke,1.0
14173,Irf3,Il12a,1.0
14174,Irf3,Il12b,1.0
14175,Irf3,Il12rb1,1.0
14176,Irf3,Il15,1.0
14177,Irf3,Il17a,1.0
14178,Irf3,Il23a,1.0
14179,Irf3,Il27,1.0
14180,Irf3,Il2rb,1.0
14181,Irf3,Il6,1.0
14182,Irf3,Irf1,1.0
14183,Irf3,Irf5,1.0
14184,Irf3,Irf7,1.0
14185,Irf3,Irf9,1.0
14186,Irf3,Isg15,1.0
14187,Irf3,Lgals9,1.0
14188,Irf3,Litaf,1.0
14189,Irf3,Map2k1,1.0
14190,Irf3,Mapk1,1.0
14191,Irf3,Mavs,1.0
14192,Irf3,Notch1,1.0
14193,Irf3,Pmaip1,1.0
14194,Irf3,Pml,1.0
14195,Irf3,Pparg,1.0
14196,Irf3,Prkca,1.0
14197,Irf3,Pura,-1.0
14198,Irf3,Sec14l1,1.0
14199,Irf3,Sh3pxd2a,1.0
14200,Irf3,Socs2,1.0
14201,Irf3,Sv2a,1.0
14202,Irf3,Tank,1.0
14203,Irf3,Tbk1,1.0
14204,Irf3,Ticam1,1.0
14205,Irf3,Tlr3,1.0
14206,Irf3,Tlr4,1.0
14207,Irf3,Tlr9,1.0
14208,Irf3,Tnf,1.0
14209,Irf3,Tnfrsf11a,1.0
14210,Irf3,Tnfsf10,1.0
14211,Irf3,Tnpo1,1.0
14212,Irf3,Trim63,1.0
14213,Irf3,Trp53,1.0
14214,Irf3,Trp63,1.0
14215,Irf3,Tslp,1.0
14216,Irf3,Usp18,1.0
14217,Irf4,Acp5,1.0
14218,Irf4,Aicda,1.0
14219,Irf4,Aldh1a2,1.0
14220,Irf4,Bcl6,-1.0
14221,Irf4,Ccl3,1.0
14222,Irf4,Ccnb1,-1.0
14223,Irf4,Cd68,-1.0
14224,Irf4,Cdkn1b,1.0
14225,Irf4,Ciita,1.0
14226,Irf4,Cxcl9,1.0
14227,Irf4,Dnmt1,-1.0
14228,Irf4,Fcer2a,1.0
14229,Irf4,Fkbp4,1.0
14230,Irf4,H2-T23,1.0
14231,Irf4,Ifnb1,1.0
14232,Irf4,Ifng,1.0
14233,Irf4,Ikzf1,1.0
14234,Irf4,Il10,1.0
14235,Irf4,Il12a,1.0
14236,Irf4,Il12b,-1.0
14237,Irf4,Il13,1.0
14238,Irf4,Il15,1.0
14239,Irf4,Il17a,1.0
14240,Irf4,Il1b,1.0
14241,Irf4,Il2,1.0
14242,Irf4,Il21,1.0
14243,Irf4,Il23a,1.0
14244,Irf4,Il4,1.0
14245,Irf4,Il6,1.0
14246,Irf4,Il7,-1.0
14247,Irf4,Il9,1.0
14248,Irf4,Inpp5d,1.0
14249,Irf4,Irf1,1.0
14250,Irf4,Irf3,-1.0
14251,Irf4,Irf5,1.0
14252,Irf4,Itgam,1.0
14253,Irf4,Itgax,1.0
14254,Irf4,Kat2b,1.0
14255,Irf4,Mcl1,1.0
14256,Irf4,Ms4a1,1.0
14257,Irf4,Notch2,1.0
14258,Irf4,Pmaip1,-1.0
14259,Irf4,Prdm1,1.0
14260,Irf4,Runx3,-1.0
14261,Irf4,Spi1,1.0
14262,Irf4,Tert,1.0
14263,Irf4,Tlr4,1.0
14264,Irf4,Tnf,1.0
14265,Irf4,Tnfsf10,-1.0
14266,Irf4,Tnfsf11,1.0
14267,Irf4,Trim21,1.0
14268,Irf4,Trim63,1.0
14269,Irf4,Tspo,1.0
14270,Irf4,Zbtb20,1.0
14271,Irf5,Ccl1,1.0
14272,Irf5,Ccl19,1.0
14273,Irf5,Ccl3,-1.0
14274,Irf5,Ccl4,1.0
14275,Irf5,Ccl5,1.0
14276,Irf5,Cdkn1a,1.0
14277,Irf5,Cxcl10,1.0
14278,Irf5,Ifnb1,-1.0
14279,Irf5,Ifng,1.0
14280,Irf5,Ikzf1,-1.0
14281,Irf5,Il10,-1.0
14282,Irf5,Il12a,1.0
14283,Irf5,Il12b,-1.0
14284,Irf5,Il1b,1.0
14285,Irf5,Il6,-1.0
14286,Irf5,Irf4,1.0
14287,Irf5,Irf8,1.0
14288,Irf5,Nos2,1.0
14289,Irf5,Pdlim7,-1.0
14290,Irf5,Prdm1,1.0
14291,Irf5,Ptpn22,1.0
14292,Irf5,Spp1,1.0
14293,Irf5,Tnf,1.0
14294,Irf5,Tnfsf10,-1.0
14295,Irf5,Trim63,1.0
14296,Irf6,Bcl2,1.0
14297,Irf6,Ccl5,1.0
14298,Irf6,Cdkn2a,1.0
14299,Irf6,Cxcl14,1.0
14300,Irf6,Fgf23,1.0
14301,Irf6,Grhl3,1.0
14302,Irf6,Irak1,1.0
14303,Irf6,Myd88,1.0
14304,Irf6,Nos2,1.0
14305,Irf6,Nr1h4,1.0
14306,Irf6,Ovol1,1.0
14307,Irf6,Plp1,1.0
14308,Irf6,Tlr2,1.0
14309,Irf6,Vim,1.0
14310,Irf7,Atf4,1.0
14311,Irf7,Ccl19,1.0
14312,Irf7,Ccl3,1.0
14313,Irf7,Ccl5,1.0
14314,Irf7,Cd80,1.0
14315,Irf7,Cxcl10,1.0
14316,Irf7,Cysltr2,1.0
14317,Irf7,Foxp3,1.0
14318,Irf7,Ifnb1,1.0
14319,Irf7,Il12a,1.0
14320,Irf7,Il12b,-1.0
14321,Irf7,Il27,1.0
14322,Irf7,Il33,1.0
14323,Irf7,Irf3,1.0
14324,Irf7,Isg15,1.0
14325,Irf7,Nr1h4,1.0
14326,Irf7,Pmaip1,1.0
14327,Irf7,Ppargc1a,1.0
14328,Irf7,Tap2,1.0
14329,Irf7,Tnfsf10,-1.0
14330,Irf8,Abl1,1.0
14331,Irf8,Acot11,1.0
14332,Irf8,Arg1,1.0
14333,Irf8,Bax,1.0
14334,Irf8,Bcl2,-1.0
14335,Irf8,Bcl2l1,1.0
14336,Irf8,Bcr,1.0
14337,Irf8,C1qb,1.0
14338,Irf8,Ccl5,1.0
14339,Irf8,Cd68,-1.0
14340,Irf8,Cflar,1.0
14341,Irf8,Chrna1,1.0
14342,Irf8,Ciita,1.0
14343,Irf8,Crebbp,1.0
14344,Irf8,Ctla4,1.0
14345,Irf8,Cxcl14,-1.0
14346,Irf8,Cxcl9,1.0
14347,Irf8,Cybb,1.0
14348,Irf8,Dab2,1.0
14349,Irf8,Fancf,1.0
14350,Irf8,Fap,1.0
14351,Irf8,Fas,1.0
14352,Irf8,Fgfr1,1.0
14353,Irf8,Gas2,-1.0
14354,Irf8,Ifnb1,-1.0
14355,Irf8,Ifng,1.0
14356,Irf8,Igf1,1.0
14357,Irf8,Igfbp1,1.0
14358,Irf8,Ikzf1,1.0
14359,Irf8,Il10,1.0
14360,Irf8,Il12a,1.0
14361,Irf8,Il12b,-1.0
14362,Irf8,Il18,1.0
14363,Irf8,Il1b,1.0
14364,Irf8,Il27,1.0
14365,Irf8,Irf1,1.0
14366,Irf8,Irf5,1.0
14367,Irf8,Jak1,1.0
14368,Irf8,Krt9,1.0
14369,Irf8,Mdm2,1.0
14370,Irf8,Me3,1.0
14371,Irf8,Ncf2,1.0
14372,Irf8,Ncoa3,1.0
14373,Irf8,Nf1,1.0
14374,Irf8,Nos2,1.0
14375,Irf8,Ptpn13,1.0
14376,Irf8,Samhd1,1.0
14377,Irf8,Slc11a1,1.0
14378,Irf8,Spi1,1.0
14379,Irf8,Stat1,-1.0
14380,Irf8,Tat,1.0
14381,Irf8,Tert,1.0
14382,Irf8,Tgfb2,1.0
14383,Irf8,Tlr3,-1.0
14384,Irf8,Tlr4,1.0
14385,Irf8,Tnf,1.0
14386,Irf8,Tnfsf11,1.0
14387,Irf8,Tnfsf13b,1.0
14388,Irf8,Trim21,1.0
14389,Irf8,Trim63,1.0
14390,Irf8,Trp53,-1.0
14391,Irf9,Ankrd1,1.0
14392,Irf9,Ccl19,1.0
14393,Irf9,Ccnd2,-1.0
14394,Irf9,Cdkn1a,1.0
14395,Irf9,Cdkn1b,1.0
14396,Irf9,Cxcl10,1.0
14397,Irf9,Ifnb1,1.0
14398,Irf9,Ifng,1.0
14399,Irf9,Il12a,1.0
14400,Irf9,Il27,-1.0
14401,Irf9,Irf7,1.0
14402,Irf9,Myocd,1.0
14403,Irf9,Ncam1,1.0
14404,Irf9,Pdcd1,1.0
14405,Irf9,Pml,1.0
14406,Irf9,Snca,1.0
14407,Irf9,Sp100,1.0
14408,Irf9,Sst,1.0
14409,Irf9,Stat1,1.0
14410,Irf9,Tnfsf10,1.0
14411,Irx1,Anpep,1.0
14412,Irx1,Bdkrb2,-1.0
14413,Irx1,Bpi,-1.0
14414,Irx1,Celf2,-1.0
14415,Irx1,Col9a3,-1.0
14416,Irx1,Dkk3,-1.0
14417,Irx1,Egr1,-1.0
14418,Irx1,Ermap,1.0
14419,Irx1,Fgf7,-1.0
14420,Irx1,Inhba,1.0
14421,Irx1,Kdr,1.0
14422,Irx1,Nptx1,-1.0
14423,Irx1,Phyhipl,-1.0
14424,Irx1,Ptger1,-1.0
14425,Irx1,Ptgs2,1.0
14426,Irx1,Ralgps1,1.0
14427,Irx1,Shh,1.0
14428,Irx1,Spon1,1.0
14429,Irx1,Ugt8a,1.0
14430,Irx2,Ccl5,-1.0
14431,Irx2,Cxcl10,-1.0
14432,Irx3,Gja5,1.0
14433,Irx3,Kcnd2,1.0
14434,Irx4,Kcnd2,1.0
14435,Irx4,Myh1,1.0
14436,Irx4,Myl7,1.0
14437,Irx4,Slit1,1.0
14438,Irx4,Sox2,1.0
14439,Irx5,Bmp10,1.0
14440,Irx5,Irx4,1.0
14441,Irx5,Kcnd2,-1.0
14442,Isl1,Arx,1.0
14443,Isl1,Atoh7,1.0
14444,Isl1,Barx1,1.0
14445,Isl1,Bhlhe23,1.0
14446,Isl1,Caps2,1.0
14447,Isl1,Ccnd1,1.0
14448,Isl1,Fgf10,1.0
14449,Isl1,Fshb,1.0
14450,Isl1,Gal,1.0
14451,Isl1,Gcg,1.0
14452,Isl1,Ghrl,1.0
14453,Isl1,Gip,1.0
14454,Isl1,Gls2,1.0
14455,Isl1,Gnrhr,1.0
14456,Isl1,Hnf1a,1.0
14457,Isl1,Hnf4a,1.0
14458,Isl1,Iapp,1.0
14459,Isl1,Kcnj11,1.0
14460,Isl1,Ldb1,1.0
14461,Isl1,Lhx1,-1.0
14462,Isl1,Mef2c,1.0
14463,Isl1,Myc,1.0
14464,Isl1,Neurod1,1.0
14465,Isl1,Neurod4,1.0
14466,Isl1,Nhlh1,1.0
14467,Isl1,Nkx2-2,-1.0
14468,Isl1,Nkx2-5,1.0
14469,Isl1,Pcsk1n,1.0
14470,Isl1,Pitx1,1.0
14471,Isl1,Pou4f2,1.0
14472,Isl1,Ppara,1.0
14473,Isl1,Rilp,1.0
14474,Isl1,Sec14l4,1.0
14475,Isl1,Shh,1.0
14476,Isl1,Slc2a10,1.0
14477,Isl1,Snca,1.0
14478,Isl1,Sst,1.0
14479,Isl1,Vsx1,1.0
14480,Isl2,Ephb1,-1.0
14481,Isx,Bco1,1.0
14482,Jarid2,Ccnd1,-1.0
14483,Jarid2,Cdk4,1.0
14484,Jarid2,Ehmt2,-1.0
14485,Jarid2,Flt1,1.0
14486,Jarid2,Krt9,1.0
14487,Jarid2,Myh14,1.0
14488,Jarid2,Myh6,-1.0
14489,Jarid2,Myl1,1.0
14490,Jarid2,Myl7,1.0
14491,Jarid2,Myog,-1.0
14492,Jarid2,Notch1,1.0
14493,Jarid2,Nppa,-1.0
14494,Jarid2,Per2,1.0
14495,Jarid2,Ppp1cc,1.0
14496,Jarid2,Rb1,1.0
14497,Jarid2,Setdb1,1.0
14498,Jazf1,Mef2c,-1.0
14499,Jdp2,Acp5,1.0
14500,Jdp2,Apeh,1.0
14501,Jdp2,Atf2,1.0
14502,Jdp2,Atf3,-1.0
14503,Jdp2,Carm1,1.0
14504,Jdp2,Casr,1.0
14505,Jdp2,Ccna2,-1.0
14506,Jdp2,Ccnd1,-1.0
14507,Jdp2,Cd40,1.0
14508,Jdp2,Cdkn2a,1.0
14509,Jdp2,Cdkn2b,1.0
14510,Jdp2,Cebpd,-1.0
14511,Jdp2,Crebbp,1.0
14512,Jdp2,Csf1r,1.0
14513,Jdp2,Ctsk,1.0
14514,Jdp2,Ddit3,-1.0
14515,Jdp2,Igfbp7,1.0
14516,Jdp2,Jun,1.0
14517,Jdp2,Kat2b,1.0
14518,Jdp2,Lgals1,1.0
14519,Jdp2,Mest,1.0
14520,Jdp2,Mt1,1.0
14521,Jdp2,Plxna2,1.0
14522,Jdp2,Plxnb2,1.0
14523,Jdp2,Poli,1.0
14524,Jdp2,Pomc,1.0
14525,Jdp2,Pon2,1.0
14526,Jdp2,S100a9,1.0
14527,Jdp2,Src,1.0
14528,Jdp2,Tnf,1.0
14529,Jdp2,Trp53,1.0
14530,Jdp2,Vim,1.0
14531,Kat2a,Ppargc1a,-1.0
14532,Kat2b,Cdk2,-1.0
14533,Kat2b,Cdkn1a,1.0
14534,Kat2b,Cdkn1b,1.0
14535,Kat2b,Clock,1.0
14536,Kat2b,Cyp1b1,1.0
14537,Kat2b,Foxp3,1.0
14538,Kat2b,Invs,1.0
14539,Kat2b,Irf7,-1.0
14540,Kat2b,Lin28a,1.0
14541,Kat2b,Npas2,1.0
14542,Kat2b,Rb1,1.0
14543,Kat2b,Smad4,1.0
14544,Kat2b,Trp73,1.0
14545,Kat2b,Yy1,1.0
14546,Kat2b,Zeb1,-1.0
14547,Kat5,Abl1,1.0
14548,Kat5,Actl6a,1.0
14549,Kat5,Apoc3,1.0
14550,Kat5,Ar,1.0
14551,Kat5,Birc2,1.0
14552,Kat5,Bmp4,1.0
14553,Kat5,Cd4,1.0
14554,Kat5,Cd44,1.0
14555,Kat5,Cd82,1.0
14556,Kat5,Cdk1,1.0
14557,Kat5,Cdkn1a,1.0
14558,Kat5,Clasp1,1.0
14559,Kat5,Col2a1,1.0
14560,Kat5,Crebbp,1.0
14561,Kat5,Csf2,1.0
14562,Kat5,Dnttip2,1.0
14563,Kat5,Ep400,1.0
14564,Kat5,Ercc1,1.0
14565,Kat5,Gmps,-1.0
14566,Kat5,H2az1,1.0
14567,Kat5,Hdc,-1.0
14568,Kat5,Hspa4,1.0
14569,Kat5,Ifng,1.0
14570,Kat5,Il2,1.0
14571,Kat5,Itpr1,1.0
14572,Kat5,Lepr,1.0
14573,Kat5,Mapre1,1.0
14574,Kat5,Mmp14,1.0
14575,Kat5,Myb,1.0
14576,Kat5,Myc,1.0
14577,Kat5,Nppa,1.0
14578,Kat5,Oga,1.0
14579,Kat5,Pgr,1.0
14580,Kat5,Pla2g4a,1.0
14581,Kat5,Pla2g6,1.0
14582,Kat5,Ppp2r5c,1.0
14583,Kat5,Prkaca,1.0
14584,Kat5,Rho,1.0
14585,Kat5,Rrm1,1.0
14586,Kat5,Sart3,1.0
14587,Kat5,Slc3a2,1.0
14588,Kat5,Sod2,-1.0
14589,Kat5,Sox4,1.0
14590,Kat5,Sox5,1.0
14591,Kat5,Srf,1.0
14592,Kat5,Stat3,-1.0
14593,Kat5,Tat,1.0
14594,Kat5,Th,1.0
14595,Kat5,Tkt,1.0
14596,Kat5,Tnf,1.0
14597,Kat5,Tnfrsf11a,1.0
14598,Kat5,Trp53,1.0
14599,Kat5,Trp73,1.0
14600,Kat5,Trrap,1.0
14601,Kat5,Xiap,1.0
14602,Kat6a,Brpf1,1.0
14603,Kat6a,Ccl3,1.0
14604,Kat6a,Cd34,1.0
14605,Kat6a,Crebbp,1.0
14606,Kat6a,Hoxa9,1.0
14607,Kat6a,Kmt2a,1.0
14608,Kat6a,Rarb,1.0
14609,Kat6a,Runx1,1.0
14610,Kat6a,Runx2,1.0
14611,Kat6a,Smarca2,1.0
14612,Kat6b,Ccl3,1.0
14613,Kat6b,Flt3,1.0
14614,Kat6b,Kdm1b,1.0
14615,Kat6b,Mybl2,1.0
14616,Kat6b,Runx2,1.0
14617,Kat6b,Smarca2,1.0
14618,Kat6b,Spp1,1.0
14619,Kat7,Agt,1.0
14620,Kat7,Alas2,1.0
14621,Kat7,Apc,1.0
14622,Kat7,App,1.0
14623,Kat7,Bclaf1,1.0
14624,Kat7,Birc3,1.0
14625,Kat7,Btk,1.0
14626,Kat7,Carm1,1.0
14627,Kat7,Ccna2,1.0
14628,Kat7,Ccnd1,1.0
14629,Kat7,Ccne1,1.0
14630,Kat7,Cd4,1.0
14631,Kat7,Cdkn1a,1.0
14632,Kat7,Cdkn1b,1.0
14633,Kat7,Cftr,1.0
14634,Kat7,Col1a2,1.0
14635,Kat7,Comt,1.0
14636,Kat7,Crebbp,1.0
14637,Kat7,Csf2,1.0
14638,Kat7,Cyp24a1,1.0
14639,Kat7,Dio1,1.0
14640,Kat7,Drd2,1.0
14641,Kat7,Ep400,1.0
14642,Kat7,Fgfr1,1.0
14643,Kat7,Fth1,1.0
14644,Kat7,Gcm1,1.0
14645,Kat7,Grip1,1.0
14646,Kat7,Gsk3b,1.0
14647,Kat7,Hat1,1.0
14648,Kat7,Hmox1,1.0
14649,Kat7,Hspa5,1.0
14650,Kat7,Igfbp7,1.0
14651,Kat7,Il12b,1.0
14652,Kat7,Il1b,1.0
14653,Kat7,Il2,1.0
14654,Kat7,Il4,1.0
14655,Kat7,Il5,1.0
14656,Kat7,Il6,1.0
14657,Kat7,Itpr1,1.0
14658,Kat7,Jun,1.0
14659,Kat7,Kat2a,1.0
14660,Kat7,Kat2b,1.0
14661,Kat7,Klrk1,1.0
14662,Kat7,Krt16,1.0
14663,Kat7,Krt8,1.0
14664,Kat7,Mapk8,1.0
14665,Kat7,Mmp13,1.0
14666,Kat7,Msh6,1.0
14667,Kat7,Nfya,1.0
14668,Kat7,Noc3l,1.0
14669,Kat7,Nos2,1.0
14670,Kat7,Npr1,1.0
14671,Kat7,Oga,1.0
14672,Kat7,Orc2,1.0
14673,Kat7,Paf1,1.0
14674,Kat7,Pcsk9,1.0
14675,Kat7,Pla2g4a,1.0
14676,Kat7,Plau,1.0
14677,Kat7,Ppp2r5c,1.0
14678,Kat7,Pten,1.0
14679,Kat7,Ptgs2,1.0
14680,Kat7,Rela,1.0
14681,Kat7,Rho,1.0
14682,Kat7,S100a4,1.0
14683,Kat7,Sik2,1.0
14684,Kat7,Smarca2,1.0
14685,Kat7,Spi1,1.0
14686,Kat7,Src,1.0
14687,Kat7,Tada3,1.0
14688,Kat7,Tap1,1.0
14689,Kat7,Tat,1.0
14690,Kat7,Th,1.0
14691,Kat7,Tnf,1.0
14692,Kat7,Trrap,1.0
14693,Kat7,Vegfa,1.0
14694,Kat7,Vmp1,1.0
14695,Kat7,Wt1,1.0
14696,Kat7,Ywhaq,1.0
14697,Kat8,Bcl2,1.0
14698,Kat8,Fgfr1,1.0
14699,Kat8,Kat2b,1.0
14700,Kat8,Smarca2,1.0
14701,Kcnip3,Cacna1c,1.0
14702,Kcnip3,Calca,1.0
14703,Kcnip3,Camk2a,1.0
14704,Kcnip3,Cdk1,1.0
14705,Kcnip3,Cdkn1a,1.0
14706,Kcnip3,Fmr1,1.0
14707,Kcnip3,Gcm1,-1.0
14708,Kcnip3,Gfap,1.0
14709,Kcnip3,Hrk,1.0
14710,Kcnip3,Il3,1.0
14711,Kcnip3,Kif23,1.0
14712,Kcnip3,Npff,1.0
14713,Kcnip3,Pdyn,-1.0
14714,Kcnip3,Plk4,1.0
14715,Kcnip3,Slc8a3,-1.0
14716,Kcnip3,Tg,1.0
14717,Kdm2a,Bcor,1.0
14718,Kdm2a,Cd44,1.0
14719,Kdm2a,Cdk6,1.0
14720,Kdm2a,Cdkn1b,1.0
14721,Kdm2a,Cdkn2b,1.0
14722,Kdm2a,Ereg,-1.0
14723,Kdm2a,Fgfr1,1.0
14724,Kdm2a,Kdm2b,1.0
14725,Kdm2a,Nanog,1.0
14726,Kdm2a,Sox2,1.0
14727,Kdm2b,Cdk1,-1.0
14728,Kdm2b,Jun,-1.0
14729,Kdm2b,Pparg,-1.0
14730,Kdm2b,Uhrf1,-1.0
14731,Kdm3b,Ppara,1.0
14732,Kdm3b,Ucp1,1.0
14733,Kdm5a,Avp,1.0
14734,Kdm5a,Bmp4,1.0
14735,Kdm5a,Cd24a,1.0
14736,Kdm5a,Cdkn1a,1.0
14737,Kdm5a,Cdkn1b,1.0
14738,Kdm5a,Fgfr1,1.0
14739,Kdm5a,Hmgb1,1.0
14740,Kdm5a,Hmox1,1.0
14741,Kdm5a,Mark1,1.0
14742,Kdm5a,Me3,1.0
14743,Kdm5a,Per2,1.0
14744,Kdm5a,Pgr,-1.0
14745,Kdm5a,Pten,-1.0
14746,Kdm5a,Rbp2,1.0
14747,Kdm5a,Tert,1.0
14748,Kdm5b,Abca4,1.0
14749,Kdm5b,Actbl2,1.0
14750,Kdm5b,Bmi1,1.0
14751,Kdm5b,Brca2,1.0
14752,Kdm5b,Cav1,1.0
14753,Kdm5b,Ccnd1,1.0
14754,Kdm5b,Cdc14a,1.0
14755,Kdm5b,Cdkn1a,1.0
14756,Kdm5b,Cdkn1b,1.0
14757,Kdm5b,Cfc1,1.0
14758,Kdm5b,Chst3,1.0
14759,Kdm5b,Cldn1,1.0
14760,Kdm5b,Dnajb12,1.0
14761,Kdm5b,Elf3,1.0
14762,Kdm5b,Esrp1,1.0
14763,Kdm5b,Fgfr1,1.0
14764,Kdm5b,Foxa1,1.0
14765,Kdm5b,Foxg1,1.0
14766,Kdm5b,Fst,1.0
14767,Kdm5b,Ghrhr,1.0
14768,Kdm5b,Hexim1,1.0
14769,Kdm5b,Kdm4a,1.0
14770,Kdm5b,Krt16,1.0
14771,Kdm5b,Mcat,1.0
14772,Kdm5b,Me3,1.0
14773,Kdm5b,Myc,1.0
14774,Kdm5b,Pald1,1.0
14775,Kdm5b,Prodh,1.0
14776,Kdm5b,Ptgis,1.0
14777,Kdm5b,Smad7,-1.0
14778,Kdm5b,Spdef,1.0
14779,Kdm5b,Tgfb2,1.0
14780,Kdm5b,Wnt3a,1.0
14781,Klf1,Ahsp,1.0
14782,Klf1,Ank2,1.0
14783,Klf1,Bcl11a,1.0
14784,Klf1,Cdkn1a,1.0
14785,Klf1,Cdkn1b,1.0
14786,Klf1,Cdkn2c,1.0
14787,Klf1,Dnase1,1.0
14788,Klf1,Dnase2a,1.0
14789,Klf1,E2f2,1.0
14790,Klf1,Fli1,1.0
14791,Klf1,Ftmt,1.0
14792,Klf1,Gp9,1.0
14793,Klf1,Gypa,1.0
14794,Klf1,Hbb-bh1,1.0
14795,Klf1,Hbb-y,1.0
14796,Klf1,Il12b,1.0
14797,Klf1,Kat2b,1.0
14798,Klf1,Klf3,1.0
14799,Klf1,Klf8,1.0
14800,Klf1,Pias1,1.0
14801,Klf1,Prmt1,1.0
14802,Klf1,Slc4a1,1.0
14803,Klf1,Smarca1,1.0
14804,Klf1,Sptb,1.0
14805,Klf10,Bmal1,-1.0
14806,Klf10,Cblif,1.0
14807,Klf10,Ccn2,1.0
14808,Klf10,Cdkn1a,1.0
14809,Klf10,Egfr,-1.0
14810,Klf10,Fgfr1,-1.0
14811,Klf10,Foxp3,1.0
14812,Klf10,Gdnf,1.0
14813,Klf10,Gps2,1.0
14814,Klf10,Il12b,-1.0
14815,Klf10,Itgad,1.0
14816,Klf10,Kdr,1.0
14817,Klf10,Maob,1.0
14818,Klf10,Pomc,1.0
14819,Klf10,Ptgs1,1.0
14820,Klf10,Pttg1,-1.0
14821,Klf10,Runx2,1.0
14822,Klf10,Serpine1,1.0
14823,Klf10,Smad2,1.0
14824,Klf10,Smad3,1.0
14825,Klf10,Smad4,1.0
14826,Klf10,Smad7,-1.0
14827,Klf10,Stmn1,-1.0
14828,Klf10,Tgfb1,1.0
14829,Klf10,Tgfbi,1.0
14830,Klf10,Tmbim6,1.0
14831,Klf10,Tnfsf11,-1.0
14832,Klf11,Bcl2l1,1.0
14833,Klf11,Cat,1.0
14834,Klf11,Cav1,-1.0
14835,Klf11,Col1a2,1.0
14836,Klf11,Drd2,1.0
14837,Klf11,Fgfr1,1.0
14838,Klf11,Grin1,1.0
14839,Klf11,Hbb-bh1,1.0
14840,Klf11,Hbb-y,1.0
14841,Klf11,Hp,1.0
14842,Klf11,Krt9,1.0
14843,Klf11,Maoa,1.0
14844,Klf11,Maob,1.0
14845,Klf11,Me3,1.0
14846,Klf11,Myc,-1.0
14847,Klf11,Pdx1,1.0
14848,Klf11,Pla2g4a,-1.0
14849,Klf11,Smad3,1.0
14850,Klf11,Smad7,-1.0
14851,Klf11,Sp1,-1.0
14852,Klf11,Tie1,1.0
14853,Klf11,Tnf,1.0
14854,Klf11,Ucp1,1.0
14855,Klf12,Abcc3,1.0
14856,Klf12,Ache,1.0
14857,Klf12,Igfbp1,1.0
14858,Klf12,Scnn1a,1.0
14859,Klf12,Slc14a2,1.0
14860,Klf12,Slc47a1,1.0
14861,Klf12,T,-1.0
14862,Klf12,Tfap2a,-1.0
14863,Klf12,Tnfrsf11a,1.0
14864,Klf12,Wnt11,-1.0
14865,Klf13,Ccl5,1.0
14866,Klf13,Crebbp,1.0
14867,Klf13,Cyp11a1,-1.0
14868,Klf13,Cyp1a1,-1.0
14869,Klf13,Il4,1.0
14870,Klf13,Kat2b,1.0
14871,Klf13,Ldlr,-1.0
14872,Klf13,Nos2,1.0
14873,Klf13,Smad7,-1.0
14874,Klf13,Star,1.0
14875,Klf13,Tagln,1.0
14876,Klf14,Fgfr1,1.0
14877,Klf14,Foxp3,1.0
14878,Klf14,Sphk1,1.0
14879,Klf14,Tgfbr2,-1.0
14880,Klf15,Acss1,1.0
14881,Klf15,Adm,1.0
14882,Klf15,Bmper,1.0
14883,Klf15,C1qtnf12,1.0
14884,Klf15,Ccn2,-1.0
14885,Klf15,Cebpa,1.0
14886,Klf15,Cmklr1,1.0
14887,Klf15,Cmklr2,1.0
14888,Klf15,Depp1,1.0
14889,Klf15,E2f1,1.0
14890,Klf15,Grb10,1.0
14891,Klf15,Lrp5,1.0
14892,Klf15,Mt2,1.0
14893,Klf15,Myocd,1.0
14894,Klf15,Nfatc1,1.0
14895,Klf15,Nr3c1,1.0
14896,Klf15,Pck2,1.0
14897,Klf15,Pparg,1.0
14898,Klf15,Ppargc1a,1.0
14899,Klf15,Rarres2,1.0
14900,Klf15,Rbp3,-1.0
14901,Klf15,Rho,-1.0
14902,Klf15,Slc2a4,1.0
14903,Klf15,Tyrp1,1.0
14904,Klf15,Ucp1,1.0
14905,Klf16,Cdkn1a,-1.0
14906,Klf16,Cyp1a1,-1.0
14907,Klf17,Ccnd1,-1.0
14908,Klf17,Cd44,-1.0
14909,Klf17,Park7,-1.0
14910,Klf17,Serpine1,-1.0
14911,Klf17,Twist1,-1.0
14912,Klf2,Ace,1.0
14913,Klf2,Adm,1.0
14914,Klf2,Ccn3,1.0
14915,Klf2,Ccr5,1.0
14916,Klf2,Ccr7,1.0
14917,Klf2,Cd36,1.0
14918,Klf2,Cdh1,1.0
14919,Klf2,Cdkn1a,1.0
14920,Klf2,Cebpa,1.0
14921,Klf2,Cxcr4,-1.0
14922,Klf2,Dlk1,1.0
14923,Klf2,Dpp7,1.0
14924,Klf2,Edn1,-1.0
14925,Klf2,F3,-1.0
14926,Klf2,Fabp5,-1.0
14927,Klf2,Foxp3,1.0
14928,Klf2,Gast,1.0
14929,Klf2,Gata4,1.0
14930,Klf2,Gja4,1.0
14931,Klf2,Gps2,1.0
14932,Klf2,Hbb-bh1,1.0
14933,Klf2,Hdc,1.0
14934,Klf2,Hif1a,-1.0
14935,Klf2,Hmox1,1.0
14936,Klf2,Ifng,-1.0
14937,Klf2,Il2,1.0
14938,Klf2,Il2ra,1.0
14939,Klf2,Il4,-1.0
14940,Klf2,Il7,1.0
14941,Klf2,Itgad,1.0
14942,Klf2,Kdr,1.0
14943,Klf2,Magee1,1.0
14944,Klf2,Map2k5,1.0
14945,Klf2,Mapk7,1.0
14946,Klf2,Mcl1,1.0
14947,Klf2,Mef2a,1.0
14948,Klf2,Myc,-1.0
14949,Klf2,Nfe2l2,1.0
14950,Klf2,Nos3,1.0
14951,Klf2,Npnt,1.0
14952,Klf2,Nqo1,1.0
14953,Klf2,Odc1,1.0
14954,Klf2,Pla2g4a,1.0
14955,Klf2,Pparg,-1.0
14956,Klf2,Reln,1.0
14957,Klf2,S1pr1,1.0
14958,Klf2,Sele,-1.0
14959,Klf2,Sell,1.0
14960,Klf2,Serpine1,-1.0
14961,Klf2,Serpinh1,1.0
14962,Klf2,Shc1,1.0
14963,Klf2,Tbx5,1.0
14964,Klf2,Tcl1,1.0
14965,Klf2,Tgfb1,-1.0
14966,Klf2,Thbd,1.0
14967,Klf2,Thbs1,-1.0
14968,Klf2,Tnf,1.0
14969,Klf2,Trp53,1.0
14970,Klf2,Ugdh,1.0
14971,Klf2,Vav1,1.0
14972,Klf2,Vegfa,-1.0
14973,Klf2,Wee1,-1.0
14974,Klf3,Bik,1.0
14975,Klf3,C1qtnf12,-1.0
14976,Klf3,C4b,1.0
14977,Klf3,Calca,1.0
14978,Klf3,Cebpa,-1.0
14979,Klf3,Ckm,1.0
14980,Klf3,Hbb-bh1,1.0
14981,Klf3,Hp,1.0
14982,Klf3,Itgb7,1.0
14983,Klf3,Klf8,-1.0
14984,Klf3,Ltb,1.0
14985,Klf3,Wee1,-1.0
14986,Klf4,Acta2,1.0
14987,Klf4,Actg2,-1.0
14988,Klf4,Agrp,1.0
14989,Klf4,Alpl,1.0
14990,Klf4,Aqp3,1.0
14991,Klf4,Ass1,1.0
14992,Klf4,Atf3,1.0
14993,Klf4,Bdkrb2,1.0
14994,Klf4,Birc3,1.0
14995,Klf4,Birc5,-1.0
14996,Klf4,Ccnb1,-1.0
14997,Klf4,Ccnd1,-1.0
14998,Klf4,Ccnd2,1.0
14999,Klf4,Ccne1,-1.0
15000,Klf4,Cd14,1.0
15001,Klf4,Cd86,-1.0
15002,Klf4,Cdh1,1.0
15003,Klf4,Cdh2,1.0
15004,Klf4,Cdh5,1.0
15005,Klf4,Cdk4,1.0
15006,Klf4,Cdkn1a,1.0
15007,Klf4,Cdkn1b,1.0
15008,Klf4,Cdkn1c,1.0
15009,Klf4,Cdkn2b,1.0
15010,Klf4,Cdx2,1.0
15011,Klf4,Cebpb,1.0
15012,Klf4,Ciita,1.0
15013,Klf4,Clmp,1.0
15014,Klf4,Col8a1,1.0
15015,Klf4,Ctbp2,1.0
15016,Klf4,Ctnnb1,1.0
15017,Klf4,Cxcl10,-1.0
15018,Klf4,Cyp11a1,-1.0
15019,Klf4,Cyp1a1,-1.0
15020,Klf4,Dlk2,1.0
15021,Klf4,Dmp1,1.0
15022,Klf4,Dspp,1.0
15023,Klf4,Edn1,1.0
15024,Klf4,Eng,-1.0
15025,Klf4,Epcam,1.0
15026,Klf4,F3,-1.0
15027,Klf4,Foxm1,-1.0
15028,Klf4,Gdf15,-1.0
15029,Klf4,Ghrl,1.0
15030,Klf4,Gpa33,1.0
15031,Klf4,Hdc,-1.0
15032,Klf4,Hmgb1,1.0
15033,Klf4,Hsp90aa1,1.0
15034,Klf4,Hsp90ab1,1.0
15035,Klf4,Hspa8,1.0
15036,Klf4,Iapp,1.0
15037,Klf4,Id3,-1.0
15038,Klf4,Ifnb1,1.0
15039,Klf4,Il10,1.0
15040,Klf4,Il17a,1.0
15041,Klf4,Il1b,-1.0
15042,Klf4,Il6,1.0
15043,Klf4,Itgad,-1.0
15044,Klf4,Itih3,1.0
15045,Klf4,Ivl,1.0
15046,Klf4,Krt19,1.0
15047,Klf4,Krt4,1.0
15048,Klf4,Lama1,1.0
15049,Klf4,Lama3,1.0
15050,Klf4,Lamc1,1.0
15051,Klf4,Ldlr,-1.0
15052,Klf4,Lxn,-1.0
15053,Klf4,Mapk7,1.0
15054,Klf4,Mapk8,-1.0
15055,Klf4,Mfn2,1.0
15056,Klf4,Mmp2,1.0
15057,Klf4,Msc,-1.0
15058,Klf4,Mtf2,1.0
15059,Klf4,Myc,1.0
15060,Klf4,Myh10,-1.0
15061,Klf4,Myocd,-1.0
15062,Klf4,Nanog,1.0
15063,Klf4,Nos2,1.0
15064,Klf4,Nos3,1.0
15065,Klf4,Notch1,1.0
15066,Klf4,Nphs1,1.0
15067,Klf4,Npnt,1.0
15068,Klf4,Nppa,-1.0
15069,Klf4,Odc1,-1.0
15070,Klf4,Pfkp,1.0
15071,Klf4,Plaur,1.0
15072,Klf4,Pou5f1,1.0
15073,Klf4,Ptgs2,1.0
15074,Klf4,Rara,-1.0
15075,Klf4,Scarb1,1.0
15076,Klf4,Scn2a,1.0
15077,Klf4,Sele,-1.0
15078,Klf4,Serpine1,-1.0
15079,Klf4,Slc19a2,1.0
15080,Klf4,Slc39a4,1.0
15081,Klf4,Slc46a1,1.0
15082,Klf4,Slc4a7,1.0
15083,Klf4,Slc5a6,1.0
15084,Klf4,Snai2,-1.0
15085,Klf4,Sod1,-1.0
15086,Klf4,Sox2,1.0
15087,Klf4,Sprr1a,1.0
15088,Klf4,Star,-1.0
15089,Klf4,Tagln,1.0
15090,Klf4,Tert,1.0
15091,Klf4,Tgfb1,1.0
15092,Klf4,Tgfbr1,1.0
15093,Klf4,Thbd,1.0
15094,Klf4,Tkt,1.0
15095,Klf4,Tnf,-1.0
15096,Klf4,Trh,1.0
15097,Klf4,Trp53,-1.0
15098,Klf4,Vcam1,-1.0
15099,Klf4,Vdr,-1.0
15100,Klf4,Vegfa,-1.0
15101,Klf4,Vim,1.0
15102,Klf4,Zfp750,1.0
15103,Klf5,Anp32b,1.0
15104,Klf5,Apln,1.0
15105,Klf5,B3gnt9,1.0
15106,Klf5,Birc5,1.0
15107,Klf5,Ccna2,1.0
15108,Klf5,Ccnb1,1.0
15109,Klf5,Ccnd1,1.0
15110,Klf5,Ccne1,1.0
15111,Klf5,Cdk1,1.0
15112,Klf5,Cdkn1a,1.0
15113,Klf5,Cdkn2b,1.0
15114,Klf5,Cdt1,1.0
15115,Klf5,Cebpa,1.0
15116,Klf5,Ctsd,1.0
15117,Klf5,Cxcr4,1.0
15118,Klf5,Dcn,1.0
15119,Klf5,Dhcr24,1.0
15120,Klf5,Dym,1.0
15121,Klf5,E2f3,1.0
15122,Klf5,Egf,1.0
15123,Klf5,Egfr,1.0
15124,Klf5,Egr1,1.0
15125,Klf5,F3,1.0
15126,Klf5,Fasn,1.0
15127,Klf5,Fgfbp1,1.0
15128,Klf5,Foxa1,-1.0
15129,Klf5,Foxo1,1.0
15130,Klf5,Gadd45g,1.0
15131,Klf5,Gc,1.0
15132,Klf5,Gps2,1.0
15133,Klf5,Grhl3,1.0
15134,Klf5,Gzma,1.0
15135,Klf5,Hfe,1.0
15136,Klf5,Hif1a,1.0
15137,Klf5,Hk1,1.0
15138,Klf5,Hk3,1.0
15139,Klf5,Ibsp,1.0
15140,Klf5,Icam1,1.0
15141,Klf5,Ilk,1.0
15142,Klf5,Klf4,-1.0
15143,Klf5,Lama1,1.0
15144,Klf5,Ltf,1.0
15145,Klf5,Maob,1.0
15146,Klf5,Map3k14,1.0
15147,Klf5,Mapk1,1.0
15148,Klf5,Mmp9,1.0
15149,Klf5,Myc,1.0
15150,Klf5,Myh10,1.0
15151,Klf5,Myh11,1.0
15152,Klf5,Myh14,1.0
15153,Klf5,Myocd,-1.0
15154,Klf5,Nlrp3,1.0
15155,Klf5,Nos2,1.0
15156,Klf5,Notch1,1.0
15157,Klf5,Pdgfa,1.0
15158,Klf5,Pdgfb,1.0
15159,Klf5,Pias1,1.0
15160,Klf5,Pim1,1.0
15161,Klf5,Plat,1.0
15162,Klf5,Plg,1.0
15163,Klf5,Pparg,1.0
15164,Klf5,Rara,1.0
15165,Klf5,Serpine1,1.0
15166,Klf5,Shh,1.0
15167,Klf5,Smurf2,1.0
15168,Klf5,Sox17,1.0
15169,Klf5,Sox9,-1.0
15170,Klf5,Tagln,1.0
15171,Klf5,Tcl1,1.0
15172,Klf5,Vegfa,1.0
15173,Klf6,Acvrl1,1.0
15174,Klf6,Adcyap1,1.0
15175,Klf6,Adra1d,1.0
15176,Klf6,Alb,1.0
15177,Klf6,Asah1,1.0
15178,Klf6,Atf3,1.0
15179,Klf6,Bcl2l1,-1.0
15180,Klf6,Ccl20,1.0
15181,Klf6,Ccnd1,-1.0
15182,Klf6,Cdh1,1.0
15183,Klf6,Cdkn1a,1.0
15184,Klf6,Cers2,1.0
15185,Klf6,Ctsb,1.0
15186,Klf6,Ctsg,1.0
15187,Klf6,Dapk2,1.0
15188,Klf6,Dlk1,-1.0
15189,Klf6,Eng,1.0
15190,Klf6,Fhit,1.0
15191,Klf6,Fshb,1.0
15192,Klf6,Gck,1.0
15193,Klf6,Gsk3b,1.0
15194,Klf6,Igf1,1.0
15195,Klf6,Igf1r,1.0
15196,Klf6,Insr,1.0
15197,Klf6,Irf9,1.0
15198,Klf6,Jun,1.0
15199,Klf6,Kat2b,1.0
15200,Klf6,Krt12,1.0
15201,Klf6,Krt4,1.0
15202,Klf6,Lama1,1.0
15203,Klf6,Lcor,1.0
15204,Klf6,Lhb,1.0
15205,Klf6,Ltc4s,1.0
15206,Klf6,Mdga2,1.0
15207,Klf6,Mmp9,-1.0
15208,Klf6,Msra,1.0
15209,Klf6,Nfkbia,1.0
15210,Klf6,Nos2,1.0
15211,Klf6,Pcna,-1.0
15212,Klf6,Plau,1.0
15213,Klf6,Plg,1.0
15214,Klf6,Pmaip1,1.0
15215,Klf6,Pparg,-1.0
15216,Klf6,Pttg1,-1.0
15217,Klf6,Samhd1,1.0
15218,Klf6,Tfpi2,1.0
15219,Klf6,Tgfb1,-1.0
15220,Klf6,Trp53,1.0
15221,Klf6,Tuba1a,1.0
15222,Klf6,Txnip,1.0
15223,Klf6,Vegfa,1.0
15224,Klf6,Wee1,1.0
15225,Klf7,Cdkn1a,1.0
15226,Klf7,Cdkn1b,1.0
15227,Klf7,Fabp7,1.0
15228,Klf7,Fbxo38,1.0
15229,Klf7,Hk2,-1.0
15230,Klf7,Ngf,1.0
15231,Klf7,Ntrk1,1.0
15232,Klf7,Ntrk2,1.0
15233,Klf7,Slc13a4,1.0
15234,Klf8,Axin1,1.0
15235,Klf8,Bcl2,1.0
15236,Klf8,Calca,1.0
15237,Klf8,Ccnd1,1.0
15238,Klf8,Cd44,1.0
15239,Klf8,Cdh1,1.0
15240,Klf8,Cdh2,-1.0
15241,Klf8,Epsti1,1.0
15242,Klf8,Fn1,-1.0
15243,Klf8,Hbb-bh1,1.0
15244,Klf8,Mmp14,1.0
15245,Klf8,Mmp9,1.0
15246,Klf8,Numb,1.0
15247,Klf8,Pik3c3,1.0
15248,Klf8,Pik3r1,1.0
15249,Klf8,Ptk2,1.0
15250,Klf8,Slc22a3,1.0
15251,Klf8,Tiam1,1.0
15252,Klf8,Vim,-1.0
15253,Klf9,Axl,1.0
15254,Klf9,C1qtnf12,1.0
15255,Klf9,Cdkn1a,1.0
15256,Klf9,Cebpb,1.0
15257,Klf9,Cyp11a1,-1.0
15258,Klf9,Cyp1a1,-1.0
15259,Klf9,Cyp7a1,1.0
15260,Klf9,Dio1,1.0
15261,Klf9,Dkk1,1.0
15262,Klf9,Eef1a1,1.0
15263,Klf9,Fgfr1,1.0
15264,Klf9,Igfbp2,1.0
15265,Klf9,Ldlr,-1.0
15266,Klf9,Mapk8,1.0
15267,Klf9,Myh10,1.0
15268,Klf9,Myh11,1.0
15269,Klf9,Notch1,1.0
15270,Klf9,Pdcd5,1.0
15271,Klf9,Pgr,1.0
15272,Klf9,Pmaip1,-1.0
15273,Klf9,Pparg,1.0
15274,Klf9,Ros1,1.0
15275,Klf9,Slpi,1.0
15276,Klf9,Star,-1.0
15277,Klf9,Tfap2a,1.0
15278,Klf9,Txnrd2,1.0
15279,Kmt2a,Abcc3,1.0
15280,Kmt2a,Aff1,1.0
15281,Kmt2a,Akt1,1.0
15282,Kmt2a,Ankrd2,1.0
15283,Kmt2a,Apc,1.0
15284,Kmt2a,Asb2,1.0
15285,Kmt2a,Asxl1,1.0
15286,Kmt2a,Asxl2,1.0
15287,Kmt2a,Atm,1.0
15288,Kmt2a,Avp,1.0
15289,Kmt2a,Bmi1,1.0
15290,Kmt2a,Btrc,1.0
15291,Kmt2a,Cbx5,1.0
15292,Kmt2a,Cck,1.0
15293,Kmt2a,Ccna2,1.0
15294,Kmt2a,Cd34,1.0
15295,Kmt2a,Cdkn1b,1.0
15296,Kmt2a,Cdkn2a,1.0
15297,Kmt2a,Cfc1,1.0
15298,Kmt2a,Chd1,1.0
15299,Kmt2a,Chd8,1.0
15300,Kmt2a,Ciita,1.0
15301,Kmt2a,Dach1,1.0
15302,Kmt2a,Dlx2,1.0
15303,Kmt2a,Ell2,1.0
15304,Kmt2a,Exosc1,1.0
15305,Kmt2a,Fgf2,1.0
15306,Kmt2a,Fgfr1,1.0
15307,Kmt2a,Gata3,1.0
15308,Kmt2a,Gba2,1.0
15309,Kmt2a,H2-Ea,1.0
15310,Kmt2a,H2-T23,1.0
15311,Kmt2a,Hif1a,1.0
15312,Kmt2a,Hoxa7,1.0
15313,Kmt2a,Hoxa9,1.0
15314,Kmt2a,Hoxc10,1.0
15315,Kmt2a,Hoxc13,1.0
15316,Kmt2a,Hoxc6,1.0
15317,Kmt2a,Il13,1.0
15318,Kmt2a,Jun,1.0
15319,Kmt2a,Kmt2b,1.0
15320,Kmt2a,Krt16,1.0
15321,Kmt2a,Krt27,1.0
15322,Kmt2a,Krt8,1.0
15323,Kmt2a,Magohb,1.0
15324,Kmt2a,Me3,1.0
15325,Kmt2a,Meis1,1.0
15326,Kmt2a,Men1,1.0
15327,Kmt2a,Mllt1,1.0
15328,Kmt2a,Mllt10,1.0
15329,Kmt2a,Mmp9,1.0
15330,Kmt2a,Myc,1.0
15331,Kmt2a,Nfkbia,1.0
15332,Kmt2a,Pcna,1.0
15333,Kmt2a,Pik3c3,1.0
15334,Kmt2a,Ppia,1.0
15335,Kmt2a,Rbbp5,1.0
15336,Kmt2a,Rela,1.0
15337,Kmt2a,Rpl22,1.0
15338,Kmt2a,Rrp8,1.0
15339,Kmt2a,Scarb1,1.0
15340,Kmt2a,Scnn1a,1.0
15341,Kmt2a,Set,1.0
15342,Kmt2a,Slc25a5,1.0
15343,Kmt2a,Smarca2,1.0
15344,Kmt2a,Smarca4,1.0
15345,Kmt2a,Tert,1.0
15346,Kmt2a,Tfap2a,1.0
15347,Kmt2b,Ghrhr,1.0
15348,Kmt2b,Hhat,1.0
15349,Kmt2b,Hoxc10,1.0
15350,Kmt2b,Hoxc13,1.0
15351,Kmt2b,Hoxc6,1.0
15352,Kmt2b,Hrh4,1.0
15353,Kmt2b,Kmt2d,1.0
15354,Kmt2b,Me2,1.0
15355,Kmt2b,Mmp9,1.0
15356,Kmt2b,Nfkbia,1.0
15357,Kmt2b,Pcna,1.0
15358,Kmt2b,Prmt5,1.0
15359,Kmt2b,Prmt7,1.0
15360,Kmt2b,Scarb1,1.0
15361,Kmt2b,Txn2,1.0
15362,Kmt2c,Cd274,1.0
15363,Kmt2c,Hoxc6,1.0
15364,Kmt2d,Hoxc6,1.0
15365,Kmt2d,Ptgs1,1.0
15366,Kmt2e,Ccna2,1.0
15367,Kmt2e,Cdc6,1.0
15368,Kmt2e,Cdk1,1.0
15369,Kmt2e,E2f1,1.0
15370,L3mbtl1,Ccne1,1.0
15371,L3mbtl1,Myc,1.0
15372,L3mbtl1,Runx1,-1.0
15373,Lbx1,Snai1,1.0
15374,Lbx1,Sst,1.0
15375,Lbx1,Zeb1,1.0
15376,Lcor,Cdh1,1.0
15377,Lcor,Cdkn1a,1.0
15378,Ldb1,Bmp7,1.0
15379,Ldb1,Nfe2,1.0
15380,Ldb1,Tcf3,-1.0
15381,Lef1,Adam2,-1.0
15382,Lef1,App,-1.0
15383,Lef1,Ar,1.0
15384,Lef1,Axin1,-1.0
15385,Lef1,Bcl2,1.0
15386,Lef1,Birc5,1.0
15387,Lef1,Bmp4,1.0
15388,Lef1,Cacna1g,1.0
15389,Lef1,Casp4,-1.0
15390,Lef1,Ccna1,1.0
15391,Lef1,Ccnd1,1.0
15392,Lef1,Cd4,-1.0
15393,Lef1,Cdh1,-1.0
15394,Lef1,Cdkn1a,1.0
15395,Lef1,Cdkn2a,1.0
15396,Lef1,Cdx1,1.0
15397,Lef1,Cdx4,1.0
15398,Lef1,Cebpa,1.0
15399,Lef1,Cela2a,1.0
15400,Lef1,Chga,1.0
15401,Lef1,Cldn2,1.0
15402,Lef1,Col10a1,1.0
15403,Lef1,Col11a1,1.0
15404,Lef1,Col1a1,-1.0
15405,Lef1,Col2a1,1.0
15406,Lef1,Ctla4,1.0
15407,Lef1,Ctnnal1,1.0
15408,Lef1,Ctnnb1,1.0
15409,Lef1,Cxcr4,1.0
15410,Lef1,Cyld,-1.0
15411,Lef1,Dct,1.0
15412,Lef1,Dkk1,1.0
15413,Lef1,Dkk4,1.0
15414,Lef1,Dll1,1.0
15415,Lef1,Dsg4,-1.0
15416,Lef1,Dsp,-1.0
15417,Lef1,E2f1,1.0
15418,Lef1,Eda,1.0
15419,Lef1,Elane,1.0
15420,Lef1,Enam,1.0
15421,Lef1,Ephb2,1.0
15422,Lef1,Ephb3,1.0
15423,Lef1,Esr1,-1.0
15424,Lef1,Faim2,1.0
15425,Lef1,Fasl,1.0
15426,Lef1,Fgf18,1.0
15427,Lef1,Fgf3,1.0
15428,Lef1,Fgf4,1.0
15429,Lef1,Fn1,1.0
15430,Lef1,Foxj1,1.0
15431,Lef1,Foxn1,1.0
15432,Lef1,Fst,1.0
15433,Lef1,Gip,1.0
15434,Lef1,H2ax,1.0
15435,Lef1,Herc2,1.0
15436,Lef1,Hes7,1.0
15437,Lef1,Ido1,1.0
15438,Lef1,Il4,1.0
15439,Lef1,Il5,-1.0
15440,Lef1,Inha,1.0
15441,Lef1,Itgb1,-1.0
15442,Lef1,Lima1,-1.0
15443,Lef1,Mesp1,1.0
15444,Lef1,Mesp2,1.0
15445,Lef1,Mitf,1.0
15446,Lef1,Mllt10,1.0
15447,Lef1,Mmp13,1.0
15448,Lef1,Mmp2,1.0
15449,Lef1,Mmp7,1.0
15450,Lef1,Mre11a,1.0
15451,Lef1,Msx2,1.0
15452,Lef1,Myb,1.0
15453,Lef1,Myc,1.0
15454,Lef1,Mycbp,1.0
15455,Lef1,Myf5,1.0
15456,Lef1,Nanog,1.0
15457,Lef1,Ncam1,1.0
15458,Lef1,Neurog1,1.0
15459,Lef1,Nos2,1.0
15460,Lef1,Notch1,1.0
15461,Lef1,Nppa,1.0
15462,Lef1,Nppc,1.0
15463,Lef1,Nr1i2,1.0
15464,Lef1,Nrcam,1.0
15465,Lef1,Nt5e,1.0
15466,Lef1,Oca2,1.0
15467,Lef1,Ovol1,1.0
15468,Lef1,Pax5,1.0
15469,Lef1,Pitx2,1.0
15470,Lef1,Pou1f1,-1.0
15471,Lef1,Pou5f1,1.0
15472,Lef1,Prkn,1.0
15473,Lef1,Psmd4,1.0
15474,Lef1,Ptgs2,1.0
15475,Lef1,Rag2,1.0
15476,Lef1,Rock1,-1.0
15477,Lef1,Runx2,1.0
15478,Lef1,S100a6,1.0
15479,Lef1,Sall4,1.0
15480,Lef1,Shh,1.0
15481,Lef1,Skp2,1.0
15482,Lef1,Snai2,1.0
15483,Lef1,Snap25,1.0
15484,Lef1,Sox2,-1.0
15485,Lef1,Sox3,1.0
15486,Lef1,Sp1,1.0
15487,Lef1,Spp1,1.0
15488,Lef1,T,1.0
15489,Lef1,Tcf3,1.0
15490,Lef1,Tcf4,1.0
15491,Lef1,Tnfrsf11b,1.0
15492,Lef1,Trp63,1.0
15493,Lef1,Tyr,1.0
15494,Lef1,Utp3,1.0
15495,Lef1,Vim,1.0
15496,Lhx1,Chrd,1.0
15497,Lhx1,Hesx1,1.0
15498,Lhx1,Hhex,1.0
15499,Lhx1,Npy,1.0
15500,Lhx1,Pax8,1.0
15501,Lhx1,Reln,1.0
15502,Lhx2,Adm,1.0
15503,Lhx2,Birc3,1.0
15504,Lhx2,Btbd3,1.0
15505,Lhx2,Cdh1,1.0
15506,Lhx2,Cdkn2a,1.0
15507,Lhx2,Cga,1.0
15508,Lhx2,Cyp19a1,1.0
15509,Lhx2,Fshb,1.0
15510,Lhx2,Gfap,1.0
15511,Lhx2,H2-T23,1.0
15512,Lhx2,Hhip,1.0
15513,Lhx2,Hint1,1.0
15514,Lhx2,Itgax,1.0
15515,Lhx2,Lim2,1.0
15516,Lhx2,Lmo3,1.0
15517,Lhx2,Msx1,1.0
15518,Lhx2,Msx2,1.0
15519,Lhx2,Myf5,1.0
15520,Lhx2,Or10j5,1.0
15521,Lhx2,Or52i2,1.0
15522,Lhx2,Or6a2,1.0
15523,Lhx2,Pax6,1.0
15524,Lhx2,Pcyt1a,1.0
15525,Lhx2,Pou1f1,1.0
15526,Lhx2,Qrfp,1.0
15527,Lhx2,Rbbp7,1.0
15528,Lhx2,Rlbp1,1.0
15529,Lhx2,Robo3,1.0
15530,Lhx2,Rpe65,1.0
15531,Lhx2,Sap30,1.0
15532,Lhx2,Six6,1.0
15533,Lhx2,Tfap2a,1.0
15534,Lhx2,Trp53,1.0
15535,Lhx2,Tshb,1.0
15536,Lhx3,Anp32a,1.0
15537,Lhx3,Cga,1.0
15538,Lhx3,Esr1,1.0
15539,Lhx3,Foxl2,1.0
15540,Lhx3,Fshb,1.0
15541,Lhx3,Glb1,1.0
15542,Lhx3,Gnrhr,1.0
15543,Lhx3,Hesx1,1.0
15544,Lhx3,Inhba,1.0
15545,Lhx3,Pitx1,1.0
15546,Lhx3,Vsx2,1.0
15547,Lhx4,Afp,1.0
15548,Lhx4,Cga,1.0
15549,Lhx4,Foxl2,1.0
15550,Lhx4,Gh,1.0
15551,Lhx4,Ift172,1.0
15552,Lhx4,Pou1f1,1.0
15553,Lhx5,Gnrhr,1.0
15554,Lhx6,Pitx2,1.0
15555,Lhx8,Akt1,1.0
15556,Lhx8,Bdnf,1.0
15557,Lhx8,Bmp4,1.0
15558,Lhx8,Braf,1.0
15559,Lhx8,Dusp1,1.0
15560,Lhx8,Gsc,1.0
15561,Lhx8,Il2ra,1.0
15562,Lhx8,Lhx6,1.0
15563,Lhx8,Msx1,1.0
15564,Lhx8,Msx2,1.0
15565,Lhx8,Pklr,1.0
15566,Lhx8,Scnn1a,1.0
15567,Lhx9,Gata4,1.0
15568,Lhx9,Gnrhr,1.0
15569,Lhx9,Lmo3,1.0
15570,Limd1,Hif1a,-1.0
15571,Lin28a,Ccnd1,1.0
15572,Lin28a,Cdc25a,1.0
15573,Litaf,Ache,1.0
15574,Litaf,Apoa2,1.0
15575,Litaf,Braf,1.0
15576,Litaf,Cxcl12,1.0
15577,Litaf,Fgf10,1.0
15578,Litaf,Furin,1.0
15579,Litaf,Gadd45a,1.0
15580,Litaf,Gap43,1.0
15581,Litaf,H2ac19,1.0
15582,Litaf,Hspa5,1.0
15583,Litaf,Krt8,1.0
15584,Litaf,Mafg,1.0
15585,Litaf,Mapk1,1.0
15586,Litaf,Mapk14,1.0
15587,Litaf,Mcat,1.0
15588,Litaf,Mdm2,1.0
15589,Litaf,Mlana,1.0
15590,Litaf,Mrpl41,1.0
15591,Litaf,Myd88,1.0
15592,Litaf,Pik3r1,1.0
15593,Litaf,Tnf,1.0
15594,Litaf,Tnfsf15,1.0
15595,Litaf,Trp53,1.0
15596,Litaf,Vegfa,1.0
15597,Lmo1,Nkx3-1,1.0
15598,Lmo2,Angpt2,1.0
15599,Lmo2,Car1,1.0
15600,Lmo2,Cd4,1.0
15601,Lmo2,Cdh1,-1.0
15602,Lmo2,Cdh5,1.0
15603,Lmo2,Elk1,1.0
15604,Lmo2,Erg,1.0
15605,Lmo2,Fgf2,1.0
15606,Lmo2,Fli1,1.0
15607,Lmo2,Gypa,-1.0
15608,Lmo2,Hbb-bh1,1.0
15609,Lmo2,Hhex,1.0
15610,Lmo2,Jak2,1.0
15611,Lmo2,Lck,1.0
15612,Lmo2,Ldb1,1.0
15613,Lmo2,Lef1,-1.0
15614,Lmo2,Lmo1,1.0
15615,Lmo2,Lyl1,1.0
15616,Lmo2,Mecom,1.0
15617,Lmo2,Mt1,1.0
15618,Lmo2,Nfatc1,1.0
15619,Lmo2,Nfe2,1.0
15620,Lmo2,Nrp2,1.0
15621,Lmo2,Plek,1.0
15622,Lmo2,Prdm16,1.0
15623,Lmo2,Tgfb1,1.0
15624,Lmo2,Zeb1,-1.0
15625,Lmo3,Ascl1,1.0
15626,Lmo3,Hes1,-1.0
15627,Lmo4,Bmp7,1.0
15628,Lmo4,Brca1,-1.0
15629,Lmo4,Dlg4,-1.0
15630,Lmo4,Esr1,1.0
15631,Lmo4,Mta1,1.0
15632,Lmx1a,Cdkn1b,1.0
15633,Lmx1a,Cux2,1.0
15634,Lmx1a,Hes1,1.0
15635,Lmx1a,Msx1,1.0
15636,Lmx1a,Nr4a2,1.0
15637,Lmx1a,Pitx3,1.0
15638,Lmx1a,Slc6a3,1.0
15639,Lmx1a,Wnt1,1.0
15640,Lmx1b,Casp3,1.0
15641,Lmx1b,Cd2ap,1.0
15642,Lmx1b,Cdkn1b,1.0
15643,Lmx1b,Col3a1,1.0
15644,Lmx1b,Col4a1,1.0
15645,Lmx1b,Col4a3,1.0
15646,Lmx1b,Col4a4,1.0
15647,Lmx1b,Ebf1,1.0
15648,Lmx1b,Fgf8,1.0
15649,Lmx1b,Fn1,1.0
15650,Lmx1b,Gad1,1.0
15651,Lmx1b,Hes1,1.0
15652,Lmx1b,Hesx1,1.0
15653,Lmx1b,Il6,1.0
15654,Lmx1b,Ldb1,1.0
15655,Lmx1b,Nlrp2,1.0
15656,Lmx1b,Nphs2,1.0
15657,Lmx1b,Slc17a6,1.0
15658,Lmx1b,Tcf3,1.0
15659,Lmx1b,Wnt1,1.0
15660,Lmx1b,Wnt7a,1.0
15661,Lmx1b,Zic1,-1.0
15662,Lrrfip1,Egfr,-1.0
15663,Lrrfip1,Ifnb1,1.0
15664,Lrrfip1,Kras,1.0
15665,Lrrfip1,Myd88,1.0
15666,Lrrfip1,Ngf,1.0
15667,Lrrfip1,Ntrk1,1.0
15668,Lrrfip1,Pdgfa,-1.0
15669,Lrrfip1,Pth,1.0
15670,Lrrfip1,Serpine1,-1.0
15671,Lrrfip1,Slc1a2,1.0
15672,Lrrfip1,Slc1a3,1.0
15673,Lrrfip1,Tfap2a,1.0
15674,Lrrfip1,Tnf,-1.0
15675,Lyar,Irf3,-1.0
15676,Lyl1,Angpt2,1.0
15677,Lyl1,Brca1,1.0
15678,Lyl1,Ccnd3,1.0
15679,Lyl1,Cd4,-1.0
15680,Lyl1,Creb1,1.0
15681,Lyl1,Erg,1.0
15682,Lyl1,Id1,1.0
15683,Lyl1,Mef2c,1.0
15684,Lyl1,Nfkb1,-1.0
15685,Lyl1,Nkx3-1,1.0
15686,Lyl1,Stmn1,1.0
15687,Lyl1,Tal1,1.0
15688,Lyl1,Trmt1,1.0
15689,Maf,Adgre1,1.0
15690,Maf,Adipoq,1.0
15691,Maf,Anpep,1.0
15692,Maf,Bcl2,-1.0
15693,Maf,Bdkrb2,1.0
15694,Maf,Btk,1.0
15695,Maf,Card11,1.0
15696,Maf,Casp6,1.0
15697,Maf,Ccn2,1.0
15698,Maf,Ccnd2,1.0
15699,Maf,Ccr4,1.0
15700,Maf,Cd2,1.0
15701,Maf,Cd4,1.0
15702,Maf,Cd8a,1.0
15703,Maf,Cdkn1b,1.0
15704,Maf,Col11a2,1.0
15705,Maf,Col27a1,1.0
15706,Maf,Col2a1,1.0
15707,Maf,Crebbp,1.0
15708,Maf,Cryaa,1.0
15709,Maf,Cryab,1.0
15710,Maf,Crybb2,1.0
15711,Maf,Csf2,1.0
15712,Maf,Fbxo32,1.0
15713,Maf,G6pc2,1.0
15714,Maf,Gcg,1.0
15715,Maf,Gclc,1.0
15716,Maf,Gstk1,1.0
15717,Maf,Hal,1.0
15718,Maf,Hmox1,1.0
15719,Maf,Ifng,1.0
15720,Maf,Il10,1.0
15721,Maf,Il12a,1.0
15722,Maf,Il12b,1.0
15723,Maf,Il12rb1,1.0
15724,Maf,Il13,1.0
15725,Maf,Il21,1.0
15726,Maf,Il4,1.0
15727,Maf,Il5,1.0
15728,Maf,Irf4,1.0
15729,Maf,Itgb7,1.0
15730,Maf,Lalba,1.0
15731,Maf,Maf1,1.0
15732,Maf,Mif,1.0
15733,Maf,Mmp13,1.0
15734,Maf,Morf4l1,1.0
15735,Maf,Nprl3,1.0
15736,Maf,Nqo1,1.0
15737,Maf,Pdx1,1.0
15738,Maf,Pkd2,1.0
15739,Maf,Rho,1.0
15740,Maf,Scg5,1.0
15741,Maf,Serpinh1,1.0
15742,Maf,Sparc,1.0
15743,Maf,Tal1,1.0
15744,Maf,Trp53,1.0
15745,Maf,Tspoap1,1.0
15746,Maf,Ubc,1.0
15747,Mafa,Casp1,1.0
15748,Mafa,Cdk4,1.0
15749,Mafa,Cryaa,1.0
15750,Mafa,Cryab,1.0
15751,Mafa,Cryba1,1.0
15752,Mafa,Ddit3,1.0
15753,Mafa,G6pc2,1.0
15754,Mafa,Gcg,1.0
15755,Mafa,Glp1r,1.0
15756,Mafa,Gsr,1.0
15757,Mafa,Il1b,1.0
15758,Mafa,Neurod1,1.0
15759,Mafa,Nkx6-1,1.0
15760,Mafa,Nqo1,1.0
15761,Mafa,Pcsk1,1.0
15762,Mafa,Pcx,1.0
15763,Mafa,Pdx1,1.0
15764,Mafa,Slc2a2,1.0
15765,Mafa,Sparc,1.0
15766,Mafa,Sytl4,1.0
15767,Mafa,Tnf,1.0
15768,Mafb,Acan,1.0
15769,Mafb,Brf1,1.0
15770,Mafb,C1qa,1.0
15771,Mafb,Ccnd2,1.0
15772,Mafb,Cd5l,1.0
15773,Mafb,Cdkn2a,1.0
15774,Mafb,Cdx1,1.0
15775,Mafb,Cryaa,1.0
15776,Mafb,Cryab,1.0
15777,Mafb,Csnk2a2,1.0
15778,Mafb,Fbp1,1.0
15779,Mafb,Gcg,1.0
15780,Mafb,Hjv,1.0
15781,Mafb,Hoxa3,1.0
15782,Mafb,Hoxb1,1.0
15783,Mafb,Hoxb3,1.0
15784,Mafb,Ifnb1,1.0
15785,Mafb,Il7r,1.0
15786,Mafb,Maf,1.0
15787,Mafb,Mafa,1.0
15788,Mafb,Mapk1,1.0
15789,Mafb,Mmp12,1.0
15790,Mafb,Mmp13,1.0
15791,Mafb,Nfatc1,-1.0
15792,Mafb,Nphs2,1.0
15793,Mafb,Nprl3,1.0
15794,Mafb,Nuak1,1.0
15795,Mafb,Oscar,-1.0
15796,Mafb,Papss2,1.0
15797,Mafb,Pdx1,1.0
15798,Mafb,Pkd2,1.0
15799,Mafb,Prdm1,1.0
15800,Mafb,Pth,1.0
15801,Mafb,Rasa1,1.0
15802,Mafb,Scn5a,1.0
15803,Mafb,Spock1,1.0
15804,Mafb,Src,1.0
15805,Mafb,Tbp,1.0
15806,Mafb,Tfrc,-1.0
15807,Mafb,Tnfsf11,1.0
15808,Mafb,Trdmt1,1.0
15809,Maff,Gclc,1.0
15810,Maff,Il6,-1.0
15811,Maff,Oxtr,1.0
15812,Maff,Per1,1.0
15813,Mafg,Cryz,1.0
15814,Mafg,Hmox1,1.0
15815,Mafg,Litaf,1.0
15816,Mafg,Maf,1.0
15817,Mafg,Mlh1,1.0
15818,Mafg,Nfe2l1,-1.0
15819,Mafg,Nos2,1.0
15820,Mafg,Nqo1,1.0
15821,Mafk,Cd44,1.0
15822,Mafk,Cdk2,1.0
15823,Mafk,Cdk6,1.0
15824,Mafk,Cdkn1b,1.0
15825,Mafk,Cdkn2a,1.0
15826,Mafk,Cdkn2b,1.0
15827,Mafk,Cdkn2c,1.0
15828,Mafk,Cryz,1.0
15829,Mafk,H2ac19,1.0
15830,Mafk,Hdc,1.0
15831,Mafk,Hmox1,-1.0
15832,Mafk,Hpgds,1.0
15833,Mafk,Il10,1.0
15834,Mafk,Il12b,1.0
15835,Mafk,Il2,1.0
15836,Mafk,Il4,1.0
15837,Mafk,Il6,1.0
15838,Mafk,Men1,1.0
15839,Mafk,Nqo1,1.0
15840,Mafk,Prdm1,-1.0
15841,Mafk,Tnf,1.0
15842,Maml1,Egr1,1.0
15843,Maml1,Hes1,1.0
15844,Maml1,Hey1,-1.0
15845,Maml1,Notch1,1.0
15846,Maml1,Tnfrsf12a,-1.0
15847,Maml2,Hes1,1.0
15848,Maml2,Notch1,1.0
15849,Max,Brd7,1.0
15850,Max,Ccnb1,-1.0
15851,Max,Ccnd1,-1.0
15852,Max,Ccnd2,1.0
15853,Max,Cd80,1.0
15854,Max,Cdkn1b,1.0
15855,Max,Cebpa,1.0
15856,Max,Cebpd,1.0
15857,Max,Chi3l1,1.0
15858,Max,Csf3r,1.0
15859,Max,Cxcr4,1.0
15860,Max,Ddit3,1.0
15861,Max,Ddr2,1.0
15862,Max,Fasl,1.0
15863,Max,Fmr1,1.0
15864,Max,Gadd45a,1.0
15865,Max,Gng3,1.0
15866,Max,Gpt,1.0
15867,Max,Hnrnpu,1.0
15868,Max,Id2,1.0
15869,Max,Il6,1.0
15870,Max,Mapk1,1.0
15871,Max,Mlxipl,1.0
15872,Max,Mxd1,1.0
15873,Max,Myc,-1.0
15874,Max,Myct1,1.0
15875,Max,Ndrg1,-1.0
15876,Max,Nrp1,1.0
15877,Max,Odc1,1.0
15878,Max,Oprk1,1.0
15879,Max,Pax3,1.0
15880,Max,Pdlim7,-1.0
15881,Max,Pklr,1.0
15882,Max,Ppig,1.0
15883,Max,Ptma,1.0
15884,Max,Serf2,1.0
15885,Max,Serpine1,-1.0
15886,Max,Sin3a,1.0
15887,Max,Slc25a1,1.0
15888,Max,Stat5a,1.0
15889,Max,Tceal7,1.0
15890,Max,Tert,1.0
15891,Max,Thbs1,1.0
15892,Max,Tkt,1.0
15893,Max,Trp53,1.0
15894,Max,Trrap,1.0
15895,Max,Ybx1,1.0
15896,Maz,Arhgdig,1.0
15897,Maz,Bcl2,1.0
15898,Maz,Cd4,1.0
15899,Maz,Cdkn1a,1.0
15900,Maz,Cish,1.0
15901,Maz,Ckm,1.0
15902,Maz,Efnb2,1.0
15903,Maz,Fgg,1.0
15904,Maz,Gata4,1.0
15905,Maz,Grin1,1.0
15906,Maz,Hras,1.0
15907,Maz,Htr1a,1.0
15908,Maz,Iapp,1.0
15909,Maz,Il1b,1.0
15910,Maz,Kras,1.0
15911,Maz,Mmp14,1.0
15912,Maz,Mmp2,1.0
15913,Maz,Mmp9,1.0
15914,Maz,Myb,-1.0
15915,Maz,Myc,1.0
15916,Maz,Myh6,1.0
15917,Maz,Nos3,-1.0
15918,Maz,Pdik1l,1.0
15919,Maz,Pdpn,1.0
15920,Maz,Pnmt,1.0
15921,Maz,Pparg,1.0
15922,Maz,Preb,1.0
15923,Maz,Prkcb,1.0
15924,Maz,Pros1,1.0
15925,Maz,Prox1,1.0
15926,Maz,Pth,1.0
15927,Maz,Pth1r,1.0
15928,Maz,Rag2,1.0
15929,Maz,Serpinb2,1.0
15930,Maz,Slc29a1,1.0
15931,Maz,Sp1,1.0
15932,Maz,Sp4,1.0
15933,Maz,Tal1,1.0
15934,Maz,Tert,1.0
15935,Maz,Tg,1.0
15936,Maz,Tsg101,1.0
15937,Maz,Vegfa,1.0
15938,Maz,Xiap,1.0
15939,Mbd1,Alox5,-1.0
15940,Mbd1,Aurkb,1.0
15941,Mbd1,Cdh1,1.0
15942,Mbd1,Fgf2,1.0
15943,Mbd1,Htr2c,1.0
15944,Mbd1,Ifng,1.0
15945,Mbd1,Igf2,1.0
15946,Mbd1,Irf8,-1.0
15947,Mbd1,Mbd4,1.0
15948,Mbd1,Mgmt,-1.0
15949,Mbd1,Ndrg1,1.0
15950,Mbd1,Setdb1,-1.0
15951,Mbd1,Snrpn,-1.0
15952,Mbd2,Acot13,1.0
15953,Mbd2,Adgrb1,1.0
15954,Mbd2,Alox15,1.0
15955,Mbd2,Alox5,-1.0
15956,Mbd2,App,1.0
15957,Mbd2,Aurkb,1.0
15958,Mbd2,Bcl2,1.0
15959,Mbd2,Bcor,1.0
15960,Mbd2,Bmi1,1.0
15961,Mbd2,Brca1,1.0
15962,Mbd2,Cd24a,1.0
15963,Mbd2,Cd4,1.0
15964,Mbd2,Cd70,1.0
15965,Mbd2,Cd74,1.0
15966,Mbd2,Cdh1,1.0
15967,Mbd2,Cdkn1a,1.0
15968,Mbd2,Cdkn1b,1.0
15969,Mbd2,Cdkn2a,1.0
15970,Mbd2,Cdkn2b,1.0
15971,Mbd2,Cebpa,1.0
15972,Mbd2,Chd4,-1.0
15973,Mbd2,Cp,1.0
15974,Mbd2,Dapk1,1.0
15975,Mbd2,Dmpk,1.0
15976,Mbd2,Dpep1,1.0
15977,Mbd2,Ep300,1.0
15978,Mbd2,Ep400,1.0
15979,Mbd2,Ereg,1.0
15980,Mbd2,Faah,1.0
15981,Mbd2,Fgfr1,1.0
15982,Mbd2,Foxp3,1.0
15983,Mbd2,Gpn1,1.0
15984,Mbd2,Hbb-bh1,1.0
15985,Mbd2,Hoxa1,1.0
15986,Mbd2,Hpgds,1.0
15987,Mbd2,Hpse,1.0
15988,Mbd2,Htt,1.0
15989,Mbd2,Ifnb1,1.0
15990,Mbd2,Itga2b,1.0
15991,Mbd2,Itk,1.0
15992,Mbd2,Jmjd1c,1.0
15993,Mbd2,Kdm1a,1.0
15994,Mbd2,Kdm2b,1.0
15995,Mbd2,Kdm3a,1.0
15996,Mbd2,Kdm6b,1.0
15997,Mbd2,Kdm8,1.0
15998,Mbd2,Klk10,1.0
15999,Mbd2,Krt16,1.0
16000,Mbd2,Krt27,1.0
16001,Mbd2,Lect2,1.0
16002,Mbd2,Mbd3,1.0
16003,Mbd2,Mbd3l2,1.0
16004,Mbd2,Me3,1.0
16005,Mbd2,Mecp2,1.0
16006,Mbd2,Mpl,1.0
16007,Mbd2,Msh2,1.0
16008,Mbd2,Myog,1.0
16009,Mbd2,Nanog,-1.0
16010,Mbd2,Nes,1.0
16011,Mbd2,Nfatc2,1.0
16012,Mbd2,Nog,1.0
16013,Mbd2,Nos3,1.0
16014,Mbd2,Oprd1,1.0
16015,Mbd2,Pcna,1.0
16016,Mbd2,Per2,1.0
16017,Mbd2,Phf21a,1.0
16018,Mbd2,Phf8,1.0
16019,Mbd2,Plau,1.0
16020,Mbd2,Pou5f1,-1.0
16021,Mbd2,Prm1,1.0
16022,Mbd2,Ptpn6,1.0
16023,Mbd2,Rb1,1.0
16024,Mbd2,Rbl2,1.0
16025,Mbd2,Rela,1.0
16026,Mbd2,Serpinb5,-1.0
16027,Mbd2,Setd7,1.0
16028,Mbd2,Sf1,1.0
16029,Mbd2,Sfn,1.0
16030,Mbd2,Slc25a5,1.0
16031,Mbd2,Smo,1.0
16032,Mbd2,Suv39h1,1.0
16033,Mbd2,Tert,1.0
16034,Mbd2,Tnp1,1.0
16035,Mbd2,Vamp7,1.0
16036,Mbd3,Pou5f1,-1.0
16037,Mecom,Angpt1,1.0
16038,Mecom,Angpt2,1.0
16039,Mecom,Calca,1.0
16040,Mecom,Calr,1.0
16041,Mecom,Car3,-1.0
16042,Mecom,Cldn1,1.0
16043,Mecom,Csf1r,1.0
16044,Mecom,E2f1,1.0
16045,Mecom,Fos,1.0
16046,Mecom,Gata1,1.0
16047,Mecom,Gata2,1.0
16048,Mecom,Map2,1.0
16049,Mecom,Mbd3,1.0
16050,Mecom,Pbx1,1.0
16051,Mecom,Pparg,1.0
16052,Mecom,Serpine1,-1.0
16053,Mecom,Smad7,-1.0
16054,Mecom,Tek,1.0
16055,Mecom,Zbtb16,1.0
16056,Mecp2,Alox5,-1.0
16057,Mecp2,Bdnf,-1.0
16058,Mecp2,Ccnd1,-1.0
16059,Mecp2,Cdkl5,-1.0
16060,Mecp2,Crh,-1.0
16061,Mecp2,Dll1,-1.0
16062,Mecp2,Dlx5,-1.0
16063,Mecp2,Ehmt2,-1.0
16064,Mecp2,Esr1,-1.0
16065,Mecp2,Fkbp5,-1.0
16066,Mecp2,Foxp3,-1.0
16067,Mecp2,Fxyd1,-1.0
16068,Mecp2,Gad1,-1.0
16069,Mecp2,Gria2,-1.0
16070,Mecp2,Grin2b,-1.0
16071,Mecp2,Hdac7,-1.0
16072,Mecp2,Igfbp3,-1.0
16073,Mecp2,Mef2c,-1.0
16074,Mecp2,Mgmt,-1.0
16075,Mecp2,Myocd,-1.0
16076,Mecp2,Notch1,-1.0
16077,Mecp2,Nox4,-1.0
16078,Mecp2,Pcdh7,-1.0
16079,Mecp2,Pcdhb1,-1.0
16080,Mecp2,Pla2g7,-1.0
16081,Mecp2,Ptpn1,-1.0
16082,Mecp2,Rbfox1,-1.0
16083,Mecp2,Reln,-1.0
16084,Mecp2,Sgk1,-1.0
16085,Mecp2,Slc25a4,-1.0
16086,Mecp2,Slc2a3,1.0
16087,Mecp2,Srf,-1.0
16088,Mecp2,Tff1,-1.0
16089,Med1,Ankrd37,1.0
16090,Med1,Ar,1.0
16091,Med1,Aurka,1.0
16092,Med1,Crabp2,-1.0
16093,Med1,Greb1,1.0
16094,Med1,Irf8,1.0
16095,Med1,Ivl,1.0
16096,Med1,Krt1,1.0
16097,Med1,Krt10,1.0
16098,Med1,Lor,1.0
16099,Med1,Rarb,-1.0
16100,Med1,Stc2,1.0
16101,Med1,Thra,1.0
16102,Med1,Ube2c,1.0
16103,Med1,Vdr,1.0
16104,Med12,Foxp3,1.0
16105,Med15,Ncf2,1.0
16106,Med23,Txnip,1.0
16107,Med26,Ankrd37,1.0
16108,Mef2a,Abra,1.0
16109,Mef2a,Acta2,1.0
16110,Mef2a,Actg2,1.0
16111,Mef2a,Adk,1.0
16112,Mef2a,Akt1,1.0
16113,Mef2a,Akt2,1.0
16114,Mef2a,Art1,1.0
16115,Mef2a,Asph,1.0
16116,Mef2a,Atf3,1.0
16117,Mef2a,Atp2a2,1.0
16118,Mef2a,Atp6v1b2,1.0
16119,Mef2a,Atxn1,1.0
16120,Mef2a,Avp,1.0
16121,Mef2a,Barx2,1.0
16122,Mef2a,Bco1,1.0
16123,Mef2a,Bdnf,1.0
16124,Mef2a,Bmp2,1.0
16125,Mef2a,Cabin1,1.0
16126,Mef2a,Calm1,1.0
16127,Mef2a,Camk2a,1.0
16128,Mef2a,Camk4,1.0
16129,Mef2a,Cd14,1.0
16130,Mef2a,Cd44,1.0
16131,Mef2a,Cdk5,1.0
16132,Mef2a,Ckm,1.0
16133,Mef2a,Clca1,1.0
16134,Mef2a,Col1a1,1.0
16135,Mef2a,Cox6a1,1.0
16136,Mef2a,Cox7a1,1.0
16137,Mef2a,Cpox,1.0
16138,Mef2a,Cpt1a,1.0
16139,Mef2a,Cpt1b,1.0
16140,Mef2a,Dbh,1.0
16141,Mef2a,Des,1.0
16142,Mef2a,Dio2,1.0
16143,Mef2a,Fastk,1.0
16144,Mef2a,Fgf16,1.0
16145,Mef2a,Fgfr1,1.0
16146,Mef2a,Gabrb3,1.0
16147,Mef2a,Gnrh1,-1.0
16148,Mef2a,Grin1,1.0
16149,Mef2a,Gsk3b,1.0
16150,Mef2a,H2-T23,1.0
16151,Mef2a,Hcn4,1.0
16152,Mef2a,Hp,1.0
16153,Mef2a,Il10,1.0
16154,Mef2a,Il1rn,1.0
16155,Mef2a,Il2,1.0
16156,Mef2a,Il6,1.0
16157,Mef2a,Jchain,1.0
16158,Mef2a,Jph2,1.0
16159,Mef2a,Jun,1.0
16160,Mef2a,Klf2,1.0
16161,Mef2a,Klf4,1.0
16162,Mef2a,Mapk14,1.0
16163,Mef2a,Mapk7,1.0
16164,Mef2a,Mb,1.0
16165,Mef2a,Me3,1.0
16166,Mef2a,Mef2c,1.0
16167,Mef2a,Mef2d,1.0
16168,Mef2a,Meox2,1.0
16169,Mef2a,Mstn,1.0
16170,Mef2a,Mutyh,1.0
16171,Mef2a,Myf6,1.0
16172,Mef2a,Myh1,1.0
16173,Mef2a,Myh10,1.0
16174,Mef2a,Myh13,1.0
16175,Mef2a,Myh14,1.0
16176,Mef2a,Myh2,1.0
16177,Mef2a,Myh4,1.0
16178,Mef2a,Myh6,1.0
16179,Mef2a,Myh7b,1.0
16180,Mef2a,Myl2,1.0
16181,Mef2a,Mylpf,1.0
16182,Mef2a,Myocd,1.0
16183,Mef2a,Myod1,1.0
16184,Mef2a,Myog,1.0
16185,Mef2a,Ngfr,1.0
16186,Mef2a,Nos3,1.0
16187,Mef2a,Nppa,1.0
16188,Mef2a,Nr4a1,1.0
16189,Mef2a,Nrf1,1.0
16190,Mef2a,Pcdh10,1.0
16191,Mef2a,Pcna,1.0
16192,Mef2a,Phb2,1.0
16193,Mef2a,Pik3r1,1.0
16194,Mef2a,Pitx2,1.0
16195,Mef2a,Plagl1,1.0
16196,Mef2a,Ppargc1a,1.0
16197,Mef2a,Ppp1ca,1.0
16198,Mef2a,Prkaa2,1.0
16199,Mef2a,Pth,1.0
16200,Mef2a,Rhd,1.0
16201,Mef2a,Shc1,1.0
16202,Mef2a,Slc2a4,1.0
16203,Mef2a,Slc6a6,1.0
16204,Mef2a,Smyd1,1.0
16205,Mef2a,Sncg,1.0
16206,Mef2a,Snrpb,1.0
16207,Mef2a,Sost,-1.0
16208,Mef2a,Sumo1,1.0
16209,Mef2a,Syngap1,1.0
16210,Mef2a,Syt1,1.0
16211,Mef2a,Tg,1.0
16212,Mef2a,Tnfsf11,1.0
16213,Mef2a,Tnni3,1.0
16214,Mef2a,Tnnt1,1.0
16215,Mef2a,Tnnt2,1.0
16216,Mef2a,Tpm1,1.0
16217,Mef2a,Trim63,1.0
16218,Mef2a,Trim72,1.0
16219,Mef2a,Twist2,1.0
16220,Mef2a,Xirp2,1.0
16221,Mef2c,Adss1,1.0
16222,Mef2c,Ampd1,1.0
16223,Mef2c,Ascl1,1.0
16224,Mef2c,Bco1,1.0
16225,Mef2c,Bmp10,1.0
16226,Mef2c,Bmp2,1.0
16227,Mef2c,Bmp4,1.0
16228,Mef2c,Calr,1.0
16229,Mef2c,Cdkl5,1.0
16230,Mef2c,Ckm,1.0
16231,Mef2c,Col2a1,1.0
16232,Mef2c,Cpt1a,1.0
16233,Mef2c,Cpt1b,1.0
16234,Mef2c,Csrp3,1.0
16235,Mef2c,Ctnna3,1.0
16236,Mef2c,Ctnnb1,1.0
16237,Mef2c,Des,1.0
16238,Mef2c,Dlx5,1.0
16239,Mef2c,Dlx6,1.0
16240,Mef2c,Ep300,1.0
16241,Mef2c,Fos,1.0
16242,Mef2c,Frzb,1.0
16243,Mef2c,Fsd1,1.0
16244,Mef2c,Grin1,1.0
16245,Mef2c,Gtf2ird1,1.0
16246,Mef2c,Hand2,1.0
16247,Mef2c,Hcn4,1.0
16248,Mef2c,Hjv,1.0
16249,Mef2c,Hnrnpd,1.0
16250,Mef2c,Ibsp,1.0
16251,Mef2c,Jchain,1.0
16252,Mef2c,Jun,1.0
16253,Mef2c,Kdr,1.0
16254,Mef2c,Lef1,-1.0
16255,Mef2c,Lrrc10,1.0
16256,Mef2c,Maml1,1.0
16257,Mef2c,Mapk1,1.0
16258,Mef2c,Mapk7,1.0
16259,Mef2c,Mecom,1.0
16260,Mef2c,Mecp2,1.0
16261,Mef2c,Mef2a,1.0
16262,Mef2c,Mmp20,1.0
16263,Mef2c,Mstn,1.0
16264,Mef2c,Myf6,1.0
16265,Mef2c,Myh1,1.0
16266,Mef2c,Myh10,1.0
16267,Mef2c,Myh2,1.0
16268,Mef2c,Myh6,1.0
16269,Mef2c,Myh7,1.0
16270,Mef2c,Myocd,1.0
16271,Mef2c,Myog,1.0
16272,Mef2c,Myom1,1.0
16273,Mef2c,Myom2,1.0
16274,Mef2c,Myoz1,1.0
16275,Mef2c,Myoz2,1.0
16276,Mef2c,Notch3,1.0
16277,Mef2c,Nppa,1.0
16278,Mef2c,Nr2f1,1.0
16279,Mef2c,Nr4a1,-1.0
16280,Mef2c,Oga,1.0
16281,Mef2c,Olfm4,1.0
16282,Mef2c,Opn1mw,-1.0
16283,Mef2c,Ppara,1.0
16284,Mef2c,Ppargc1a,1.0
16285,Mef2c,Pth1r,1.0
16286,Mef2c,Ptp4a3,1.0
16287,Mef2c,Rgr,-1.0
16288,Mef2c,Rho,-1.0
16289,Mef2c,Rpe65,1.0
16290,Mef2c,Runx2,1.0
16291,Mef2c,Sfrp2,-1.0
16292,Mef2c,Sgca,1.0
16293,Mef2c,Six4,1.0
16294,Mef2c,Slc2a4,1.0
16295,Mef2c,Smyd1,1.0
16296,Mef2c,Sost,-1.0
16297,Mef2c,Sp7,1.0
16298,Mef2c,Srf,1.0
16299,Mef2c,Sub1,1.0
16300,Mef2c,Tac1,1.0
16301,Mef2c,Tnf,1.0
16302,Mef2c,Tnfsf11,1.0
16303,Mef2c,Tnni3,1.0
16304,Mef2c,Tnni3k,1.0
16305,Mef2c,Vegfa,1.0
16306,Mef2c,Vgll2,-1.0
16307,Mef2d,Atf3,1.0
16308,Mef2d,Atm,1.0
16309,Mef2d,Cd14,1.0
16310,Mef2d,Cd44,1.0
16311,Mef2d,Cdkn1a,1.0
16312,Mef2d,Dazap1,1.0
16313,Mef2d,Des,1.0
16314,Mef2d,Ep300,1.0
16315,Mef2d,Gadd45a,1.0
16316,Mef2d,Gadd45b,1.0
16317,Mef2d,Hdac7,1.0
16318,Mef2d,Il10,1.0
16319,Mef2d,Jun,1.0
16320,Mef2d,Kdm1a,1.0
16321,Mef2d,Mef2a,1.0
16322,Mef2d,Myf6,1.0
16323,Mef2d,Myh1,1.0
16324,Mef2d,Myh10,1.0
16325,Mef2d,Myh13,1.0
16326,Mef2d,Myh2,1.0
16327,Mef2d,Myh7,1.0
16328,Mef2d,Myog,1.0
16329,Mef2d,Nr4a1,-1.0
16330,Mef2d,Ppargc1a,1.0
16331,Mef2d,Prkaca,1.0
16332,Mef2d,Slc2a4,1.0
16333,Mef2d,Sost,-1.0
16334,Mef2d,Tnni3,1.0
16335,Meis1,Ar,1.0
16336,Meis1,Ascl1,1.0
16337,Meis1,Ccl3,-1.0
16338,Meis1,Ccl4,-1.0
16339,Meis1,Ccnd1,1.0
16340,Meis1,Cdkn1a,1.0
16341,Meis1,Cybb,-1.0
16342,Meis1,Flt3,1.0
16343,Meis1,Foxn4,1.0
16344,Meis1,Gfi1,1.0
16345,Meis1,Hif1a,1.0
16346,Meis1,Il10,1.0
16347,Meis1,Itga9,1.0
16348,Meis1,Krt19,1.0
16349,Meis1,Myb,1.0
16350,Meis1,Myc,1.0
16351,Meis1,Nfya,1.0
16352,Meis1,Pax6,1.0
16353,Meis1,Pf4,1.0
16354,Meis1,Pou5f1,-1.0
16355,Meis1,Ptch1,1.0
16356,Meis1,Sox3,1.0
16357,Meis1,Tgfbr2,-1.0
16358,Meis1,Zic3,1.0
16359,Meis2,Cdh1,1.0
16360,Meis2,Cdkn2a,1.0
16361,Meis2,Cdkn2b,1.0
16362,Meis2,Drd1,1.0
16363,Meis2,Epha8,1.0
16364,Meis2,Il17rb,1.0
16365,Meis2,Krt19,1.0
16366,Meis2,Pax6,1.0
16367,Meis2,Tgfbr2,-1.0
16368,Meis3,Pdk1,1.0
16369,Meis3,Shh,1.0
16370,Meis3,Tshz1,1.0
16371,Meox1,Cdkn1a,1.0
16372,Meox1,Cdkn2a,1.0
16373,Meox1,Eya2,1.0
16374,Meox1,Foxc1,-1.0
16375,Meox1,Foxc2,-1.0
16376,Meox1,Gli1,1.0
16377,Meox1,Gli2,1.0
16378,Meox1,Nkx3-2,1.0
16379,Meox2,Bax,1.0
16380,Meox2,Bcl2,-1.0
16381,Meox2,Cdkn1a,1.0
16382,Meox2,Cdkn2a,1.0
16383,Meox2,Myf5,1.0
16384,Meox2,Nkx3-2,1.0
16385,Meox2,Rnf10,1.0
16386,Mesp1,Dkk1,1.0
16387,Mesp2,Dll1,-1.0
16388,Mesp2,Epha4,1.0
16389,Mesp2,Lfng,1.0
16390,Mesp2,Notch1,-1.0
16391,Mesp2,Pax3,1.0
16392,Mesp2,Pcdh8,1.0
16393,Mesp2,Ripply2,1.0
16394,Mesp2,Uncx,-1.0
16395,Mid2,Jun,1.0
16396,Mier1,Apof,1.0
16397,Mitf,Acp5,1.0
16398,Mitf,Akt1,1.0
16399,Mitf,Apex1,1.0
16400,Mitf,Atp6v0d2,1.0
16401,Mitf,Atp6v1b2,1.0
16402,Mitf,Bad,1.0
16403,Mitf,Bcl2,1.0
16404,Mitf,Best1,1.0
16405,Mitf,Birc7,1.0
16406,Mitf,Braf,1.0
16407,Mitf,Cadm1,1.0
16408,Mitf,Cd40,1.0
16409,Mitf,Cd40lg,1.0
16410,Mitf,Cdh1,1.0
16411,Mitf,Cdk2,1.0
16412,Mitf,Cdk6,1.0
16413,Mitf,Cdkn1a,-1.0
16414,Mitf,Cdkn1b,-1.0
16415,Mitf,Cdkn2a,-1.0
16416,Mitf,Clcn7,1.0
16417,Mitf,Cma1,1.0
16418,Mitf,Csf1,1.0
16419,Mitf,Ctsk,1.0
16420,Mitf,Dcstamp,1.0
16421,Mitf,Dct,1.0
16422,Mitf,Diaph1,1.0
16423,Mitf,Dicer1,1.0
16424,Mitf,Dio2,1.0
16425,Mitf,Ednrb,1.0
16426,Mitf,Fos,1.0
16427,Mitf,Gng2,1.0
16428,Mitf,Gpnmb,1.0
16429,Mitf,Gpr143,1.0
16430,Mitf,Gsk3b,1.0
16431,Mitf,Herc2,1.0
16432,Mitf,Hgf,1.0
16433,Mitf,Hif1a,1.0
16434,Mitf,Hint1,1.0
16435,Mitf,Hoxa1,1.0
16436,Mitf,Hoxb4,1.0
16437,Mitf,Hp,1.0
16438,Mitf,Hpgds,1.0
16439,Mitf,Ifng,1.0
16440,Mitf,Igf1,1.0
16441,Mitf,Inhba,1.0
16442,Mitf,Itga4,1.0
16443,Mitf,Kcnma1,1.0
16444,Mitf,Kit,1.0
16445,Mitf,Kras,1.0
16446,Mitf,Lyn,1.0
16447,Mitf,Mapk1,1.0
16448,Mitf,Mc1r,1.0
16449,Mitf,Met,1.0
16450,Mitf,Mki67,-1.0
16451,Mitf,Mlana,1.0
16452,Mitf,Myl1,1.0
16453,Mitf,Myl4,1.0
16454,Mitf,Ndst2,-1.0
16455,Mitf,Ngfr,1.0
16456,Mitf,Nox4,1.0
16457,Mitf,Nppb,1.0
16458,Mitf,Oca2,1.0
16459,Mitf,Oscar,1.0
16460,Mitf,Ostm1,1.0
16461,Mitf,Pax3,1.0
16462,Mitf,Pax4,-1.0
16463,Mitf,Pax6,-1.0
16464,Mitf,Per1,1.0
16465,Mitf,Pias3,1.0
16466,Mitf,Pik3r1,1.0
16467,Mitf,Pmel,1.0
16468,Mitf,Ppargc1a,1.0
16469,Mitf,Prf1,1.0
16470,Mitf,Prkaca,1.0
16471,Mitf,Prkcb,1.0
16472,Mitf,Ptgds,1.0
16473,Mitf,Ptgs2,1.0
16474,Mitf,Rab27a,1.0
16475,Mitf,Sbno2,1.0
16476,Mitf,Sdc1,-1.0
16477,Mitf,Serpine1,1.0
16478,Mitf,Serpinf1,1.0
16479,Mitf,Slc2a2,1.0
16480,Mitf,Slc45a2,1.0
16481,Mitf,Smad3,-1.0
16482,Mitf,Smarca4,1.0
16483,Mitf,Snai2,1.0
16484,Mitf,Spib,1.0
16485,Mitf,Spp1,1.0
16486,Mitf,Tbx2,1.0
16487,Mitf,Tg,1.0
16488,Mitf,Tkt,1.0
16489,Mitf,Tnfrsf11a,1.0
16490,Mitf,Tnfrsf1b,1.0
16491,Mitf,Tnfsf11,1.0
16492,Mitf,Tph1,1.0
16493,Mitf,Tpsg1,1.0
16494,Mitf,Trpm1,1.0
16495,Mitf,Tyr,1.0
16496,Mitf,Tyrp1,1.0
16497,Mitf,Vegfa,1.0
16498,Mitf,Xrcc1,1.0
16499,Mixl1,Gsc,1.0
16500,Mixl1,Kdr,1.0
16501,Mixl1,Pdgfra,1.0
16502,Mixl1,T,1.0
16503,Mkx,Myod1,1.0
16504,Mkx,Runx2,1.0
16505,Mkx,Scx,1.0
16506,Mkx,Sox5,1.0
16507,Mkx,Sox6,1.0
16508,Mkx,Tgfb1,1.0
16509,Mkx,Tgfb2,1.0
16510,Mlx,Arnt,-1.0
16511,Mlx,Col11a1,1.0
16512,Mlx,Odc1,1.0
16513,Mlx,Pklr,1.0
16514,Mlx,Txnip,1.0
16515,Mlxip,Kit,1.0
16516,Mlxip,Ldha,1.0
16517,Mlxip,Mlh1,1.0
16518,Mlxip,Pfkfb3,1.0
16519,Mlxip,Txnip,1.0
16520,Mlxipl,Acaca,1.0
16521,Mlxipl,Arnt,-1.0
16522,Mlxipl,Crebbp,1.0
16523,Mlxipl,Elovl6,1.0
16524,Mlxipl,Fas,1.0
16525,Mlxipl,Fasn,1.0
16526,Mlxipl,Fgf21,1.0
16527,Mlxipl,Gcgr,1.0
16528,Mlxipl,Khk,1.0
16529,Mlxipl,Klf10,1.0
16530,Mlxipl,Pklr,1.0
16531,Mlxipl,Pnpla3,1.0
16532,Mlxipl,Ppara,-1.0
16533,Mlxipl,Pparg,1.0
16534,Mlxipl,Slc2a4,1.0
16535,Mlxipl,Txnip,1.0
16536,Mnt,Ccnd2,1.0
16537,Mnt,Erg,-1.0
16538,Mnt,Glmn,1.0
16539,Mnt,Hap1,1.0
16540,Mnt,Il1b,1.0
16541,Mnt,Kras,1.0
16542,Mnt,Max,1.0
16543,Mnt,Rsph1,1.0
16544,Mnt,Tert,1.0
16545,Mnt,Trp53,1.0
16546,Mnx1,Il6,1.0
16547,Mnx1,Men1,1.0
16548,Mnx1,Pik3r1,1.0
16549,Mnx1,Ptger2,1.0
16550,Mrtfa,Col1a1,1.0
16551,Mrtfa,Scai,1.0
16552,Mrtfa,Srf,1.0
16553,Mrtfa,Tagln,1.0
16554,Msc,Adh4,1.0
16555,Msc,Aimp2,1.0
16556,Msc,Cdc25a,-1.0
16557,Msc,Cdc6,-1.0
16558,Msc,Ckm,-1.0
16559,Msc,Ctla4,1.0
16560,Msc,Dkk1,1.0
16561,Msc,Foxp3,1.0
16562,Msc,Got1,1.0
16563,Msc,Ibsp,1.0
16564,Msc,Ifng,1.0
16565,Msc,Il10,1.0
16566,Msc,Il2ra,1.0
16567,Msc,Krt8,1.0
16568,Msc,Lta,-1.0
16569,Msc,Mapk1,1.0
16570,Msc,Mcm7,-1.0
16571,Msc,Mmp2,1.0
16572,Msc,Myocd,1.0
16573,Msc,Nr1i3,1.0
16574,Msc,Plat,1.0
16575,Msc,Ptprc,1.0
16576,Msc,Rap1a,1.0
16577,Msc,Rbfox3,1.0
16578,Msc,Shbg,1.0
16579,Msc,Tnfrsf19,1.0
16580,Msc,Trip10,1.0
16581,Msc,Uqcrq,1.0
16582,Msgn1,Wnt3a,1.0
16583,Msx1,Bmp2,1.0
16584,Msx1,Bmp4,1.0
16585,Msx1,Cald1,-1.0
16586,Msx1,Cdh2,1.0
16587,Msx1,Cdkn2d,1.0
16588,Msx1,Cga,-1.0
16589,Msx1,Dkk1,-1.0
16590,Msx1,Dlk1,1.0
16591,Msx1,Fshb,-1.0
16592,Msx1,Gnrhr,-1.0
16593,Msx1,H1f5,1.0
16594,Msx1,Hey1,1.0
16595,Msx1,Myod1,-1.0
16596,Msx1,Notch3,1.0
16597,Msx1,Pitx1,-1.0
16598,Msx1,Ptch1,1.0
16599,Msx1,Runx2,-1.0
16600,Msx1,S100a4,1.0
16601,Msx1,Sdc1,1.0
16602,Msx1,Shh,1.0
16603,Msx1,Tagln,1.0
16604,Msx1,Vdr,-1.0
16605,Msx1,Wnt1,1.0
16606,Msx1,Zhx2,1.0
16607,Msx2,Alpl,-1.0
16608,Msx2,Amelx,-1.0
16609,Msx2,Atoh7,-1.0
16610,Msx2,Bcl2,-1.0
16611,Msx2,Bmp4,1.0
16612,Msx2,Cald1,-1.0
16613,Msx2,Ccnd1,1.0
16614,Msx2,Cdh2,-1.0
16615,Msx2,Col10a1,1.0
16616,Msx2,Col1a1,-1.0
16617,Msx2,Col2a1,-1.0
16618,Msx2,Dkk1,-1.0
16619,Msx2,Dlx2,-1.0
16620,Msx2,Dlx5,-1.0
16621,Msx2,Dspp,-1.0
16622,Msx2,Efna5,1.0
16623,Msx2,Enpp1,1.0
16624,Msx2,Epha7,1.0
16625,Msx2,Gpnmb,1.0
16626,Msx2,Ibsp,1.0
16627,Msx2,Ihh,1.0
16628,Msx2,Lama3,1.0
16629,Msx2,Lrp5,1.0
16630,Msx2,Msx1,1.0
16631,Msx2,Myod1,-1.0
16632,Msx2,Nkx3-1,1.0
16633,Msx2,Notch1,1.0
16634,Msx2,Pitx2,-1.0
16635,Msx2,Pou4f2,-1.0
16636,Msx2,Runx2,-1.0
16637,Msx2,Six3,-1.0
16638,Msx2,Sod1,1.0
16639,Msx2,Sost,-1.0
16640,Msx2,Sox2,-1.0
16641,Msx2,Sp7,1.0
16642,Msx2,Spp1,1.0
16643,Msx2,Tagln,-1.0
16644,Msx2,Tgfb2,1.0
16645,Msx2,Tgfb3,1.0
16646,Msx2,Wdr5,-1.0
16647,Msx2,Wnt10b,1.0
16648,Msx2,Wnt2,1.0
16649,Msx2,Wnt3a,1.0
16650,Msx2,Wnt7a,1.0
16651,Msx2,Wnt7b,1.0
16652,Mta1,Alox15,1.0
16653,Mta1,Bcas3,1.0
16654,Mta1,Bcl2l1,1.0
16655,Mta1,Bloc1s1,1.0
16656,Mta1,Bmal1,1.0
16657,Mta1,Brca1,-1.0
16658,Mta1,Cdh1,-1.0
16659,Mta1,Cdkn1a,-1.0
16660,Mta1,Cdkn2a,1.0
16661,Mta1,Clock,1.0
16662,Mta1,Cop1,1.0
16663,Mta1,Cry1,1.0
16664,Mta1,Egfr,1.0
16665,Mta1,Ehmt2,1.0
16666,Mta1,Epha2,-1.0
16667,Mta1,Esr1,-1.0
16668,Mta1,Fasl,1.0
16669,Mta1,Gnai2,1.0
16670,Mta1,Hdac1,1.0
16671,Mta1,Hif1a,1.0
16672,Mta1,Hmmr,1.0
16673,Mta1,Il1b,1.0
16674,Mta1,Itgb3bp,1.0
16675,Mta1,Lmo4,1.0
16676,Mta1,Mmp9,1.0
16677,Mta1,Mnat1,1.0
16678,Mta1,Mta3,-1.0
16679,Mta1,Myc,1.0
16680,Mta1,Myd88,1.0
16681,Mta1,Nos2,1.0
16682,Mta1,Pax5,1.0
16683,Mta1,Pik3r1,1.0
16684,Mta1,Pten,-1.0
16685,Mta1,Rho,1.0
16686,Mta1,Rnf144a,-1.0
16687,Mta1,Rrm2b,1.0
16688,Mta1,Senp1,1.0
16689,Mta1,Six3,-1.0
16690,Mta1,Smad7,-1.0
16691,Mta1,Snai1,1.0
16692,Mta1,Snai2,1.0
16693,Mta1,Sumo2,1.0
16694,Mta1,Tff1,1.0
16695,Mta1,Tgm2,1.0
16696,Mta1,Th,1.0
16697,Mta1,Tnf,1.0
16698,Mta1,Trp53,1.0
16699,Mta1,Vegfa,1.0
16700,Mta1,Vim,1.0
16701,Mta1,Wnt1,1.0
16702,Mta2,Cdh1,-1.0
16703,Mta2,Fshr,-1.0
16704,Mta2,Ifng,1.0
16705,Mta2,Il4,1.0
16706,Mta2,Selenop,1.0
16707,Mta3,Actr6,1.0
16708,Mta3,Aurkaip1,1.0
16709,Mta3,Bcas3,1.0
16710,Mta3,Cdh1,1.0
16711,Mta3,Cdh2,1.0
16712,Mta3,Ctsg,1.0
16713,Mta3,Kmt2e,1.0
16714,Mta3,Lhb,-1.0
16715,Mta3,Ncoa3,1.0
16716,Mta3,Polr1f,1.0
16717,Mta3,Snai1,-1.0
16718,Mta3,Wnt4,-1.0
16719,Mta3,Zfp217,1.0
16720,Mtf1,Abcc3,1.0
16721,Mtf1,Aco1,1.0
16722,Mtf1,Cdc25c,1.0
16723,Mtf1,Csrp1,1.0
16724,Mtf1,Dnmt1,1.0
16725,Mtf1,Ednrb,1.0
16726,Mtf1,Fgfr1,1.0
16727,Mtf1,Gadd45g,1.0
16728,Mtf1,Gclc,1.0
16729,Mtf1,Hspa4,1.0
16730,Mtf1,Mcat,1.0
16731,Mtf1,Mt1,1.0
16732,Mtf1,Mt2,1.0
16733,Mtf1,Mt3,1.0
16734,Mtf1,Ndrg1,1.0
16735,Mtf1,Nfic,1.0
16736,Mtf1,Pgf,1.0
16737,Mtf1,Prnp,1.0
16738,Mtf1,Selenow,1.0
16739,Mtf1,Slc30a1,1.0
16740,Mtf1,Slc30a2,1.0
16741,Mtf1,Slc31a1,1.0
16742,Mtf1,Slc39a10,-1.0
16743,Mtf1,Slc39a11,1.0
16744,Mtf1,Slc40a1,1.0
16745,Mtf1,Sncb,1.0
16746,Mtf1,Socs3,1.0
16747,Mtf1,Sod1,1.0
16748,Mtf1,Zap70,1.0
16749,Mtf2,Ace2,1.0
16750,Mtf2,Cbx2,1.0
16751,Mtf2,Cdkn2a,1.0
16752,Mtf2,Mcat,1.0
16753,Mtf2,Ndufb6,1.0
16754,Mtf2,Shh,-1.0
16755,Muc1,Ccn2,1.0
16756,Muc1,Cdkn1a,1.0
16757,Muc1,Jun,-1.0
16758,Mxd1,Akt1,1.0
16759,Mxd1,Ampd1,1.0
16760,Mxd1,Apoc3,1.0
16761,Mxd1,Ccnd2,1.0
16762,Mxd1,Cdh1,1.0
16763,Mxd1,Csf3,1.0
16764,Mxd1,Cxcr4,-1.0
16765,Mxd1,Dspp,1.0
16766,Mxd1,Gpt,1.0
16767,Mxd1,Hspa4,1.0
16768,Mxd1,Id2,1.0
16769,Mxd1,Ighmbp2,1.0
16770,Mxd1,Mad1l1,1.0
16771,Mxd1,Map2k1,1.0
16772,Mxd1,Max,1.0
16773,Mxd1,Odc1,1.0
16774,Mxd1,Oprk1,1.0
16775,Mxd1,Pdlim7,-1.0
16776,Mxd1,Pdx1,1.0
16777,Mxd1,Pten,-1.0
16778,Mxd1,Sin3a,1.0
16779,Mxd1,Sin3b,1.0
16780,Mxd1,Tert,-1.0
16781,Mxd1,Trp53,1.0
16782,Mxd1,Trrap,1.0
16783,Mxd1,Ubtf,-1.0
16784,Mxd4,Id2,1.0
16785,Mxd4,Odc1,1.0
16786,Mxi1,Ccnb1,-1.0
16787,Mxi1,Glmn,1.0
16788,Mxi1,Ift20,1.0
16789,Mxi1,Max,1.0
16790,Mxi1,Myc,-1.0
16791,Mxi1,Odc1,1.0
16792,Myb,Acot11,1.0
16793,Myb,Acta2,1.0
16794,Myb,Actg2,1.0
16795,Myb,Adipoq,1.0
16796,Myb,Adra1d,1.0
16797,Myb,Akt1,1.0
16798,Myb,Alox5,1.0
16799,Myb,Ank1,1.0
16800,Myb,Anpep,1.0
16801,Myb,Ar,1.0
16802,Myb,Atp2b1,1.0
16803,Myb,Atp9b,1.0
16804,Myb,B2m,1.0
16805,Myb,Bcl2,1.0
16806,Myb,Bcl2l1,1.0
16807,Myb,Bcl2l11,1.0
16808,Myb,Brca1,1.0
16809,Myb,Car1,1.0
16810,Myb,Casp8ap2,1.0
16811,Myb,Ccna1,1.0
16812,Myb,Ccnb1,1.0
16813,Myb,Ccnd1,1.0
16814,Myb,Cd34,1.0
16815,Myb,Cd4,-1.0
16816,Myb,Cd74,1.0
16817,Myb,Cd86,1.0
16818,Myb,Cd8a,1.0
16819,Myb,Cdh1,-1.0
16820,Myb,Cdk1,1.0
16821,Myb,Cdk6,1.0
16822,Myb,Cdkn1a,-1.0
16823,Myb,Cdkn1b,1.0
16824,Myb,Cdkn2a,1.0
16825,Myb,Cdkn2b,1.0
16826,Myb,Cdo1,1.0
16827,Myb,Cebpa,1.0
16828,Myb,Cebpb,1.0
16829,Myb,Chat,1.0
16830,Myb,Chd7,1.0
16831,Myb,Cish,1.0
16832,Myb,Clec4g,1.0
16833,Myb,Clu,1.0
16834,Myb,Cnot9,1.0
16835,Myb,Col1a1,1.0
16836,Myb,Col1a2,1.0
16837,Myb,Crebbp,1.0
16838,Myb,Csf2,1.0
16839,Myb,Csf3r,-1.0
16840,Myb,Ctsd,1.0
16841,Myb,Ctsg,1.0
16842,Myb,Cxcl12,1.0
16843,Myb,Cxcr4,1.0
16844,Myb,Dhrs2,1.0
16845,Myb,Dusp6,1.0
16846,Myb,Ebp,1.0
16847,Myb,Egf,1.0
16848,Myb,Egr1,1.0
16849,Myb,Elane,1.0
16850,Myb,Epo,1.0
16851,Myb,Erbb2,1.0
16852,Myb,Erbin,1.0
16853,Myb,Esr1,1.0
16854,Myb,Ets2,1.0
16855,Myb,Fgf2,1.0
16856,Myb,Flt3,1.0
16857,Myb,Foxj1,1.0
16858,Myb,Gata1,1.0
16859,Myb,Gata3,1.0
16860,Myb,Gbx2,1.0
16861,Myb,Gjb2,1.0
16862,Myb,Glul,1.0
16863,Myb,Gng3,1.0
16864,Myb,Gsk3b,1.0
16865,Myb,H2az1,1.0
16866,Myb,Hbb-bh1,1.0
16867,Myb,Hhex,1.0
16868,Myb,Hipk1,1.0
16869,Myb,Hrh1,1.0
16870,Myb,Hspa4,1.0
16871,Myb,Hspa5,1.0
16872,Myb,Icam1,-1.0
16873,Myb,Igf1,1.0
16874,Myb,Igf1r,1.0
16875,Myb,Igf2,1.0
16876,Myb,Igfbp3,1.0
16877,Myb,Igfbp5,1.0
16878,Myb,Igll1,1.0
16879,Myb,Il13,1.0
16880,Myb,Il15,1.0
16881,Myb,Il2,1.0
16882,Myb,Il2ra,1.0
16883,Myb,Il4,1.0
16884,Myb,Il5,1.0
16885,Myb,Il7,1.0
16886,Myb,Ints7,-1.0
16887,Myb,Itgax,1.0
16888,Myb,Itk,1.0
16889,Myb,Itpr1,1.0
16890,Myb,Kdr,1.0
16891,Myb,Kit,1.0
16892,Myb,Kitl,1.0
16893,Myb,Klf1,1.0
16894,Myb,Kras,1.0
16895,Myb,Krt9,1.0
16896,Myb,Lck,1.0
16897,Myb,Lmo2,1.0
16898,Myb,Mafb,1.0
16899,Myb,Mat2a,1.0
16900,Myb,Maz,1.0
16901,Myb,Mcm4,1.0
16902,Myb,Mdm2,1.0
16903,Myb,Myadm,1.0
16904,Myb,Myc,1.0
16905,Myb,Mzf1,1.0
16906,Myb,Nf1,1.0
16907,Myb,Nfib,1.0
16908,Myb,Nmu,1.0
16909,Myb,Nprl3,1.0
16910,Myb,Npy6r,1.0
16911,Myb,Nr3c1,1.0
16912,Myb,Nras,-1.0
16913,Myb,Ovol1,1.0
16914,Myb,Pam,1.0
16915,Myb,Pax6,1.0
16916,Myb,Pcna,1.0
16917,Myb,Pdcd4,1.0
16918,Myb,Pim1,1.0
16919,Myb,Plod2,1.0
16920,Myb,Ppa1,1.0
16921,Myb,Ppig,1.0
16922,Myb,Prkaca,1.0
16923,Myb,Prom1,1.0
16924,Myb,Prtn3,1.0
16925,Myb,Psmd4,1.0
16926,Myb,Ptgs2,1.0
16927,Myb,Rag2,1.0
16928,Myb,Ralbp1,1.0
16929,Myb,Rpl4,1.0
16930,Myb,Runx1,-1.0
16931,Myb,S100a4,1.0
16932,Myb,S100a9,1.0
16933,Myb,Sftpa1,1.0
16934,Myb,Sim2,1.0
16935,Myb,Slamf1,1.0
16936,Myb,Slamf6,1.0
16937,Myb,Slc6a2,1.0
16938,Myb,Smarcb1,1.0
16939,Myb,Snai2,1.0
16940,Myb,Snd1,1.0
16941,Myb,Sp1,1.0
16942,Myb,Sp3,1.0
16943,Myb,Sphk1,1.0
16944,Myb,Spp1,1.0
16945,Myb,Stk17b,1.0
16946,Myb,Sumo1,1.0
16947,Myb,Thbs2,1.0
16948,Myb,Timm17a,1.0
16949,Myb,Tk1,1.0
16950,Myb,Tnfrsf10b,1.0
16951,Myb,Tom1,1.0
16952,Myb,Trhr,1.0
16953,Myb,Trp53,1.0
16954,Myb,Vav1,1.0
16955,Myb,Vdr,1.0
16956,Myb,Vegfa,1.0
16957,Myb,Vim,1.0
16958,Myb,Was,1.0
16959,Myb,Wt1,1.0
16960,Myb,Yeats4,1.0
16961,Myb,mt-Atp6,1.0
16962,Mybbp1a,Sftpb,1.0
16963,Mybl1,Acot11,1.0
16964,Mybl1,Bcl2,1.0
16965,Mybl1,Cd34,1.0
16966,Mybl1,Cdx1,1.0
16967,Mybl1,Crebbp,1.0
16968,Mybl1,Dhrs2,1.0
16969,Mybl1,Gata1,1.0
16970,Mybl1,Ldhc,1.0
16971,Mybl1,Myc,1.0
16972,Mybl1,Ncl,1.0
16973,Mybl1,Nlk,1.0
16974,Mybl1,Timm17a,1.0
16975,Mybl2,Adra1d,1.0
16976,Mybl2,Anpep,1.0
16977,Mybl2,Ar,1.0
16978,Mybl2,Bcl2,1.0
16979,Mybl2,Birc5,1.0
16980,Mybl2,Ccna1,1.0
16981,Mybl2,Ccnb1,1.0
16982,Mybl2,Ccnb2,-1.0
16983,Mybl2,Ccnd1,1.0
16984,Mybl2,Ccnd2,1.0
16985,Mybl2,Cdc25b,1.0
16986,Mybl2,Cdk1,1.0
16987,Mybl2,Cdk2,1.0
16988,Mybl2,Cdk9,1.0
16989,Mybl2,Cdkn2a,1.0
16990,Mybl2,Clu,1.0
16991,Mybl2,Col1a1,-1.0
16992,Mybl2,Col5a2,-1.0
16993,Mybl2,Dlst,1.0
16994,Mybl2,Dym,1.0
16995,Mybl2,E2f1,-1.0
16996,Mybl2,Eln,-1.0
16997,Mybl2,Erbb2,-1.0
16998,Mybl2,Fgf2,1.0
16999,Mybl2,Fgf4,1.0
17000,Mybl2,Igfbp5,1.0
17001,Mybl2,Ints7,-1.0
17002,Mybl2,Lmo1,1.0
17003,Mybl2,Lox,1.0
17004,Mybl2,Myb,1.0
17005,Mybl2,Myc,1.0
17006,Mybl2,Ncl,1.0
17007,Mybl2,Nfya,1.0
17008,Mybl2,Parp1,1.0
17009,Mybl2,Pla2g4a,1.0
17010,Mybl2,Plk1,1.0
17011,Mybl2,Pou5f1,1.0
17012,Mybl2,Rb1,1.0
17013,Mybl2,Sar1b,1.0
17014,Mybl2,Sftpa1,1.0
17015,Mybl2,Sp1,1.0
17016,Mybl2,Sp3,1.0
17017,Mybl2,Timm17a,1.0
17018,Mybl2,Tom1,1.0
17019,Mybl2,Trp53,1.0
17020,Mybl2,Uchl1,1.0
17021,Mybl2,Zfp622,1.0
17022,Myc,4933430I17Rik,1.0
17023,Myc,Abca4,1.0
17024,Myc,Abcb6,1.0
17025,Myc,Abi2,-1.0
17026,Myc,Abl1,1.0
17027,Myc,Acadm,1.0
17028,Myc,Ace,1.0
17029,Myc,Ache,1.0
17030,Myc,Aco2,1.0
17031,Myc,Acox1,1.0
17032,Myc,Acp3,1.0
17033,Myc,Acp5,1.0
17034,Myc,Acsl4,-1.0
17035,Myc,Actg2,1.0
17036,Myc,Actl6a,1.0
17037,Myc,Acyp2,1.0
17038,Myc,Adcy9,1.0
17039,Myc,Adm,1.0
17040,Myc,Adrb1,1.0
17041,Myc,Adsl,1.0
17042,Myc,Afp,1.0
17043,Myc,Ago1,1.0
17044,Myc,Ahsg,1.0
17045,Myc,Aimp2,1.0
17046,Myc,Akap1,1.0
17047,Myc,Akr1a1,1.0
17048,Myc,Akt1,1.0
17049,Myc,Alb,-1.0
17050,Myc,Aldh2,1.0
17051,Myc,Aldh9a1,-1.0
17052,Myc,Alg5,1.0
17053,Myc,Ampd2,1.0
17054,Myc,Ampd3,1.0
17055,Myc,Angptl4,1.0
17056,Myc,Apc,1.0
17057,Myc,Apex1,1.0
17058,Myc,App,1.0
17059,Myc,Aqr,1.0
17060,Myc,Ar,1.0
17061,Myc,Arf1,1.0
17062,Myc,Arf4,1.0
17063,Myc,Arfgap2,1.0
17064,Myc,Arsb,1.0
17065,Myc,Asb16,1.0
17066,Myc,Ascl2,1.0
17067,Myc,Ass1,1.0
17068,Myc,Atf3,1.0
17069,Myc,Atf4,1.0
17070,Myc,Atf7,1.0
17071,Myc,Atic,1.0
17072,Myc,Atm,1.0
17073,Myc,Atp1a2,1.0
17074,Myc,Atp6v1g2,1.0
17075,Myc,Aurka,1.0
17076,Myc,Avp,1.0
17077,Myc,Axin1,1.0
17078,Myc,Axin2,1.0
17079,Myc,B2m,1.0
17080,Myc,Bag2,1.0
17081,Myc,Basp1,1.0
17082,Myc,Bax,1.0
17083,Myc,Bbc3,1.0
17084,Myc,Bcat1,1.0
17085,Myc,Bcl2,1.0
17086,Myc,Bcl2l1,-1.0
17087,Myc,Bcl2l11,1.0
17088,Myc,Bcl2l12,1.0
17089,Myc,Bcl3,1.0
17090,Myc,Bcl6,1.0
17091,Myc,Bcr,1.0
17092,Myc,Bin1,1.0
17093,Myc,Birc5,1.0
17094,Myc,Blk,1.0
17095,Myc,Bmal1,1.0
17096,Myc,Bmi1,1.0
17097,Myc,Bmp4,1.0
17098,Myc,Brca1,1.0
17099,Myc,Brca2,1.0
17100,Myc,Brd2,-1.0
17101,Myc,Brd4,1.0
17102,Myc,Brd7,-1.0
17103,Myc,Bsg,1.0
17104,Myc,Btrc,1.0
17105,Myc,Bub1b,1.0
17106,Myc,Bzw1,1.0
17107,Myc,C1qbp,1.0
17108,Myc,Cad,1.0
17109,Myc,Calca,1.0
17110,Myc,Camk2n1,1.0
17111,Myc,Casp1,1.0
17112,Myc,Casp8,-1.0
17113,Myc,Casp8ap2,1.0
17114,Myc,Casp9,1.0
17115,Myc,Cast,-1.0
17116,Myc,Cav1,-1.0
17117,Myc,Cbfb,1.0
17118,Myc,Cbs,1.0
17119,Myc,Cbx3,1.0
17120,Myc,Cbx5,1.0
17121,Myc,Cckbr,1.0
17122,Myc,Ccna2,1.0
17123,Myc,Ccnb1,1.0
17124,Myc,Ccnb2,1.0
17125,Myc,Ccnd1,-1.0
17126,Myc,Ccnd2,1.0
17127,Myc,Ccnd3,1.0
17128,Myc,Ccne1,1.0
17129,Myc,Ccng2,1.0
17130,Myc,Ccny,1.0
17131,Myc,Ccr4,1.0
17132,Myc,Ccr5,1.0
17133,Myc,Cct3,1.0
17134,Myc,Cct5,1.0
17135,Myc,Cct6a,1.0
17136,Myc,Cd34,1.0
17137,Myc,Cd38,1.0
17138,Myc,Cd4,1.0
17139,Myc,Cd40,1.0
17140,Myc,Cd44,1.0
17141,Myc,Cd5,1.0
17142,Myc,Cd63,1.0
17143,Myc,Cd79a,1.0
17144,Myc,Cd79b,1.0
17145,Myc,Cd80,1.0
17146,Myc,Cdc20,1.0
17147,Myc,Cdc25a,1.0
17148,Myc,Cdc25b,1.0
17149,Myc,Cdc25c,1.0
17150,Myc,Cdc73,1.0
17151,Myc,Cdca7,1.0
17152,Myc,Cdh1,1.0
17153,Myc,Cdh2,-1.0
17154,Myc,Cdh3,1.0
17155,Myc,Cdk1,1.0
17156,Myc,Cdk11b,1.0
17157,Myc,Cdk2,1.0
17158,Myc,Cdk4,1.0
17159,Myc,Cdk5,1.0
17160,Myc,Cdk6,1.0
17161,Myc,Cdk8,1.0
17162,Myc,Cdkn1a,-1.0
17163,Myc,Cdkn1b,-1.0
17164,Myc,Cdkn2a,-1.0
17165,Myc,Cdkn2b,-1.0
17166,Myc,Cebpa,-1.0
17167,Myc,Cebpd,-1.0
17168,Myc,Cebpe,-1.0
17169,Myc,Cfc1,1.0
17170,Myc,Cflar,-1.0
17171,Myc,Chek1,1.0
17172,Myc,Chek2,1.0
17173,Myc,Chi3l1,1.0
17174,Myc,Chka,1.0
17175,Myc,Chrna3,1.0
17176,Myc,Chrna7,1.0
17177,Myc,Chrnb1,1.0
17178,Myc,Chuk,1.0
17179,Myc,Cited2,1.0
17180,Myc,Cks2,1.0
17181,Myc,Clcn6,1.0
17182,Myc,Clic4,1.0
17183,Myc,Clint1,1.0
17184,Myc,Clns1a,1.0
17185,Myc,Clock,1.0
17186,Myc,Clp1,1.0
17187,Myc,Cmas,1.0
17188,Myc,Col4a1,1.0
17189,Myc,Cox7a2l,1.0
17190,Myc,Cpd,-1.0
17191,Myc,Cr2,1.0
17192,Myc,Crat,1.0
17193,Myc,Crebbp,1.0
17194,Myc,Cript,1.0
17195,Myc,Cry1,1.0
17196,Myc,Crybg1,1.0
17197,Myc,Csde1,-1.0
17198,Myc,Csf1,1.0
17199,Myc,Csf1r,1.0
17200,Myc,Csf2,1.0
17201,Myc,Csn2,1.0
17202,Myc,Cst10,1.0
17203,Myc,Cstb,1.0
17204,Myc,Ctbp2,1.0
17205,Myc,Ctps1,1.0
17206,Myc,Ctsf,1.0
17207,Myc,Cul1,1.0
17208,Myc,Cxcl12,1.0
17209,Myc,Cxcl13,1.0
17210,Myc,Cxcr4,1.0
17211,Myc,Cxxc1,1.0
17212,Myc,Dck,1.0
17213,Myc,Ddit3,-1.0
17214,Myc,Ddr2,1.0
17215,Myc,Ddx11,1.0
17216,Myc,Ddx18,1.0
17217,Myc,Ddx5,1.0
17218,Myc,Defb1,1.0
17219,Myc,Dffa,1.0
17220,Myc,Dhfr,1.0
17221,Myc,Dhodh,1.0
17222,Myc,Dkc1,1.0
17223,Myc,Dkk1,-1.0
17224,Myc,Dmac2l,1.0
17225,Myc,Dnajb1,1.0
17226,Myc,Dnph1,1.0
17227,Myc,Dpp4,-1.0
17228,Myc,Dpy30,1.0
17229,Myc,Dusp1,-1.0
17230,Myc,Dvl2,1.0
17231,Myc,E2f1,1.0
17232,Myc,E2f3,1.0
17233,Myc,Ebna1bp2,1.0
17234,Myc,Ebp,1.0
17235,Myc,Eef2,1.0
17236,Myc,Egf,1.0
17237,Myc,Egfr,1.0
17238,Myc,Egr1,1.0
17239,Myc,Egr3,1.0
17240,Myc,Ei24,1.0
17241,Myc,Eif2ak2,1.0
17242,Myc,Eif3b,1.0
17243,Myc,Eif3c,1.0
17244,Myc,Eif4a1,1.0
17245,Myc,Eif4b,1.0
17246,Myc,Eif4e,1.0
17247,Myc,Eif4ebp1,-1.0
17248,Myc,Eif4ebp2,1.0
17249,Myc,Eif4g1,1.0
17250,Myc,Eif5,1.0
17251,Myc,Eif5a2,1.0
17252,Myc,Elavl1,1.0
17253,Myc,Elk1,1.0
17254,Myc,Emp1,1.0
17255,Myc,Endou,1.0
17256,Myc,Entpd7,1.0
17257,Myc,Ep300,1.0
17258,Myc,Epb42,1.0
17259,Myc,Ephb2,1.0
17260,Myc,Ephx1,1.0
17261,Myc,Epo,1.0
17262,Myc,Eprs1,1.0
17263,Myc,Erbb2,-1.0
17264,Myc,Erf,1.0
17265,Myc,Esd,1.0
17266,Myc,Esr1,1.0
17267,Myc,Ets2,1.0
17268,Myc,Exosc8,1.0
17269,Myc,Ezh2,1.0
17270,Myc,Ezr,1.0
17271,Myc,Fah,1.0
17272,Myc,Fas,1.0
17273,Myc,Fasl,1.0
17274,Myc,Fasn,1.0
17275,Myc,Fbxw7,1.0
17276,Myc,Fech,1.0
17277,Myc,Fgf3,1.0
17278,Myc,Fgf8,1.0
17279,Myc,Fgf9,1.0
17280,Myc,Fgfbp1,1.0
17281,Myc,Fgfr1,1.0
17282,Myc,Fgfr4,1.0
17283,Myc,Fhit,1.0
17284,Myc,Fkbp4,1.0
17285,Myc,Flt1,1.0
17286,Myc,Fmr1,1.0
17287,Myc,Fn1,-1.0
17288,Myc,Fos,1.0
17289,Myc,Fosl1,1.0
17290,Myc,Foxm1,1.0
17291,Myc,Foxo3,1.0
17292,Myc,Foxo4,1.0
17293,Myc,Fpgs,1.0
17294,Myc,Fth1,-1.0
17295,Myc,Fut1,1.0
17296,Myc,Fxn,1.0
17297,Myc,Fxr1,1.0
17298,Myc,G6pc1,1.0
17299,Myc,Gabra6,1.0
17300,Myc,Gadd45a,-1.0
17301,Myc,Gal,1.0
17302,Myc,Galt,1.0
17303,Myc,Gart,1.0
17304,Myc,Gas1,-1.0
17305,Myc,Gas8,1.0
17306,Myc,Gata1,-1.0
17307,Myc,Gata4,1.0
17308,Myc,Gclc,1.0
17309,Myc,Gcn1,-1.0
17310,Myc,Gfap,1.0
17311,Myc,Ghrhr,1.0
17312,Myc,Gla,1.0
17313,Myc,Glb1,1.0
17314,Myc,Gls,1.0
17315,Myc,Gm2a,-1.0
17316,Myc,Gnl3,1.0
17317,Myc,Golph3,1.0
17318,Myc,Gpc3,1.0
17319,Myc,Gpr4,1.0
17320,Myc,Gpt,1.0
17321,Myc,Grk4,1.0
17322,Myc,Gsk3b,1.0
17323,Myc,Gtf2h2,-1.0
17324,Myc,H2-T23,1.0
17325,Myc,H2az1,1.0
17326,Myc,H6pd,1.0
17327,Myc,Has2,1.0
17328,Myc,Hbp1,1.0
17329,Myc,Hdac2,1.0
17330,Myc,Hdac3,1.0
17331,Myc,Hdlbp,1.0
17332,Myc,Hectd4,-1.0
17333,Myc,Herpud1,1.0
17334,Myc,Hes1,1.0
17335,Myc,Hif1a,-1.0
17336,Myc,Hint1,1.0
17337,Myc,Hk2,1.0
17338,Myc,Hmbs,1.0
17339,Myc,Hmgn2,1.0
17340,Myc,Hmox1,1.0
17341,Myc,Hnrnpa1,1.0
17342,Myc,Hnrnpa2b1,1.0
17343,Myc,Hnrnpd,1.0
17344,Myc,Hnrnpdl,1.0
17345,Myc,Hnrnph1,-1.0
17346,Myc,Hnrnpul1,1.0
17347,Myc,Hoxd13,1.0
17348,Myc,Hoxd3,1.0
17349,Myc,Hsd11b2,1.0
17350,Myc,Hsp90aa1,1.0
17351,Myc,Hsp90ab1,1.0
17352,Myc,Hspa4,1.0
17353,Myc,Hspa8,1.0
17354,Myc,Hspa9,1.0
17355,Myc,Hspd1,1.0
17356,Myc,Hsph1,1.0
17357,Myc,Icam1,1.0
17358,Myc,Id1,1.0
17359,Myc,Id2,1.0
17360,Myc,Id3,1.0
17361,Myc,Ier3,-1.0
17362,Myc,Ifnb1,1.0
17363,Myc,Ifrd2,1.0
17364,Myc,Igf1r,1.0
17365,Myc,Igf2,-1.0
17366,Myc,Igf2bp1,1.0
17367,Myc,Igf2r,1.0
17368,Myc,Ikbkb,1.0
17369,Myc,Il13,1.0
17370,Myc,Il2,1.0
17371,Myc,Il3,1.0
17372,Myc,Il4,1.0
17373,Myc,Il6,1.0
17374,Myc,Il7,1.0
17375,Myc,Il7r,1.0
17376,Myc,Il9,1.0
17377,Myc,Impa2,1.0
17378,Myc,Impact,-1.0
17379,Myc,Impdh1,1.0
17380,Myc,Impdh2,1.0
17381,Myc,Ing4,1.0
17382,Myc,Insm1,1.0
17383,Myc,Insr,1.0
17384,Myc,Ints7,-1.0
17385,Myc,Ipo7,1.0
17386,Myc,Ireb2,1.0
17387,Myc,Irf2,1.0
17388,Myc,Irf3,1.0
17389,Myc,Irf4,1.0
17390,Myc,Isg20,1.0
17391,Myc,Isl1,1.0
17392,Myc,Itga3,1.0
17393,Myc,Itga6,-1.0
17394,Myc,Itga7,-1.0
17395,Myc,Itgb1,-1.0
17396,Myc,Itpr1,1.0
17397,Myc,Jun,1.0
17398,Myc,Junb,-1.0
17399,Myc,Jup,1.0
17400,Myc,Kat2b,1.0
17401,Myc,Kit,1.0
17402,Myc,Klf1,1.0
17403,Myc,Klf4,1.0
17404,Myc,Klf7,-1.0
17405,Myc,Klk10,1.0
17406,Myc,Kmt5b,1.0
17407,Myc,Kras,1.0
17408,Myc,Lair1,1.0
17409,Myc,Lamb2,1.0
17410,Myc,Lamp1,-1.0
17411,Myc,Lamtor5,1.0
17412,Myc,Large1,1.0
17413,Myc,Lat,1.0
17414,Myc,Lbr,1.0
17415,Myc,Ldha,1.0
17416,Myc,Ldhb,1.0
17417,Myc,Lenep,1.0
17418,Myc,Lin28a,1.0
17419,Myc,Lin28b,1.0
17420,Myc,Lmna,1.0
17421,Myc,Lmx1b,1.0
17422,Myc,Lrp6,1.0
17423,Myc,Lta,1.0
17424,Myc,Lta4h,1.0
17425,Myc,Ltb,1.0
17426,Myc,Mad2l1,1.0
17427,Myc,Man2a2,1.0
17428,Myc,Map2k1,1.0
17429,Myc,Map3k1,-1.0
17430,Myc,Map4k1,1.0
17431,Myc,Mapk1,1.0
17432,Myc,Mapk14,1.0
17433,Myc,Mapk3,-1.0
17434,Myc,Mapk8,1.0
17435,Myc,Max,1.0
17436,Myc,Mbd1,1.0
17437,Myc,Mbl2,1.0
17438,Myc,Mcm7,1.0
17439,Myc,Mdm2,1.0
17440,Myc,Meis1,1.0
17441,Myc,Meis2,1.0
17442,Myc,Meltf,1.0
17443,Myc,Men1,1.0
17444,Myc,Met,1.0
17445,Myc,Metap2,1.0
17446,Myc,Mettl1,1.0
17447,Myc,Mgmt,-1.0
17448,Myc,Mgst1,1.0
17449,Myc,Mif,1.0
17450,Myc,Mlxipl,1.0
17451,Myc,Mme,1.0
17452,Myc,Mmut,1.0
17453,Myc,Mnt,1.0
17454,Myc,Mnx1,1.0
17455,Myc,Mpo,1.0
17456,Myc,Mpz,1.0
17457,Myc,Msh2,1.0
17458,Myc,Msn,-1.0
17459,Myc,Mst1,-1.0
17460,Myc,Mt1,-1.0
17461,Myc,Mtdh,1.0
17462,Myc,Mthfd1,1.0
17463,Myc,Mthfr,1.0
17464,Myc,Muc1,1.0
17465,Myc,Muc5b,1.0
17466,Myc,Mxd1,1.0
17467,Myc,Mxd4,1.0
17468,Myc,Mxi1,1.0
17469,Myc,Mybl1,1.0
17470,Myc,Mybl2,1.0
17471,Myc,Mycbp,1.0
17472,Myc,Mycbp2,-1.0
17473,Myc,Mycl,1.0
17474,Myc,Myct1,1.0
17475,Myc,Myh11,1.0
17476,Myc,Myh6,1.0
17477,Myc,Myod1,-1.0
17478,Myc,Myog,1.0
17479,Myc,Naaa,1.0
17480,Myc,Nap1l1,1.0
17481,Myc,Nat10,1.0
17482,Myc,Nbn,1.0
17483,Myc,Ncam1,-1.0
17484,Myc,Ncl,1.0
17485,Myc,Ndrg1,-1.0
17486,Myc,Ndrg2,-1.0
17487,Myc,Ndufaf2,1.0
17488,Myc,Nedd4,1.0
17489,Myc,Nefm,1.0
17490,Myc,Nes,1.0
17491,Myc,Nfatc3,1.0
17492,Myc,Nfe2,-1.0
17493,Myc,Nfe2l2,1.0
17494,Myc,Nfil3,1.0
17495,Myc,Nfkbia,1.0
17496,Myc,Nfkbil1,1.0
17497,Myc,Nid1,1.0
17498,Myc,Nit1,1.0
17499,Myc,Nkx3-1,1.0
17500,Myc,Nme1,1.0
17501,Myc,Nme2,1.0
17502,Myc,Nod1,1.0
17503,Myc,Nol7,1.0
17504,Myc,Nop16,1.0
17505,Myc,Nop56,1.0
17506,Myc,Notch4,1.0
17507,Myc,Npm1,1.0
17508,Myc,Nr1d1,1.0
17509,Myc,Nras,1.0
17510,Myc,Nthl1,1.0
17511,Myc,Ntn3,1.0
17512,Myc,Nucb1,-1.0
17513,Myc,Nup155,1.0
17514,Myc,Nxt1,1.0
17515,Myc,Oca2,1.0
17516,Myc,Odc1,1.0
17517,Myc,Oga,1.0
17518,Myc,Oprk1,1.0
17519,Myc,Ovol1,1.0
17520,Myc,Paics,1.0
17521,Myc,Palld,1.0
17522,Myc,Pam,-1.0
17523,Myc,Parp1,1.0
17524,Myc,Pax3,1.0
17525,Myc,Pcbd2,1.0
17526,Myc,Pcna,1.0
17527,Myc,Pcsk1,1.0
17528,Myc,Pdcd10,1.0
17529,Myc,Pdcd4,1.0
17530,Myc,Pdgfa,1.0
17531,Myc,Pdgfrb,-1.0
17532,Myc,Pdik1l,1.0
17533,Myc,Pdk1,1.0
17534,Myc,Pdlim7,1.0
17535,Myc,Per1,1.0
17536,Myc,Pex14,1.0
17537,Myc,Pex19,-1.0
17538,Myc,Pex3,1.0
17539,Myc,Pfas,1.0
17540,Myc,Pfdn6,1.0
17541,Myc,Pfkm,1.0
17542,Myc,Pgk1,1.0
17543,Myc,Phb1,1.0
17544,Myc,Pias1,1.0
17545,Myc,Pias2,1.0
17546,Myc,Pigf,1.0
17547,Myc,Pigr,1.0
17548,Myc,Pik3c3,1.0
17549,Myc,Pik3r1,1.0
17550,Myc,Pklr,1.0
17551,Myc,Pkp1,1.0
17552,Myc,Pla2g4a,1.0
17553,Myc,Plau,1.0
17554,Myc,Plaur,1.0
17555,Myc,Plpp3,1.0
17556,Myc,Plxnb2,1.0
17557,Myc,Pmaip1,1.0
17558,Myc,Pml,1.0
17559,Myc,Pms2,-1.0
17560,Myc,Pola1,1.0
17561,Myc,Polb,1.0
17562,Myc,Pold2,1.0
17563,Myc,Pole3,1.0
17564,Myc,Polg,1.0
17565,Myc,Polg2,1.0
17566,Myc,Polr2f,1.0
17567,Myc,Polr3d,1.0
17568,Myc,Polr3gl,1.0
17569,Myc,Pop1,1.0
17570,Myc,Ppat,1.0
17571,Myc,Ppbp,1.0
17572,Myc,Ppid,1.0
17573,Myc,Ppif,1.0
17574,Myc,Ppp1r7,1.0
17575,Myc,Ppp2r2b,-1.0
17576,Myc,Ppp2r5d,1.0
17577,Myc,Pqbp1,1.0
17578,Myc,Prdm8,1.0
17579,Myc,Prdx3,1.0
17580,Myc,Prkaca,1.0
17581,Myc,Prkar2b,1.0
17582,Myc,Prkcg,1.0
17583,Myc,Prkcq,1.0
17584,Myc,Prkdc,1.0
17585,Myc,Prkn,1.0
17586,Myc,Prmt1,1.0
17587,Myc,Prodh,-1.0
17588,Myc,Prom1,1.0
17589,Myc,Prps2,1.0
17590,Myc,Prrx1,1.0
17591,Myc,Prtn3,1.0
17592,Myc,Psap,1.0
17593,Myc,Psen2,1.0
17594,Myc,Psma5,1.0
17595,Myc,Psmb1,1.0
17596,Myc,Psmd10,1.0
17597,Myc,Psmg1,1.0
17598,Myc,Ptbp1,1.0
17599,Myc,Pten,1.0
17600,Myc,Ptger2,1.0
17601,Myc,Ptk2,1.0
17602,Myc,Ptk2b,1.0
17603,Myc,Ptk6,1.0
17604,Myc,Ptma,1.0
17605,Myc,Ptpa,-1.0
17606,Myc,Puf60,1.0
17607,Myc,Qdpr,1.0
17608,Myc,Rac3,1.0
17609,Myc,Rad21,1.0
17610,Myc,Rad50,1.0
17611,Myc,Rad51,1.0
17612,Myc,Rad51b,1.0
17613,Myc,Rad51c,1.0
17614,Myc,Ranbp1,1.0
17615,Myc,Rara,1.0
17616,Myc,Rarb,-1.0
17617,Myc,Rassf1,1.0
17618,Myc,Rbbp4,1.0
17619,Myc,Rbfox2,1.0
17620,Myc,Rbm3,1.0
17621,Myc,Rbm39,1.0
17622,Myc,Rbp1,1.0
17623,Myc,Rcc1,1.0
17624,Myc,Rel,1.0
17625,Myc,Rfc2,1.0
17626,Myc,Rgs2,1.0
17627,Myc,Rhbdf2,1.0
17628,Myc,Rhob,1.0
17629,Myc,Rhog,1.0
17630,Myc,Rida,1.0
17631,Myc,Riox2,1.0
17632,Myc,Rnasel,1.0
17633,Myc,Rnf31,1.0
17634,Myc,Rpl12,1.0
17635,Myc,Rpl13,1.0
17636,Myc,Rpl13a,1.0
17637,Myc,Rpl19,1.0
17638,Myc,Rpl21,1.0
17639,Myc,Rpl22,1.0
17640,Myc,Rpl23,1.0
17641,Myc,Rpl26,1.0
17642,Myc,Rpl27,1.0
17643,Myc,Rpl27a,1.0
17644,Myc,Rpl3,1.0
17645,Myc,Rpl30,1.0
17646,Myc,Rpl32,1.0
17647,Myc,Rpl5,1.0
17648,Myc,Rpl6,1.0
17649,Myc,Rpl7,1.0
17650,Myc,Rplp1,1.0
17651,Myc,Rps10,1.0
17652,Myc,Rps12,1.0
17653,Myc,Rps13,1.0
17654,Myc,Rps14,1.0
17655,Myc,Rps15,1.0
17656,Myc,Rps15a,1.0
17657,Myc,Rps16,1.0
17658,Myc,Rps19,1.0
17659,Myc,Rps20,1.0
17660,Myc,Rps23,1.0
17661,Myc,Rps6,1.0
17662,Myc,Rps6ka6,1.0
17663,Myc,Rps7,1.0
17664,Myc,Rps9,1.0
17665,Myc,Runx3,1.0
17666,Myc,Ruvbl2,1.0
17667,Myc,Ryk,1.0
17668,Myc,S1pr1,1.0
17669,Myc,Sae1,1.0
17670,Myc,Sart3,1.0
17671,Myc,Scarb1,1.0
17672,Myc,Sec23b,1.0
17673,Myc,Serpine1,1.0
17674,Myc,Serpini1,1.0
17675,Myc,Sfmbt1,1.0
17676,Myc,Sfrp1,-1.0
17677,Myc,Sfrp2,1.0
17678,Myc,Sfxn3,1.0
17679,Myc,Sgk1,1.0
17680,Myc,Shmt1,1.0
17681,Myc,Shmt2,1.0
17682,Myc,Sim2,1.0
17683,Myc,Sirt1,1.0
17684,Myc,Sirt2,1.0
17685,Myc,Skp2,1.0
17686,Myc,Sla,1.0
17687,Myc,Slbp,1.0
17688,Myc,Slc11a1,-1.0
17689,Myc,Slc19a1,1.0
17690,Myc,Slc25a1,1.0
17691,Myc,Slc25a28,1.0
17692,Myc,Slc25a3,1.0
17693,Myc,Slc25a4,1.0
17694,Myc,Slc25a5,1.0
17695,Myc,Slc2a1,1.0
17696,Myc,Slc2a4,1.0
17697,Myc,Slc4a2,1.0
17698,Myc,Slc9c1,1.0
17699,Myc,Slit1,1.0
17700,Myc,Smad2,1.0
17701,Myc,Smad7,1.0
17702,Myc,Smarca1,1.0
17703,Myc,Smarca4,1.0
17704,Myc,Smarcad1,1.0
17705,Myc,Smn1,1.0
17706,Myc,Snai1,1.0
17707,Myc,Snrpb,1.0
17708,Myc,Snrpb2,1.0
17709,Myc,Snrpd3,1.0
17710,Myc,Snx1,1.0
17711,Myc,Sox2,1.0
17712,Myc,Sox9,1.0
17713,Myc,Sp3,-1.0
17714,Myc,Spast,1.0
17715,Myc,Spp1,1.0
17716,Myc,Spta1,1.0
17717,Myc,Sqstm1,1.0
17718,Myc,Srd5a1,1.0
17719,Myc,Srm,1.0
17720,Myc,Srsf1,1.0
17721,Myc,Srsf2,1.0
17722,Myc,St3gal1,1.0
17723,Myc,St3gal3,1.0
17724,Myc,St3gal4,1.0
17725,Myc,Stat3,1.0
17726,Myc,Stat6,1.0
17727,Myc,Sting1,1.0
17728,Myc,Stmn1,1.0
17729,Myc,Sumo2,1.0
17730,Myc,Surf1,1.0
17731,Myc,Surf2,1.0
17732,Myc,Surf6,1.0
17733,Myc,Syngr2,1.0
17734,Myc,Taf4b,1.0
17735,Myc,Taf8,1.0
17736,Myc,Tat,1.0
17737,Myc,Tbx3,1.0
17738,Myc,Tceal7,1.0
17739,Myc,Tcf12,1.0
17740,Myc,Tcf3,1.0
17741,Myc,Tcirg1,1.0
17742,Myc,Tcp10c,1.0
17743,Myc,Tert,1.0
17744,Myc,Tfam,1.0
17745,Myc,Tfap4,1.0
17746,Myc,Tff2,1.0
17747,Myc,Tfpi2,1.0
17748,Myc,Tfrc,1.0
17749,Myc,Tgfa,1.0
17750,Myc,Tgfb1,1.0
17751,Myc,Tgfb2,1.0
17752,Myc,Tgfb3,1.0
17753,Myc,Thap11,1.0
17754,Myc,Thbs1,-1.0
17755,Myc,Thbs4,1.0
17756,Myc,Thpo,1.0
17757,Myc,Thrap3,1.0
17758,Myc,Tiam1,1.0
17759,Myc,Timm17a,1.0
17760,Myc,Timp2,1.0
17761,Myc,Tjp2,1.0
17762,Myc,Tkt,1.0
17763,Myc,Tle4,1.0
17764,Myc,Tlx1,1.0
17765,Myc,Tmeff2,-1.0
17766,Myc,Tmem126a,1.0
17767,Myc,Tnf,1.0
17768,Myc,Tnfrsf10b,1.0
17769,Myc,Tnfrsf8,1.0
17770,Myc,Tnfsf11,1.0
17771,Myc,Tomm20,1.0
17772,Myc,Top1,1.0
17773,Myc,Top1mt,1.0
17774,Myc,Tpd52,-1.0
17775,Myc,Tpi1,1.0
17776,Myc,Tpm1,-1.0
17777,Myc,Tpm2,1.0
17778,Myc,Traf6,1.0
17779,Myc,Trak1,1.0
17780,Myc,Trap1,1.0
17781,Myc,Trp53,1.0
17782,Myc,Trp53bp1,1.0
17783,Myc,Trp53inp1,-1.0
17784,Myc,Trp73,1.0
17785,Myc,Trpc4ap,1.0
17786,Myc,Trrap,1.0
17787,Myc,Tsc2,1.0
17788,Myc,Tsc22d3,1.0
17789,Myc,Tsfm,1.0
17790,Myc,Tspo,1.0
17791,Myc,Tubg2,1.0
17792,Myc,Txn1,1.0
17793,Myc,Tyms,1.0
17794,Myc,U2surp,1.0
17795,Myc,Ube2c,1.0
17796,Myc,Ube2s,1.0
17797,Myc,Ube3a,1.0
17798,Myc,Ubtf,1.0
17799,Myc,Ucn2,1.0
17800,Myc,Ucp1,1.0
17801,Myc,Ucp3,1.0
17802,Myc,Ung,1.0
17803,Myc,Urod,1.0
17804,Myc,Usp22,1.0
17805,Myc,Uxt,1.0
17806,Myc,Vamp2,1.0
17807,Myc,Vav1,1.0
17808,Myc,Vcam1,1.0
17809,Myc,Vegfa,1.0
17810,Myc,Vhl,1.0
17811,Myc,Vps72,1.0
17812,Myc,Wdr36,1.0
17813,Myc,Wdr5,1.0
17814,Myc,Wif1,1.0
17815,Myc,Wnt10b,1.0
17816,Myc,Wnt2,1.0
17817,Myc,Wnt4,1.0
17818,Myc,Wrn,1.0
17819,Myc,Wt1,1.0
17820,Myc,Xpo1,1.0
17821,Myc,Xrcc2,1.0
17822,Myc,Xrcc4,1.0
17823,Myc,Xrcc5,-1.0
17824,Myc,Ybx1,1.0
17825,Myc,Ybx2,1.0
17826,Myc,Ybx3,1.0
17827,Myc,Ywhae,1.0
17828,Myc,Zfp146,1.0
17829,Myc,Zfp36,1.0
17830,Myc,Zfp36l1,-1.0
17831,Myc,Zfp451,1.0
17832,Myc,Zxdb,-1.0
17833,Myc,mt-Atp6,1.0
17834,Mycl,Kcnq4,-1.0
17835,Mycl,Rlf,1.0
17836,Myf5,Atp9a,1.0
17837,Myf5,Atp9b,1.0
17838,Myf5,Ccnd3,1.0
17839,Myf5,Cdh15,1.0
17840,Myf5,Ckm,1.0
17841,Myf5,Des,1.0
17842,Myf5,Fastk,1.0
17843,Myf5,Fgf4,1.0
17844,Myf5,Foxe1,1.0
17845,Myf5,Igfbp5,1.0
17846,Myf5,Mef2a,1.0
17847,Myf5,Mycl,1.0
17848,Myf5,Myf6,1.0
17849,Myf5,Myl4,1.0
17850,Myf5,Myod1,1.0
17851,Myf5,Myog,1.0
17852,Myf5,Neu1,1.0
17853,Myf5,Pdgfa,1.0
17854,Myf5,Prkaca,1.0
17855,Myf5,Rrad,1.0
17856,Myf5,Runx1,1.0
17857,Myf5,Shh,1.0
17858,Myf5,Sp7,1.0
17859,Myf5,Vgll2,1.0
17860,Myf5,Vgll3,1.0
17861,Myf5,Wnt2,1.0
17862,Myf6,Acacb,1.0
17863,Myf6,Cdkn1a,-1.0
17864,Myf6,Ckm,1.0
17865,Myf6,Des,1.0
17866,Myf6,Fgf2,1.0
17867,Myf6,Mapk1,1.0
17868,Myf6,Mef2a,1.0
17869,Myf6,Myf5,1.0
17870,Myf6,Myod1,1.0
17871,Myf6,Myog,-1.0
17872,Myf6,Scn8a,1.0
17873,Myf6,Tkt,1.0
17874,Myf6,Trp73,1.0
17875,Myocd,Acta2,1.0
17876,Myocd,Actg2,1.0
17877,Myocd,Bmp10,1.0
17878,Myocd,Cnn1,1.0
17879,Myocd,Itga8,1.0
17880,Myocd,Mylk,1.0
17881,Myocd,Sgca,1.0
17882,Myocd,Tagln,1.0
17883,Myod1,Acacb,1.0
17884,Myod1,Ache,1.0
17885,Myod1,Acsl5,1.0
17886,Myod1,Acta2,1.0
17887,Myod1,Actc1,1.0
17888,Myod1,Adra1d,1.0
17889,Myod1,Agt,1.0
17890,Myod1,Akt1,1.0
17891,Myod1,Akt2,1.0
17892,Myod1,Ank1,1.0
17893,Myod1,Ankrd2,1.0
17894,Myod1,Arnt,1.0
17895,Myod1,Atp9a,1.0
17896,Myod1,Atp9b,1.0
17897,Myod1,Barx2,1.0
17898,Myod1,Bcl2,1.0
17899,Myod1,Bcl2l1,1.0
17900,Myod1,Brca1,1.0
17901,Myod1,Brca2,1.0
17902,Myod1,Cand2,1.0
17903,Myod1,Ccnb1,-1.0
17904,Myod1,Ccnd1,1.0
17905,Myod1,Ccnd3,1.0
17906,Myod1,Ccne1,1.0
17907,Myod1,Cdh15,1.0
17908,Myod1,Cdk2,1.0
17909,Myod1,Cdkn1a,1.0
17910,Myod1,Cdkn1c,1.0
17911,Myod1,Cfap410,1.0
17912,Myod1,Chrng,1.0
17913,Myod1,Ckm,1.0
17914,Myod1,Ckmt2,1.0
17915,Myod1,Coro1c,1.0
17916,Myod1,Ctsb,1.0
17917,Myod1,Ddx5,1.0
17918,Myod1,Des,-1.0
17919,Myod1,Dhx9,1.0
17920,Myod1,Dkk4,1.0
17921,Myod1,Dld,1.0
17922,Myod1,Dll1,1.0
17923,Myod1,Dmd,1.0
17924,Myod1,Dnase1,1.0
17925,Myod1,Dusp1,1.0
17926,Myod1,E2f1,1.0
17927,Myod1,Ehmt2,1.0
17928,Myod1,Eya2,1.0
17929,Myod1,Fastk,1.0
17930,Myod1,Fgf1,1.0
17931,Myod1,Fgf4,1.0
17932,Myod1,Flt3l,1.0
17933,Myod1,Fos,-1.0
17934,Myod1,Fsd1,1.0
17935,Myod1,Fst,1.0
17936,Myod1,G6pc2,1.0
17937,Myod1,Gabrb3,1.0
17938,Myod1,H2-T23,1.0
17939,Myod1,Hbegf,1.0
17940,Myod1,Hrh3,1.0
17941,Myod1,Igfbp5,1.0
17942,Myod1,Inpp5k,1.0
17943,Myod1,Inppl1,1.0
17944,Myod1,Irs1,1.0
17945,Myod1,Itga7,1.0
17946,Myod1,Jun,1.0
17947,Myod1,Kat2b,1.0
17948,Myod1,Maf,1.0
17949,Myod1,Mafb,1.0
17950,Myod1,Mapk1,1.0
17951,Myod1,Mapk12,1.0
17952,Myod1,Mapk14,1.0
17953,Myod1,Mef2a,1.0
17954,Myod1,Mef2c,1.0
17955,Myod1,Mlc1,1.0
17956,Myod1,Mos,1.0
17957,Myod1,Mstn,1.0
17958,Myod1,Musk,1.0
17959,Myod1,Mustn1,1.0
17960,Myod1,Mvp,1.0
17961,Myod1,Mycl,1.0
17962,Myod1,Myf5,-1.0
17963,Myod1,Myf6,1.0
17964,Myod1,Myh13,1.0
17965,Myod1,Myh7,1.0
17966,Myod1,Myh7b,1.0
17967,Myod1,Myl2,1.0
17968,Myod1,Myl4,1.0
17969,Myod1,Myocd,1.0
17970,Myod1,Myog,1.0
17971,Myod1,Neu1,1.0
17972,Myod1,Nf1,1.0
17973,Myod1,Ngfr,1.0
17974,Myod1,Notch3,1.0
17975,Myod1,Nptx1,1.0
17976,Myod1,P2ry4,1.0
17977,Myod1,Pax7,1.0
17978,Myod1,Phb2,1.0
17979,Myod1,Pik3c3,1.0
17980,Myod1,Pik3r1,1.0
17981,Myod1,Pja1,1.0
17982,Myod1,Plau,1.0
17983,Myod1,Ppargc1a,1.0
17984,Myod1,Prkaca,1.0
17985,Myod1,Psen1,1.0
17986,Myod1,Psmd4,1.0
17987,Myod1,Pvr,1.0
17988,Myod1,Pycard,1.0
17989,Myod1,Ranbp17,1.0
17990,Myod1,Ranbp2,1.0
17991,Myod1,Rb1,1.0
17992,Myod1,Rbm38,1.0
17993,Myod1,Reck,-1.0
17994,Myod1,Rrad,1.0
17995,Myod1,Runx1,1.0
17996,Myod1,S100a8,1.0
17997,Myod1,Selenow,1.0
17998,Myod1,Sfmbt1,1.0
17999,Myod1,Sgca,1.0
18000,Myod1,Sgcg,1.0
18001,Myod1,Six1,1.0
18002,Myod1,Slc2a1,-1.0
18003,Myod1,Slc2a4,1.0
18004,Myod1,Slc6a6,1.0
18005,Myod1,Slc9a2,1.0
18006,Myod1,Smarca1,1.0
18007,Myod1,Smarca4,1.0
18008,Myod1,Snw1,1.0
18009,Myod1,Sp1,-1.0
18010,Myod1,Sp7,1.0
18011,Myod1,Stab1,1.0
18012,Myod1,Tcap,1.0
18013,Myod1,Toe1,1.0
18014,Myod1,Trim72,1.0
18015,Myod1,Trp53bp1,1.0
18016,Myod1,Trp73,1.0
18017,Myod1,Ucp2,1.0
18018,Myod1,Ucp3,1.0
18019,Myod1,Vegfa,1.0
18020,Myod1,Vgll2,-1.0
18021,Myog,Acacb,1.0
18022,Myog,Ache,1.0
18023,Myog,Ager,1.0
18024,Myog,Akt2,1.0
18025,Myog,Art1,1.0
18026,Myog,Atp2a1,-1.0
18027,Myog,Avp,1.0
18028,Myog,Barx2,1.0
18029,Myog,Calm1,1.0
18030,Myog,Cav3,1.0
18031,Myog,Ccnd3,1.0
18032,Myog,Cdh15,1.0
18033,Myog,Cdkn1a,-1.0
18034,Myog,Celf1,1.0
18035,Myog,Chrng,1.0
18036,Myog,Ckm,1.0
18037,Myog,Dach2,1.0
18038,Myog,Des,1.0
18039,Myog,Fbxo32,1.0
18040,Myog,Fgf8,1.0
18041,Myog,Fos,-1.0
18042,Myog,Gata4,1.0
18043,Myog,Hjv,1.0
18044,Myog,Id2,1.0
18045,Myog,Igf1,1.0
18046,Myog,Isyna1,1.0
18047,Myog,Itga7,1.0
18048,Myog,Jun,1.0
18049,Myog,Map1b,1.0
18050,Myog,Mapk12,1.0
18051,Myog,Mef2a,1.0
18052,Myog,Mef2c,1.0
18053,Myog,Megf10,1.0
18054,Myog,Mlc1,1.0
18055,Myog,Mstn,1.0
18056,Myog,Musk,1.0
18057,Myog,Mustn1,1.0
18058,Myog,Myf5,1.0
18059,Myog,Myf6,1.0
18060,Myog,Myl1,1.0
18061,Myog,Myl4,1.0
18062,Myog,Myod1,1.0
18063,Myog,Nppa,1.0
18064,Myog,Pax7,1.0
18065,Myog,Pias1,1.0
18066,Myog,Scn5a,1.0
18067,Myog,Sdc1,1.0
18068,Myog,Sgca,1.0
18069,Myog,Slc25a5,1.0
18070,Myog,Slc2a3,-1.0
18071,Myog,Smarca4,1.0
18072,Myog,Smyd1,1.0
18073,Myog,Tcap,1.0
18074,Myog,Tnfrsf11a,1.0
18075,Myog,Tpm2,1.0
18076,Myog,Trim63,1.0
18077,Myog,Trim72,1.0
18078,Myog,Trp53bp1,1.0
18079,Myog,Ucp2,1.0
18080,Myog,Ucp3,1.0
18081,Myog,Vgll2,-1.0
18082,Myrf,Adam2,1.0
18083,Myrf,Cdr2,1.0
18084,Myrf,Col5a2,1.0
18085,Myrf,Fgf2,1.0
18086,Myrf,Myf6,1.0
18087,Myrf,Myh7b,1.0
18088,Myrf,Myog,1.0
18089,Myrf,Smarca4,1.0
18090,Myrf,Stab1,1.0
18091,Myt1,Ache,1.0
18092,Myt1,Gcg,1.0
18093,Myt1,Kdm1a,1.0
18094,Myt1,Mbp,1.0
18095,Myt1,Neurog3,1.0
18096,Myt1,Opalin,1.0
18097,Myt1,Plp1,1.0
18098,Myt1,Pten,1.0
18099,Myt1,Yap1,-1.0
18100,Myt1l,Hes1,-1.0
18101,Myt1l,Yap1,-1.0
18102,Mzf1,Axl,1.0
18103,Mzf1,Blmh,1.0
18104,Mzf1,Ccn2,1.0
18105,Mzf1,Ccn3,1.0
18106,Mzf1,Cd320,1.0
18107,Mzf1,Cd34,1.0
18108,Mzf1,Cdh2,1.0
18109,Mzf1,Eif2ak1,-1.0
18110,Mzf1,Ercc1,-1.0
18111,Mzf1,Fgf2,1.0
18112,Mzf1,Mmp2,-1.0
18113,Mzf1,Ms4a3,1.0
18114,Mzf1,Muc1,1.0
18115,Mzf1,Myb,1.0
18116,Mzf1,Padi1,1.0
18117,Mzf1,Pik3r3,1.0
18118,Mzf1,Pkd1,1.0
18119,Mzf1,Prkca,1.0
18120,Mzf1,Sell,1.0
18121,Mzf1,St6galnac4,1.0
18122,Mzf1,Tert,-1.0
18123,NFKB,Aanat,1.0
18124,NFKB,Abca1,-1.0
18125,NFKB,Abcc8,1.0
18126,NFKB,Abcg1,1.0
18127,NFKB,Abl1,1.0
18128,NFKB,Abl2,1.0
18129,NFKB,Ache,1.0
18130,NFKB,Ackr3,1.0
18131,NFKB,Acp5,1.0
18132,NFKB,Adam12,1.0
18133,NFKB,Adam17,1.0
18134,NFKB,Adamts5,1.0
18135,NFKB,Adgrg3,1.0
18136,NFKB,Adora1,1.0
18137,NFKB,Adora2a,1.0
18138,NFKB,Adora3,1.0
18139,NFKB,Adra1d,1.0
18140,NFKB,Ager,1.0
18141,NFKB,Agr2,1.0
18142,NFKB,Agt,1.0
18143,NFKB,Agtrap,1.0
18144,NFKB,Ahr,1.0
18145,NFKB,Aire,1.0
18146,NFKB,Akip1,1.0
18147,NFKB,Akr1b1,1.0
18148,NFKB,Akt1,-1.0
18149,NFKB,Akt2,-1.0
18150,NFKB,Alb,1.0
18151,NFKB,Alcam,1.0
18152,NFKB,Alox12,1.0
18153,NFKB,Alox5,-1.0
18154,NFKB,Alox5ap,1.0
18155,NFKB,Amh,1.0
18156,NFKB,Amigo2,1.0
18157,NFKB,Ankrd1,1.0
18158,NFKB,Ankrd2,1.0
18159,NFKB,Ap3b1,1.0
18160,NFKB,Apex1,1.0
18161,NFKB,Apoa1,1.0
18162,NFKB,Apoc3,1.0
18163,NFKB,Apoe,1.0
18164,NFKB,App,1.0
18165,NFKB,Appl1,1.0
18166,NFKB,Aprt,1.0
18167,NFKB,Aqp2,1.0
18168,NFKB,Aqp5,1.0
18169,NFKB,Ar,-1.0
18170,NFKB,Arhgdia,1.0
18171,NFKB,Arrb2,1.0
18172,NFKB,Atf3,1.0
18173,NFKB,Atf6,1.0
18174,NFKB,Atm,1.0
18175,NFKB,Atp12a,-1.0
18176,NFKB,Atraid,1.0
18177,NFKB,Avp,1.0
18178,NFKB,B2m,1.0
18179,NFKB,Bace1,-1.0
18180,NFKB,Bad,1.0
18181,NFKB,Bag1,1.0
18182,NFKB,Bak1,1.0
18183,NFKB,Banp,1.0
18184,NFKB,Bax,-1.0
18185,NFKB,Bcl10,1.0
18186,NFKB,Bcl2,-1.0
18187,NFKB,Bcl2l1,1.0
18188,NFKB,Bcl2l11,-1.0
18189,NFKB,Bcl2l2,1.0
18190,NFKB,Bcl3,1.0
18191,NFKB,Bclaf1,1.0
18192,NFKB,Bcr,1.0
18193,NFKB,Bdkrb1,1.0
18194,NFKB,Bdnf,1.0
18195,NFKB,Becn1,1.0
18196,NFKB,Bgn,1.0
18197,NFKB,Bhlhe40,1.0
18198,NFKB,Birc2,1.0
18199,NFKB,Birc3,1.0
18200,NFKB,Birc5,1.0
18201,NFKB,Blk,1.0
18202,NFKB,Blvra,1.0
18203,NFKB,Bmp2,1.0
18204,NFKB,Bmp4,-1.0
18205,NFKB,Bnip3,-1.0
18206,NFKB,Brca2,1.0
18207,NFKB,Brms1,-1.0
18208,NFKB,Bst1,1.0
18209,NFKB,Btg2,1.0
18210,NFKB,Btk,1.0
18211,NFKB,Btrc,1.0
18212,NFKB,C3,1.0
18213,NFKB,C4b,1.0
18214,NFKB,Cadm1,1.0
18215,NFKB,Calca,1.0
18216,NFKB,Calcb,1.0
18217,NFKB,Calcr,1.0
18218,NFKB,Calm1,1.0
18219,NFKB,Camk2d,1.0
18220,NFKB,Camk4,1.0
18221,NFKB,Capns1,1.0
18222,NFKB,Car2,1.0
18223,NFKB,Card10,1.0
18224,NFKB,Carm1,1.0
18225,NFKB,Casp1,1.0
18226,NFKB,Casp14,1.0
18227,NFKB,Casp3,1.0
18228,NFKB,Casp4,1.0
18229,NFKB,Casp7,1.0
18230,NFKB,Casp8,-1.0
18231,NFKB,Casp9,1.0
18232,NFKB,Cav1,1.0
18233,NFKB,Cbs,1.0
18234,NFKB,Cbx5,1.0
18235,NFKB,Cck,1.0
18236,NFKB,Ccl1,1.0
18237,NFKB,Ccl11,1.0
18238,NFKB,Ccl17,1.0
18239,NFKB,Ccl19,1.0
18240,NFKB,Ccl20,1.0
18241,NFKB,Ccl22,-1.0
18242,NFKB,Ccl3,1.0
18243,NFKB,Ccl4,1.0
18244,NFKB,Ccl5,1.0
18245,NFKB,Ccn1,1.0
18246,NFKB,Ccn2,-1.0
18247,NFKB,Ccn3,1.0
18248,NFKB,Ccnb1,1.0
18249,NFKB,Ccnb2,1.0
18250,NFKB,Ccnd1,1.0
18251,NFKB,Ccnd2,1.0
18252,NFKB,Ccne1,-1.0
18253,NFKB,Ccng1,1.0
18254,NFKB,Ccr2,1.0
18255,NFKB,Ccr3,1.0
18256,NFKB,Ccr5,1.0
18257,NFKB,Ccr7,1.0
18258,NFKB,Cd14,1.0
18259,NFKB,Cd2,1.0
18260,NFKB,Cd200,1.0
18261,NFKB,Cd274,1.0
18262,NFKB,Cd28,1.0
18263,NFKB,Cd38,1.0
18264,NFKB,Cd3e,1.0
18265,NFKB,Cd3g,1.0
18266,NFKB,Cd4,-1.0
18267,NFKB,Cd40,1.0
18268,NFKB,Cd40lg,1.0
18269,NFKB,Cd44,1.0
18270,NFKB,Cd46,1.0
18271,NFKB,Cd69,1.0
18272,NFKB,Cd74,1.0
18273,NFKB,Cd79b,1.0
18274,NFKB,Cd80,1.0
18275,NFKB,Cd82,1.0
18276,NFKB,Cd83,1.0
18277,NFKB,Cd86,1.0
18278,NFKB,Cd8a,1.0
18279,NFKB,Cdc25b,1.0
18280,NFKB,Cdc42,1.0
18281,NFKB,Cdh1,1.0
18282,NFKB,Cdh2,1.0
18283,NFKB,Cdk2,1.0
18284,NFKB,Cdk4,1.0
18285,NFKB,Cdk6,1.0
18286,NFKB,Cdk9,1.0
18287,NFKB,Cdkn1a,-1.0
18288,NFKB,Cdkn1b,1.0
18289,NFKB,Cdkn2a,-1.0
18290,NFKB,Cdx1,1.0
18291,NFKB,Cdx2,-1.0
18292,NFKB,Cebpa,1.0
18293,NFKB,Cebpd,1.0
18294,NFKB,Cert1,1.0
18295,NFKB,Cfap20,1.0
18296,NFKB,Cfi,1.0
18297,NFKB,Cflar,1.0
18298,NFKB,Cftr,1.0
18299,NFKB,Chfr,1.0
18300,NFKB,Chi3l1,1.0
18301,NFKB,Chrna7,1.0
18302,NFKB,Chst2,1.0
18303,NFKB,Chuk,1.0
18304,NFKB,Ciita,1.0
18305,NFKB,Cish,1.0
18306,NFKB,Cited2,1.0
18307,NFKB,Ckm,1.0
18308,NFKB,Cldn5,-1.0
18309,NFKB,Clpp,1.0
18310,NFKB,Clpx,1.0
18311,NFKB,Clspn,1.0
18312,NFKB,Cnr1,1.0
18313,NFKB,Cntf,1.0
18314,NFKB,Col10a1,-1.0
18315,NFKB,Col1a1,-1.0
18316,NFKB,Col1a2,-1.0
18317,NFKB,Col2a1,-1.0
18318,NFKB,Col7a1,1.0
18319,NFKB,Comt,-1.0
18320,NFKB,Coq7,1.0
18321,NFKB,Cpne1,1.0
18322,NFKB,Cr2,1.0
18323,NFKB,Creb1,-1.0
18324,NFKB,Creb3,1.0
18325,NFKB,Crebbp,1.0
18326,NFKB,Crh,1.0
18327,NFKB,Crhr1,1.0
18328,NFKB,Crmp1,1.0
18329,NFKB,Crp,1.0
18330,NFKB,Crygc,1.0
18331,NFKB,Csf1,-1.0
18332,NFKB,Csf2,1.0
18333,NFKB,Csf3,1.0
18334,NFKB,Csn2,-1.0
18335,NFKB,Csnk1a1,1.0
18336,NFKB,Csnk2a1,1.0
18337,NFKB,Csrp1,1.0
18338,NFKB,Ctcf,-1.0
18339,NFKB,Ctnnb1,1.0
18340,NFKB,Ctsb,1.0
18341,NFKB,Cx3cl1,1.0
18342,NFKB,Cxcl10,1.0
18343,NFKB,Cxcl11,1.0
18344,NFKB,Cxcl12,1.0
18345,NFKB,Cxcl13,1.0
18346,NFKB,Cxcl14,1.0
18347,NFKB,Cxcl5,1.0
18348,NFKB,Cxcl9,1.0
18349,NFKB,Cxcr2,1.0
18350,NFKB,Cxcr4,1.0
18351,NFKB,Cxcr5,1.0
18352,NFKB,Cyba,1.0
18353,NFKB,Cybb,1.0
18354,NFKB,Cyld,1.0
18355,NFKB,Cyp17a1,1.0
18356,NFKB,Cyp19a1,-1.0
18357,NFKB,Cyp1a1,1.0
18358,NFKB,Cyp1a2,-1.0
18359,NFKB,Cyp27b1,1.0
18360,NFKB,Cyp2e1,-1.0
18361,NFKB,Cyp4b1,1.0
18362,NFKB,Dach1,1.0
18363,NFKB,Dapk1,-1.0
18364,NFKB,Dbi,1.0
18365,NFKB,Dclk1,1.0
18366,NFKB,Dcstamp,1.0
18367,NFKB,Ddit3,-1.0
18368,NFKB,Ddx1,1.0
18369,NFKB,Defb25,1.0
18370,NFKB,Dek,1.0
18371,NFKB,Dicer1,1.0
18372,NFKB,Dio2,1.0
18373,NFKB,Dlgap5,1.0
18374,NFKB,Dlst,1.0
18375,NFKB,Dmbt1,1.0
18376,NFKB,Dmp1,1.0
18377,NFKB,Dnmt1,1.0
18378,NFKB,Drd2,1.0
18379,NFKB,Dusp1,1.0
18380,NFKB,Dvl1,1.0
18381,NFKB,Dync1h1,1.0
18382,NFKB,E2f1,1.0
18383,NFKB,E2f3,1.0
18384,NFKB,Ebi3,1.0
18385,NFKB,Ebp,1.0
18386,NFKB,Ecrg4,1.0
18387,NFKB,Edn1,1.0
18388,NFKB,Edn3,1.0
18389,NFKB,Efhd2,1.0
18390,NFKB,Egf,1.0
18391,NFKB,Egfr,1.0
18392,NFKB,Egr1,-1.0
18393,NFKB,Ehf,1.0
18394,NFKB,Ehmt1,1.0
18395,NFKB,Ehmt2,1.0
18396,NFKB,Eif2ak1,1.0
18397,NFKB,Eif2ak2,1.0
18398,NFKB,Eif2b5,1.0
18399,NFKB,Eif4e,1.0
18400,NFKB,Eif4h,1.0
18401,NFKB,Eif5a,1.0
18402,NFKB,Elavl1,1.0
18403,NFKB,Elf3,1.0
18404,NFKB,Eln,-1.0
18405,NFKB,Enpp2,1.0
18406,NFKB,Ep300,1.0
18407,NFKB,Epas1,1.0
18408,NFKB,Epcam,-1.0
18409,NFKB,Ephb2,-1.0
18410,NFKB,Epo,1.0
18411,NFKB,Erap1,1.0
18412,NFKB,Erbb2,1.0
18413,NFKB,Esam,1.0
18414,NFKB,Esr1,-1.0
18415,NFKB,Ets1,1.0
18416,NFKB,Evpl,1.0
18417,NFKB,Ezr,1.0
18418,NFKB,F2,1.0
18419,NFKB,F3,1.0
18420,NFKB,F8,1.0
18421,NFKB,Fabp5,1.0
18422,NFKB,Faf1,1.0
18423,NFKB,Fas,-1.0
18424,NFKB,Fasl,1.0
18425,NFKB,Fbp1,1.0
18426,NFKB,Fcer2a,1.0
18427,NFKB,Fcgr1,1.0
18428,NFKB,Fcgrt,1.0
18429,NFKB,Fgf10,-1.0
18430,NFKB,Fgf16,1.0
18431,NFKB,Fgf2,1.0
18432,NFKB,Fgf7,1.0
18433,NFKB,Fgf8,1.0
18434,NFKB,Fgfr1,1.0
18435,NFKB,Fgg,1.0
18436,NFKB,Flt4,1.0
18437,NFKB,Fmn2,1.0
18438,NFKB,Fmnl2,1.0
18439,NFKB,Fn1,-1.0
18440,NFKB,Fndc3b,1.0
18441,NFKB,Fos,1.0
18442,NFKB,Fosb,1.0
18443,NFKB,Fosl1,1.0
18444,NFKB,Foxa2,1.0
18445,NFKB,Foxo3,1.0
18446,NFKB,Foxp3,1.0
18447,NFKB,Fscn1,1.0
18448,NFKB,Fst,1.0
18449,NFKB,Fstl3,1.0
18450,NFKB,Ftmt,1.0
18451,NFKB,Fus,1.0
18452,NFKB,G0s2,1.0
18453,NFKB,G6pc1,1.0
18454,NFKB,Gabpb2,1.0
18455,NFKB,Gadd45b,1.0
18456,NFKB,Gadd45g,1.0
18457,NFKB,Galk1,1.0
18458,NFKB,Gast,-1.0
18459,NFKB,Gata3,1.0
18460,NFKB,Gc,1.0
18461,NFKB,Gca,1.0
18462,NFKB,Gclc,1.0
18463,NFKB,Gdf15,1.0
18464,NFKB,Gdnf,1.0
18465,NFKB,Gfap,1.0
18466,NFKB,Gfi1,1.0
18467,NFKB,Gfra1,1.0
18468,NFKB,Gh,1.0
18469,NFKB,Gkn2,-1.0
18470,NFKB,Glrx,1.0
18471,NFKB,Gnb1l,1.0
18472,NFKB,Gphb5,1.0
18473,NFKB,Grin1,1.0
18474,NFKB,Grk5,1.0
18475,NFKB,Grp,1.0
18476,NFKB,Gsk3a,1.0
18477,NFKB,Gsk3b,1.0
18478,NFKB,Gtf2b,1.0
18479,NFKB,H2-T23,1.0
18480,NFKB,Hacd3,1.0
18481,NFKB,Hax1,1.0
18482,NFKB,Hbegf,1.0
18483,NFKB,Hcrt,1.0
18484,NFKB,Hdac1,1.0
18485,NFKB,Hdac7,1.0
18486,NFKB,Hes1,1.0
18487,NFKB,Hgf,1.0
18488,NFKB,Hif1a,-1.0
18489,NFKB,Hint1,1.0
18490,NFKB,Hmgb1,1.0
18491,NFKB,Hmgn1,1.0
18492,NFKB,Hmox1,1.0
18493,NFKB,Hnf4a,-1.0
18494,NFKB,Hoxa9,-1.0
18495,NFKB,Hoxc4,1.0
18496,NFKB,Hp,1.0
18497,NFKB,Hpse,1.0
18498,NFKB,Hpse2,1.0
18499,NFKB,Hsd11b1,1.0
18500,NFKB,Hsd11b2,1.0
18501,NFKB,Hsd17b1,-1.0
18502,NFKB,Hsf1,1.0
18503,NFKB,Hsp90aa1,1.0
18504,NFKB,Hsp90ab1,1.0
18505,NFKB,Hsp90b1,1.0
18506,NFKB,Hspa5,1.0
18507,NFKB,Hspb1,1.0
18508,NFKB,Hspd1,1.0
18509,NFKB,Htr1a,1.0
18510,NFKB,Htra1,1.0
18511,NFKB,Htt,1.0
18512,NFKB,Hyal1,1.0
18513,NFKB,Icam1,1.0
18514,NFKB,Icosl,1.0
18515,NFKB,Ier3,1.0
18516,NFKB,Ifnar1,1.0
18517,NFKB,Ifnb1,-1.0
18518,NFKB,Ifng,1.0
18519,NFKB,Ifngr2,1.0
18520,NFKB,Igf1,-1.0
18521,NFKB,Igf1r,-1.0
18522,NFKB,Igf2,1.0
18523,NFKB,Igf2bp2,1.0
18524,NFKB,Igfbp2,1.0
18525,NFKB,Igfbp5,1.0
18526,NFKB,Ikbkb,1.0
18527,NFKB,Ikbke,1.0
18528,NFKB,Ikzf3,1.0
18529,NFKB,Il10,1.0
18530,NFKB,Il12a,1.0
18531,NFKB,Il12b,-1.0
18532,NFKB,Il13,1.0
18533,NFKB,Il15,-1.0
18534,NFKB,Il17a,1.0
18535,NFKB,Il17c,1.0
18536,NFKB,Il18,1.0
18537,NFKB,Il19,1.0
18538,NFKB,Il1a,-1.0
18539,NFKB,Il1b,-1.0
18540,NFKB,Il1r1,1.0
18541,NFKB,Il1rn,1.0
18542,NFKB,Il2,1.0
18543,NFKB,Il20,1.0
18544,NFKB,Il21,1.0
18545,NFKB,Il22ra1,1.0
18546,NFKB,Il23a,1.0
18547,NFKB,Il27,1.0
18548,NFKB,Il2ra,1.0
18549,NFKB,Il2rb,1.0
18550,NFKB,Il3,1.0
18551,NFKB,Il31,1.0
18552,NFKB,Il33,1.0
18553,NFKB,Il4,1.0
18554,NFKB,Il6,-1.0
18555,NFKB,Il7r,1.0
18556,NFKB,Il9,-1.0
18557,NFKB,Ilk,1.0
18558,NFKB,Ing2,1.0
18559,NFKB,Ing4,1.0
18560,NFKB,Insr,1.0
18561,NFKB,Irak1,1.0
18562,NFKB,Irak2,1.0
18563,NFKB,Irak4,1.0
18564,NFKB,Irf1,1.0
18565,NFKB,Irf3,1.0
18566,NFKB,Irf4,1.0
18567,NFKB,Irf7,1.0
18568,NFKB,Irf8,1.0
18569,NFKB,Irs1,1.0
18570,NFKB,Isg15,1.0
18571,NFKB,Isg20,1.0
18572,NFKB,Itch,1.0
18573,NFKB,Itga2,1.0
18574,NFKB,Itgax,1.0
18575,NFKB,Itgb1,1.0
18576,NFKB,Ivl,1.0
18577,NFKB,Jag1,1.0
18578,NFKB,Jak1,1.0
18579,NFKB,Jun,1.0
18580,NFKB,Junb,1.0
18581,NFKB,Kat2b,1.0
18582,NFKB,Kcna4,1.0
18583,NFKB,Kcnh2,1.0
18584,NFKB,Kdm1a,1.0
18585,NFKB,Kdm2a,1.0
18586,NFKB,Kdm2b,1.0
18587,NFKB,Kdr,1.0
18588,NFKB,Keap1,1.0
18589,NFKB,Kifbp,1.0
18590,NFKB,Kirrel2,1.0
18591,NFKB,Kit,1.0
18592,NFKB,Kitl,1.0
18593,NFKB,Klf2,1.0
18594,NFKB,Klf4,1.0
18595,NFKB,Kmt2a,1.0
18596,NFKB,Kmt5c,1.0
18597,NFKB,Krt14,1.0
18598,NFKB,Krt15,1.0
18599,NFKB,Krt35,1.0
18600,NFKB,Krt9,1.0
18601,NFKB,L1cam,1.0
18602,NFKB,Lamc1,1.0
18603,NFKB,Lamtor5,1.0
18604,NFKB,Large1,1.0
18605,NFKB,Lbp,1.0
18606,NFKB,Lbr,1.0
18607,NFKB,Lck,1.0
18608,NFKB,Lcn2,1.0
18609,NFKB,Lct,1.0
18610,NFKB,Lef1,1.0
18611,NFKB,Lep,1.0
18612,NFKB,Lgals1,1.0
18613,NFKB,Lgals3bp,1.0
18614,NFKB,Lgals7,1.0
18615,NFKB,Limd2,1.0
18616,NFKB,Lipe,1.0
18617,NFKB,Lipg,1.0
18618,NFKB,Lox,1.0
18619,NFKB,Lpl,1.0
18620,NFKB,Lrwd1,1.0
18621,NFKB,Lta,1.0
18622,NFKB,Ltb,1.0
18623,NFKB,Ltbr,1.0
18624,NFKB,Ltc4s,-1.0
18625,NFKB,Ltf,1.0
18626,NFKB,Lxn,1.0
18627,NFKB,Ly96,1.0
18628,NFKB,Lzts2,1.0
18629,NFKB,Madcam1,1.0
18630,NFKB,Maf,1.0
18631,NFKB,Malt1,1.0
18632,NFKB,Maml1,1.0
18633,NFKB,Map2k1,1.0
18634,NFKB,Map2k2,1.0
18635,NFKB,Map2k3,1.0
18636,NFKB,Map3k11,1.0
18637,NFKB,Map3k14,1.0
18638,NFKB,Map3k7,1.0
18639,NFKB,Map3k8,1.0
18640,NFKB,Mapk1,1.0
18641,NFKB,Mapk14,1.0
18642,NFKB,Mapk8,1.0
18643,NFKB,Mapk9,1.0
18644,NFKB,Mapre1,1.0
18645,NFKB,Mat2a,1.0
18646,NFKB,Mavs,1.0
18647,NFKB,Mbtps1,1.0
18648,NFKB,Mbtps2,1.0
18649,NFKB,Mcat,1.0
18650,NFKB,Mcl1,1.0
18651,NFKB,Mcm3ap,1.0
18652,NFKB,Mdm2,1.0
18653,NFKB,Me3,1.0
18654,NFKB,Med1,1.0
18655,NFKB,Met,1.0
18656,NFKB,Mgmt,1.0
18657,NFKB,Mif,1.0
18658,NFKB,Mill2,1.0
18659,NFKB,Mme,1.0
18660,NFKB,Mmp12,1.0
18661,NFKB,Mmp13,1.0
18662,NFKB,Mmp14,1.0
18663,NFKB,Mmp2,1.0
18664,NFKB,Mmp9,1.0
18665,NFKB,Mr1,1.0
18666,NFKB,Msh3,1.0
18667,NFKB,Msr1,1.0
18668,NFKB,Mst1r,1.0
18669,NFKB,Mstn,1.0
18670,NFKB,Msx1,1.0
18671,NFKB,Mtdh,1.0
18672,NFKB,Mtr,1.0
18673,NFKB,Muc1,1.0
18674,NFKB,Muc17,1.0
18675,NFKB,Muc2,1.0
18676,NFKB,Muc5ac,1.0
18677,NFKB,Muc5b,1.0
18678,NFKB,Muc6,1.0
18679,NFKB,Myb,1.0
18680,NFKB,Myc,1.0
18681,NFKB,Myd88,1.0
18682,NFKB,Myl2,1.0
18683,NFKB,Mylk,1.0
18684,NFKB,Myocd,-1.0
18685,NFKB,Myod1,1.0
18686,NFKB,Myoz1,1.0
18687,NFKB,Myoz2,1.0
18688,NFKB,Naf1,1.0
18689,NFKB,Nampt,1.0
18690,NFKB,Nanog,1.0
18691,NFKB,Ncam1,1.0
18692,NFKB,Ncor1,1.0
18693,NFKB,Ncor2,1.0
18694,NFKB,Ndrg2,1.0
18695,NFKB,Neurod4,1.0
18696,NFKB,Nfatc1,1.0
18697,NFKB,Nfatc2,1.0
18698,NFKB,Nfe2l2,1.0
18699,NFKB,Nfkb1,1.0
18700,NFKB,Nfkb2,1.0
18701,NFKB,Nfkbia,1.0
18702,NFKB,Nfkbib,1.0
18703,NFKB,Nfkbid,1.0
18704,NFKB,Nfkbie,1.0
18705,NFKB,Nfkbiz,1.0
18706,NFKB,Nfya,1.0
18707,NFKB,Ngb,1.0
18708,NFKB,Ngf,1.0
18709,NFKB,Ngfr,1.0
18710,NFKB,Nkx2-9,1.0
18711,NFKB,Nlk,1.0
18712,NFKB,Nlrp2,1.0
18713,NFKB,Nlrp3,1.0
18714,NFKB,Nod2,1.0
18715,NFKB,Nolc1,1.0
18716,NFKB,Nos1,1.0
18717,NFKB,Nos2,1.0
18718,NFKB,Nos3,1.0
18719,NFKB,Notch1,1.0
18720,NFKB,Noto,1.0
18721,NFKB,Nox1,1.0
18722,NFKB,Nox4,1.0
18723,NFKB,Nphs1,1.0
18724,NFKB,Nppa,1.0
18725,NFKB,Nppb,1.0
18726,NFKB,Npy1r,1.0
18727,NFKB,Nqo1,1.0
18728,NFKB,Nr0b2,1.0
18729,NFKB,Nr1h2,1.0
18730,NFKB,Nr1i2,-1.0
18731,NFKB,Nr3c1,-1.0
18732,NFKB,Nr4a1,1.0
18733,NFKB,Nr4a2,1.0
18734,NFKB,Nr4a3,1.0
18735,NFKB,Nrf1,1.0
18736,NFKB,Nrg1,1.0
18737,NFKB,Ntn1,1.0
18738,NFKB,Nudt6,1.0
18739,NFKB,Oat,1.0
18740,NFKB,Oga,1.0
18741,NFKB,Olfm4,1.0
18742,NFKB,Olr1,1.0
18743,NFKB,Oprd1,1.0
18744,NFKB,Oprm1,1.0
18745,NFKB,Optn,1.0
18746,NFKB,Orai1,1.0
18747,NFKB,Osm,1.0
18748,NFKB,Ostm1,1.0
18749,NFKB,Oxtr,1.0
18750,NFKB,P2ry1,1.0
18751,NFKB,P2ry2,1.0
18752,NFKB,Padi1,1.0
18753,NFKB,Padi4,-1.0
18754,NFKB,Pak1,1.0
18755,NFKB,Parp1,1.0
18756,NFKB,Pck1,-1.0
18757,NFKB,Pck2,-1.0
18758,NFKB,Pcna,1.0
18759,NFKB,Pcyt2,1.0
18760,NFKB,Pdcd4,-1.0
18761,NFKB,Pdcd5,1.0
18762,NFKB,Pde7a,1.0
18763,NFKB,Pdgfa,1.0
18764,NFKB,Pdgfb,1.0
18765,NFKB,Pdgfd,1.0
18766,NFKB,Pdgfra,1.0
18767,NFKB,Pdgfrb,1.0
18768,NFKB,Pdik1l,1.0
18769,NFKB,Pdk1,1.0
18770,NFKB,Pdk4,-1.0
18771,NFKB,Pdlim7,1.0
18772,NFKB,Pecam1,1.0
18773,NFKB,Peg3,1.0
18774,NFKB,Pelp1,1.0
18775,NFKB,Penk,1.0
18776,NFKB,Pgf,1.0
18777,NFKB,Pglyrp2,1.0
18778,NFKB,Pgr,-1.0
18779,NFKB,Phex,1.0
18780,NFKB,Phf5a,1.0
18781,NFKB,Pias1,1.0
18782,NFKB,Pid1,1.0
18783,NFKB,Pigr,1.0
18784,NFKB,Pik3c3,1.0
18785,NFKB,Pik3ca,1.0
18786,NFKB,Pik3r1,1.0
18787,NFKB,Pkd1,1.0
18788,NFKB,Pkm,1.0
18789,NFKB,Pla2g2a,1.0
18790,NFKB,Pla2g4a,1.0
18791,NFKB,Pla2g4c,1.0
18792,NFKB,Plau,1.0
18793,NFKB,Plaur,1.0
18794,NFKB,Plcd1,1.0
18795,NFKB,Plcg2,1.0
18796,NFKB,Pld1,1.0
18797,NFKB,Pld2,1.0
18798,NFKB,Plg,1.0
18799,NFKB,Plin1,1.0
18800,NFKB,Plin2,1.0
18801,NFKB,Plk1,1.0
18802,NFKB,Plk4,1.0
18803,NFKB,Pmaip1,1.0
18804,NFKB,Pml,1.0
18805,NFKB,Pmp22,1.0
18806,NFKB,Polr2f,1.0
18807,NFKB,Pomc,1.0
18808,NFKB,Pou2f1,1.0
18809,NFKB,Pou2f2,1.0
18810,NFKB,Ppara,-1.0
18811,NFKB,Ppard,-1.0
18812,NFKB,Pparg,-1.0
18813,NFKB,Ppargc1a,1.0
18814,NFKB,Ppig,1.0
18815,NFKB,Ppm1d,1.0
18816,NFKB,Ppp1r14a,1.0
18817,NFKB,Ppp1r3a,1.0
18818,NFKB,Ppp2r1a,1.0
18819,NFKB,Prdx1,1.0
18820,NFKB,Preb,1.0
18821,NFKB,Prf1,1.0
18822,NFKB,Prkaa1,1.0
18823,NFKB,Prkaa2,1.0
18824,NFKB,Prkaca,1.0
18825,NFKB,Prkca,1.0
18826,NFKB,Prkcb,1.0
18827,NFKB,Prkcd,1.0
18828,NFKB,Prkce,1.0
18829,NFKB,Prkcg,1.0
18830,NFKB,Prkcq,1.0
18831,NFKB,Prkd3,1.0
18832,NFKB,Prkg1,1.0
18833,NFKB,Prkn,1.0
18834,NFKB,Prnp,1.0
18835,NFKB,Prox1,1.0
18836,NFKB,Psip1,1.0
18837,NFKB,Psma5,1.0
18838,NFKB,Psma6,1.0
18839,NFKB,Psmb10,1.0
18840,NFKB,Psmb9,1.0
18841,NFKB,Ptafr,1.0
18842,NFKB,Ptbp2,1.0
18843,NFKB,Pten,1.0
18844,NFKB,Ptgdr,1.0
18845,NFKB,Ptgds,1.0
18846,NFKB,Ptger4,1.0
18847,NFKB,Ptges,1.0
18848,NFKB,Ptgfr,1.0
18849,NFKB,Ptgs1,1.0
18850,NFKB,Ptgs2,1.0
18851,NFKB,Pthlh,1.0
18852,NFKB,Ptk2,1.0
18853,NFKB,Ptpn1,1.0
18854,NFKB,Ptpn11,1.0
18855,NFKB,Ptpn13,1.0
18856,NFKB,Ptpn6,1.0
18857,NFKB,Ptprc,1.0
18858,NFKB,Ptx3,1.0
18859,NFKB,Puf60,1.0
18860,NFKB,Rac3,1.0
18861,NFKB,Rack1,1.0
18862,NFKB,Rapsn,1.0
18863,NFKB,Rb1,1.0
18864,NFKB,Rbbp4,1.0
18865,NFKB,Rbp4,1.0
18866,NFKB,Rc3h1,1.0
18867,NFKB,Rel,1.0
18868,NFKB,Rela,1.0
18869,NFKB,Relb,1.0
18870,NFKB,Ren1,1.0
18871,NFKB,Reps2,-1.0
18872,NFKB,Retn,1.0
18873,NFKB,Rgs1,1.0
18874,NFKB,Rgs20,1.0
18875,NFKB,Rgs4,1.0
18876,NFKB,Rhd,1.0
18877,NFKB,Ripk1,1.0
18878,NFKB,Ripk2,1.0
18879,NFKB,Rnh1,1.0
18880,NFKB,Rock1,1.0
18881,NFKB,Rps3,1.0
18882,NFKB,Rps6ka4,1.0
18883,NFKB,Rrm2,1.0
18884,NFKB,Rrm2b,1.0
18885,NFKB,Rsf1,1.0
18886,NFKB,Ryk,1.0
18887,NFKB,S100a6,1.0
18888,NFKB,S100g,1.0
18889,NFKB,S1pr1,1.0
18890,NFKB,Samhd1,1.0
18891,NFKB,Sat1,1.0
18892,NFKB,Sdc1,1.0
18893,NFKB,Sdc4,1.0
18894,NFKB,Sdhc,1.0
18895,NFKB,Sele,1.0
18896,NFKB,Selenos,1.0
18897,NFKB,Selp,1.0
18898,NFKB,Serpinb2,1.0
18899,NFKB,Serpine1,1.0
18900,NFKB,Sftpa1,1.0
18901,NFKB,Sgk1,1.0
18902,NFKB,Sh2d1a,1.0
18903,NFKB,Sh3bgrl,1.0
18904,NFKB,Shh,1.0
18905,NFKB,Sin3a,1.0
18906,NFKB,Sirt1,1.0
18907,NFKB,Skp2,1.0
18908,NFKB,Slc16a1,1.0
18909,NFKB,Slc1a2,1.0
18910,NFKB,Slc1a3,1.0
18911,NFKB,Slc22a4,1.0
18912,NFKB,Slc25a1,1.0
18913,NFKB,Slc25a27,1.0
18914,NFKB,Slc25a5,1.0
18915,NFKB,Slc2a1,1.0
18916,NFKB,Slc2a4,1.0
18917,NFKB,Slc31a1,1.0
18918,NFKB,Slc4a4,1.0
18919,NFKB,Slc9a2,1.0
18920,NFKB,Smad3,1.0
18921,NFKB,Smad7,1.0
18922,NFKB,Snai1,1.0
18923,NFKB,Snai2,1.0
18924,NFKB,Snd1,1.0
18925,NFKB,Socs1,1.0
18926,NFKB,Socs3,1.0
18927,NFKB,Sod1,1.0
18928,NFKB,Sod2,1.0
18929,NFKB,Sox9,1.0
18930,NFKB,Sp1,1.0
18931,NFKB,Sp2,1.0
18932,NFKB,Sp3,1.0
18933,NFKB,Sparc,1.0
18934,NFKB,Spn,1.0
18935,NFKB,Spp1,1.0
18936,NFKB,Sptan1,1.0
18937,NFKB,Sptlc2,1.0
18938,NFKB,Sqstm1,1.0
18939,NFKB,Src,1.0
18940,NFKB,Srf,1.0
18941,NFKB,Srxn1,1.0
18942,NFKB,St3gal1,1.0
18943,NFKB,St8sia1,1.0
18944,NFKB,Stat1,1.0
18945,NFKB,Stat3,1.0
18946,NFKB,Stat4,1.0
18947,NFKB,Stat5a,1.0
18948,NFKB,Stat5b,1.0
18949,NFKB,Stat6,1.0
18950,NFKB,Stc1,1.0
18951,NFKB,Stc2,1.0
18952,NFKB,Stk39,1.0
18953,NFKB,Stmn1,1.0
18954,NFKB,Sub1,1.0
18955,NFKB,Sult1e1,1.0
18956,NFKB,Sumo2,1.0
18957,NFKB,Sytl1,1.0
18958,NFKB,Tab1,1.0
18959,NFKB,Tac1,1.0
18960,NFKB,Tac4,1.0
18961,NFKB,Tacr1,1.0
18962,NFKB,Tacstd2,1.0
18963,NFKB,Tafazzin,1.0
18964,NFKB,Tank,1.0
18965,NFKB,Tap1,1.0
18966,NFKB,Tap2,1.0
18967,NFKB,Tapbp,1.0
18968,NFKB,Tbk1,1.0
18969,NFKB,Tbp,1.0
18970,NFKB,Tbx21,1.0
18971,NFKB,Tceal7,1.0
18972,NFKB,Tcirg1,1.0
18973,NFKB,Tec,1.0
18974,NFKB,Terf1,1.0
18975,NFKB,Tert,1.0
18976,NFKB,Tfap2a,1.0
18977,NFKB,Tff1,1.0
18978,NFKB,Tff3,1.0
18979,NFKB,Tfpi2,1.0
18980,NFKB,Tg,1.0
18981,NFKB,Tgfa,1.0
18982,NFKB,Tgfb1,-1.0
18983,NFKB,Tgfbr2,1.0
18984,NFKB,Tgm2,1.0
18985,NFKB,Thbd,-1.0
18986,NFKB,Thbs1,1.0
18987,NFKB,Thoc1,1.0
18988,NFKB,Ticam1,1.0
18989,NFKB,Timp1,-1.0
18990,NFKB,Timp3,1.0
18991,NFKB,Tinf2,1.0
18992,NFKB,Tkt,1.0
18993,NFKB,Tlr2,1.0
18994,NFKB,Tlr3,1.0
18995,NFKB,Tlr4,1.0
18996,NFKB,Tlr5,1.0
18997,NFKB,Tlr7,1.0
18998,NFKB,Tlr9,-1.0
18999,NFKB,Tm9sf2,1.0
19000,NFKB,Tnc,1.0
19001,NFKB,Tnf,1.0
19002,NFKB,Tnfaip2,1.0
19003,NFKB,Tnfaip3,1.0
19004,NFKB,Tnfrsf10b,-1.0
19005,NFKB,Tnfrsf11a,1.0
19006,NFKB,Tnfrsf11b,1.0
19007,NFKB,Tnfrsf13c,1.0
19008,NFKB,Tnfrsf18,1.0
19009,NFKB,Tnfrsf1a,1.0
19010,NFKB,Tnfrsf1b,1.0
19011,NFKB,Tnfrsf4,1.0
19012,NFKB,Tnfrsf9,1.0
19013,NFKB,Tnfsf10,1.0
19014,NFKB,Tnfsf11,1.0
19015,NFKB,Tnfsf12,1.0
19016,NFKB,Tnfsf13,1.0
19017,NFKB,Tnfsf13b,1.0
19018,NFKB,Tnfsf14,1.0
19019,NFKB,Tnfsf15,1.0
19020,NFKB,Tnfsf4,1.0
19021,NFKB,Tnip1,1.0
19022,NFKB,Tnip2,1.0
19023,NFKB,Tnip3,1.0
19024,NFKB,Tradd,1.0
19025,NFKB,Traf1,1.0
19026,NFKB,Traf2,1.0
19027,NFKB,Traf3,1.0
19028,NFKB,Traf5,1.0
19029,NFKB,Traf6,1.0
19030,NFKB,Trem2,1.0
19031,NFKB,Trf,1.0
19032,NFKB,Trib1,1.0
19033,NFKB,Trib3,-1.0
19034,NFKB,Trim21,1.0
19035,NFKB,Trim28,1.0
19036,NFKB,Trim63,1.0
19037,NFKB,Trp53,1.0
19038,NFKB,Trp53bp1,1.0
19039,NFKB,Trp53bp2,1.0
19040,NFKB,Trp63,1.0
19041,NFKB,Trpc1,1.0
19042,NFKB,Trpc6,-1.0
19043,NFKB,Tslp,1.0
19044,NFKB,Tspoap1,1.0
19045,NFKB,Twf1,1.0
19046,NFKB,Twist1,1.0
19047,NFKB,Twsg1,1.0
19048,NFKB,U2af1,1.0
19049,NFKB,Uaca,1.0
19050,NFKB,Ubc,1.0
19051,NFKB,Ube2b,1.0
19052,NFKB,Uchl1,1.0
19053,NFKB,Ucn,1.0
19054,NFKB,Upk1b,1.0
19055,NFKB,Upp1,1.0
19056,NFKB,Usf2,1.0
19057,NFKB,Usp24,1.0
19058,NFKB,Vasp,1.0
19059,NFKB,Vav1,1.0
19060,NFKB,Vcam1,1.0
19061,NFKB,Vegfa,1.0
19062,NFKB,Vegfd,1.0
19063,NFKB,Vim,1.0
19064,NFKB,Vip,1.0
19065,NFKB,Vwf,1.0
19066,NFKB,Wdtc1,1.0
19067,NFKB,Wnt1,1.0
19068,NFKB,Wnt5a,1.0
19069,NFKB,Wt1,1.0
19070,NFKB,Wwox,1.0
19071,NFKB,Xiap,1.0
19072,NFKB,Yy1,-1.0
19073,NFKB,Zeb1,1.0
19074,NFKB,Zfp398,1.0
19075,NFKB,Zic2,1.0
19076,Nab1,Msln,1.0
19077,Nab2,Bcar1,1.0
19078,Nab2,Egr1,-1.0
19079,Nab2,Egr2,-1.0
19080,Nab2,Egr3,-1.0
19081,Nab2,Gfi1,-1.0
19082,Nab2,Rbl2,1.0
19083,Nab2,Tnfsf10,-1.0
19084,Nacc1,Aar2,1.0
19085,Nacc1,Foxq1,1.0
19086,Nacc1,Gadd45a,1.0
19087,Nacc1,Gip,1.0
19088,Nacc2,Mdm2,-1.0
19089,Nanog,Afp,-1.0
19090,Nanog,Ahr,-1.0
19091,Nanog,Atf3,1.0
19092,Nanog,Bcl6,1.0
19093,Nanog,Bmi1,1.0
19094,Nanog,Bmp5,-1.0
19095,Nanog,Ccnd1,1.0
19096,Nanog,Ccnd2,1.0
19097,Nanog,Ccnd3,1.0
19098,Nanog,Ccne1,1.0
19099,Nanog,Cdc25a,-1.0
19100,Nanog,Cdk1,1.0
19101,Nanog,Cdk6,-1.0
19102,Nanog,Cdx2,-1.0
19103,Nanog,Cga,-1.0
19104,Nanog,Cul3,1.0
19105,Nanog,Cxcr4,1.0
19106,Nanog,Dkk1,1.0
19107,Nanog,Dnmt1,1.0
19108,Nanog,Dppa4,1.0
19109,Nanog,E2f1,1.0
19110,Nanog,Epcam,1.0
19111,Nanog,Esrrb,1.0
19112,Nanog,Fgf4,1.0
19113,Nanog,Fgfr2,-1.0
19114,Nanog,Foxa2,-1.0
19115,Nanog,Gata2,-1.0
19116,Nanog,Gata4,-1.0
19117,Nanog,Gata6,-1.0
19118,Nanog,Gdf3,1.0
19119,Nanog,Hes1,1.0
19120,Nanog,Hes3,1.0
19121,Nanog,Jdp2,1.0
19122,Nanog,Jun,-1.0
19123,Nanog,Kdm3a,-1.0
19124,Nanog,Kdr,1.0
19125,Nanog,Klf2,1.0
19126,Nanog,L1td1,1.0
19127,Nanog,Lamb1,-1.0
19128,Nanog,Lhb,-1.0
19129,Nanog,Lxn,-1.0
19130,Nanog,Lyn,1.0
19131,Nanog,Marchf7,1.0
19132,Nanog,Mtf2,1.0
19133,Nanog,Nodal,1.0
19134,Nanog,Nr0b1,1.0
19135,Nanog,Pax6,-1.0
19136,Nanog,Pou5f1,1.0
19137,Nanog,Ptk2,1.0
19138,Nanog,Rlim,1.0
19139,Nanog,Sema6a,1.0
19140,Nanog,Smarcc1,1.0
19141,Nanog,Sox1,1.0
19142,Nanog,Sox17,-1.0
19143,Nanog,Tgfb1,1.0
19144,Nanog,Tob1,-1.0
19145,Nanog,Tor1aip2,-1.0
19146,Nanog,Yes1,1.0
19147,Nanog,Zfp143,1.0
19148,Nanog,Zfp42,1.0
19149,Nanog,Zic3,1.0
19150,Ncoa1,Abca1,1.0
19151,Ncoa1,Adipoq,1.0
19152,Ncoa1,Adrb1,1.0
19153,Ncoa1,Agt,1.0
19154,Ncoa1,Aldob,1.0
19155,Ncoa1,Apoa5,1.0
19156,Ncoa1,Apoc3,1.0
19157,Ncoa1,Ar,1.0
19158,Ncoa1,C3,1.0
19159,Ncoa1,Carm1,1.0
19160,Ncoa1,Ccna2,1.0
19161,Ncoa1,Ccnd1,1.0
19162,Ncoa1,Cd24a,1.0
19163,Ncoa1,Cdk2,1.0
19164,Ncoa1,Cdkn1a,1.0
19165,Ncoa1,Crebbp,1.0
19166,Ncoa1,Crh,1.0
19167,Ncoa1,Csf1,1.0
19168,Ncoa1,Csn2,1.0
19169,Ncoa1,Cyp11a1,1.0
19170,Ncoa1,Cyp7a1,1.0
19171,Ncoa1,Dio1,1.0
19172,Ncoa1,Egfr,1.0
19173,Ncoa1,Ep300,1.0
19174,Ncoa1,Epo,1.0
19175,Ncoa1,Erbb2,1.0
19176,Ncoa1,Errfi1,1.0
19177,Ncoa1,Esr1,1.0
19178,Ncoa1,Esr2,1.0
19179,Ncoa1,Flii,1.0
19180,Ncoa1,Gtf2b,1.0
19181,Ncoa1,Hnf1a,1.0
19182,Ncoa1,Ifng,1.0
19183,Ncoa1,Il6,1.0
19184,Ncoa1,Itga5,1.0
19185,Ncoa1,Kat2b,1.0
19186,Ncoa1,Kdm3a,1.0
19187,Ncoa1,Klf10,1.0
19188,Ncoa1,Lep,1.0
19189,Ncoa1,Ltf,1.0
19190,Ncoa1,Mapk1,1.0
19191,Ncoa1,Med1,1.0
19192,Ncoa1,Mmp2,1.0
19193,Ncoa1,Msh6,1.0
19194,Ncoa1,Ncoa3,1.0
19195,Ncoa1,Nr0b2,1.0
19196,Ncoa1,Nr3c1,1.0
19197,Ncoa1,Nr4a1,1.0
19198,Ncoa1,Nr5a2,1.0
19199,Ncoa1,Nrip1,1.0
19200,Ncoa1,Oga,1.0
19201,Ncoa1,Otc,1.0
19202,Ncoa1,Oxt,1.0
19203,Ncoa1,Pawr,1.0
19204,Ncoa1,Pck2,1.0
19205,Ncoa1,Plac1,1.0
19206,Ncoa1,Polr2f,1.0
19207,Ncoa1,Ppargc1a,1.0
19208,Ncoa1,Ppm1d,1.0
19209,Ncoa1,Psmd4,1.0
19210,Ncoa1,Rac3,1.0
19211,Ncoa1,Rara,1.0
19212,Ncoa1,Rrp8,1.0
19213,Ncoa1,S100b,1.0
19214,Ncoa1,Scnn1a,1.0
19215,Ncoa1,Sele,1.0
19216,Ncoa1,Serpine1,1.0
19217,Ncoa1,Sftpb,1.0
19218,Ncoa1,Sirt1,1.0
19219,Ncoa1,Smarcc1,1.0
19220,Ncoa1,Sra1,1.0
19221,Ncoa1,Src,1.0
19222,Ncoa1,Stc1,1.0
19223,Ncoa1,Tac1,1.0
19224,Ncoa1,Tnf,1.0
19225,Ncoa1,Trp53,1.0
19226,Ncoa1,Twist1,1.0
19227,Ncoa1,Ube2c,1.0
19228,Ncoa1,Ucp1,1.0
19229,Ncoa1,Vegfa,1.0
19230,Ncoa2,Adipoq,1.0
19231,Ncoa2,Akt1,1.0
19232,Ncoa2,Ar,-1.0
19233,Ncoa2,Bcas1,1.0
19234,Ncoa2,Bcl2,1.0
19235,Ncoa2,Bmal1,1.0
19236,Ncoa2,Brpf1,1.0
19237,Ncoa2,Carm1,1.0
19238,Ncoa2,Casp8ap2,1.0
19239,Ncoa2,Cav1,1.0
19240,Ncoa2,Ccnd1,1.0
19241,Ncoa2,Cd38,1.0
19242,Ncoa2,Col2a1,1.0
19243,Ncoa2,Crebbp,1.0
19244,Ncoa2,Cxcr4,1.0
19245,Ncoa2,Dnm1l,1.0
19246,Ncoa2,Dr1,1.0
19247,Ncoa2,Egf,1.0
19248,Ncoa2,Egfr,1.0
19249,Ncoa2,Ep300,1.0
19250,Ncoa2,Erbb2,1.0
19251,Ncoa2,Esr1,1.0
19252,Ncoa2,Esrrg,1.0
19253,Ncoa2,Fgb,1.0
19254,Ncoa2,Flii,1.0
19255,Ncoa2,G6pc1,1.0
19256,Ncoa2,Gria2,1.0
19257,Ncoa2,Grip1,1.0
19258,Ncoa2,Hnf1a,1.0
19259,Ncoa2,Il6,1.0
19260,Ncoa2,Kat2b,1.0
19261,Ncoa2,Kmt5b,1.0
19262,Ncoa2,Msh6,1.0
19263,Ncoa2,Ncoa3,1.0
19264,Ncoa2,Nr1i2,1.0
19265,Ncoa2,Nr1i3,1.0
19266,Ncoa2,Pdlim7,1.0
19267,Ncoa2,Plac1,1.0
19268,Ncoa2,Polr2f,1.0
19269,Ncoa2,Pomc,1.0
19270,Ncoa2,Ppara,1.0
19271,Ncoa2,Ppard,1.0
19272,Ncoa2,Prkaca,1.0
19273,Ncoa2,Psmd4,1.0
19274,Ncoa2,Ptgs2,1.0
19275,Ncoa2,Rac3,1.0
19276,Ncoa2,Rarb,1.0
19277,Ncoa2,Rrp8,1.0
19278,Ncoa2,Serpine1,1.0
19279,Ncoa2,Sftpa1,1.0
19280,Ncoa2,Sftpb,1.0
19281,Ncoa2,Sra1,1.0
19282,Ncoa2,Src,1.0
19283,Ncoa2,Tat,1.0
19284,Ncoa2,Tff3,1.0
19285,Ncoa2,Tgfb1i1,1.0
19286,Ncoa2,Tnf,1.0
19287,Ncoa2,Tnfrsf1a,1.0
19288,Ncoa2,Tnfsf14,1.0
19289,Ncoa2,Ucp3,1.0
19290,Ncoa2,Vegfd,1.0
19291,Ncoa3,Akt1,1.0
19292,Ncoa3,Ar,1.0
19293,Ncoa3,Atad2,1.0
19294,Ncoa3,Bcl2,1.0
19295,Ncoa3,Brca1,1.0
19296,Ncoa3,C4b,1.0
19297,Ncoa3,Cacna1e,1.0
19298,Ncoa3,Calca,1.0
19299,Ncoa3,Carm1,1.0
19300,Ncoa3,Ccdc80,1.0
19301,Ncoa3,Ccnd1,1.0
19302,Ncoa3,Ccne1,1.0
19303,Ncoa3,Cdk1,1.0
19304,Ncoa3,Cdkn1a,1.0
19305,Ncoa3,Chuk,1.0
19306,Ncoa3,Crebbp,1.0
19307,Ncoa3,Cyp1a1,1.0
19308,Ncoa3,Ep300,1.0
19309,Ncoa3,Epo,1.0
19310,Ncoa3,Erbb2,1.0
19311,Ncoa3,Esr1,1.0
19312,Ncoa3,Fcer1g,1.0
19313,Ncoa3,Flii,1.0
19314,Ncoa3,Fshb,1.0
19315,Ncoa3,Gnrh1,1.0
19316,Ncoa3,Grip1,1.0
19317,Ncoa3,Hmox1,1.0
19318,Ncoa3,Hoxc8,1.0
19319,Ncoa3,Igf1r,1.0
19320,Ncoa3,Igfbp3,-1.0
19321,Ncoa3,Il6,1.0
19322,Ncoa3,Irf8,1.0
19323,Ncoa3,Jun,1.0
19324,Ncoa3,Kat2b,1.0
19325,Ncoa3,Krt1,1.0
19326,Ncoa3,Lor,1.0
19327,Ncoa3,Ltf,1.0
19328,Ncoa3,Med1,1.0
19329,Ncoa3,Mmp2,1.0
19330,Ncoa3,Mmp7,1.0
19331,Ncoa3,Msh6,1.0
19332,Ncoa3,Msr1,1.0
19333,Ncoa3,Myh14,1.0
19334,Ncoa3,Nfe2l2,1.0
19335,Ncoa3,Nr1i3,1.0
19336,Ncoa3,Nrip1,1.0
19337,Ncoa3,Pcna,1.0
19338,Ncoa3,Pias1,1.0
19339,Ncoa3,Plac1,1.0
19340,Ncoa3,Pmepa1,1.0
19341,Ncoa3,Polr2f,1.0
19342,Ncoa3,Ppara,1.0
19343,Ncoa3,Ppp1cc,1.0
19344,Ncoa3,Prkaca,1.0
19345,Ncoa3,Psme3,1.0
19346,Ncoa3,Ptk2,1.0
19347,Ncoa3,Rac1,1.0
19348,Ncoa3,Rac3,1.0
19349,Ncoa3,Rrp8,1.0
19350,Ncoa3,Sftpb,1.0
19351,Ncoa3,Snai1,1.0
19352,Ncoa3,Sra1,1.0
19353,Ncoa3,Src,1.0
19354,Ncoa3,Tat,1.0
19355,Ncoa3,Tmprss2,1.0
19356,Ncoa3,Tnf,1.0
19357,Ncoa3,Trp53,1.0
19358,Ncoa3,Ubc,1.0
19359,Ncoa3,Ube2c,1.0
19360,Ncoa3,Vdr,1.0
19361,Ncoa4,Ar,1.0
19362,Ncoa4,Tff1,1.0
19363,Ncoa6,Fos,1.0
19364,Ncoa6,Greb1,1.0
19365,Ncoa6,Hsf1,1.0
19366,Ncor1,Abca1,1.0
19367,Ncor1,Ache,1.0
19368,Ncor1,Alg3,1.0
19369,Ncor1,Ar,1.0
19370,Ncor1,Ascl2,1.0
19371,Ncor1,Bace1,1.0
19372,Ncor1,Bmal1,1.0
19373,Ncor1,Ccnd1,1.0
19374,Ncor1,Ccr4,1.0
19375,Ncor1,Cd44,1.0
19376,Ncor1,Cdk9,1.0
19377,Ncor1,Cdkn1a,1.0
19378,Ncor1,Cga,-1.0
19379,Ncor1,Cnot2,1.0
19380,Ncor1,Cox8a,1.0
19381,Ncor1,Cpt1a,-1.0
19382,Ncor1,Crebbp,1.0
19383,Ncor1,Crh,1.0
19384,Ncor1,Crtc1,1.0
19385,Ncor1,Cxcl10,1.0
19386,Ncor1,Cyp19a1,1.0
19387,Ncor1,Cyp26a1,1.0
19388,Ncor1,Dach1,1.0
19389,Ncor1,Depp1,1.0
19390,Ncor1,Dio1,1.0
19391,Ncor1,Esr1,-1.0
19392,Ncor1,Flt3,1.0
19393,Ncor1,Folr1,-1.0
19394,Ncor1,G0s2,-1.0
19395,Ncor1,Gh,1.0
19396,Ncor1,Hbb-bh1,1.0
19397,Ncor1,Hes1,-1.0
19398,Ncor1,Hesx1,1.0
19399,Ncor1,Hk1,1.0
19400,Ncor1,Hoxc6,1.0
19401,Ncor1,Igf1,1.0
19402,Ncor1,Igfbp3,-1.0
19403,Ncor1,Il1b,1.0
19404,Ncor1,Il2,-1.0
19405,Ncor1,Kdm4a,1.0
19406,Ncor1,Kdr,1.0
19407,Ncor1,Mbd3,1.0
19408,Ncor1,Mmp2,1.0
19409,Ncor1,Mrpl49,1.0
19410,Ncor1,Mrps18b,1.0
19411,Ncor1,Mybl2,1.0
19412,Ncor1,Myod1,1.0
19413,Ncor1,Ncoa3,1.0
19414,Ncor1,Ncor2,1.0
19415,Ncor1,Ndufv1,1.0
19416,Ncor1,Nos2,1.0
19417,Ncor1,Notch1,1.0
19418,Ncor1,Nr3c1,-1.0
19419,Ncor1,Nrf1,1.0
19420,Ncor1,Nrip1,1.0
19421,Ncor1,Oxnad1,1.0
19422,Ncor1,Pdk4,-1.0
19423,Ncor1,Pfkfb1,1.0
19424,Ncor1,Pgr,1.0
19425,Ncor1,Pou1f1,1.0
19426,Ncor1,Pou4f2,1.0
19427,Ncor1,Pparg,-1.0
19428,Ncor1,Ppp1r3a,1.0
19429,Ncor1,Pros1,1.0
19430,Ncor1,Ptgs2,-1.0
19431,Ncor1,Rarb,1.0
19432,Ncor1,Rb1,1.0
19433,Ncor1,Rela,1.0
19434,Ncor1,Runx1t1,1.0
19435,Ncor1,Sap30,1.0
19436,Ncor1,Serpinf1,1.0
19437,Ncor1,Siah2,1.0
19438,Ncor1,Sirt1,1.0
19439,Ncor1,Snai2,-1.0
19440,Ncor1,Srebf1,-1.0
19441,Ncor1,Tbl1x,1.0
19442,Ncor1,Tbl1xr1,1.0
19443,Ncor1,Tgfbrap1,1.0
19444,Ncor1,Tnfrsf13b,1.0
19445,Ncor1,Tnfsf11,-1.0
19446,Ncor1,Trh,1.0
19447,Ncor1,Tshb,1.0
19448,Ncor1,Uimc1,1.0
19449,Ncor1,Ulk3,1.0
19450,Ncor1,Uqcrq,1.0
19451,Ncor1,Wars2,1.0
19452,Ncor2,Abca1,1.0
19453,Ncor2,Ache,1.0
19454,Ncor2,Akt1,1.0
19455,Ncor2,Alg3,1.0
19456,Ncor2,App,1.0
19457,Ncor2,Ar,1.0
19458,Ncor2,Bcor,1.0
19459,Ncor2,Ccnb1,1.0
19460,Ncor2,Ccnd1,1.0
19461,Ncor2,Ccr4,1.0
19462,Ncor2,Cdkn1a,1.0
19463,Ncor2,Cdkn2b,1.0
19464,Ncor2,Chek2,1.0
19465,Ncor2,Cic,1.0
19466,Ncor2,Cnot2,1.0
19467,Ncor2,Crebbp,1.0
19468,Ncor2,Crh,1.0
19469,Ncor2,Cyp1a1,1.0
19470,Ncor2,Cyp24a1,1.0
19471,Ncor2,Dio1,1.0
19472,Ncor2,Ebp,1.0
19473,Ncor2,Esr1,1.0
19474,Ncor2,Folr1,-1.0
19475,Ncor2,Hmgcs2,-1.0
19476,Ncor2,Igf1,1.0
19477,Ncor2,Il12b,1.0
19478,Ncor2,Il1b,1.0
19479,Ncor2,Jarid2,-1.0
19480,Ncor2,Kdr,1.0
19481,Ncor2,Lep,1.0
19482,Ncor2,Litaf,1.0
19483,Ncor2,Lpl,-1.0
19484,Ncor2,Mbd3,1.0
19485,Ncor2,Mmp9,1.0
19486,Ncor2,Nfe2l2,1.0
19487,Ncor2,Nprl3,1.0
19488,Ncor2,Nr0b1,1.0
19489,Ncor2,Nr1i2,1.0
19490,Ncor2,Nr2f1,-1.0
19491,Ncor2,Nrip1,1.0
19492,Ncor2,Pck1,1.0
19493,Ncor2,Pck2,1.0
19494,Ncor2,Pou2af1,1.0
19495,Ncor2,Ppard,-1.0
19496,Ncor2,Pparg,-1.0
19497,Ncor2,Ppargc1a,1.0
19498,Ncor2,Ppm1d,1.0
19499,Ncor2,Pros1,1.0
19500,Ncor2,Rara,1.0
19501,Ncor2,Rarb,1.0
19502,Ncor2,Rhbdf2,1.0
19503,Ncor2,Rorc,1.0
19504,Ncor2,Runx1t1,1.0
19505,Ncor2,Sin3a,1.0
19506,Ncor2,Spen,1.0
19507,Ncor2,Tbl1x,1.0
19508,Ncor2,Tbl1xr1,1.0
19509,Ncor2,Th,1.0
19510,Ncor2,Tnf,1.0
19511,Ncor2,Trh,1.0
19512,Ncor2,Vegfa,1.0
19513,Ndn,Myc,1.0
19514,Neurod1,Abcc8,1.0
19515,Neurod1,Ak1,1.0
19516,Neurod1,Atoh1,-1.0
19517,Neurod1,Bhlhe40,1.0
19518,Neurod1,Cd79a,1.0
19519,Neurod1,Cdkn1a,1.0
19520,Neurod1,Col1a2,1.0
19521,Neurod1,Crebbp,1.0
19522,Neurod1,Dct,1.0
19523,Neurod1,Dld,1.0
19524,Neurod1,Dll1,1.0
19525,Neurod1,Epo,1.0
19526,Neurod1,Fos,1.0
19527,Neurod1,G6pc2,1.0
19528,Neurod1,Gal,1.0
19529,Neurod1,Gap43,1.0
19530,Neurod1,Gcg,1.0
19531,Neurod1,Gck,1.0
19532,Neurod1,Gdnf,1.0
19533,Neurod1,Gh,1.0
19534,Neurod1,Ghrl,1.0
19535,Neurod1,Gjd2,1.0
19536,Neurod1,Gnal,-1.0
19537,Neurod1,Gnrhr,1.0
19538,Neurod1,Hand2,1.0
19539,Neurod1,Hes1,1.0
19540,Neurod1,Iapp,1.0
19541,Neurod1,Igfbp2,1.0
19542,Neurod1,Insm1,1.0
19543,Neurod1,Insm2,1.0
19544,Neurod1,Kcnab2,1.0
19545,Neurod1,Kcnq5,1.0
19546,Neurod1,Mafa,1.0
19547,Neurod1,Map2,1.0
19548,Neurod1,Mapk14,1.0
19549,Neurod1,Mapkapk2,1.0
19550,Neurod1,Mgat5b,1.0
19551,Neurod1,Nampt,1.0
19552,Neurod1,Nes,-1.0
19553,Neurod1,Neurod2,1.0
19554,Neurod1,Neurog2,1.0
19555,Neurod1,Nnat,1.0
19556,Neurod1,Notch1,1.0
19557,Neurod1,Nr0b2,-1.0
19558,Neurod1,Numbl,1.0
19559,Neurod1,Omp,-1.0
19560,Neurod1,Otx2,1.0
19561,Neurod1,Pax6,1.0
19562,Neurod1,Pdx1,1.0
19563,Neurod1,Pdyn,1.0
19564,Neurod1,Pitx1,1.0
19565,Neurod1,Pkd2,1.0
19566,Neurod1,Pomc,1.0
19567,Neurod1,Prph2,1.0
19568,Neurod1,Ptcra,1.0
19569,Neurod1,Scg5,1.0
19570,Neurod1,Sct,1.0
19571,Neurod1,Slit2,1.0
19572,Neurod1,Sox2,-1.0
19573,Neurod1,Sp3,1.0
19574,Neurod1,Sqstm1,1.0
19575,Neurod1,Sst,-1.0
19576,Neurod1,St18,1.0
19577,Neurod1,Thrb,1.0
19578,Neurod1,Tyr,1.0
19579,Neurod1,Tyrp1,1.0
19580,Neurod1,Wnt1,1.0
19581,Neurod2,Cdkn2a,1.0
19582,Neurod2,Gal,1.0
19583,Neurod2,Gap43,1.0
19584,Neurod2,Itpr1,1.0
19585,Neurod2,Itpr3,1.0
19586,Neurod2,Neurod1,1.0
19587,Neurod2,Pdyn,1.0
19588,Neurod2,Pkn1,1.0
19589,Neurod2,Rest,-1.0
19590,Neurod2,Scrt1,1.0
19591,Neurod2,Zeb1,1.0
19592,Neurod4,Fgfr1,1.0
19593,Neurod4,Krt9,1.0
19594,Neurod4,Me3,1.0
19595,Neurod4,Vipr1,1.0
19596,Neurod6,Cdkn1a,1.0
19597,Neurod6,Gal,1.0
19598,Neurod6,Gap43,1.0
19599,Neurod6,Kif5b,1.0
19600,Neurod6,Me1,1.0
19601,Neurod6,Neurod1,1.0
19602,Neurod6,Ngf,1.0
19603,Neurod6,Pcsk6,1.0
19604,Neurod6,Pdyn,1.0
19605,Neurod6,Srgn,1.0
19606,Neurod6,Ybx1,1.0
19607,Neurog1,Ascl1,1.0
19608,Neurog1,Atoh1,1.0
19609,Neurog1,Btbd6,1.0
19610,Neurog1,Cblif,1.0
19611,Neurog1,Chrd,-1.0
19612,Neurog1,Dll1,1.0
19613,Neurog1,Lgr5,1.0
19614,Neurog1,Neurod1,1.0
19615,Neurog1,Neurod2,1.0
19616,Neurog1,Neurog2,1.0
19617,Neurog1,Pcsk6,1.0
19618,Neurog1,Pkm,1.0
19619,Neurog1,Prok2,1.0
19620,Neurog1,Sox2,-1.0
19621,Neurog1,Th,1.0
19622,Neurog1,Vsx2,-1.0
19623,Neurog2,Ascl1,-1.0
19624,Neurog2,Atoh7,1.0
19625,Neurog2,Btg2,1.0
19626,Neurog2,Ccnd1,-1.0
19627,Neurog2,Ccne2,-1.0
19628,Neurog2,Dlk1,-1.0
19629,Neurog2,Dll1,1.0
19630,Neurog2,Dll3,1.0
19631,Neurog2,Elavl4,1.0
19632,Neurog2,Eomes,1.0
19633,Neurog2,Etv1,-1.0
19634,Neurog2,Fezf1,1.0
19635,Neurog2,Fezf2,1.0
19636,Neurog2,Hes1,1.0
19637,Neurog2,Jag2,1.0
19638,Neurog2,Neurod1,1.0
19639,Neurog2,Neurod4,1.0
19640,Neurog2,Pax3,1.0
19641,Neurog2,Pax6,-1.0
19642,Neurog2,Pcsk6,1.0
19643,Neurog2,Rap1b,1.0
19644,Neurog2,Rnd2,1.0
19645,Neurog2,Rtl1,-1.0
19646,Neurog2,Sirt1,1.0
19647,Neurog2,Zbtb18,1.0
19648,Neurog3,Abcc8,1.0
19649,Neurog3,Ash1l,-1.0
19650,Neurog3,Atoh8,1.0
19651,Neurog3,Caps2,1.0
19652,Neurog3,Ccnd1,-1.0
19653,Neurog3,Cdk4,1.0
19654,Neurog3,Cpa1,1.0
19655,Neurog3,Dld,1.0
19656,Neurog3,Dner,1.0
19657,Neurog3,Gast,1.0
19658,Neurog3,Gcg,1.0
19659,Neurog3,Insm1,1.0
19660,Neurog3,Insm2,1.0
19661,Neurog3,Mib1,1.0
19662,Neurog3,Myt1,1.0
19663,Neurog3,Neurod1,1.0
19664,Neurog3,Neurod2,1.0
19665,Neurog3,Neurod4,-1.0
19666,Neurog3,Neurog1,1.0
19667,Neurog3,Neurog2,-1.0
19668,Neurog3,Nhlh1,1.0
19669,Neurog3,Nkx2-2,1.0
19670,Neurog3,Nkx6-1,1.0
19671,Neurog3,Ovol1,1.0
19672,Neurog3,Pax4,1.0
19673,Neurog3,Pax6,1.0
19674,Neurog3,Pcsk6,1.0
19675,Neurog3,Plp1,1.0
19676,Neurog3,Sct,1.0
19677,Neurog3,Sec14l4,1.0
19678,Neurog3,Slc2a10,1.0
19679,Neurog3,Sst,1.0
19680,Neurog3,Vsx2,1.0
19681,Nfat5,Acan,1.0
19682,Nfat5,Acta2,1.0
19683,Nfat5,Akr1b1,1.0
19684,Nfat5,Aqp1,1.0
19685,Nfat5,Aqp2,1.0
19686,Nfat5,Aqp4,1.0
19687,Nfat5,Atm,1.0
19688,Nfat5,B3gat3,1.0
19689,Nfat5,Casp8ap2,1.0
19690,Nfat5,Cd24a,1.0
19691,Nfat5,Cdkn2a,1.0
19692,Nfat5,Cidec,1.0
19693,Nfat5,Cish,1.0
19694,Nfat5,Col2a1,1.0
19695,Nfat5,Cyp2e1,1.0
19696,Nfat5,Ddx17,1.0
19697,Nfat5,Ddx5,1.0
19698,Nfat5,Dhx9,1.0
19699,Nfat5,Dusp16,1.0
19700,Nfat5,Enpp2,1.0
19701,Nfat5,H2-Aa,1.0
19702,Nfat5,Hspa2,1.0
19703,Nfat5,Hspa4,1.0
19704,Nfat5,Iapp,1.0
19705,Nfat5,Il10,1.0
19706,Nfat5,Il6,-1.0
19707,Nfat5,Il7,1.0
19708,Nfat5,Kcnj1,1.0
19709,Nfat5,Lmna,1.0
19710,Nfat5,Ltb,1.0
19711,Nfat5,Nup88,1.0
19712,Nfat5,Pnpla6,1.0
19713,Nfat5,Rel,1.0
19714,Nfat5,S100a4,1.0
19715,Nfat5,Sgk1,1.0
19716,Nfat5,Slc14a1,1.0
19717,Nfat5,Slc14a2,1.0
19718,Nfat5,Slc5a3,1.0
19719,Nfat5,Slc6a12,1.0
19720,Nfat5,Slc6a6,1.0
19721,Nfat5,Tert,1.0
19722,Nfat5,Thop1,1.0
19723,Nfat5,Tnf,1.0
19724,Nfat5,Tnfsf11,1.0
19725,Nfat5,Vegfc,1.0
19726,Nfat5,Wnt2,1.0
19727,Nfat5,Xpo1,1.0
19728,Nfatc1,Ache,1.0
19729,Nfatc1,Acp5,1.0
19730,Nfatc1,Akt1,1.0
19731,Nfatc1,Aqp2,1.0
19732,Nfatc1,Atp6v0d2,1.0
19733,Nfatc1,Atp6v1b2,1.0
19734,Nfatc1,B3gat3,-1.0
19735,Nfatc1,Bcl2,1.0
19736,Nfatc1,Bmp7,1.0
19737,Nfatc1,Calcr,1.0
19738,Nfatc1,Ccna2,1.0
19739,Nfatc1,Ccnd1,1.0
19740,Nfatc1,Ccr9,1.0
19741,Nfatc1,Cd3g,1.0
19742,Nfatc1,Cd40,1.0
19743,Nfatc1,Cd5,1.0
19744,Nfatc1,Cdh1,1.0
19745,Nfatc1,Cdkn1b,1.0
19746,Nfatc1,Ciita,1.0
19747,Nfatc1,Ckm,1.0
19748,Nfatc1,Col1a1,1.0
19749,Nfatc1,Cort,1.0
19750,Nfatc1,Csf2,1.0
19751,Nfatc1,Ctsk,1.0
19752,Nfatc1,Cx3cr1,1.0
19753,Nfatc1,Cyp2e1,1.0
19754,Nfatc1,Dcstamp,1.0
19755,Nfatc1,Dio2,1.0
19756,Nfatc1,Edn1,1.0
19757,Nfatc1,Efna2,1.0
19758,Nfatc1,Egr3,1.0
19759,Nfatc1,F2,1.0
19760,Nfatc1,F2r,1.0
19761,Nfatc1,Fasl,1.0
19762,Nfatc1,Fastk,1.0
19763,Nfatc1,Fgfr1,1.0
19764,Nfatc1,Flt4,1.0
19765,Nfatc1,Fn1,1.0
19766,Nfatc1,Folh1,1.0
19767,Nfatc1,Foxp3,1.0
19768,Nfatc1,Gpc6,1.0
19769,Nfatc1,Hnf4a,1.0
19770,Nfatc1,Hp,1.0
19771,Nfatc1,Hspa9,1.0
19772,Nfatc1,Icam1,1.0
19773,Nfatc1,Id3,1.0
19774,Nfatc1,Ifng,1.0
19775,Nfatc1,Igkv18-36,1.0
19776,Nfatc1,Il10,1.0
19777,Nfatc1,Il12b,-1.0
19778,Nfatc1,Il13,1.0
19779,Nfatc1,Il17a,1.0
19780,Nfatc1,Il17f,1.0
19781,Nfatc1,Il1rn,1.0
19782,Nfatc1,Il2,1.0
19783,Nfatc1,Il21,1.0
19784,Nfatc1,Il2ra,1.0
19785,Nfatc1,Il3,-1.0
19786,Nfatc1,Il31,1.0
19787,Nfatc1,Il4,1.0
19788,Nfatc1,Il5,1.0
19789,Nfatc1,Il6,1.0
19790,Nfatc1,Irf4,1.0
19791,Nfatc1,Irs2,1.0
19792,Nfatc1,Itgb3,1.0
19793,Nfatc1,Itpr2,1.0
19794,Nfatc1,Kat2b,1.0
19795,Nfatc1,Kdm6b,1.0
19796,Nfatc1,Krt27,1.0
19797,Nfatc1,Lif,1.0
19798,Nfatc1,Limd1,1.0
19799,Nfatc1,Ltbp3,1.0
19800,Nfatc1,Map2k1,1.0
19801,Nfatc1,Mapk1,1.0
19802,Nfatc1,Mapk3,1.0
19803,Nfatc1,Mapk8,1.0
19804,Nfatc1,Mapk9,1.0
19805,Nfatc1,Me3,1.0
19806,Nfatc1,Mmp14,1.0
19807,Nfatc1,Mmp9,1.0
19808,Nfatc1,Myc,1.0
19809,Nfatc1,Myh13,1.0
19810,Nfatc1,Myh4,-1.0
19811,Nfatc1,Myh7,1.0
19812,Nfatc1,Myog,1.0
19813,Nfatc1,Nfatc2ip,1.0
19814,Nfatc1,Nfic,1.0
19815,Nfatc1,Nkx2-3,1.0
19816,Nfatc1,Nos2,1.0
19817,Nfatc1,Nup214,1.0
19818,Nfatc1,Oga,1.0
19819,Nfatc1,Oscar,1.0
19820,Nfatc1,Pdcd1,1.0
19821,Nfatc1,Pdpn,1.0
19822,Nfatc1,Pias2,1.0
19823,Nfatc1,Plaur,1.0
19824,Nfatc1,Plcg2,1.0
19825,Nfatc1,Ppargc1a,1.0
19826,Nfatc1,Pten,1.0
19827,Nfatc1,Ptgs2,1.0
19828,Nfatc1,Rag2,1.0
19829,Nfatc1,Rcan1,1.0
19830,Nfatc1,Selplg,-1.0
19831,Nfatc1,Skp2,1.0
19832,Nfatc1,Snca,1.0
19833,Nfatc1,Sp1,-1.0
19834,Nfatc1,Src,1.0
19835,Nfatc1,Timp1,1.0
19836,Nfatc1,Tnf,1.0
19837,Nfatc1,Tnfrsf11a,1.0
19838,Nfatc1,Tnfsf10,1.0
19839,Nfatc1,Tnfsf11,1.0
19840,Nfatc1,Tnfsf13b,1.0
19841,Nfatc1,Tnfsf14,1.0
19842,Nfatc1,Traf2,1.0
19843,Nfatc1,Traf6,1.0
19844,Nfatc1,Utrn,1.0
19845,Nfatc1,Vcam1,1.0
19846,Nfatc1,Vegfa,1.0
19847,Nfatc2,Abca1,1.0
19848,Nfatc2,Acp5,1.0
19849,Nfatc2,App,1.0
19850,Nfatc2,Atm,1.0
19851,Nfatc2,Bace1,1.0
19852,Nfatc2,Cbx3,1.0
19853,Nfatc2,Ccl5,1.0
19854,Nfatc2,Ccna2,-1.0
19855,Nfatc2,Ccr9,1.0
19856,Nfatc2,Cd28,1.0
19857,Nfatc2,Cd34,1.0
19858,Nfatc2,Cd3e,1.0
19859,Nfatc2,Cd3g,-1.0
19860,Nfatc2,Cd4,1.0
19861,Nfatc2,Cd40,1.0
19862,Nfatc2,Cd40lg,1.0
19863,Nfatc2,Cdk4,-1.0
19864,Nfatc2,Cflar,1.0
19865,Nfatc2,Ciita,1.0
19866,Nfatc2,Crebbp,1.0
19867,Nfatc2,Csf2,1.0
19868,Nfatc2,Ctla4,1.0
19869,Nfatc2,Cx3cr1,1.0
19870,Nfatc2,Egr3,1.0
19871,Nfatc2,Enpp2,1.0
19872,Nfatc2,Entpd2,1.0
19873,Nfatc2,Fasl,1.0
19874,Nfatc2,Fgf2,1.0
19875,Nfatc2,Foxp3,1.0
19876,Nfatc2,Fst,1.0
19877,Nfatc2,Gata3,1.0
19878,Nfatc2,Gcg,1.0
19879,Nfatc2,Ghrh,1.0
19880,Nfatc2,Gpc6,1.0
19881,Nfatc2,Hp,1.0
19882,Nfatc2,Hsf1,1.0
19883,Nfatc2,Hspa9,1.0
19884,Nfatc2,Icos,1.0
19885,Nfatc2,Ifng,1.0
19886,Nfatc2,Il10,1.0
19887,Nfatc2,Il12b,-1.0
19888,Nfatc2,Il13,1.0
19889,Nfatc2,Il17a,-1.0
19890,Nfatc2,Il1b,1.0
19891,Nfatc2,Il2,1.0
19892,Nfatc2,Il21,1.0
19893,Nfatc2,Il2ra,1.0
19894,Nfatc2,Il3,1.0
19895,Nfatc2,Il31,1.0
19896,Nfatc2,Il4,1.0
19897,Nfatc2,Il5,1.0
19898,Nfatc2,Il6,1.0
19899,Nfatc2,Il9,1.0
19900,Nfatc2,Kdm1a,1.0
19901,Nfatc2,Large1,1.0
19902,Nfatc2,Lgals3,1.0
19903,Nfatc2,Lgals4,1.0
19904,Nfatc2,Mapk1,1.0
19905,Nfatc2,Mapk8,1.0
19906,Nfatc2,Mdm2,1.0
19907,Nfatc2,Myc,1.0
19908,Nfatc2,Myof,1.0
19909,Nfatc2,Myog,1.0
19910,Nfatc2,Nfatc1,1.0
19911,Nfatc2,Nfatc2ip,1.0
19912,Nfatc2,Nkx2-3,1.0
19913,Nfatc2,Parp1,1.0
19914,Nfatc2,Pla2g2a,1.0
19915,Nfatc2,Pld1,1.0
19916,Nfatc2,Prkcg,1.0
19917,Nfatc2,Psma5,1.0
19918,Nfatc2,Ptgs2,1.0
19919,Nfatc2,Rcan1,1.0
19920,Nfatc2,S100a3,1.0
19921,Nfatc2,Serpinf1,1.0
19922,Nfatc2,Stat5a,1.0
19923,Nfatc2,Tat,1.0
19924,Nfatc2,Tert,1.0
19925,Nfatc2,Tnf,1.0
19926,Nfatc2,Tnfrsf12a,1.0
19927,Nfatc2,Tnfsf10,1.0
19928,Nfatc2,Tnfsf11,1.0
19929,Nfatc2,Tnfsf12,1.0
19930,Nfatc2,Tnfsf13b,1.0
19931,Nfatc2,Tnfsf14,1.0
19932,Nfatc2,Traf2,1.0
19933,Nfatc2,Vrk2,1.0
19934,Nfatc2,Xcl1,1.0
19935,Nfatc3,Abca3,1.0
19936,Nfatc3,Ache,1.0
19937,Nfatc3,Adra1d,1.0
19938,Nfatc3,Atf3,1.0
19939,Nfatc3,B3gat3,-1.0
19940,Nfatc3,C4b,1.0
19941,Nfatc3,Cd40lg,-1.0
19942,Nfatc3,Cdh1,1.0
19943,Nfatc3,Cr2,1.0
19944,Nfatc3,Ctsd,1.0
19945,Nfatc3,Cxcl13,1.0
19946,Nfatc3,Cxcr5,1.0
19947,Nfatc3,Ddit4,1.0
19948,Nfatc3,Dnajb6,1.0
19949,Nfatc3,Edn1,1.0
19950,Nfatc3,Fasl,1.0
19951,Nfatc3,Fastk,1.0
19952,Nfatc3,Fcer2a,1.0
19953,Nfatc3,Fos,1.0
19954,Nfatc3,Gc,1.0
19955,Nfatc3,Ghrh,1.0
19956,Nfatc3,Gpc6,1.0
19957,Nfatc3,Ifng,1.0
19958,Nfatc3,Il2,1.0
19959,Nfatc3,Il5,1.0
19960,Nfatc3,Il6,1.0
19961,Nfatc3,Jun,1.0
19962,Nfatc3,Kcnb1,-1.0
19963,Nfatc3,Kcnc1,-1.0
19964,Nfatc3,Muc2,1.0
19965,Nfatc3,Myocd,1.0
19966,Nfatc3,Myog,1.0
19967,Nfatc3,Pias2,1.0
19968,Nfatc3,Ptgs2,1.0
19969,Nfatc3,Rhd,1.0
19970,Nfatc3,Sftpd,1.0
19971,Nfatc3,Tff1,1.0
19972,Nfatc3,Tnf,1.0
19973,Nfatc3,Tnfsf10,1.0
19974,Nfatc3,Tnfsf11,-1.0
19975,Nfatc3,Tsc2,1.0
19976,Nfatc4,Ache,1.0
19977,Nfatc4,Adipoq,-1.0
19978,Nfatc4,Adss1,1.0
19979,Nfatc4,Axin2,-1.0
19980,Nfatc4,B3gat3,-1.0
19981,Nfatc4,Bdnf,1.0
19982,Nfatc4,Cga,1.0
19983,Nfatc4,Col1a1,1.0
19984,Nfatc4,Crtc1,1.0
19985,Nfatc4,Ctsd,1.0
19986,Nfatc4,Dkk1,-1.0
19987,Nfatc4,Egf,1.0
19988,Nfatc4,Esr1,1.0
19989,Nfatc4,Esr2,1.0
19990,Nfatc4,Fshb,1.0
19991,Nfatc4,Gap43,1.0
19992,Nfatc4,Gpc6,1.0
19993,Nfatc4,Gsk3b,1.0
19994,Nfatc4,Il12b,-1.0
19995,Nfatc4,Il2,1.0
19996,Nfatc4,Itpr1,1.0
19997,Nfatc4,Lcn2,-1.0
19998,Nfatc4,Lep,1.0
19999,Nfatc4,Lpin1,1.0
20000,Nfatc4,Myh7,1.0
20001,Nfatc4,Myl2,1.0
20002,Nfatc4,Myoz1,1.0
20003,Nfatc4,Myoz2,1.0
20004,Nfatc4,Nfic,1.0
20005,Nfatc4,Ngf,1.0
20006,Nfatc4,Nos2,1.0
20007,Nfatc4,Nppa,1.0
20008,Nfatc4,Nup214,1.0
20009,Nfatc4,Pik3r1,1.0
20010,Nfatc4,Pten,1.0
20011,Nfatc4,Ptgs2,1.0
20012,Nfatc4,Rcan1,1.0
20013,Nfatc4,Tff1,1.0
20014,Nfatc4,Tnf,1.0
20015,Nfatc4,Tnfsf10,-1.0
20016,Nfatc4,Vegfa,1.0
20017,Nfe2,Abcc6,-1.0
20018,Nfe2,Ahsp,1.0
20019,Nfe2,Alas2,1.0
20020,Nfe2,Ank1,1.0
20021,Nfe2,Gclc,1.0
20022,Nfe2,Gcm1,1.0
20023,Nfe2,Gss,1.0
20024,Nfe2,Hbb-bh1,1.0
20025,Nfe2,Hbb-y,1.0
20026,Nfe2,Hdc,1.0
20027,Nfe2,Hmbs,1.0
20028,Nfe2,Oga,1.0
20029,Nfe2,Slc7a11,1.0
20030,Nfe2,Tbxa2r,1.0
20031,Nfe2,Tbxas1,1.0
20032,Nfe2,Tyms,1.0
20033,Nfe2,a,1.0
20034,Nfe2l1,Cdk11b,1.0
20035,Nfe2l1,Gclc,1.0
20036,Nfe2l1,Lpin1,1.0
20037,Nfe2l1,Nos2,1.0
20038,Nfe2l1,Nqo1,1.0
20039,Nfe2l1,Ppargc1b,1.0
20040,Nfe2l1,Sp7,1.0
20041,Nfe2l2,Abcb11,1.0
20042,Nfe2l2,Abcc1,1.0
20043,Nfe2l2,Abcc2,1.0
20044,Nfe2l2,Abcc3,1.0
20045,Nfe2l2,Abcc4,1.0
20046,Nfe2l2,Ache,1.0
20047,Nfe2l2,Adra1d,1.0
20048,Nfe2l2,Ahr,1.0
20049,Nfe2l2,Akr1b1,1.0
20050,Nfe2l2,Akt1,1.0
20051,Nfe2l2,Als2,1.0
20052,Nfe2l2,Aox1,1.0
20053,Nfe2l2,Apc,1.0
20054,Nfe2l2,Aqp1,1.0
20055,Nfe2l2,Ar,1.0
20056,Nfe2l2,Atf3,1.0
20057,Nfe2l2,Atf4,1.0
20058,Nfe2l2,Bach1,1.0
20059,Nfe2l2,Bcl2,1.0
20060,Nfe2l2,Bcl2l1,1.0
20061,Nfe2l2,Bcl2l11,1.0
20062,Nfe2l2,Brca1,1.0
20063,Nfe2l2,Cacna1c,1.0
20064,Nfe2l2,Calca,1.0
20065,Nfe2l2,Casp1,1.0
20066,Nfe2l2,Cat,1.0
20067,Nfe2l2,Cav1,1.0
20068,Nfe2l2,Cbr3,1.0
20069,Nfe2l2,Cd36,1.0
20070,Nfe2l2,Cd44,1.0
20071,Nfe2l2,Cd86,1.0
20072,Nfe2l2,Cftr,1.0
20073,Nfe2l2,Cish,1.0
20074,Nfe2l2,Cox17,-1.0
20075,Nfe2l2,Cox4i1,1.0
20076,Nfe2l2,Cox6a1,1.0
20077,Nfe2l2,Cpox,1.0
20078,Nfe2l2,Crbn,1.0
20079,Nfe2l2,Crebbp,1.0
20080,Nfe2l2,Cryz,1.0
20081,Nfe2l2,Cul3,1.0
20082,Nfe2l2,Cyp2e1,1.0
20083,Nfe2l2,Ddit3,1.0
20084,Nfe2l2,Dll4,-1.0
20085,Nfe2l2,Dpp3,1.0
20086,Nfe2l2,Elane,1.0
20087,Nfe2l2,Enc1,1.0
20088,Nfe2l2,Ephx1,1.0
20089,Nfe2l2,Erbb2,1.0
20090,Nfe2l2,Exoc4,1.0
20091,Nfe2l2,Fabp4,1.0
20092,Nfe2l2,Fgf1,1.0
20093,Nfe2l2,Fgf21,1.0
20094,Nfe2l2,Fgfr1,1.0
20095,Nfe2l2,Fmr1,1.0
20096,Nfe2l2,Foxo3,1.0
20097,Nfe2l2,Ftmt,1.0
20098,Nfe2l2,Gadd45gip1,1.0
20099,Nfe2l2,Gclc,1.0
20100,Nfe2l2,Gclm,1.0
20101,Nfe2l2,Gpx2,1.0
20102,Nfe2l2,Grin2b,1.0
20103,Nfe2l2,Gsk3b,1.0
20104,Nfe2l2,Gsr,1.0
20105,Nfe2l2,Gss,1.0
20106,Nfe2l2,Gstk1,1.0
20107,Nfe2l2,Gstm7,1.0
20108,Nfe2l2,Hbb-bh1,1.0
20109,Nfe2l2,Hcfc1,1.0
20110,Nfe2l2,Hif1a,1.0
20111,Nfe2l2,Hmox1,1.0
20112,Nfe2l2,Hpgds,1.0
20113,Nfe2l2,Ikbkb,-1.0
20114,Nfe2l2,Il10,1.0
20115,Nfe2l2,Il1a,1.0
20116,Nfe2l2,Il1b,1.0
20117,Nfe2l2,Il1rn,1.0
20118,Nfe2l2,Il36g,1.0
20119,Nfe2l2,Il6,-1.0
20120,Nfe2l2,Iqgap1,1.0
20121,Nfe2l2,Kdr,1.0
20122,Nfe2l2,Keap1,1.0
20123,Nfe2l2,Kif17,1.0
20124,Nfe2l2,Kif1a,1.0
20125,Nfe2l2,Kpna6,1.0
20126,Nfe2l2,Kras,1.0
20127,Nfe2l2,Krt16,1.0
20128,Nfe2l2,Krt27,1.0
20129,Nfe2l2,Ltb4r1,-1.0
20130,Nfe2l2,Maf,1.0
20131,Nfe2l2,Mafg,1.0
20132,Nfe2l2,Mafk,1.0
20133,Nfe2l2,Mapk1,1.0
20134,Nfe2l2,Mapk14,1.0
20135,Nfe2l2,Mapk8,1.0
20136,Nfe2l2,Mdm2,1.0
20137,Nfe2l2,Me3,1.0
20138,Nfe2l2,Mgst1,1.0
20139,Nfe2l2,Mst1r,1.0
20140,Nfe2l2,Mt1,1.0
20141,Nfe2l2,Mthfd2,1.0
20142,Nfe2l2,Mthfr,1.0
20143,Nfe2l2,Mtif2,1.0
20144,Nfe2l2,Muc5ac,1.0
20145,Nfe2l2,Myc,-1.0
20146,Nfe2l2,Nfe2,1.0
20147,Nfe2l2,Ngf,1.0
20148,Nfe2l2,Nos2,1.0
20149,Nfe2l2,Notch1,1.0
20150,Nfe2l2,Nox1,1.0
20151,Nfe2l2,Nox4,1.0
20152,Nfe2l2,Nqo1,1.0
20153,Nfe2l2,Nqo2,1.0
20154,Nfe2l2,Nr0b2,1.0
20155,Nfe2l2,Nr3c1,1.0
20156,Nfe2l2,Nrf1,1.0
20157,Nfe2l2,Nrp1,1.0
20158,Nfe2l2,Ogg1,1.0
20159,Nfe2l2,Osgin1,1.0
20160,Nfe2l2,Pcna,-1.0
20161,Nfe2l2,Pgd,1.0
20162,Nfe2l2,Pik3c3,1.0
20163,Nfe2l2,Pik3r1,1.0
20164,Nfe2l2,Pla2g4a,-1.0
20165,Nfe2l2,Pmf1,1.0
20166,Nfe2l2,Pmp22,1.0
20167,Nfe2l2,Polg,1.0
20168,Nfe2l2,Pparg,1.0
20169,Nfe2l2,Ppargc1b,1.0
20170,Nfe2l2,Ppat,1.0
20171,Nfe2l2,Ppp1r15b,1.0
20172,Nfe2l2,Prdx1,1.0
20173,Nfe2l2,Prkaa1,1.0
20174,Nfe2l2,Prkn,1.0
20175,Nfe2l2,Prnp,1.0
20176,Nfe2l2,Prx,1.0
20177,Nfe2l2,Psmb5,1.0
20178,Nfe2l2,Psmd4,1.0
20179,Nfe2l2,Ptgs2,-1.0
20180,Nfe2l2,Pxdn,1.0
20181,Nfe2l2,Rbx1,1.0
20182,Nfe2l2,Rnf123,1.0
20183,Nfe2l2,Ros1,1.0
20184,Nfe2l2,S100a9,1.0
20185,Nfe2l2,Sat1,1.0
20186,Nfe2l2,Sdhb,1.0
20187,Nfe2l2,Sesn2,1.0
20188,Nfe2l2,Shc1,1.0
20189,Nfe2l2,Slc15a1,1.0
20190,Nfe2l2,Slc31a1,1.0
20191,Nfe2l2,Slc40a1,1.0
20192,Nfe2l2,Slc7a11,1.0
20193,Nfe2l2,Slpi,1.0
20194,Nfe2l2,Smarca4,1.0
20195,Nfe2l2,Sod1,1.0
20196,Nfe2l2,Sod2,1.0
20197,Nfe2l2,Sparc,1.0
20198,Nfe2l2,Sqstm1,1.0
20199,Nfe2l2,Srxn1,1.0
20200,Nfe2l2,Taldo1,1.0
20201,Nfe2l2,Tat,1.0
20202,Nfe2l2,Tbxas1,1.0
20203,Nfe2l2,Tfam,1.0
20204,Nfe2l2,Tfb1m,1.0
20205,Nfe2l2,Tfb2m,1.0
20206,Nfe2l2,Tgfb1,1.0
20207,Nfe2l2,Thoc1,1.0
20208,Nfe2l2,Tkt,1.0
20209,Nfe2l2,Tle5,1.0
20210,Nfe2l2,Tnf,1.0
20211,Nfe2l2,Tomm20,1.0
20212,Nfe2l2,Tomm34,1.0
20213,Nfe2l2,Trp53bp1,1.0
20214,Nfe2l2,Txn1,1.0
20215,Nfe2l2,Txnip,-1.0
20216,Nfe2l2,Txnrd1,1.0
20217,Nfe2l2,Vcam1,-1.0
20218,Nfe2l2,Vegfa,1.0
20219,Nfe2l2,Vps52,1.0
20220,Nfe2l3,Acta2,1.0
20221,Nfe2l3,Nqo1,-1.0
20222,Nfe2l3,Pla2g7,1.0
20223,Nfe2l3,Tagln,1.0
20224,Nfe2l3,Tbxas1,1.0
20225,Nfia,Bace1,1.0
20226,Nfia,Ccnd2,1.0
20227,Nfia,Cdkn1a,-1.0
20228,Nfia,Cebpd,1.0
20229,Nfia,Csf1,1.0
20230,Nfia,Csf3r,1.0
20231,Nfia,Cyp1a1,1.0
20232,Nfia,Cyp1a2,1.0
20233,Nfia,Dbi,1.0
20234,Nfia,Epha4,1.0
20235,Nfia,Epha5,1.0
20236,Nfia,Epha8,1.0
20237,Nfia,Etv5,-1.0
20238,Nfia,Foxo6,-1.0
20239,Nfia,Gabra6,1.0
20240,Nfia,Gas6,-1.0
20241,Nfia,Gfap,1.0
20242,Nfia,Hbb-bh1,1.0
20243,Nfia,Hes1,-1.0
20244,Nfia,Hgf,-1.0
20245,Nfia,Hspa4,1.0
20246,Nfia,Hspa5,1.0
20247,Nfia,Id3,-1.0
20248,Nfia,L1cam,1.0
20249,Nfia,Large1,1.0
20250,Nfia,Lcn2,1.0
20251,Nfia,Mt2,1.0
20252,Nfia,Myod1,1.0
20253,Nfia,Myog,1.0
20254,Nfia,Neurod1,1.0
20255,Nfia,Neurod4,1.0
20256,Nfia,Nfix,1.0
20257,Nfia,Nme1,1.0
20258,Nfia,Nr1h3,1.0
20259,Nfia,Oat,1.0
20260,Nfia,Pck1,1.0
20261,Nfia,Pck2,1.0
20262,Nfia,Proc,1.0
20263,Nfia,Rbfox3,1.0
20264,Nfia,Rbp1,1.0
20265,Nfia,Rgn,1.0
20266,Nfia,Robo1,1.0
20267,Nfia,Ryk,1.0
20268,Nfia,Slc25a5,1.0
20269,Nfia,Slc2a4,1.0
20270,Nfia,Slit1,1.0
20271,Nfia,Smug1,1.0
20272,Nfia,Tnf,1.0
20273,Nfia,Tnfrsf14,1.0
20274,Nfia,Tpo,1.0
20275,Nfia,Trp53,1.0
20276,Nfia,Wnt5a,-1.0
20277,Nfib,Cdkn1a,1.0
20278,Nfib,Col2a1,1.0
20279,Nfib,Epha4,1.0
20280,Nfib,Epha5,1.0
20281,Nfib,Epha8,1.0
20282,Nfib,Etv5,-1.0
20283,Nfib,Ezh2,-1.0
20284,Nfib,Fabp7,1.0
20285,Nfib,Foxo6,-1.0
20286,Nfib,Gas6,-1.0
20287,Nfib,Id3,-1.0
20288,Nfib,Mapk1,1.0
20289,Nfib,Mbp,1.0
20290,Nfib,Neurod1,1.0
20291,Nfib,Neurod4,1.0
20292,Nfib,Nfix,1.0
20293,Nfib,Rbfox3,1.0
20294,Nfib,Robo1,1.0
20295,Nfib,Slit1,1.0
20296,Nfib,Stat5a,1.0
20297,Nfib,Tshb,1.0
20298,Nfib,Wfdc2,1.0
20299,Nfib,Wnt5a,-1.0
20300,Nfic,Acot7,1.0
20301,Nfic,Adcyap1,1.0
20302,Nfic,Adra1d,1.0
20303,Nfic,Afp,1.0
20304,Nfic,Ahr,1.0
20305,Nfic,Alas1,1.0
20306,Nfic,Ar,1.0
20307,Nfic,Ccnd1,-1.0
20308,Nfic,Cdkn1a,-1.0
20309,Nfic,Cel,1.0
20310,Nfic,Clu,1.0
20311,Nfic,Cntf,1.0
20312,Nfic,Cntn2,1.0
20313,Nfic,Col18a1,1.0
20314,Nfic,Col1a1,1.0
20315,Nfic,Col1a2,1.0
20316,Nfic,Col2a1,1.0
20317,Nfic,Crebbp,1.0
20318,Nfic,Csf1,1.0
20319,Nfic,Cyp17a1,1.0
20320,Nfic,Cyp1a1,-1.0
20321,Nfic,Dspp,1.0
20322,Nfic,Fabp7,1.0
20323,Nfic,Fos,1.0
20324,Nfic,Foxm1,1.0
20325,Nfic,Gabra6,1.0
20326,Nfic,Gadd45a,1.0
20327,Nfic,Gal,1.0
20328,Nfic,Gfap,1.0
20329,Nfic,Gh,1.0
20330,Nfic,Gtf3c1,1.0
20331,Nfic,Gucy1b1,1.0
20332,Nfic,Hgf,1.0
20333,Nfic,Hmgb1,1.0
20334,Nfic,Hnf1a,1.0
20335,Nfic,Hsd11b2,1.0
20336,Nfic,Hspa5,1.0
20337,Nfic,Hspa9,1.0
20338,Nfic,Igfbp5,1.0
20339,Nfic,Irs2,1.0
20340,Nfic,Itga5,-1.0
20341,Nfic,Jun,1.0
20342,Nfic,L1cam,1.0
20343,Nfic,Matn1,-1.0
20344,Nfic,Mt1,1.0
20345,Nfic,Nfia,1.0
20346,Nfic,Nos2,1.0
20347,Nfic,Nr3c1,1.0
20348,Nfic,Nup214,1.0
20349,Nfic,Omp,1.0
20350,Nfic,Pck1,1.0
20351,Nfic,Pck2,-1.0
20352,Nfic,Pold2,1.0
20353,Nfic,Pole2,1.0
20354,Nfic,Proc,1.0
20355,Nfic,Rgn,1.0
20356,Nfic,Sct,1.0
20357,Nfic,Sftpc,1.0
20358,Nfic,Sgca,1.0
20359,Nfic,Slc2a4,1.0
20360,Nfic,Slc34a2,1.0
20361,Nfic,Smug1,1.0
20362,Nfic,Sp1,1.0
20363,Nfic,Src,1.0
20364,Nfic,Stat5a,1.0
20365,Nfic,Tat,1.0
20366,Nfic,Tfap2a,1.0
20367,Nfic,Tfpi2,1.0
20368,Nfic,Tg,1.0
20369,Nfic,Tgfb1,1.0
20370,Nfic,Tnf,1.0
20371,Nfic,Tpo,1.0
20372,Nfic,Ttf1,1.0
20373,Nfic,Vwf,1.0
20374,Nfil3,App,1.0
20375,Nfil3,Areg,-1.0
20376,Nfil3,Arnt,1.0
20377,Nfil3,Bcl2l1,-1.0
20378,Nfil3,Bmp4,1.0
20379,Nfil3,Cd28,1.0
20380,Nfil3,Cd3e,1.0
20381,Nfil3,Cd40lg,1.0
20382,Nfil3,Cd86,1.0
20383,Nfil3,Cyp7a1,1.0
20384,Nfil3,Ehmt2,1.0
20385,Nfil3,Ereg,-1.0
20386,Nfil3,Fgf21,-1.0
20387,Nfil3,Gadd45b,1.0
20388,Nfil3,Hpgd,1.0
20389,Nfil3,Ifng,1.0
20390,Nfil3,Il10,1.0
20391,Nfil3,Il12b,-1.0
20392,Nfil3,Il13,-1.0
20393,Nfil3,Il1b,-1.0
20394,Nfil3,Il2rb,1.0
20395,Nfil3,Il3,1.0
20396,Nfil3,Il33,1.0
20397,Nfil3,Per1,-1.0
20398,Nfil3,Per2,1.0
20399,Nfil3,Pgr,-1.0
20400,Nfil3,Phex,-1.0
20401,Nfil3,Ptgs2,-1.0
20402,Nfil3,Pth,1.0
20403,Nfil3,Pthlh,1.0
20404,Nfil3,Pvr,1.0
20405,Nfil3,Sostdc1,-1.0
20406,Nfil3,Srebf1,-1.0
20407,Nfil3,Tnfsf10,-1.0
20408,Nfil3,Vwf,1.0
20409,Nfix,Cdkn1a,-1.0
20410,Nfix,Cggbp1,1.0
20411,Nfix,Chi3l1,1.0
20412,Nfix,Ckm,1.0
20413,Nfix,Eno3,1.0
20414,Nfix,Epha4,1.0
20415,Nfix,Epha5,1.0
20416,Nfix,Epha8,1.0
20417,Nfix,Etv5,-1.0
20418,Nfix,Foxo6,-1.0
20419,Nfix,Gas6,-1.0
20420,Nfix,Gfap,1.0
20421,Nfix,Hgf,-1.0
20422,Nfix,Hsf1,1.0
20423,Nfix,Id3,-1.0
20424,Nfix,Neurod1,1.0
20425,Nfix,Neurod4,1.0
20426,Nfix,Pitx2,1.0
20427,Nfix,Rbfox3,1.0
20428,Nfix,Ren1,1.0
20429,Nfix,Robo1,1.0
20430,Nfix,Slit1,1.0
20431,Nfix,Sox9,-1.0
20432,Nfix,Sparcl1,1.0
20433,Nfix,Wnt5a,-1.0
20434,Nfx1,Fgfr1,1.0
20435,Nfx1,H2-Ea,-1.0
20436,Nfx1,H2-T23,1.0
20437,Nfx1,Nfkb1,1.0
20438,Nfx1,Tert,-1.0
20439,Nfya,Acly,1.0
20440,Nfya,Acsbg1,1.0
20441,Nfya,Adipoq,1.0
20442,Nfya,Amelx,1.0
20443,Nfya,Asf1a,1.0
20444,Nfya,Asf1b,1.0
20445,Nfya,Aurka,1.0
20446,Nfya,Bmal1,1.0
20447,Nfya,Casp1,1.0
20448,Nfya,Cbs,1.0
20449,Nfya,Ccnb2,1.0
20450,Nfya,Ccnd2,1.0
20451,Nfya,Cdc25a,1.0
20452,Nfya,Cdc25c,1.0
20453,Nfya,Cdk1,-1.0
20454,Nfya,Cdkn1b,1.0
20455,Nfya,Cdkn2a,1.0
20456,Nfya,Cga,1.0
20457,Nfya,Chek2,-1.0
20458,Nfya,Cldn11,1.0
20459,Nfya,Col1a2,1.0
20460,Nfya,Cyc1,1.0
20461,Nfya,Ddit3,1.0
20462,Nfya,E2f1,1.0
20463,Nfya,Fas,1.0
20464,Nfya,Fdft1,1.0
20465,Nfya,Fdps,1.0
20466,Nfya,Fgf4,1.0
20467,Nfya,Fgfr1,1.0
20468,Nfya,Fmr1,1.0
20469,Nfya,Fshb,1.0
20470,Nfya,Fxr2,1.0
20471,Nfya,Gadd45a,1.0
20472,Nfya,Gch1,1.0
20473,Nfya,Gfi1b,1.0
20474,Nfya,Gnrhr,1.0
20475,Nfya,Gpam,1.0
20476,Nfya,H2-T23,1.0
20477,Nfya,Hmgcs1,1.0
20478,Nfya,Hoxb4,1.0
20479,Nfya,Hoxb7,1.0
20480,Nfya,Hps5,1.0
20481,Nfya,Hspa5,1.0
20482,Nfya,Igf1,1.0
20483,Nfya,Igfbp1,1.0
20484,Nfya,Il10,-1.0
20485,Nfya,Il4,1.0
20486,Nfya,Junb,1.0
20487,Nfya,Kcna1,1.0
20488,Nfya,Ldlr,1.0
20489,Nfya,Lef1,1.0
20490,Nfya,Lpin1,1.0
20491,Nfya,Map2k3,1.0
20492,Nfya,Mcm8,1.0
20493,Nfya,Me3,1.0
20494,Nfya,Notch1,1.0
20495,Nfya,Npr1,-1.0
20496,Nfya,Ogg1,1.0
20497,Nfya,Phgdh,1.0
20498,Nfya,Piwil1,1.0
20499,Nfya,Plk1,-1.0
20500,Nfya,Pnrc2,1.0
20501,Nfya,Pura,1.0
20502,Nfya,Rgs4,1.0
20503,Nfya,Sdhb,1.0
20504,Nfya,Sdhc,1.0
20505,Nfya,Sdhd,1.0
20506,Nfya,Slc13a4,1.0
20507,Nfya,Sox18,1.0
20508,Nfya,Sox3,1.0
20509,Nfya,Sp3,1.0
20510,Nfya,Sqle,1.0
20511,Nfya,Srebf1,1.0
20512,Nfya,Srebf2,1.0
20513,Nfya,Star,1.0
20514,Nfya,Stk11,1.0
20515,Nfya,Tgfbr2,1.0
20516,Nfya,Tm7sf2,1.0
20517,Nfya,Tnfsf11,1.0
20518,Nfya,Tsc2,1.0
20519,Nfya,Uhrf1,1.0
20520,Nfya,Uqcrq,1.0
20521,Nfya,Vldlr,1.0
20522,Nfyb,Abi3,1.0
20523,Nfyb,Abo,1.0
20524,Nfyb,Ccnd2,1.0
20525,Nfyb,Cd74,1.0
20526,Nfyb,Cdc25b,1.0
20527,Nfyb,Cdkn1b,1.0
20528,Nfyb,Ciita,1.0
20529,Nfyb,Col11a1,1.0
20530,Nfyb,Col1a2,1.0
20531,Nfyb,Col5a3,1.0
20532,Nfyb,Cyc1,1.0
20533,Nfyb,Fas,1.0
20534,Nfyb,Fos,1.0
20535,Nfyb,Fxr2,1.0
20536,Nfyb,Gata4,1.0
20537,Nfyb,Gch1,1.0
20538,Nfyb,Gfi1b,1.0
20539,Nfyb,H2-T23,1.0
20540,Nfyb,Hoxb7,1.0
20541,Nfyb,Ier5,1.0
20542,Nfyb,Igfbp1,1.0
20543,Nfyb,Il10,1.0
20544,Nfyb,Il4,-1.0
20545,Nfyb,Kcna1,1.0
20546,Nfyb,Lpin1,1.0
20547,Nfyb,Nfya,1.0
20548,Nfyb,Phgdh,1.0
20549,Nfyb,Rfx5,1.0
20550,Nfyb,Sox18,1.0
20551,Nfyb,Sox3,1.0
20552,Nfyb,Stk11,1.0
20553,Nfyb,Tnfsf11,1.0
20554,Nfyb,Top2a,-1.0
20555,Nfyb,Tph1,1.0
20556,Nfyb,Uqcrq,1.0
20557,Nfyc,Ccnd2,1.0
20558,Nfyc,Cdkn1b,1.0
20559,Nfyc,Col1a2,1.0
20560,Nfyc,Fas,1.0
20561,Nfyc,Fdps,1.0
20562,Nfyc,Fos,1.0
20563,Nfyc,Fxr2,1.0
20564,Nfyc,Gch1,1.0
20565,Nfyc,Gfi1b,1.0
20566,Nfyc,Hoxb7,1.0
20567,Nfyc,Il10,1.0
20568,Nfyc,Lpin1,1.0
20569,Nfyc,Nfya,1.0
20570,Nfyc,Nr3c2,-1.0
20571,Nfyc,Phgdh,1.0
20572,Nfyc,Scnn1a,1.0
20573,Nfyc,Sox18,1.0
20574,Nfyc,Sox3,1.0
20575,Nfyc,Tnfsf11,-1.0
20576,Nhlh1,Id2,1.0
20577,Nhlh1,Lmo4,1.0
20578,Nhlh1,Ndn,1.0
20579,Nhlh1,Shh,1.0
20580,Nhlh1,Slc13a4,1.0
20581,Nhlh2,Ascl1,1.0
20582,Nhlh2,Hes1,-1.0
20583,Nhlh2,Lep,1.0
20584,Nhlh2,Maoa,1.0
20585,Nhlh2,Mc4r,1.0
20586,Nhlh2,Ndn,1.0
20587,Nkrf,Abcc8,1.0
20588,Nkrf,Gclc,1.0
20589,Nkrf,Gclm,1.0
20590,Nkrf,Hpgds,1.0
20591,Nkrf,Hspa9,1.0
20592,Nkrf,Ifnb1,-1.0
20593,Nkrf,Nos2,1.0
20594,Nkrf,Ptgs2,1.0
20595,Nkx2-1,Abca3,1.0
20596,Nkx2-1,Adcyap1,1.0
20597,Nkx2-1,Ager,-1.0
20598,Nkx2-1,Aprt,1.0
20599,Nkx2-1,Bmp4,1.0
20600,Nkx2-1,Btk,1.0
20601,Nkx2-1,Calca,1.0
20602,Nkx2-1,Ccl11,1.0
20603,Nkx2-1,Ccnb1,1.0
20604,Nkx2-1,Ccnb2,1.0
20605,Nkx2-1,Cebpa,1.0
20606,Nkx2-1,Chrna2,1.0
20607,Nkx2-1,Chrna7,1.0
20608,Nkx2-1,Cip2a,1.0
20609,Nkx2-1,Daxx,1.0
20610,Nkx2-1,E2f3,1.0
20611,Nkx2-1,Ebp,1.0
20612,Nkx2-1,Flt1,1.0
20613,Nkx2-1,Gh,1.0
20614,Nkx2-1,Glb1,1.0
20615,Nkx2-1,Hgf,1.0
20616,Nkx2-1,Hhex,1.0
20617,Nkx2-1,Hmga2,1.0
20618,Nkx2-1,Ikbkb,1.0
20619,Nkx2-1,Il6,1.0
20620,Nkx2-1,Irf2bpl,1.0
20621,Nkx2-1,Lhx6,1.0
20622,Nkx2-1,Lmo3,1.0
20623,Nkx2-1,Mdk,1.0
20624,Nkx2-1,Met,-1.0
20625,Nkx2-1,Muc5b,-1.0
20626,Nkx2-1,Nes,1.0
20627,Nkx2-1,Nrp2,-1.0
20628,Nkx2-1,Ocln,1.0
20629,Nkx2-1,Pax8,1.0
20630,Nkx2-1,Prdm13,1.0
20631,Nkx2-1,Psap,1.0
20632,Nkx2-1,Pttg1,1.0
20633,Nkx2-1,Ret,-1.0
20634,Nkx2-1,Scgb1a1,1.0
20635,Nkx2-1,Scgb3a1,1.0
20636,Nkx2-1,Scgb3a2,1.0
20637,Nkx2-1,Sftpa1,1.0
20638,Nkx2-1,Sftpb,1.0
20639,Nkx2-1,Sftpc,1.0
20640,Nkx2-1,Sftpd,1.0
20641,Nkx2-1,Slc5a5,1.0
20642,Nkx2-1,Sod2,1.0
20643,Nkx2-1,Sp1,1.0
20644,Nkx2-1,Sparc,1.0
20645,Nkx2-1,Stk11,-1.0
20646,Nkx2-1,Tert,1.0
20647,Nkx2-1,Tg,1.0
20648,Nkx2-1,Tgfb2,-1.0
20649,Nkx2-1,Tnf,1.0
20650,Nkx2-1,Tpo,1.0
20651,Nkx2-1,Tshr,1.0
20652,Nkx2-1,Ttf1,1.0
20653,Nkx2-1,Wnt7b,1.0
20654,Nkx2-2,Akt1,1.0
20655,Nkx2-2,Arx,1.0
20656,Nkx2-2,Ccnd2,1.0
20657,Nkx2-2,Cd52,1.0
20658,Nkx2-2,Cdkn1b,1.0
20659,Nkx2-2,Ermn,1.0
20660,Nkx2-2,Gast,1.0
20661,Nkx2-2,Ghrl,1.0
20662,Nkx2-2,Lmx1a,1.0
20663,Nkx2-2,Lmx1b,1.0
20664,Nkx2-2,Mbp,1.0
20665,Nkx2-2,Nkx6-1,1.0
20666,Nkx2-2,Nppa,1.0
20667,Nkx2-2,Pax1,1.0
20668,Nkx2-2,Plp1,1.0
20669,Nkx2-2,Ppy,1.0
20670,Nkx2-2,Prkcg,1.0
20671,Nkx2-2,Rab34,1.0
20672,Nkx2-2,Shh,1.0
20673,Nkx2-2,Sirt2,1.0
20674,Nkx2-2,Slit1,1.0
20675,Nkx2-2,Sst,1.0
20676,Nkx2-2,Sulf1,1.0
20677,Nkx2-3,Egr1,1.0
20678,Nkx2-3,Madcam1,1.0
20679,Nkx2-5,Acot11,1.0
20680,Nkx2-5,Acta2,1.0
20681,Nkx2-5,Actc1,1.0
20682,Nkx2-5,Actg2,1.0
20683,Nkx2-5,Adora1,1.0
20684,Nkx2-5,Ank2,1.0
20685,Nkx2-5,Ankrd1,1.0
20686,Nkx2-5,Ankrd2,1.0
20687,Nkx2-5,Ar,1.0
20688,Nkx2-5,Bmp10,1.0
20689,Nkx2-5,Bmp2,1.0
20690,Nkx2-5,C2,1.0
20691,Nkx2-5,Calca,1.0
20692,Nkx2-5,Calr,1.0
20693,Nkx2-5,Ctnnb1,-1.0
20694,Nkx2-5,Dact1,-1.0
20695,Nkx2-5,Dact2,-1.0
20696,Nkx2-5,Dact3,-1.0
20697,Nkx2-5,Dhx9,1.0
20698,Nkx2-5,Dio2,1.0
20699,Nkx2-5,Dkk1,1.0
20700,Nkx2-5,E2f1,-1.0
20701,Nkx2-5,Ep300,1.0
20702,Nkx2-5,Etv2,1.0
20703,Nkx2-5,Fgf10,1.0
20704,Nkx2-5,Fgfr1,1.0
20705,Nkx2-5,Gata4,1.0
20706,Nkx2-5,Gja5,1.0
20707,Nkx2-5,Hcn4,1.0
20708,Nkx2-5,Hfe,1.0
20709,Nkx2-5,Id2,1.0
20710,Nkx2-5,Jarid2,1.0
20711,Nkx2-5,Kat2a,1.0
20712,Nkx2-5,Kdr,1.0
20713,Nkx2-5,Lrrc10,1.0
20714,Nkx2-5,Lyl1,1.0
20715,Nkx2-5,Me3,1.0
20716,Nkx2-5,Mecom,1.0
20717,Nkx2-5,Mef2c,-1.0
20718,Nkx2-5,Mef2d,1.0
20719,Nkx2-5,Mov10l1,1.0
20720,Nkx2-5,Myh6,1.0
20721,Nkx2-5,Myh7,1.0
20722,Nkx2-5,Myl2,1.0
20723,Nkx2-5,Mylk3,1.0
20724,Nkx2-5,Myocd,1.0
20725,Nkx2-5,Nf1,1.0
20726,Nkx2-5,Nos3,1.0
20727,Nkx2-5,Notch1,1.0
20728,Nkx2-5,Nppa,1.0
20729,Nkx2-5,Nppb,1.0
20730,Nkx2-5,Npr1,1.0
20731,Nkx2-5,Nr2f1,1.0
20732,Nkx2-5,Pitx2,1.0
20733,Nkx2-5,Pkd1,1.0
20734,Nkx2-5,Plod1,1.0
20735,Nkx2-5,Ppp1r12a,1.0
20736,Nkx2-5,Prkd3,1.0
20737,Nkx2-5,Rhoc,1.0
20738,Nkx2-5,Rspo3,1.0
20739,Nkx2-5,Scgb1a1,1.0
20740,Nkx2-5,Sgca,1.0
20741,Nkx2-5,Sirt1,1.0
20742,Nkx2-5,Slc47a1,1.0
20743,Nkx2-5,Slc5a5,1.0
20744,Nkx2-5,Slc8a1,1.0
20745,Nkx2-5,Tbx5,1.0
20746,Nkx2-5,Tbx6,1.0
20747,Nkx2-5,Tll1,1.0
20748,Nkx2-5,Tpo,1.0
20749,Nkx2-5,Wt1,1.0
20750,Nkx2-6,Gja5,1.0
20751,Nkx2-6,Mef2a,1.0
20752,Nkx2-6,Tubb3,1.0
20753,Nkx2-9,Afp,1.0
20754,Nkx2-9,Akip1,1.0
20755,Nkx3-1,Abl2,1.0
20756,Nkx3-1,Ache,1.0
20757,Nkx3-1,Actg2,1.0
20758,Nkx3-1,Ahr,1.0
20759,Nkx3-1,Akt1,1.0
20760,Nkx3-1,Ar,-1.0
20761,Nkx3-1,B3gnt9,1.0
20762,Nkx3-1,Bax,1.0
20763,Nkx3-1,Bcl2,-1.0
20764,Nkx3-1,Bcl2l1,1.0
20765,Nkx3-1,Casp3,1.0
20766,Nkx3-1,Casp8,1.0
20767,Nkx3-1,Casp9,1.0
20768,Nkx3-1,Cbx5,1.0
20769,Nkx3-1,Ccnd1,-1.0
20770,Nkx3-1,Cd44,1.0
20771,Nkx3-1,Cdkn1b,1.0
20772,Nkx3-1,Chd1,1.0
20773,Nkx3-1,Clic4,1.0
20774,Nkx3-1,Clu,-1.0
20775,Nkx3-1,Ctse,-1.0
20776,Nkx3-1,Dkk3,1.0
20777,Nkx3-1,Esr1,-1.0
20778,Nkx3-1,Fos,-1.0
20779,Nkx3-1,Gadd45a,1.0
20780,Nkx3-1,Hgf,1.0
20781,Nkx3-1,Igf1r,-1.0
20782,Nkx3-1,Igfbp3,1.0
20783,Nkx3-1,Igfbp6,1.0
20784,Nkx3-1,Kcnh2,-1.0
20785,Nkx3-1,Kras,1.0
20786,Nkx3-1,Lep,1.0
20787,Nkx3-1,Map3k5,1.0
20788,Nkx3-1,Map4k4,1.0
20789,Nkx3-1,Mapk1,1.0
20790,Nkx3-1,Mcl1,1.0
20791,Nkx3-1,Mdm2,1.0
20792,Nkx3-1,Nbn,1.0
20793,Nkx3-1,Nkx3-2,1.0
20794,Nkx3-1,Pdlim7,1.0
20795,Nkx3-1,Pml,1.0
20796,Nkx3-1,Prss50,1.0
20797,Nkx3-1,Ptgfr,1.0
20798,Nkx3-1,Qsox1,-1.0
20799,Nkx3-1,Rab3b,1.0
20800,Nkx3-1,Ramp1,-1.0
20801,Nkx3-1,Selenoh,1.0
20802,Nkx3-1,Septin9,1.0
20803,Nkx3-1,Sfrp1,1.0
20804,Nkx3-1,Shisa5,1.0
20805,Nkx3-1,Six6,1.0
20806,Nkx3-1,Spdef,1.0
20807,Nkx3-1,Spint2,1.0
20808,Nkx3-1,Srf,1.0
20809,Nkx3-1,Tal1,1.0
20810,Nkx3-1,Tbpl1,1.0
20811,Nkx3-1,Tfap2a,1.0
20812,Nkx3-1,Tmprss2,1.0
20813,Nkx3-1,Tnf,1.0
20814,Nkx3-1,Trim17,1.0
20815,Nkx3-1,Trim28,1.0
20816,Nkx3-1,Trp53,1.0
20817,Nkx3-1,Trp73,1.0
20818,Nkx3-1,Twist1,-1.0
20819,Nkx3-1,Vegfa,1.0
20820,Nkx3-1,Vegfc,-1.0
20821,Nkx3-1,Wif1,1.0
20822,Nkx3-1,Xrcc6,1.0
20823,Nkx3-2,Bmp4,1.0
20824,Nkx3-2,Col10a1,1.0
20825,Nkx3-2,Gdf5,1.0
20826,Nkx3-2,Pax3,-1.0
20827,Nkx3-2,Runx2,-1.0
20828,Nkx3-2,Sox9,1.0
20829,Nkx3-2,Wnt5a,1.0
20830,Nkx6-1,Arx,1.0
20831,Nkx6-1,Blk,1.0
20832,Nkx6-1,Ccne1,1.0
20833,Nkx6-1,Dner,1.0
20834,Nkx6-1,E2f1,1.0
20835,Nkx6-1,Gcg,-1.0
20836,Nkx6-1,Glp1r,1.0
20837,Nkx6-1,Hnf1a,1.0
20838,Nkx6-1,Iapp,1.0
20839,Nkx6-1,Il6,1.0
20840,Nkx6-1,Mafa,1.0
20841,Nkx6-1,Olig2,1.0
20842,Nkx6-1,Pcsk1,1.0
20843,Nkx6-1,Pcx,1.0
20844,Nkx6-1,Pdx1,-1.0
20845,Nkx6-1,Slc2a2,1.0
20846,Nkx6-1,Wnt1,1.0
20847,Nkx6-2,Igf1,1.0
20848,Nkx6-2,Mbp,1.0
20849,Nkx6-2,Plp1,1.0
20850,Nkx6-2,Wnt1,1.0
20851,Nkx6-3,Bak1,1.0
20852,Nkx6-3,Bbc3,1.0
20853,Nkx6-3,Bnip3,1.0
20854,Nkx6-3,Gast,1.0
20855,Nkx6-3,Gkn1,1.0
20856,Nkx6-3,Pdcd4,1.0
20857,Nme2,Myc,1.0
20858,Nobox,Gdf9,1.0
20859,Nobox,Pou5f1,1.0
20860,Nono,Ar,1.0
20861,Nono,Banf1,1.0
20862,Nono,Birc5,1.0
20863,Nono,Col2a1,1.0
20864,Nono,Cyp17a1,1.0
20865,Nono,Htt,1.0
20866,Nono,Il27,1.0
20867,Nono,Nos3,1.0
20868,Nono,Ocln,1.0
20869,Nono,Pgr,-1.0
20870,Nono,Pou5f1,1.0
20871,Nono,Psip1,1.0
20872,Nono,Rbp4,1.0
20873,Nono,Rho,1.0
20874,Nono,Snca,1.0
20875,Nono,Top2b,1.0
20876,Notch1,Acta2,1.0
20877,Notch1,Adam19,1.0
20878,Notch1,Ascl1,-1.0
20879,Notch1,Bcl11b,1.0
20880,Notch1,Bcl2,1.0
20881,Notch1,Bmp10,1.0
20882,Notch1,Bmp2,-1.0
20883,Notch1,Casp3,1.0
20884,Notch1,Cd44,1.0
20885,Notch1,Cd8a,-1.0
20886,Notch1,Cdh2,1.0
20887,Notch1,Cdh5,-1.0
20888,Notch1,Cdkn1a,1.0
20889,Notch1,Col1a1,1.0
20890,Notch1,Col1a2,1.0
20891,Notch1,Col2a1,1.0
20892,Notch1,Cr2,1.0
20893,Notch1,Csf1,-1.0
20894,Notch1,Dll1,1.0
20895,Notch1,Dll4,1.0
20896,Notch1,Dtx1,1.0
20897,Notch1,Efnb2,1.0
20898,Notch1,Erbb2,1.0
20899,Notch1,Fabp7,1.0
20900,Notch1,Gata2,1.0
20901,Notch1,Gata3,1.0
20902,Notch1,Hes1,1.0
20903,Notch1,Hes5,1.0
20904,Notch1,Hes7,1.0
20905,Notch1,Hey1,1.0
20906,Notch1,Hey2,1.0
20907,Notch1,Heyl,1.0
20908,Notch1,Hoxa5,1.0
20909,Notch1,Ighm,-1.0
20910,Notch1,Il2ra,1.0
20911,Notch1,Il7r,1.0
20912,Notch1,Lfng,1.0
20913,Notch1,Mcm2,-1.0
20914,Notch1,Mcm6,-1.0
20915,Notch1,Myc,-1.0
20916,Notch1,Myh11,-1.0
20917,Notch1,Myod1,-1.0
20918,Notch1,Nfkb1,1.0
20919,Notch1,Nfkb2,1.0
20920,Notch1,Nrarp,1.0
20921,Notch1,Nrp1,1.0
20922,Notch1,Pparg,1.0
20923,Notch1,Psen1,-1.0
20924,Notch1,Rel,1.0
20925,Notch1,Rela,1.0
20926,Notch1,Relb,1.0
20927,Notch1,Ren1,1.0
20928,Notch1,Runx2,-1.0
20929,Notch1,Smtn,-1.0
20930,Notch1,Snai1,1.0
20931,Notch1,Snai2,1.0
20932,Notch1,Sox9,1.0
20933,Notch1,Spp1,-1.0
20934,Notch1,Tagln,-1.0
20935,Notch1,Tcf12,1.0
20936,Notch1,Tcf7,1.0
20937,Notch1,Tcfl5,1.0
20938,Notch1,Tnfrsf11b,1.0
20939,Notch1,Tnfsf11,1.0
20940,Notch1,Vegfa,1.0
20941,Noto,Alg3,1.0
20942,Noto,Btk,1.0
20943,Noto,Ccr4,1.0
20944,Noto,Cd74,1.0
20945,Noto,Eno2,1.0
20946,Noto,Eomes,1.0
20947,Noto,Lck,1.0
20948,Noto,Top2b,1.0
20949,Noto,Usp21,1.0
20950,Noto,Wt1,1.0
20951,Npas1,Arnt,-1.0
20952,Npas1,Arnt2,-1.0
20953,Npas1,Epo,-1.0
20954,Npas1,Th,-1.0
20955,Npas2,Aanat,1.0
20956,Npas2,Adcy1,1.0
20957,Npas2,Bmal1,1.0
20958,Npas2,Cry1,1.0
20959,Npas2,Cry2,1.0
20960,Npas2,Maoa,1.0
20961,Npas2,Per1,1.0
20962,Npas2,Per2,1.0
20963,Npas2,Rdh12,1.0
20964,Npas3,Vgf,1.0
20965,Npas4,Cdk5,1.0
20966,Npas4,Mcu,-1.0
20967,Npas4,Rbfox3,1.0
20968,Npm1,Atf5,-1.0
20969,Npm1,Brd4,1.0
20970,Npm1,Ccnd1,1.0
20971,Npm1,Cdkn1a,1.0
20972,Npm1,Dnmt1,1.0
20973,Npm1,Elf4,1.0
20974,Npm1,Fbp1,-1.0
20975,Npm1,Hoxa9,-1.0
20976,Npm1,Ptpn6,1.0
20977,Npm1,Rpl3,1.0
20978,Npm1,Taf1a,1.0
20979,Npm1,Usp7,1.0
20980,Nr0b1,Abcd2,1.0
20981,Nr0b1,Abcd3,1.0
20982,Nr0b1,Amh,-1.0
20983,Nr0b1,Apoc3,1.0
20984,Nr0b1,Camp,-1.0
20985,Nr0b1,Ccnd1,-1.0
20986,Nr0b1,Cnot2,1.0
20987,Nr0b1,Cyp11a1,-1.0
20988,Nr0b1,Cyp17a1,-1.0
20989,Nr0b1,Cyp19a1,-1.0
20990,Nr0b1,Dhh,1.0
20991,Nr0b1,Dr1,1.0
20992,Nr0b1,Egf,1.0
20993,Nr0b1,Epo,1.0
20994,Nr0b1,Esrrb,1.0
20995,Nr0b1,Esrrg,-1.0
20996,Nr0b1,Ewsr1,1.0
20997,Nr0b1,Fdft1,1.0
20998,Nr0b1,Fli1,1.0
20999,Nr0b1,Fshr,1.0
21000,Nr0b1,G6pc1,-1.0
21001,Nr0b1,Gata4,1.0
21002,Nr0b1,Glb1,1.0
21003,Nr0b1,Il2,1.0
21004,Nr0b1,Lbp,1.0
21005,Nr0b1,Mc2r,-1.0
21006,Nr0b1,Nanog,-1.0
21007,Nr0b1,Ncor2,1.0
21008,Nr0b1,Nos1,1.0
21009,Nr0b1,Nr1h3,1.0
21010,Nr0b1,Nr1h4,-1.0
21011,Nr0b1,Nr3c1,-1.0
21012,Nr0b1,Nr4a1,-1.0
21013,Nr0b1,Nr5a1,-1.0
21014,Nr0b1,Nr5a2,1.0
21015,Nr0b1,Nrip1,1.0
21016,Nr0b1,Oxt,1.0
21017,Nr0b1,Pbx1,1.0
21018,Nr0b1,Pck1,1.0
21019,Nr0b1,Pik3c3,1.0
21020,Nr0b1,Pik3r1,1.0
21021,Nr0b1,Plg,1.0
21022,Nr0b1,Pou5f1,1.0
21023,Nr0b1,Ppargc1a,-1.0
21024,Nr0b1,Prkn,1.0
21025,Nr0b1,Rlf,1.0
21026,Nr0b1,Rnf31,1.0
21027,Nr0b1,Sf1,1.0
21028,Nr0b1,Snw1,1.0
21029,Nr0b1,Star,-1.0
21030,Nr0b1,Th,1.0
21031,Nr0b1,Vgll2,1.0
21032,Nr0b1,Zfp42,-1.0
21033,Nr0b2,Abca1,-1.0
21034,Nr0b2,Abcg1,1.0
21035,Nr0b2,Actg2,-1.0
21036,Nr0b2,Adipoq,1.0
21037,Nr0b2,Agt,-1.0
21038,Nr0b2,Ahr,1.0
21039,Nr0b2,Apoa2,1.0
21040,Nr0b2,Apob,-1.0
21041,Nr0b2,Apoc3,1.0
21042,Nr0b2,Apom,1.0
21043,Nr0b2,Bmal1,1.0
21044,Nr0b2,Casp1,1.0
21045,Nr0b2,Ccnd1,-1.0
21046,Nr0b2,Cdkn1a,-1.0
21047,Nr0b2,Cdx1,1.0
21048,Nr0b2,Clock,1.0
21049,Nr0b2,Crtc2,1.0
21050,Nr0b2,Csn2,1.0
21051,Nr0b2,Cyp19a1,-1.0
21052,Nr0b2,Cyp1a1,-1.0
21053,Nr0b2,Cyp27a1,1.0
21054,Nr0b2,Cyp7a1,-1.0
21055,Nr0b2,Cyp8b1,-1.0
21056,Nr0b2,Dhfr,-1.0
21057,Nr0b2,Dnmt1,-1.0
21058,Nr0b2,Dspp,1.0
21059,Nr0b2,E2f1,-1.0
21060,Nr0b2,Egfr,1.0
21061,Nr0b2,Egr1,-1.0
21062,Nr0b2,Ehmt2,1.0
21063,Nr0b2,Eid1,1.0
21064,Nr0b2,Ep300,1.0
21065,Nr0b2,Esr1,-1.0
21066,Nr0b2,Esr2,-1.0
21067,Nr0b2,Esrrg,-1.0
21068,Nr0b2,Fabp6,1.0
21069,Nr0b2,Fn1,-1.0
21070,Nr0b2,Fos,1.0
21071,Nr0b2,Foxo3,-1.0
21072,Nr0b2,Foxo4,-1.0
21073,Nr0b2,G6pc1,-1.0
21074,Nr0b2,Gab2,1.0
21075,Nr0b2,Gba2,1.0
21076,Nr0b2,Gck,-1.0
21077,Nr0b2,Hdc,1.0
21078,Nr0b2,Hes6,-1.0
21079,Nr0b2,Hnf1a,-1.0
21080,Nr0b2,Hnf4a,-1.0
21081,Nr0b2,Hnf4g,-1.0
21082,Nr0b2,Ibsp,1.0
21083,Nr0b2,Il12b,1.0
21084,Nr0b2,Il2,1.0
21085,Nr0b2,Inpp5d,1.0
21086,Nr0b2,Jun,1.0
21087,Nr0b2,Kras,1.0
21088,Nr0b2,Mafa,-1.0
21089,Nr0b2,Mapk8,1.0
21090,Nr0b2,Mdm2,1.0
21091,Nr0b2,Mmp9,1.0
21092,Nr0b2,Mtf1,1.0
21093,Nr0b2,Myc,-1.0
21094,Nr0b2,Neurod1,1.0
21095,Nr0b2,Nr1h2,-1.0
21096,Nr0b2,Nr1h3,-1.0
21097,Nr0b2,Nr1i2,1.0
21098,Nr0b2,Nr1i3,1.0
21099,Nr0b2,Nr4a1,1.0
21100,Nr0b2,Nr5a2,-1.0
21101,Nr0b2,Pck1,1.0
21102,Nr0b2,Pck2,-1.0
21103,Nr0b2,Pdcd5,1.0
21104,Nr0b2,Pdk4,-1.0
21105,Nr0b2,Pdx1,-1.0
21106,Nr0b2,Pik3c3,1.0
21107,Nr0b2,Pltp,1.0
21108,Nr0b2,Pou2f1,1.0
21109,Nr0b2,Pparg,1.0
21110,Nr0b2,Ppargc1a,-1.0
21111,Nr0b2,Prkaa1,1.0
21112,Nr0b2,Prkaa2,1.0
21113,Nr0b2,Ptgs2,1.0
21114,Nr0b2,Ptpn6,1.0
21115,Nr0b2,Runx2,1.0
21116,Nr0b2,Scarb1,1.0
21117,Nr0b2,Sct,-1.0
21118,Nr0b2,Serpine1,-1.0
21119,Nr0b2,Serpine2,1.0
21120,Nr0b2,Sirt1,1.0
21121,Nr0b2,Slc10a1,-1.0
21122,Nr0b2,Slc10a2,-1.0
21123,Nr0b2,Slc22a7,-1.0
21124,Nr0b2,Slc2a4,1.0
21125,Nr0b2,Slc51a,-1.0
21126,Nr0b2,Slc51b,-1.0
21127,Nr0b2,Smad3,-1.0
21128,Nr0b2,Smad7,-1.0
21129,Nr0b2,Spp1,1.0
21130,Nr0b2,Stra8,1.0
21131,Nr0b2,Syk,1.0
21132,Nr0b2,Tcf3,1.0
21133,Nr0b2,Thra,-1.0
21134,Nr0b2,Timp1,-1.0
21135,Nr0b2,Timp2,1.0
21136,Nr0b2,Tnf,1.0
21137,Nr0b2,Tph2,1.0
21138,Nr0b2,Trp53,1.0
21139,Nr0b2,Vdr,1.0
21140,Nr0b2,Xpr1,1.0
21141,Nr1d1,Afp,-1.0
21142,Nr1d1,Apoa1,-1.0
21143,Nr1d1,Apoc3,-1.0
21144,Nr1d1,Bmal1,-1.0
21145,Nr1d1,Cdkn1a,-1.0
21146,Nr1d1,Clock,-1.0
21147,Nr1d1,Crx,1.0
21148,Nr1d1,Cyp7a1,1.0
21149,Nr1d1,Drd3,-1.0
21150,Nr1d1,Fgf21,-1.0
21151,Nr1d1,G6pc1,-1.0
21152,Nr1d1,Il6,1.0
21153,Nr1d1,Npas2,-1.0
21154,Nr1d1,Nrl,1.0
21155,Nr1d1,Nupr1,-1.0
21156,Nr1d1,Pck1,-1.0
21157,Nr1d1,Pparg,-1.0
21158,Nr1d1,Ppargc1a,-1.0
21159,Nr1d1,Ptgs2,1.0
21160,Nr1d1,Rarres2,-1.0
21161,Nr1d1,Rcvrn,-1.0
21162,Nr1d1,Rgr,-1.0
21163,Nr1d1,Rorc,-1.0
21164,Nr1d1,Serpine1,-1.0
21165,Nr1d1,Tlr4,-1.0
21166,Nr1d1,Tshb,-1.0
21167,Nr1d2,Afp,-1.0
21168,Nr1d2,Apoc3,-1.0
21169,Nr1d2,Bmal1,-1.0
21170,Nr1d2,Cyp7a1,-1.0
21171,Nr1d2,Nr1d1,-1.0
21172,Nr1d2,Srebf1,1.0
21173,Nr1h2,Abca1,1.0
21174,Nr1h2,Abcg1,1.0
21175,Nr1h2,Abcg4,1.0
21176,Nr1h2,Abcg5,1.0
21177,Nr1h2,Abcg8,1.0
21178,Nr1h2,Apoe,1.0
21179,Nr1h2,Aqp1,1.0
21180,Nr1h2,Bhlhe40,1.0
21181,Nr1h2,C3,1.0
21182,Nr1h2,Cd36,1.0
21183,Nr1h2,Cyp7a1,1.0
21184,Nr1h2,Cyp7b1,-1.0
21185,Nr1h2,Dhcr24,1.0
21186,Nr1h2,Enho,-1.0
21187,Nr1h2,Ercc2,1.0
21188,Nr1h2,Ercc3,1.0
21189,Nr1h2,F3,-1.0
21190,Nr1h2,Fbp1,-1.0
21191,Nr1h2,Fgf21,1.0
21192,Nr1h2,Foxm1,-1.0
21193,Nr1h2,G6pc1,-1.0
21194,Nr1h2,Gck,1.0
21195,Nr1h2,Hk1,1.0
21196,Nr1h2,Insig2,1.0
21197,Nr1h2,Kat2a,1.0
21198,Nr1h2,Lpl,1.0
21199,Nr1h2,Nr1h3,1.0
21200,Nr1h2,Nras,1.0
21201,Nr1h2,Pck2,-1.0
21202,Nr1h2,Pdx1,1.0
21203,Nr1h2,Pfkfb1,1.0
21204,Nr1h2,Pias1,1.0
21205,Nr1h2,Pltp,1.0
21206,Nr1h2,Polr2b,1.0
21207,Nr1h2,Pomc,1.0
21208,Nr1h2,Ptbp1,1.0
21209,Nr1h2,Pth,1.0
21210,Nr1h2,Scarb1,1.0
21211,Nr1h2,Slc2a2,1.0
21212,Nr1h2,Srebf1,1.0
21213,Nr1h2,Trp53,1.0
21214,Nr1h2,Vegfa,1.0
21215,Nr1h2,Xpa,1.0
21216,Nr1h2,Xpc,1.0
21217,Nr1h3,Abca1,1.0
21218,Nr1h3,Abca12,1.0
21219,Nr1h3,Abcc2,1.0
21220,Nr1h3,Abcd2,-1.0
21221,Nr1h3,Abcg1,1.0
21222,Nr1h3,Abcg4,1.0
21223,Nr1h3,Abcg5,1.0
21224,Nr1h3,Abcg8,1.0
21225,Nr1h3,Abl2,1.0
21226,Nr1h3,Acaca,1.0
21227,Nr1h3,Acsl3,1.0
21228,Nr1h3,Ahr,1.0
21229,Nr1h3,Angptl3,1.0
21230,Nr1h3,Apoa1,1.0
21231,Nr1h3,Apoa2,1.0
21232,Nr1h3,Apoa5,1.0
21233,Nr1h3,Apoc2,1.0
21234,Nr1h3,Apoe,1.0
21235,Nr1h3,Aprt,1.0
21236,Nr1h3,Arg1,1.0
21237,Nr1h3,Arl4c,1.0
21238,Nr1h3,Bard1,1.0
21239,Nr1h3,Bhlhe40,1.0
21240,Nr1h3,C3,1.0
21241,Nr1h3,C7,1.0
21242,Nr1h3,Ccl24,-1.0
21243,Nr1h3,Cd2,1.0
21244,Nr1h3,Cd24a,1.0
21245,Nr1h3,Cd36,1.0
21246,Nr1h3,Cd74,1.0
21247,Nr1h3,Cdkn2b,1.0
21248,Nr1h3,Crp,1.0
21249,Nr1h3,Cyp1a1,1.0
21250,Nr1h3,Cyp1a2,1.0
21251,Nr1h3,Cyp7a1,1.0
21252,Nr1h3,Cyp7b1,-1.0
21253,Nr1h3,Dhcr24,1.0
21254,Nr1h3,Dio2,1.0
21255,Nr1h3,Edn1,-1.0
21256,Nr1h3,Elovl1,1.0
21257,Nr1h3,Elovl3,1.0
21258,Nr1h3,Elovl5,1.0
21259,Nr1h3,Elovl6,1.0
21260,Nr1h3,Eng,1.0
21261,Nr1h3,Enho,-1.0
21262,Nr1h3,Esr1,1.0
21263,Nr1h3,F2rl3,1.0
21264,Nr1h3,F3,-1.0
21265,Nr1h3,Fabp2,1.0
21266,Nr1h3,Fabp6,1.0
21267,Nr1h3,Fasn,1.0
21268,Nr1h3,Fbp1,-1.0
21269,Nr1h3,Fbp2,1.0
21270,Nr1h3,Fdft1,1.0
21271,Nr1h3,Fdps,1.0
21272,Nr1h3,Fgf1,1.0
21273,Nr1h3,Fgf21,1.0
21274,Nr1h3,Fos,1.0
21275,Nr1h3,Foxm1,-1.0
21276,Nr1h3,Foxo1,1.0
21277,Nr1h3,G6pc1,-1.0
21278,Nr1h3,Gck,1.0
21279,Nr1h3,Hk1,1.0
21280,Nr1h3,Hsd11b1,-1.0
21281,Nr1h3,Htt,1.0
21282,Nr1h3,Ifng,1.0
21283,Nr1h3,Il17a,1.0
21284,Nr1h3,Il5,1.0
21285,Nr1h3,Insig2,1.0
21286,Nr1h3,Ldlr,1.0
21287,Nr1h3,Lipe,1.0
21288,Nr1h3,Lipg,-1.0
21289,Nr1h3,Lpcat3,1.0
21290,Nr1h3,Lpl,1.0
21291,Nr1h3,Mlxipl,1.0
21292,Nr1h3,Mpo,1.0
21293,Nr1h3,Myc,1.0
21294,Nr1h3,Ncoa6,1.0
21295,Nr1h3,Nfya,1.0
21296,Nr1h3,Npc1l1,1.0
21297,Nr1h3,Nr0b2,1.0
21298,Nr1h3,Nr1d1,1.0
21299,Nr1h3,Nr1h2,1.0
21300,Nr1h3,Nr1i2,1.0
21301,Nr1h3,Nr3c1,1.0
21302,Nr1h3,Nr5a2,1.0
21303,Nr1h3,Pck1,1.0
21304,Nr1h3,Pck2,-1.0
21305,Nr1h3,Pfkfb1,1.0
21306,Nr1h3,Pfkfb3,1.0
21307,Nr1h3,Pgrmc1,1.0
21308,Nr1h3,Plac1,1.0
21309,Nr1h3,Plin1,1.0
21310,Nr1h3,Pltp,1.0
21311,Nr1h3,Pnpla3,1.0
21312,Nr1h3,Pomc,1.0
21313,Nr1h3,Ppara,1.0
21314,Nr1h3,Pparg,1.0
21315,Nr1h3,Ppig,1.0
21316,Nr1h3,Prkaa1,1.0
21317,Nr1h3,Ptch1,1.0
21318,Nr1h3,Ptgs2,-1.0
21319,Nr1h3,Rara,1.0
21320,Nr1h3,Ren1,1.0
21321,Nr1h3,S100a9,1.0
21322,Nr1h3,Scarb1,1.0
21323,Nr1h3,Selplg,1.0
21324,Nr1h3,Sirt1,1.0
21325,Nr1h3,Slc2a4,1.0
21326,Nr1h3,Slc51a,1.0
21327,Nr1h3,Slc51b,1.0
21328,Nr1h3,Slco1b2,1.0
21329,Nr1h3,Spp1,1.0
21330,Nr1h3,Srebf1,1.0
21331,Nr1h3,Srebf2,1.0
21332,Nr1h3,Sult1c2,1.0
21333,Nr1h3,Tfap2a,1.0
21334,Nr1h3,Tgif1,1.0
21335,Nr1h3,Tlr4,1.0
21336,Nr1h3,Tnf,1.0
21337,Nr1h3,Trim63,1.0
21338,Nr1h3,Ttpa,1.0
21339,Nr1h3,Ucp1,1.0
21340,Nr1h3,Vdr,1.0
21341,Nr1h3,Vegfa,1.0
21342,Nr1h4,Abca1,1.0
21343,Nr1h4,Abcb11,1.0
21344,Nr1h4,Abcb4,1.0
21345,Nr1h4,Abcc2,1.0
21346,Nr1h4,Abcc3,1.0
21347,Nr1h4,Abcc4,-1.0
21348,Nr1h4,Abcg5,1.0
21349,Nr1h4,Acaca,-1.0
21350,Nr1h4,Actg2,-1.0
21351,Nr1h4,Adh4,1.0
21352,Nr1h4,Agtr2,1.0
21353,Nr1h4,Alas1,1.0
21354,Nr1h4,Apoa1,1.0
21355,Nr1h4,Apoa5,1.0
21356,Nr1h4,Apoc2,1.0
21357,Nr1h4,Apoc3,-1.0
21358,Nr1h4,Apoe,1.0
21359,Nr1h4,Apof,1.0
21360,Nr1h4,Aqp2,1.0
21361,Nr1h4,Atp5f1a,1.0
21362,Nr1h4,Atp8b1,1.0
21363,Nr1h4,C3,1.0
21364,Nr1h4,Cacna1a,1.0
21365,Nr1h4,Carm1,1.0
21366,Nr1h4,Ccnd1,-1.0
21367,Nr1h4,Cd36,1.0
21368,Nr1h4,Cdkn2a,1.0
21369,Nr1h4,Cdx2,1.0
21370,Nr1h4,Cish,1.0
21371,Nr1h4,Col1a1,-1.0
21372,Nr1h4,Crp,-1.0
21373,Nr1h4,Cth,1.0
21374,Nr1h4,Cyp19a1,1.0
21375,Nr1h4,Cyp7a1,-1.0
21376,Nr1h4,Cyp8b1,1.0
21377,Nr1h4,Dcn,1.0
21378,Nr1h4,Ddah1,1.0
21379,Nr1h4,Dgkq,1.0
21380,Nr1h4,Dr1,1.0
21381,Nr1h4,Edn1,-1.0
21382,Nr1h4,Fabp6,1.0
21383,Nr1h4,Fasn,1.0
21384,Nr1h4,Fetub,1.0
21385,Nr1h4,Fgf15,1.0
21386,Nr1h4,Fgfr1,1.0
21387,Nr1h4,Fmo3,1.0
21388,Nr1h4,Foxm1,1.0
21389,Nr1h4,Gstk1,1.0
21390,Nr1h4,Hnf4a,-1.0
21391,Nr1h4,Hpgds,1.0
21392,Nr1h4,Icam1,1.0
21393,Nr1h4,Il1b,-1.0
21394,Nr1h4,Il2,-1.0
21395,Nr1h4,Il6,-1.0
21396,Nr1h4,Klf11,1.0
21397,Nr1h4,Krt13,1.0
21398,Nr1h4,Mcl1,1.0
21399,Nr1h4,Me3,1.0
21400,Nr1h4,Med1,1.0
21401,Nr1h4,Mmp9,1.0
21402,Nr1h4,Mttp,-1.0
21403,Nr1h4,Muc2,1.0
21404,Nr1h4,Myd88,1.0
21405,Nr1h4,Ndrg2,1.0
21406,Nr1h4,Nelfe,1.0
21407,Nr1h4,Nfkb1,1.0
21408,Nr1h4,Ngf,1.0
21409,Nr1h4,Nisch,1.0
21410,Nr1h4,Nos2,-1.0
21411,Nr1h4,Nos3,1.0
21412,Nr1h4,Nr0b1,1.0
21413,Nr1h4,Nr0b2,1.0
21414,Nr1h4,Nr1h3,-1.0
21415,Nr1h4,Nr1i2,1.0
21416,Nr1h4,Nr5a2,1.0
21417,Nr1h4,Pck2,1.0
21418,Nr1h4,Pcsk9,-1.0
21419,Nr1h4,Pdk4,1.0
21420,Nr1h4,Pklr,-1.0
21421,Nr1h4,Plg,1.0
21422,Nr1h4,Pltp,1.0
21423,Nr1h4,Pon1,-1.0
21424,Nr1h4,Ppara,1.0
21425,Nr1h4,Pparg,1.0
21426,Nr1h4,Ppargc1a,1.0
21427,Nr1h4,Ppig,1.0
21428,Nr1h4,Psmd10,1.0
21429,Nr1h4,Ptgs2,-1.0
21430,Nr1h4,Rarres2,1.0
21431,Nr1h4,Reck,1.0
21432,Nr1h4,Rela,1.0
21433,Nr1h4,Scarb1,1.0
21434,Nr1h4,Sdc1,1.0
21435,Nr1h4,Slc10a1,-1.0
21436,Nr1h4,Slc10a2,-1.0
21437,Nr1h4,Slc1a5,1.0
21438,Nr1h4,Slc22a7,1.0
21439,Nr1h4,Slc2a4,1.0
21440,Nr1h4,Slc51a,1.0
21441,Nr1h4,Slc51b,1.0
21442,Nr1h4,Slc7a7,1.0
21443,Nr1h4,Slco1b2,1.0
21444,Nr1h4,Spp1,-1.0
21445,Nr1h4,Sqstm1,1.0
21446,Nr1h4,Srebf1,-1.0
21447,Nr1h4,Stk11,1.0
21448,Nr1h4,Sumo1,1.0
21449,Nr1h4,Thrsp,-1.0
21450,Nr1h4,Timp1,-1.0
21451,Nr1h4,Timp2,-1.0
21452,Nr1h4,Tmie,1.0
21453,Nr1h4,Tnf,-1.0
21454,Nr1h4,Tnfrsf11b,1.0
21455,Nr1h4,Trp53,1.0
21456,Nr1h4,Vars1,1.0
21457,Nr1h4,Vegfa,1.0
21458,Nr1h4,Vipr1,1.0
21459,Nr1h4,Wnt2,1.0
21460,Nr1i2,Abca1,1.0
21461,Nr1i2,Abcc2,1.0
21462,Nr1i2,Abcc3,1.0
21463,Nr1i2,Adamtsl4,1.0
21464,Nr1i2,Alg1,1.0
21465,Nr1i2,Ap1g1,1.0
21466,Nr1i2,App,1.0
21467,Nr1i2,Arap1,1.0
21468,Nr1i2,Arap3,1.0
21469,Nr1i2,Arfgef2,1.0
21470,Nr1i2,Arid3c,1.0
21471,Nr1i2,Arnt2,1.0
21472,Nr1i2,Ass1,1.0
21473,Nr1i2,Atg4c,1.0
21474,Nr1i2,Atxn2,1.0
21475,Nr1i2,Aurkb,1.0
21476,Nr1i2,B4galt1,1.0
21477,Nr1i2,Bbc3,1.0
21478,Nr1i2,Bcl2,1.0
21479,Nr1i2,Bcl2l1,1.0
21480,Nr1i2,Bcl9l,1.0
21481,Nr1i2,Bphl,1.0
21482,Nr1i2,Car11,1.0
21483,Nr1i2,Ccm2l,1.0
21484,Nr1i2,Ccnd1,1.0
21485,Nr1i2,Cd36,1.0
21486,Nr1i2,Cdh23,1.0
21487,Nr1i2,Cep112,1.0
21488,Nr1i2,Cfl1,1.0
21489,Nr1i2,Clmp,1.0
21490,Nr1i2,Cnbd1,1.0
21491,Nr1i2,Cops3,1.0
21492,Nr1i2,Coro1c,1.0
21493,Nr1i2,Cpt1a,1.0
21494,Nr1i2,Crcp,1.0
21495,Nr1i2,Cyp1a2,1.0
21496,Nr1i2,Cyp24a1,1.0
21497,Nr1i2,Cyp4f39,1.0
21498,Nr1i2,Cyp7a1,-1.0
21499,Nr1i2,Cyp8b1,1.0
21500,Nr1i2,Dalrd3,1.0
21501,Nr1i2,Dbp,1.0
21502,Nr1i2,Dnaaf2,1.0
21503,Nr1i2,Dnajc7,1.0
21504,Nr1i2,Dpf3,1.0
21505,Nr1i2,Dpy19l1,1.0
21506,Nr1i2,Eef2kmt,1.0
21507,Nr1i2,Efemp2,1.0
21508,Nr1i2,Eif2s1,1.0
21509,Nr1i2,Fam167a,1.0
21510,Nr1i2,Fgf15,1.0
21511,Nr1i2,Focad,1.0
21512,Nr1i2,Fosl1,1.0
21513,Nr1i2,Foxp1,1.0
21514,Nr1i2,G6pc1,-1.0
21515,Nr1i2,Gadd45b,1.0
21516,Nr1i2,Galnt14,1.0
21517,Nr1i2,Galnt18,1.0
21518,Nr1i2,Galt,1.0
21519,Nr1i2,Gatad2a,1.0
21520,Nr1i2,Gh,1.0
21521,Nr1i2,Gldc,1.0
21522,Nr1i2,Golga1,1.0
21523,Nr1i2,Gorasp1,1.0
21524,Nr1i2,Grm1,1.0
21525,Nr1i2,Gusb,1.0
21526,Nr1i2,Hgf,1.0
21527,Nr1i2,Hivep3,1.0
21528,Nr1i2,Hmgcs2,-1.0
21529,Nr1i2,Hmox1,1.0
21530,Nr1i2,Hnf4a,1.0
21531,Nr1i2,Hp,1.0
21532,Nr1i2,Ifnb1,1.0
21533,Nr1i2,Ifng,-1.0
21534,Nr1i2,Il10,1.0
21535,Nr1i2,Il2ra,-1.0
21536,Nr1i2,Impdh2,1.0
21537,Nr1i2,Itprip,1.0
21538,Nr1i2,Kcng2,1.0
21539,Nr1i2,Kcnk5,1.0
21540,Nr1i2,Kcnv2,1.0
21541,Nr1i2,Kdm8,1.0
21542,Nr1i2,Kdr,1.0
21543,Nr1i2,Klf2,1.0
21544,Nr1i2,Klf6,1.0
21545,Nr1i2,Klhl29,1.0
21546,Nr1i2,Lct,1.0
21547,Nr1i2,Lman2l,1.0
21548,Nr1i2,Lmf1,1.0
21549,Nr1i2,Lrr1,1.0
21550,Nr1i2,Map2k1,1.0
21551,Nr1i2,Mc2r,1.0
21552,Nr1i2,Mcam,1.0
21553,Nr1i2,Med29,1.0
21554,Nr1i2,Mgat2,1.0
21555,Nr1i2,Mical3,1.0
21556,Nr1i2,Msx2,1.0
21557,Nr1i2,Mthfd1l,1.0
21558,Nr1i2,Mtss1,1.0
21559,Nr1i2,Muc6,1.0
21560,Nr1i2,Mus81,1.0
21561,Nr1i2,Myocd,1.0
21562,Nr1i2,Myt1l,1.0
21563,Nr1i2,Ncoa6,1.0
21564,Nr1i2,Ncor2,1.0
21565,Nr1i2,Ndufaf3,1.0
21566,Nr1i2,Nfic,1.0
21567,Nr1i2,Nfkb1,-1.0
21568,Nr1i2,Nod1,-1.0
21569,Nr1i2,Nod2,-1.0
21570,Nr1i2,Npas3,1.0
21571,Nr1i2,Nr0b2,-1.0
21572,Nr1i2,Nr1i3,1.0
21573,Nr1i2,Nsmce1,1.0
21574,Nr1i2,Patj,1.0
21575,Nr1i2,Pclaf,1.0
21576,Nr1i2,Pdp1,1.0
21577,Nr1i2,Phlpp2,1.0
21578,Nr1i2,Pias3,1.0
21579,Nr1i2,Plek2,1.0
21580,Nr1i2,Plekha2,1.0
21581,Nr1i2,Plekhg2,1.0
21582,Nr1i2,Pparg,1.0
21583,Nr1i2,Ppargc1a,-1.0
21584,Nr1i2,Prickle3,1.0
21585,Nr1i2,Prkcz,1.0
21586,Nr1i2,Prlr,1.0
21587,Nr1i2,Prmt1,1.0
21588,Nr1i2,Prxl2a,1.0
21589,Nr1i2,Psap,1.0
21590,Nr1i2,Ptafr,1.0
21591,Nr1i2,Ptprn2,1.0
21592,Nr1i2,Qrich1,1.0
21593,Nr1i2,Rab3a,1.0
21594,Nr1i2,Rassf3,1.0
21595,Nr1i2,Rbl2,1.0
21596,Nr1i2,Rela,-1.0
21597,Nr1i2,Rgs6,1.0
21598,Nr1i2,Rpl36al,1.0
21599,Nr1i2,Rps13,1.0
21600,Nr1i2,Rxra,1.0
21601,Nr1i2,Sar1a,1.0
21602,Nr1i2,Scarb1,1.0
21603,Nr1i2,Scnn1a,1.0
21604,Nr1i2,Scp2,-1.0
21605,Nr1i2,Sgpp1,1.0
21606,Nr1i2,Shank1,1.0
21607,Nr1i2,Sigmar1,1.0
21608,Nr1i2,Slc17a9,1.0
21609,Nr1i2,Slc25a1,1.0
21610,Nr1i2,Slc25a42,1.0
21611,Nr1i2,Slc34a2,1.0
21612,Nr1i2,Slc38a1,1.0
21613,Nr1i2,Slc40a1,1.0
21614,Nr1i2,Slc43a1,1.0
21615,Nr1i2,Slc6a3,1.0
21616,Nr1i2,Slco1b2,1.0
21617,Nr1i2,Smc5,1.0
21618,Nr1i2,Sms,1.0
21619,Nr1i2,Snx32,1.0
21620,Nr1i2,Sorbs2,1.0
21621,Nr1i2,Sphk2,1.0
21622,Nr1i2,Srl,1.0
21623,Nr1i2,Sult1e1,1.0
21624,Nr1i2,Syp,1.0
21625,Nr1i2,Taf2,1.0
21626,Nr1i2,Tbc1d14,1.0
21627,Nr1i2,Tert,1.0
21628,Nr1i2,Thbs1,1.0
21629,Nr1i2,Thrsp,1.0
21630,Nr1i2,Tmem50a,1.0
21631,Nr1i2,Tnf,1.0
21632,Nr1i2,Tnfrsf12a,1.0
21633,Nr1i2,Tnfrsf1a,1.0
21634,Nr1i2,Tnfrsf25,1.0
21635,Nr1i2,Tnip2,1.0
21636,Nr1i2,Tnrc6a,1.0
21637,Nr1i2,Tpm4,1.0
21638,Nr1i2,Trib2,1.0
21639,Nr1i2,Tssk6,1.0
21640,Nr1i2,Ttc21a,1.0
21641,Nr1i2,Ttc7,1.0
21642,Nr1i2,Ttpa,1.0
21643,Nr1i2,Tubb5,1.0
21644,Nr1i2,Ubc,1.0
21645,Nr1i2,Ube2a,1.0
21646,Nr1i2,Ube2b,1.0
21647,Nr1i2,Ubiad1,1.0
21648,Nr1i2,Vamp4,1.0
21649,Nr1i2,Vamp7,1.0
21650,Nr1i2,Wdr48,1.0
21651,Nr1i2,Wdr6,1.0
21652,Nr1i2,Wscd2,1.0
21653,Nr1i2,Zbtb20,1.0
21654,Nr1i2,Zfp281,1.0
21655,Nr1i2,Zfp36,1.0
21656,Nr1i2,Zfyve26,1.0
21657,Nr1i3,Abcc2,1.0
21658,Nr1i3,Abcc3,1.0
21659,Nr1i3,Abcc4,1.0
21660,Nr1i3,Abcc6,1.0
21661,Nr1i3,Acox1,1.0
21662,Nr1i3,Apoa1,1.0
21663,Nr1i3,Apoc3,1.0
21664,Nr1i3,App,1.0
21665,Nr1i3,Bdnf,1.0
21666,Nr1i3,Car1,1.0
21667,Nr1i3,Car12,1.0
21668,Nr1i3,Cdkn1a,-1.0
21669,Nr1i3,Ctse,1.0
21670,Nr1i3,Cyp1a1,1.0
21671,Nr1i3,Cyp1a2,1.0
21672,Nr1i3,Cyp24a1,1.0
21673,Nr1i3,Cyp7a1,1.0
21674,Nr1i3,Dr1,1.0
21675,Nr1i3,Edn1,1.0
21676,Nr1i3,Ephx1,1.0
21677,Nr1i3,Esr1,1.0
21678,Nr1i3,Fn1,1.0
21679,Nr1i3,Foxm1,1.0
21680,Nr1i3,Foxo1,-1.0
21681,Nr1i3,Gabrb3,1.0
21682,Nr1i3,Gadd45b,1.0
21683,Nr1i3,Grin1,1.0
21684,Nr1i3,Hnf4a,1.0
21685,Nr1i3,Il1b,1.0
21686,Nr1i3,Lratd1,1.0
21687,Nr1i3,Mcl1,1.0
21688,Nr1i3,Nr1i2,1.0
21689,Nr1i3,Nr3c1,1.0
21690,Nr1i3,Pdp1,1.0
21691,Nr1i3,Pkd1,1.0
21692,Nr1i3,Ppig,1.0
21693,Nr1i3,Prkaa1,1.0
21694,Nr1i3,Sgip1,1.0
21695,Nr1i3,Slc13a5,1.0
21696,Nr1i3,Slc51b,1.0
21697,Nr1i3,Slco1b2,1.0
21698,Nr1i3,Spint2,1.0
21699,Nr1i3,Tat,1.0
21700,Nr1i3,Thrsp,1.0
21701,Nr1i3,Tuba8,1.0
21702,Nr1i3,Upk2,1.0
21703,Nr2c1,Agt,1.0
21704,Nr2c1,Crabp1,1.0
21705,Nr2c1,Epo,1.0
21706,Nr2c1,Esr1,1.0
21707,Nr2c1,Gata1,-1.0
21708,Nr2c1,Ghrhr,1.0
21709,Nr2c1,Hbb-bh1,1.0
21710,Nr2c1,Hrh1,-1.0
21711,Nr2c1,Myc,1.0
21712,Nr2c1,Nanog,1.0
21713,Nr2c1,Nr2c2,1.0
21714,Nr2c1,Pou5f1,1.0
21715,Nr2c1,Rarb,1.0
21716,Nr2c1,Rgr,1.0
21717,Nr2c1,Tnfsf14,1.0
21718,Nr2c1,Trim28,1.0
21719,Nr2c1,Txnrd2,1.0
21720,Nr2c2,Acox1,1.0
21721,Nr2c2,Acp5,1.0
21722,Nr2c2,Adamts5,1.0
21723,Nr2c2,Akt1,1.0
21724,Nr2c2,Apoe,1.0
21725,Nr2c2,Atm,1.0
21726,Nr2c2,Bcl2,1.0
21727,Nr2c2,Ccna1,-1.0
21728,Nr2c2,Ccnd1,1.0
21729,Nr2c2,Ccr7,1.0
21730,Nr2c2,Cd36,1.0
21731,Nr2c2,Cd44,1.0
21732,Nr2c2,Cdkn1a,1.0
21733,Nr2c2,Cdkn2a,1.0
21734,Nr2c2,Cyp21a1,-1.0
21735,Nr2c2,Cyp24a1,-1.0
21736,Nr2c2,Dusp14,1.0
21737,Nr2c2,Esr1,1.0
21738,Nr2c2,Fgf10,1.0
21739,Nr2c2,Gadd45a,1.0
21740,Nr2c2,Gata1,-1.0
21741,Nr2c2,Gsk3a,1.0
21742,Nr2c2,Hbb-bh1,1.0
21743,Nr2c2,Hgf,1.0
21744,Nr2c2,Il2,1.0
21745,Nr2c2,Il6,1.0
21746,Nr2c2,Lhcgr,1.0
21747,Nr2c2,Map2k4,1.0
21748,Nr2c2,Map2k7,1.0
21749,Nr2c2,Map3k14,1.0
21750,Nr2c2,Mapk8,1.0
21751,Nr2c2,Mmp9,1.0
21752,Nr2c2,Myh7,1.0
21753,Nr2c2,Nanog,1.0
21754,Nr2c2,Oxt,1.0
21755,Nr2c2,Pck1,1.0
21756,Nr2c2,Pim1,1.0
21757,Nr2c2,Pou5f1,1.0
21758,Nr2c2,Ppara,-1.0
21759,Nr2c2,Slc27a1,1.0
21760,Nr2c2,Smad7,1.0
21761,Nr2c2,Sqstm1,1.0
21762,Nr2c2,Tab1,1.0
21763,Nr2c2,Tab2,1.0
21764,Nr2c2,Tert,1.0
21765,Nr2c2,Tgfb1i1,1.0
21766,Nr2c2,Tnf,1.0
21767,Nr2c2,Tnfsf14,1.0
21768,Nr2c2,Traf6,1.0
21769,Nr2c2,Trim28,1.0
21770,Nr2c2,Xiap,1.0
21771,Nr2e1,Atcay,1.0
21772,Nr2e1,Cdkn1a,-1.0
21773,Nr2e1,Dcx,1.0
21774,Nr2e1,Egf,1.0
21775,Nr2e1,Fabp7,1.0
21776,Nr2e1,Gadd45g,-1.0
21777,Nr2e1,Gfap,1.0
21778,Nr2e1,Kdm1a,1.0
21779,Nr2e1,Pten,-1.0
21780,Nr2e1,Raf1,1.0
21781,Nr2e1,Rasa1,1.0
21782,Nr2e1,Shh,1.0
21783,Nr2e1,Sirt1,1.0
21784,Nr2e1,Tgfa,1.0
21785,Nr2e1,Vegfa,1.0
21786,Nr2e1,Wnt2,1.0
21787,Nr2e3,Crx,1.0
21788,Nr2e3,Esr1,1.0
21789,Nr2e3,H2-T23,1.0
21790,Nr2e3,Nrl,1.0
21791,Nr2e3,Nupr1,1.0
21792,Nr2e3,Otx2,1.0
21793,Nr2e3,Pias3,1.0
21794,Nr2e3,Prph2,1.0
21795,Nr2e3,Rarres2,1.0
21796,Nr2e3,Rcvrn,1.0
21797,Nr2e3,Rgr,1.0
21798,Nr2e3,Rho,1.0
21799,Nr2e3,Rlbp1,1.0
21800,Nr2e3,Rs1,1.0
21801,Nr2e3,Trp53,1.0
21802,Nr2f1,Acadm,-1.0
21803,Nr2f1,Agt,-1.0
21804,Nr2f1,Apoa2,-1.0
21805,Nr2f1,Apoa4,-1.0
21806,Nr2f1,Apob,1.0
21807,Nr2f1,Apoc3,-1.0
21808,Nr2f1,Bmp4,1.0
21809,Nr2f1,Calr,1.0
21810,Nr2f1,Camk4,1.0
21811,Nr2f1,Cd44,1.0
21812,Nr2f1,Cerk,1.0
21813,Nr2f1,Cip2a,1.0
21814,Nr2f1,Col7a1,1.0
21815,Nr2f1,Cpt2,-1.0
21816,Nr2f1,Cyp17a1,-1.0
21817,Nr2f1,Cyp19a1,-1.0
21818,Nr2f1,Cyp1a1,-1.0
21819,Nr2f1,Cyp2e1,1.0
21820,Nr2f1,Dr1,-1.0
21821,Nr2f1,Egr1,1.0
21822,Nr2f1,Epo,-1.0
21823,Nr2f1,Esr1,1.0
21824,Nr2f1,Fabp7,1.0
21825,Nr2f1,Fshr,-1.0
21826,Nr2f1,Gal,1.0
21827,Nr2f1,Gap43,-1.0
21828,Nr2f1,Gata4,1.0
21829,Nr2f1,Gata6,1.0
21830,Nr2f1,Gtf2b,1.0
21831,Nr2f1,Hmgcs2,1.0
21832,Nr2f1,Hnf1a,1.0
21833,Nr2f1,Hnf1b,1.0
21834,Nr2f1,Hnf4a,1.0
21835,Nr2f1,Klk15,-1.0
21836,Nr2f1,Lamb1,1.0
21837,Nr2f1,Lamc1,1.0
21838,Nr2f1,Lhcgr,-1.0
21839,Nr2f1,Map2,-1.0
21840,Nr2f1,Mdm2,1.0
21841,Nr2f1,Mttp,-1.0
21842,Nr2f1,Nes,1.0
21843,Nr2f1,Nr0b1,-1.0
21844,Nr2f1,Nrl,-1.0
21845,Nr2f1,Opn1sw,-1.0
21846,Nr2f1,Oxt,-1.0
21847,Nr2f1,Pcdh19,1.0
21848,Nr2f1,Pck1,-1.0
21849,Nr2f1,Pcp2,-1.0
21850,Nr2f1,Pias1,1.0
21851,Nr2f1,Pklr,1.0
21852,Nr2f1,Pou5f1,-1.0
21853,Nr2f1,Rhd,1.0
21854,Nr2f1,Rps14,1.0
21855,Nr2f1,Rxrg,-1.0
21856,Nr2f1,Serpinc1,-1.0
21857,Nr2f1,Slc9a1,1.0
21858,Nr2f1,Th,1.0
21859,Nr2f1,Tnf,1.0
21860,Nr2f1,Tnfaip8,1.0
21861,Nr2f1,Trf,-1.0
21862,Nr2f1,Ube2i,1.0
21863,Nr2f1,Vtn,1.0
21864,Nr2f6,Apoa1,-1.0
21865,Nr2f6,Apoa2,1.0
21866,Nr2f6,Apob,1.0
21867,Nr2f6,Apoc2,-1.0
21868,Nr2f6,Apoc3,1.0
21869,Nr2f6,Cd44,1.0
21870,Nr2f6,Cyp19a1,1.0
21871,Nr2f6,Eef1a2,1.0
21872,Nr2f6,Il17a,1.0
21873,Nr2f6,Il2,1.0
21874,Nr2f6,Lhcgr,-1.0
21875,Nr2f6,Nppa,1.0
21876,Nr2f6,Oxt,-1.0
21877,Nr2f6,Per1,-1.0
21878,Nr2f6,Pou5f1,-1.0
21879,Nr2f6,Ren1,-1.0
21880,Nr3c1,Abca1,-1.0
21881,Nr3c1,Abcc2,1.0
21882,Nr3c1,Abcg4,1.0
21883,Nr3c1,Acat1,1.0
21884,Nr3c1,Aco1,1.0
21885,Nr3c1,Adipor2,1.0
21886,Nr3c1,Adm,1.0
21887,Nr3c1,Adrb1,1.0
21888,Nr3c1,Afp,-1.0
21889,Nr3c1,Agt,1.0
21890,Nr3c1,Ahr,1.0
21891,Nr3c1,Alox12,1.0
21892,Nr3c1,Alox8,-1.0
21893,Nr3c1,Amacr,1.0
21894,Nr3c1,Angptl4,1.0
21895,Nr3c1,Anxa1,1.0
21896,Nr3c1,Ar,1.0
21897,Nr3c1,Art3,1.0
21898,Nr3c1,Asah2,1.0
21899,Nr3c1,Atf2,-1.0
21900,Nr3c1,Atp1b1,-1.0
21901,Nr3c1,Bad,1.0
21902,Nr3c1,Bax,1.0
21903,Nr3c1,Bcl2,-1.0
21904,Nr3c1,Bcl2l1,1.0
21905,Nr3c1,Bdnf,1.0
21906,Nr3c1,Bmal1,1.0
21907,Nr3c1,Bnip3,1.0
21908,Nr3c1,Brca1,1.0
21909,Nr3c1,Cald1,1.0
21910,Nr3c1,Cav1,1.0
21911,Nr3c1,Ccl11,1.0
21912,Nr3c1,Ccl5,-1.0
21913,Nr3c1,Ccn2,1.0
21914,Nr3c1,Ccn5,1.0
21915,Nr3c1,Ccnd1,-1.0
21916,Nr3c1,Ccnd3,-1.0
21917,Nr3c1,Ccr2,1.0
21918,Nr3c1,Cd40lg,1.0
21919,Nr3c1,Cdk4,-1.0
21920,Nr3c1,Cdk6,-1.0
21921,Nr3c1,Cdkn1a,1.0
21922,Nr3c1,Cdkn1c,1.0
21923,Nr3c1,Cdkn2a,-1.0
21924,Nr3c1,Cebpa,1.0
21925,Nr3c1,Cebpb,1.0
21926,Nr3c1,Cebpd,1.0
21927,Nr3c1,Cftr,1.0
21928,Nr3c1,Cga,1.0
21929,Nr3c1,Chrna7,1.0
21930,Nr3c1,Cldn5,1.0
21931,Nr3c1,Cpb2,1.0
21932,Nr3c1,Cps1,1.0
21933,Nr3c1,Creb1,1.0
21934,Nr3c1,Crh,-1.0
21935,Nr3c1,Crp,1.0
21936,Nr3c1,Cryab,1.0
21937,Nr3c1,Csf1r,1.0
21938,Nr3c1,Csf2,1.0
21939,Nr3c1,Csn2,1.0
21940,Nr3c1,Ctla4,1.0
21941,Nr3c1,Cxcl5,1.0
21942,Nr3c1,Cyp19a1,1.0
21943,Nr3c1,Cyp1a1,1.0
21944,Nr3c1,Cyp27a1,1.0
21945,Nr3c1,Dbh,1.0
21946,Nr3c1,Defb1,1.0
21947,Nr3c1,Dhfr,1.0
21948,Nr3c1,Dhrs9,1.0
21949,Nr3c1,Dpagt1,1.0
21950,Nr3c1,Dusp1,1.0
21951,Nr3c1,Edn1,1.0
21952,Nr3c1,Egfr,1.0
21953,Nr3c1,Elk1,-1.0
21954,Nr3c1,Epo,1.0
21955,Nr3c1,Esr1,-1.0
21956,Nr3c1,Ets1,-1.0
21957,Nr3c1,Fas,1.0
21958,Nr3c1,Fasl,-1.0
21959,Nr3c1,Fbxo32,1.0
21960,Nr3c1,Fcgr1,1.0
21961,Nr3c1,Fgf2,1.0
21962,Nr3c1,Fgg,1.0
21963,Nr3c1,Fkbp5,1.0
21964,Nr3c1,Fn1,1.0
21965,Nr3c1,Fos,-1.0
21966,Nr3c1,Foxo1,1.0
21967,Nr3c1,Foxo3,1.0
21968,Nr3c1,G6pc1,1.0
21969,Nr3c1,Gch1,-1.0
21970,Nr3c1,Gfap,1.0
21971,Nr3c1,Gh,1.0
21972,Nr3c1,Glcci1,1.0
21973,Nr3c1,Glul,1.0
21974,Nr3c1,Gnrhr,1.0
21975,Nr3c1,Got1,1.0
21976,Nr3c1,Gzma,1.0
21977,Nr3c1,H1f2,1.0
21978,Nr3c1,H6pd,1.0
21979,Nr3c1,Hes1,-1.0
21980,Nr3c1,Hnf4a,1.0
21981,Nr3c1,Hp,1.0
21982,Nr3c1,Hpn,1.0
21983,Nr3c1,Hrh1,1.0
21984,Nr3c1,Hsd11b1,1.0
21985,Nr3c1,Hsd11b2,1.0
21986,Nr3c1,Hspa4,-1.0
21987,Nr3c1,Hspb2,1.0
21988,Nr3c1,Htr1a,-1.0
21989,Nr3c1,Htr2a,1.0
21990,Nr3c1,Icam1,-1.0
21991,Nr3c1,Ifng,1.0
21992,Nr3c1,Igfbp1,1.0
21993,Nr3c1,Igfbp3,1.0
21994,Nr3c1,Il10,1.0
21995,Nr3c1,Il11,-1.0
21996,Nr3c1,Il13,1.0
21997,Nr3c1,Il17a,1.0
21998,Nr3c1,Il1a,1.0
21999,Nr3c1,Il1b,-1.0
22000,Nr3c1,Il2,-1.0
22001,Nr3c1,Il4,1.0
22002,Nr3c1,Il5,1.0
22003,Nr3c1,Il6,-1.0
22004,Nr3c1,Il7r,1.0
22005,Nr3c1,Insr,1.0
22006,Nr3c1,Ip6k3,1.0
22007,Nr3c1,Irak3,1.0
22008,Nr3c1,Irf8,1.0
22009,Nr3c1,Irs2,1.0
22010,Nr3c1,Jun,-1.0
22011,Nr3c1,Kcna3,-1.0
22012,Nr3c1,Kcnn2,1.0
22013,Nr3c1,Klf15,1.0
22014,Nr3c1,Klf5,1.0
22015,Nr3c1,Klf9,1.0
22016,Nr3c1,Kras,1.0
22017,Nr3c1,Lad1,1.0
22018,Nr3c1,Lamb1,1.0
22019,Nr3c1,Lcn2,1.0
22020,Nr3c1,Lmo3,1.0
22021,Nr3c1,Lpl,1.0
22022,Nr3c1,Lrrk2,1.0
22023,Nr3c1,Ltbr,1.0
22024,Nr3c1,Maoa,1.0
22025,Nr3c1,Mcl1,1.0
22026,Nr3c1,Mdk,-1.0
22027,Nr3c1,Mmp9,-1.0
22028,Nr3c1,Mpg,1.0
22029,Nr3c1,Mt1,1.0
22030,Nr3c1,Mt2,1.0
22031,Nr3c1,Muc4,1.0
22032,Nr3c1,Muc5ac,-1.0
22033,Nr3c1,Myc,1.0
22034,Nr3c1,Mylk,-1.0
22035,Nr3c1,Ncoa1,1.0
22036,Nr3c1,Nfil3,1.0
22037,Nr3c1,Nfkb1,-1.0
22038,Nr3c1,Nfkbia,1.0
22039,Nr3c1,Nos2,-1.0
22040,Nr3c1,Notch4,1.0
22041,Nr3c1,Nppa,1.0
22042,Nr3c1,Nr0b1,1.0
22043,Nr3c1,Nr1d1,-1.0
22044,Nr3c1,Nr1h3,1.0
22045,Nr3c1,Nr1i2,1.0
22046,Nr3c1,Nr1i3,1.0
22047,Nr3c1,Nr3c2,-1.0
22048,Nr3c1,Nr4a1,-1.0
22049,Nr3c1,Nr4a2,-1.0
22050,Nr3c1,Nr4a3,-1.0
22051,Nr3c1,Nts,1.0
22052,Nr3c1,Ocln,1.0
22053,Nr3c1,Pck1,1.0
22054,Nr3c1,Pdk4,1.0
22055,Nr3c1,Pdx1,-1.0
22056,Nr3c1,Penk,-1.0
22057,Nr3c1,Per1,1.0
22058,Nr3c1,Per2,1.0
22059,Nr3c1,Pigr,1.0
22060,Nr3c1,Pla2g4a,1.0
22061,Nr3c1,Plau,-1.0
22062,Nr3c1,Pmaip1,1.0
22063,Nr3c1,Pnmt,1.0
22064,Nr3c1,Pnrc1,1.0
22065,Nr3c1,Pomc,-1.0
22066,Nr3c1,Pparg,1.0
22067,Nr3c1,Ppig,1.0
22068,Nr3c1,Prkcg,1.0
22069,Nr3c1,Ptgs1,1.0
22070,Nr3c1,Ptgs2,-1.0
22071,Nr3c1,Pth,1.0
22072,Nr3c1,Pthlh,1.0
22073,Nr3c1,Raf1,1.0
22074,Nr3c1,Rarg,1.0
22075,Nr3c1,Rasd1,1.0
22076,Nr3c1,Rela,-1.0
22077,Nr3c1,Rhob,1.0
22078,Nr3c1,Rln1,1.0
22079,Nr3c1,Rps6ka3,1.0
22080,Nr3c1,Rps6ka5,1.0
22081,Nr3c1,Runx2,-1.0
22082,Nr3c1,Rxra,1.0
22083,Nr3c1,S100a10,1.0
22084,Nr3c1,Scarb1,-1.0
22085,Nr3c1,Scnn1a,1.0
22086,Nr3c1,Selenop,-1.0
22087,Nr3c1,Serpina6,-1.0
22088,Nr3c1,Serpinb5,1.0
22089,Nr3c1,Serpine1,-1.0
22090,Nr3c1,Sftpa1,-1.0
22091,Nr3c1,Sgk1,1.0
22092,Nr3c1,Shbg,1.0
22093,Nr3c1,Sirt1,1.0
22094,Nr3c1,Slc10a1,1.0
22095,Nr3c1,Slc10a2,1.0
22096,Nr3c1,Slc14a2,1.0
22097,Nr3c1,Slc19a2,1.0
22098,Nr3c1,Slc1a2,1.0
22099,Nr3c1,Slc2a1,1.0
22100,Nr3c1,Slc2a3,1.0
22101,Nr3c1,Slc2a5,1.0
22102,Nr3c1,Slc30a2,1.0
22103,Nr3c1,Slc37a4,1.0
22104,Nr3c1,Slc5a1,1.0
22105,Nr3c1,Slc6a2,1.0
22106,Nr3c1,Slpi,1.0
22107,Nr3c1,Sp3,1.0
22108,Nr3c1,Spp1,1.0
22109,Nr3c1,Srf,-1.0
22110,Nr3c1,Sst,1.0
22111,Nr3c1,Stat1,-1.0
22112,Nr3c1,Sult1a1,1.0
22113,Nr3c1,Tat,1.0
22114,Nr3c1,Tdo2,-1.0
22115,Nr3c1,Terf1,1.0
22116,Nr3c1,Tgfb1,-1.0
22117,Nr3c1,Tgfb2,1.0
22118,Nr3c1,Tgfbr2,1.0
22119,Nr3c1,Tgm1,1.0
22120,Nr3c1,Th,1.0
22121,Nr3c1,Timeless,1.0
22122,Nr3c1,Timp1,1.0
22123,Nr3c1,Tinf2,1.0
22124,Nr3c1,Tlr2,1.0
22125,Nr3c1,Tnf,-1.0
22126,Nr3c1,Tnfrsf11a,1.0
22127,Nr3c1,Tnfrsf11b,1.0
22128,Nr3c1,Tnfsf11,1.0
22129,Nr3c1,Trh,-1.0
22130,Nr3c1,Trim63,1.0
22131,Nr3c1,Trp53,-1.0
22132,Nr3c1,Tsc22d3,1.0
22133,Nr3c1,Ucp1,-1.0
22134,Nr3c1,Vdr,1.0
22135,Nr3c1,Vegfd,1.0
22136,Nr3c1,Vldlr,1.0
22137,Nr3c2,Ace,1.0
22138,Nr3c2,Adipoq,1.0
22139,Nr3c2,Adra1d,1.0
22140,Nr3c2,Agt,1.0
22141,Nr3c2,Atp1b1,-1.0
22142,Nr3c2,Bax,1.0
22143,Nr3c2,Bcl2,1.0
22144,Nr3c2,Bdnf,1.0
22145,Nr3c2,Cabin1,-1.0
22146,Nr3c2,Calm1,1.0
22147,Nr3c2,Ccn2,1.0
22148,Nr3c2,Ccr5,1.0
22149,Nr3c2,Ccr6,1.0
22150,Nr3c2,Cd40,1.0
22151,Nr3c2,Cdkn1a,1.0
22152,Nr3c2,Ckm,1.0
22153,Nr3c2,Csn2,1.0
22154,Nr3c2,Dot1l,1.0
22155,Nr3c2,Edn1,1.0
22156,Nr3c2,Egfr,1.0
22157,Nr3c2,F13a1,1.0
22158,Nr3c2,Faf1,1.0
22159,Nr3c2,Fgf2,1.0
22160,Nr3c2,Fgfr1,1.0
22161,Nr3c2,Fkbp5,1.0
22162,Nr3c2,Fn1,1.0
22163,Nr3c2,Gadd45a,1.0
22164,Nr3c2,Gas6,-1.0
22165,Nr3c2,Htr1a,-1.0
22166,Nr3c2,Il6,1.0
22167,Nr3c2,Insr,1.0
22168,Nr3c2,Kcnn2,1.0
22169,Nr3c2,Lcn2,1.0
22170,Nr3c2,Lep,1.0
22171,Nr3c2,Mllt3,1.0
22172,Nr3c2,Mpped2,1.0
22173,Nr3c2,Nos3,-1.0
22174,Nr3c2,Nppa,1.0
22175,Nr3c2,Nppb,1.0
22176,Nr3c2,Ocln,-1.0
22177,Nr3c2,Pgf,1.0
22178,Nr3c2,Ptgs2,1.0
22179,Nr3c2,Rarres2,1.0
22180,Nr3c2,Rela,1.0
22181,Nr3c2,Scnn1a,1.0
22182,Nr3c2,Scnn1g,1.0
22183,Nr3c2,Serpine1,1.0
22184,Nr3c2,Sgk1,1.0
22185,Nr3c2,Sp1,1.0
22186,Nr3c2,Spp1,1.0
22187,Nr3c2,Tgfb1,1.0
22188,Nr3c2,Tjp1,-1.0
22189,Nr3c2,Tnf,1.0
22190,Nr3c2,Ube2i,1.0
22191,Nr3c2,Ucp1,-1.0
22192,Nr3c2,Ucp3,-1.0
22193,Nr4a1,Adcyap1,1.0
22194,Nr4a1,Akt1,1.0
22195,Nr4a1,Aldoc,1.0
22196,Nr4a1,Apoa2,1.0
22197,Nr4a1,Apoa5,1.0
22198,Nr4a1,Apoc3,1.0
22199,Nr4a1,Ar,1.0
22200,Nr4a1,Babam2,-1.0
22201,Nr4a1,Bcl2,1.0
22202,Nr4a1,Birc5,-1.0
22203,Nr4a1,Cabin1,1.0
22204,Nr4a1,Ccl3,-1.0
22205,Nr4a1,Ccna2,-1.0
22206,Nr4a1,Ccnd1,-1.0
22207,Nr4a1,Ccne1,1.0
22208,Nr4a1,Cdkn1a,1.0
22209,Nr4a1,Cdkn1b,-1.0
22210,Nr4a1,Ckm,1.0
22211,Nr4a1,Cntfr,1.0
22212,Nr4a1,Cpt1a,1.0
22213,Nr4a1,Crh,1.0
22214,Nr4a1,Cyp11a1,1.0
22215,Nr4a1,Cyp17a1,1.0
22216,Nr4a1,Cyp19a1,-1.0
22217,Nr4a1,Cyp21a1,1.0
22218,Nr4a1,Depp1,1.0
22219,Nr4a1,E2f1,1.0
22220,Nr4a1,Ebp,1.0
22221,Nr4a1,Egf,1.0
22222,Nr4a1,Eno3,1.0
22223,Nr4a1,Esr1,1.0
22224,Nr4a1,Fasl,1.0
22225,Nr4a1,Fgf21,1.0
22226,Nr4a1,Fgfr1,1.0
22227,Nr4a1,Foxp1,1.0
22228,Nr4a1,Foxp3,1.0
22229,Nr4a1,Fshb,1.0
22230,Nr4a1,G6pc1,1.0
22231,Nr4a1,Gadd45gip1,1.0
22232,Nr4a1,Gc,1.0
22233,Nr4a1,Gch1,1.0
22234,Nr4a1,Gnrhr,1.0
22235,Nr4a1,Hdac1,1.0
22236,Nr4a1,Hdac9,1.0
22237,Nr4a1,Hsd17b1,1.0
22238,Nr4a1,Hspa5,1.0
22239,Nr4a1,Hspa9,1.0
22240,Nr4a1,Igf1,1.0
22241,Nr4a1,Il1a,1.0
22242,Nr4a1,Il1b,-1.0
22243,Nr4a1,Il2,1.0
22244,Nr4a1,Il6,-1.0
22245,Nr4a1,Inha,1.0
22246,Nr4a1,Insl3,1.0
22247,Nr4a1,Jun,1.0
22248,Nr4a1,Kat5,1.0
22249,Nr4a1,Lep,1.0
22250,Nr4a1,Map2k1,1.0
22251,Nr4a1,Mapk1,1.0
22252,Nr4a1,Mdm2,-1.0
22253,Nr4a1,Mef2a,1.0
22254,Nr4a1,Mmp2,1.0
22255,Nr4a1,Mmp9,-1.0
22256,Nr4a1,Nfkbia,1.0
22257,Nr4a1,Ngf,1.0
22258,Nr4a1,Nr0b1,1.0
22259,Nr4a1,Nr3c1,-1.0
22260,Nr4a1,Nr4a3,1.0
22261,Nr4a1,Ostm1,1.0
22262,Nr4a1,Pck1,1.0
22263,Nr4a1,Pcna,-1.0
22264,Nr4a1,Pelp1,1.0
22265,Nr4a1,Per1,1.0
22266,Nr4a1,Pfkm,1.0
22267,Nr4a1,Pkd1,1.0
22268,Nr4a1,Pomc,1.0
22269,Nr4a1,Ppm1d,1.0
22270,Nr4a1,Rarb,1.0
22271,Nr4a1,Rb1,1.0
22272,Nr4a1,Rps6ka1,1.0
22273,Nr4a1,Serpine1,1.0
22274,Nr4a1,Serpinf2,1.0
22275,Nr4a1,Sf1,1.0
22276,Nr4a1,Srebf1,-1.0
22277,Nr4a1,Star,1.0
22278,Nr4a1,Tcl1,1.0
22279,Nr4a1,Tg,1.0
22280,Nr4a1,Th,1.0
22281,Nr4a1,Timp2,1.0
22282,Nr4a1,Tnf,-1.0
22283,Nr4a1,Tnfsf11,1.0
22284,Nr4a1,Tpo,1.0
22285,Nr4a1,Trh,1.0
22286,Nr4a1,Tshb,1.0
22287,Nr4a1,Tshr,1.0
22288,Nr4a1,Tubb3,1.0
22289,Nr4a1,Tyrp1,1.0
22290,Nr4a1,Ucp1,-1.0
22291,Nr4a1,Vgf,1.0
22292,Nr4a2,Apom,1.0
22293,Nr4a2,Axin2,1.0
22294,Nr4a2,Bax,-1.0
22295,Nr4a2,Bdnf,1.0
22296,Nr4a2,Btaf1,1.0
22297,Nr4a2,Ccl3,-1.0
22298,Nr4a2,Cd44,1.0
22299,Nr4a2,Cdkn1c,1.0
22300,Nr4a2,Cdkn2c,1.0
22301,Nr4a2,Col1a1,1.0
22302,Nr4a2,Crh,1.0
22303,Nr4a2,Crhr1,1.0
22304,Nr4a2,Cyp19a1,-1.0
22305,Nr4a2,Cyp21a1,1.0
22306,Nr4a2,Dbh,1.0
22307,Nr4a2,Ddc,1.0
22308,Nr4a2,Dlk1,1.0
22309,Nr4a2,Dusp1,1.0
22310,Nr4a2,Eef1a2,1.0
22311,Nr4a2,Fabp5,1.0
22312,Nr4a2,Foxp3,1.0
22313,Nr4a2,Gch1,1.0
22314,Nr4a2,Ifng,1.0
22315,Nr4a2,Il17a,1.0
22316,Nr4a2,Il6,-1.0
22317,Nr4a2,Kcnip4,1.0
22318,Nr4a2,Mapk7,1.0
22319,Nr4a2,Mmp13,1.0
22320,Nr4a2,Mmp9,-1.0
22321,Nr4a2,Ngf,1.0
22322,Nr4a2,Nrp1,1.0
22323,Nr4a2,Per1,1.0
22324,Nr4a2,Pitx3,1.0
22325,Nr4a2,Pomc,1.0
22326,Nr4a2,Prkaca,1.0
22327,Nr4a2,Pth,1.0
22328,Nr4a2,Ptpru,1.0
22329,Nr4a2,Ret,1.0
22330,Nr4a2,Sirt1,1.0
22331,Nr4a2,Slc18a2,1.0
22332,Nr4a2,Slc6a3,1.0
22333,Nr4a2,Snca,1.0
22334,Nr4a2,Spp1,1.0
22335,Nr4a2,Srgn,1.0
22336,Nr4a2,Th,1.0
22337,Nr4a2,Thbs1,-1.0
22338,Nr4a2,Thop1,1.0
22339,Nr4a2,Timp2,1.0
22340,Nr4a2,Tnfsf10,1.0
22341,Nr4a2,Tubb3,1.0
22342,Nr4a2,Tyrp1,1.0
22343,Nr4a2,Vip,1.0
22344,Nr4a3,Adcyap1,1.0
22345,Nr4a3,Ak5,1.0
22346,Nr4a3,Bax,1.0
22347,Nr4a3,Bbc3,1.0
22348,Nr4a3,Birc3,1.0
22349,Nr4a3,Btk,1.0
22350,Nr4a3,Ccl3,-1.0
22351,Nr4a3,Ccnd1,1.0
22352,Nr4a3,Cd28,1.0
22353,Nr4a3,Crh,1.0
22354,Nr4a3,Csf2,1.0
22355,Nr4a3,Cybb,1.0
22356,Nr4a3,Cyp19a1,1.0
22357,Nr4a3,Ehd1,1.0
22358,Nr4a3,Emd,1.0
22359,Nr4a3,F2,1.0
22360,Nr4a3,Gusb,1.0
22361,Nr4a3,Hgf,1.0
22362,Nr4a3,Icam1,1.0
22363,Nr4a3,Il1b,-1.0
22364,Nr4a3,Il2,1.0
22365,Nr4a3,Il4,1.0
22366,Nr4a3,Il6,-1.0
22367,Nr4a3,Itk,1.0
22368,Nr4a3,Krt5,1.0
22369,Nr4a3,Lep,1.0
22370,Nr4a3,Mstn,-1.0
22371,Nr4a3,Muc5ac,1.0
22372,Nr4a3,Pomc,1.0
22373,Nr4a3,Pparg,-1.0
22374,Nr4a3,Ptk2b,1.0
22375,Nr4a3,Skp2,1.0
22376,Nr4a3,Slc2a4,1.0
22377,Nr4a3,Tbx1,1.0
22378,Nr4a3,Tec,1.0
22379,Nr4a3,Tgfb1,-1.0
22380,Nr4a3,Vcam1,1.0
22381,Nr5a1,Adcy4,-1.0
22382,Nr5a1,Adcyap1,1.0
22383,Nr5a1,Afp,1.0
22384,Nr5a1,Akr1b1,1.0
22385,Nr5a1,Alas1,1.0
22386,Nr5a1,Amh,1.0
22387,Nr5a1,Amhr2,1.0
22388,Nr5a1,Angpt2,1.0
22389,Nr5a1,Aprt,1.0
22390,Nr5a1,Btk,1.0
22391,Nr5a1,Camk1,1.0
22392,Nr5a1,Ccn3,-1.0
22393,Nr5a1,Ccnd2,1.0
22394,Nr5a1,Cd44,1.0
22395,Nr5a1,Cd86,1.0
22396,Nr5a1,Cga,1.0
22397,Nr5a1,Cited2,1.0
22398,Nr5a1,Cnr1,1.0
22399,Nr5a1,Crebbp,1.0
22400,Nr5a1,Ctla4,1.0
22401,Nr5a1,Cyb5a,1.0
22402,Nr5a1,Cyp11a1,1.0
22403,Nr5a1,Cyp17a1,1.0
22404,Nr5a1,Cyp19a1,1.0
22405,Nr5a1,Cyp1b1,1.0
22406,Nr5a1,Cyp21a1,1.0
22407,Nr5a1,Cyp26b1,1.0
22408,Nr5a1,Ddx20,1.0
22409,Nr5a1,Dgkq,1.0
22410,Nr5a1,Dhh,1.0
22411,Nr5a1,Esrrg,1.0
22412,Nr5a1,Fate1,1.0
22413,Nr5a1,Fdx1,1.0
22414,Nr5a1,Fdxr,1.0
22415,Nr5a1,Foxl2,1.0
22416,Nr5a1,Fshb,1.0
22417,Nr5a1,Fshr,1.0
22418,Nr5a1,Gdnf,1.0
22419,Nr5a1,Glb1,1.0
22420,Nr5a1,Gnrh1,1.0
22421,Nr5a1,Gnrhr,1.0
22422,Nr5a1,Grin2c,1.0
22423,Nr5a1,Hjv,1.0
22424,Nr5a1,Hp,1.0
22425,Nr5a1,Hspa4,1.0
22426,Nr5a1,Inha,1.0
22427,Nr5a1,Insl3,1.0
22428,Nr5a1,Lbp,1.0
22429,Nr5a1,Lhcgr,1.0
22430,Nr5a1,Lipa,1.0
22431,Nr5a1,Lipe,1.0
22432,Nr5a1,Ltf,1.0
22433,Nr5a1,Mc2r,1.0
22434,Nr5a1,Nes,1.0
22435,Nr5a1,Nf1,1.0
22436,Nr5a1,Ngf,1.0
22437,Nr5a1,Nos1,1.0
22438,Nr5a1,Npr1,1.0
22439,Nr5a1,Nr0b1,1.0
22440,Nr5a1,Nr0b2,1.0
22441,Nr5a1,Nr5a2,1.0
22442,Nr5a1,Nrip1,1.0
22443,Nr5a1,Oxt,1.0
22444,Nr5a1,Pbx1,1.0
22445,Nr5a1,Pias1,1.0
22446,Nr5a1,Pnrc1,1.0
22447,Nr5a1,Pou5f1,1.0
22448,Nr5a1,Prkaca,1.0
22449,Nr5a1,Prkcg,1.0
22450,Nr5a1,Prlr,1.0
22451,Nr5a1,Ptprj,1.0
22452,Nr5a1,Rad21,1.0
22453,Nr5a1,Rara,1.0
22454,Nr5a1,Rhd,1.0
22455,Nr5a1,Rlf,1.0
22456,Nr5a1,Rnf31,1.0
22457,Nr5a1,Rnf4,1.0
22458,Nr5a1,Scarb1,1.0
22459,Nr5a1,Scp2,1.0
22460,Nr5a1,Sf1,1.0
22461,Nr5a1,Sgcz,1.0
22462,Nr5a1,Shbg,1.0
22463,Nr5a1,Shh,1.0
22464,Nr5a1,Sox9,1.0
22465,Nr5a1,Sp1,1.0
22466,Nr5a1,Srebf1,1.0
22467,Nr5a1,Srsf1,1.0
22468,Nr5a1,Sry,1.0
22469,Nr5a1,Star,1.0
22470,Nr5a1,Stard7,1.0
22471,Nr5a1,Tmprss11d,1.0
22472,Nr5a1,Tnf,1.0
22473,Nr5a1,Vnn1,1.0
22474,Nr5a2,Abcb11,1.0
22475,Nr5a2,Abcc3,1.0
22476,Nr5a2,Abcg5,1.0
22477,Nr5a2,Abcg8,1.0
22478,Nr5a2,Adipoq,1.0
22479,Nr5a2,Afp,1.0
22480,Nr5a2,Akr1a1,1.0
22481,Nr5a2,Alas1,1.0
22482,Nr5a2,Apom,1.0
22483,Nr5a2,Aqp1,1.0
22484,Nr5a2,Arg1,1.0
22485,Nr5a2,Ccnd1,1.0
22486,Nr5a2,Ccne1,1.0
22487,Nr5a2,Cdkn2a,1.0
22488,Nr5a2,Cel,1.0
22489,Nr5a2,Cr1l,1.0
22490,Nr5a2,Cyp11a1,1.0
22491,Nr5a2,Cyp17a1,1.0
22492,Nr5a2,Cyp19a1,1.0
22493,Nr5a2,Cyp7a1,-1.0
22494,Nr5a2,Cyp8b1,1.0
22495,Nr5a2,Ddc,1.0
22496,Nr5a2,Diaph2,1.0
22497,Nr5a2,Esr1,1.0
22498,Nr5a2,Fasn,1.0
22499,Nr5a2,Fgb,-1.0
22500,Nr5a2,Gba2,1.0
22501,Nr5a2,Gck,1.0
22502,Nr5a2,Gdf3,1.0
22503,Nr5a2,Gnrhr,1.0
22504,Nr5a2,Greb1,1.0
22505,Nr5a2,Hnf1a,1.0
22506,Nr5a2,Hnf4a,1.0
22507,Nr5a2,Il1rn,1.0
22508,Nr5a2,Ilf3,1.0
22509,Nr5a2,Inha,1.0
22510,Nr5a2,Insl3,1.0
22511,Nr5a2,Kl,1.0
22512,Nr5a2,Ncor2,1.0
22513,Nr5a2,Nos1,1.0
22514,Nr5a2,Nr0b1,1.0
22515,Nr5a2,Nr0b2,1.0
22516,Nr5a2,Pou5f1,1.0
22517,Nr5a2,Prkaa1,1.0
22518,Nr5a2,Prkaca,1.0
22519,Nr5a2,Prmt1,1.0
22520,Nr5a2,Ptgds,1.0
22521,Nr5a2,Scarb1,1.0
22522,Nr5a2,Sf1,1.0
22523,Nr5a2,Sirt1,1.0
22524,Nr5a2,Slc10a2,1.0
22525,Nr5a2,Slc51a,1.0
22526,Nr5a2,Slc51b,1.0
22527,Nr5a2,Star,1.0
22528,Nr5a2,Sulf1,1.0
22529,Nr5a2,Tff1,1.0
22530,Nr5a2,Uqcrb,1.0
22531,Nr5a2,Uqcrq,1.0
22532,Nr6a1,Bmp15,1.0
22533,Nr6a1,Cr1l,1.0
22534,Nr6a1,Dpep1,1.0
22535,Nr6a1,Fgf4,1.0
22536,Nr6a1,Gdf9,1.0
22537,Nr6a1,Hcrt,1.0
22538,Nr6a1,Mbd3,1.0
22539,Nr6a1,Mbd6,1.0
22540,Nr6a1,Mos,1.0
22541,Nr6a1,Pou5f1,-1.0
22542,Nr6a1,Ppard,-1.0
22543,Nr6a1,Prm1,1.0
22544,Nr6a1,Prm2,1.0
22545,Nr6a1,Uimc1,1.0
22546,Nrf1,Acaca,1.0
22547,Nrf1,Acacb,-1.0
22548,Nrf1,Ackr3,1.0
22549,Nrf1,Adipoq,1.0
22550,Nrf1,Alas2,1.0
22551,Nrf1,Ar,1.0
22552,Nrf1,Atp1a1,1.0
22553,Nrf1,Atp1a3,1.0
22554,Nrf1,Atp1b1,1.0
22555,Nrf1,Avpr2,1.0
22556,Nrf1,Brk1,-1.0
22557,Nrf1,Capns1,1.0
22558,Nrf1,Cd47,1.0
22559,Nrf1,Cidea,1.0
22560,Nrf1,Cox17,-1.0
22561,Nrf1,Cox6a1,1.0
22562,Nrf1,Cpox,1.0
22563,Nrf1,Cxcr4,1.0
22564,Nrf1,Dspp,1.0
22565,Nrf1,E2f1,1.0
22566,Nrf1,E2f6,1.0
22567,Nrf1,Eif2s1,1.0
22568,Nrf1,Eif2s2,1.0
22569,Nrf1,Eif5b,1.0
22570,Nrf1,Enox1,1.0
22571,Nrf1,Esr1,1.0
22572,Nrf1,Fbxw7,1.0
22573,Nrf1,Fmr1,1.0
22574,Nrf1,Fxr2,1.0
22575,Nrf1,Galnt3,1.0
22576,Nrf1,Gclc,1.0
22577,Nrf1,Gria2,1.0
22578,Nrf1,Grin1,1.0
22579,Nrf1,Grin2a,1.0
22580,Nrf1,Grin2c,1.0
22581,Nrf1,Grin3a,1.0
22582,Nrf1,Gss,1.0
22583,Nrf1,Hpcal1,1.0
22584,Nrf1,Hpcal4,1.0
22585,Nrf1,Iapp,1.0
22586,Nrf1,Ide,1.0
22587,Nrf1,Il1rn,1.0
22588,Nrf1,Irf3,1.0
22589,Nrf1,Kif17,1.0
22590,Nrf1,Kif1a,1.0
22591,Nrf1,Kitl,1.0
22592,Nrf1,Lpin1,1.0
22593,Nrf1,Mt1,1.0
22594,Nrf1,Mt2,1.0
22595,Nrf1,Nfe2,1.0
22596,Nrf1,Nfe2l1,1.0
22597,Nrf1,Nos1,1.0
22598,Nrf1,Nos2,1.0
22599,Nrf1,Nos3,1.0
22600,Nrf1,Nqo1,1.0
22601,Nrf1,Nr3c1,1.0
22602,Nrf1,Nr4a3,1.0
22603,Nrf1,Nrip1,1.0
22604,Nrf1,Polg,1.0
22605,Nrf1,Ppargc1b,1.0
22606,Nrf1,Prdx3,1.0
22607,Nrf1,Prdx4,1.0
22608,Nrf1,Prdx5,1.0
22609,Nrf1,Prkaa1,1.0
22610,Nrf1,Pvr,1.0
22611,Nrf1,Retreg3,1.0
22612,Nrf1,Rnf123,1.0
22613,Nrf1,Sdhb,1.0
22614,Nrf1,Sirt1,1.0
22615,Nrf1,Sirt6,1.0
22616,Nrf1,Slc25a5,1.0
22617,Nrf1,Slc2a4,1.0
22618,Nrf1,Slc31a1,1.0
22619,Nrf1,Slc46a1,1.0
22620,Nrf1,Slc7a11,-1.0
22621,Nrf1,Snrpn,1.0
22622,Nrf1,Sp7,1.0
22623,Nrf1,Spast,1.0
22624,Nrf1,Syn1,1.0
22625,Nrf1,Tbxas1,1.0
22626,Nrf1,Tfam,1.0
22627,Nrf1,Tfb2m,1.0
22628,Nrf1,Tnf,1.0
22629,Nrf1,Tnfrsf11a,1.0
22630,Nrf1,Tomm34,1.0
22631,Nrf1,Ucp1,1.0
22632,Nrf1,Uso1,1.0
22633,Nrf1,Vsnl1,1.0
22634,Nrg1,Adh4,1.0
22635,Nrg1,Atp2c1,1.0
22636,Nrg1,Ccnd3,1.0
22637,Nrg1,Cd44,1.0
22638,Nrg1,Chd7,1.0
22639,Nrg1,Chmp4b,1.0
22640,Nrg1,Chrne,1.0
22641,Nrg1,Csn2,1.0
22642,Nrg1,Ctbp1,1.0
22643,Nrg1,Egf,1.0
22644,Nrg1,Egfr,1.0
22645,Nrg1,Egr3,1.0
22646,Nrg1,Emd,1.0
22647,Nrg1,Erbb2,1.0
22648,Nrg1,Erbb3,1.0
22649,Nrg1,Ghrhr,1.0
22650,Nrg1,Hgf,1.0
22651,Nrg1,Kdr,1.0
22652,Nrg1,Lgals1,1.0
22653,Nrg1,Mapk1,1.0
22654,Nrg1,Mmp9,1.0
22655,Nrg1,Mta1,1.0
22656,Nrg1,Ngf,1.0
22657,Nrg1,Notch1,1.0
22658,Nrg1,Pa2g4,1.0
22659,Nrg1,Pak1,1.0
22660,Nrg1,Pik3c3,1.0
22661,Nrg1,Pik3r1,1.0
22662,Nrg1,Pxn,1.0
22663,Nrg1,Rbbp8,1.0
22664,Nrg1,Sele,1.0
22665,Nrg1,Smarca4,1.0
22666,Nrg1,Tec,1.0
22667,Nrg1,Utrn,1.0
22668,Nrg1,Vegfc,1.0
22669,Nrip1,Ppara,-1.0
22670,Nrip1,Ppard,-1.0
22671,Nrip1,Slc7a1,1.0
22672,Nrl,Aldh7a1,1.0
22673,Nrl,Cish,1.0
22674,Nrl,Cryz,1.0
22675,Nrl,Fscn2,1.0
22676,Nrl,Grb10,1.0
22677,Nrl,Kcnv2,1.0
22678,Nrl,Kntc1,1.0
22679,Nrl,Mef2c,1.0
22680,Nrl,Nr2e3,1.0
22681,Nrl,Opn1sw,1.0
22682,Nrl,Pax6,1.0
22683,Nrl,Pde6a,1.0
22684,Nrl,Pde6b,1.0
22685,Nrl,Pias3,1.0
22686,Nrl,Ppp2r5c,1.0
22687,Nrl,Rbp3,-1.0
22688,Nrl,Rho,-1.0
22689,Nrl,Sag,1.0
22690,Nsd2,Ar,1.0
22691,Nsd2,Cdkn2a,1.0
22692,Nsd2,Fgfr1,1.0
22693,Nsd2,Id1,1.0
22694,Nsd2,Ncam1,1.0
22695,Nsd2,Nsd3,1.0
22696,Nsd2,Slamf7,1.0
22697,Nsd2,Trim28,1.0
22698,Nucks1,Insr,1.0
22699,Nupr1,Atf4,1.0
22700,Nupr1,Bcl2l1,1.0
22701,Nupr1,Cdkn1a,1.0
22702,Nupr1,Ep300,1.0
22703,Nupr1,Msl1,-1.0
22704,Nupr1,Trp53,1.0
22705,Olig1,Fgf2,1.0
22706,Olig1,Gfap,-1.0
22707,Olig1,Mbp,1.0
22708,Olig1,Olig2,1.0
22709,Olig1,Plp1,1.0
22710,Olig1,Serpine1,1.0
22711,Olig1,Shh,1.0
22712,Olig2,Arhgap8,-1.0
22713,Olig2,Aurka,1.0
22714,Olig2,Ccnb1,1.0
22715,Olig2,Cdc20,1.0
22716,Olig2,Cdc25c,1.0
22717,Olig2,Cdca8,1.0
22718,Olig2,Cdkn1b,1.0
22719,Olig2,Cdkn2b,1.0
22720,Olig2,Epha3,1.0
22721,Olig2,Epha5,1.0
22722,Olig2,Gfap,-1.0
22723,Olig2,Lgr5,1.0
22724,Olig2,Notch1,1.0
22725,Olig2,Olig1,1.0
22726,Olig2,Pim1,1.0
22727,Olig2,Shh,1.0
22728,Olig2,Siglece,1.0
22729,Olig2,Sox10,1.0
22730,Olig3,Neurog1,1.0
22731,Onecut1,Abcc2,1.0
22732,Onecut1,Afp,1.0
22733,Onecut1,Alb,1.0
22734,Onecut1,Ccn2,-1.0
22735,Onecut1,Ccnd1,1.0
22736,Onecut1,Crebbp,1.0
22737,Onecut1,Cyp51,1.0
22738,Onecut1,Foxa1,1.0
22739,Onecut1,Foxa2,1.0
22740,Onecut1,G6pc1,1.0
22741,Onecut1,Gck,1.0
22742,Onecut1,Gh,1.0
22743,Onecut1,Hnf1b,1.0
22744,Onecut1,Hnf4a,1.0
22745,Onecut1,Hsph1,1.0
22746,Onecut1,Mafa,1.0
22747,Onecut1,Mitf,1.0
22748,Onecut1,Mmp7,-1.0
22749,Onecut1,Neurog3,1.0
22750,Onecut1,Nupr1,-1.0
22751,Onecut1,Onecut3,1.0
22752,Onecut1,Pck1,1.0
22753,Onecut1,Pdx1,1.0
22754,Onecut1,Proc,1.0
22755,Onecut1,S100a8,1.0
22756,Onecut1,Serpina10,1.0
22757,Onecut1,Serpina6,1.0
22758,Onecut1,Sis,1.0
22759,Onecut1,Slc2a2,1.0
22760,Onecut1,Tbp,1.0
22761,Onecut1,Tgfa,1.0
22762,Onecut1,Ttr,1.0
22763,Onecut2,Ada,1.0
22764,Onecut2,Mitf,1.0
22765,Onecut2,Sytl4,-1.0
22766,Onecut2,Tbx21,1.0
22767,Onecut3,Onecut1,1.0
22768,Osr1,Mdm2,1.0
22769,Osr1,Pax2,1.0
22770,Osr1,Prkn,1.0
22771,Osr1,Sox9,-1.0
22772,Osr2,Pax8,1.0
22773,Otp,Slc6a3,1.0
22774,Otp,Th,1.0
22775,Otx1,Best1,1.0
22776,Otx1,Cga,1.0
22777,Otx1,Gh,1.0
22778,Otx2,Asmt,1.0
22779,Otx2,Aurka,1.0
22780,Otx2,Best1,1.0
22781,Otx2,Ccng2,1.0
22782,Otx2,Cdc25c,1.0
22783,Otx2,Crx,1.0
22784,Otx2,Dct,1.0
22785,Otx2,Dkk1,1.0
22786,Otx2,Fgf8,1.0
22787,Otx2,Gdf7,1.0
22788,Otx2,Gnrh1,1.0
22789,Otx2,Gnrhr,1.0
22790,Otx2,Grb10,1.0
22791,Otx2,Gsc,1.0
22792,Otx2,Hesx1,1.0
22793,Otx2,Hhex,1.0
22794,Otx2,Igf1,1.0
22795,Otx2,Il6,1.0
22796,Otx2,Ldb1,1.0
22797,Otx2,Me3,1.0
22798,Otx2,Mitf,1.0
22799,Otx2,Msx1,1.0
22800,Otx2,Ncam1,1.0
22801,Otx2,Neurog2,1.0
22802,Otx2,Nppa,1.0
22803,Otx2,Nrl,1.0
22804,Otx2,Pax6,1.0
22805,Otx2,Pou1f1,1.0
22806,Otx2,Rbp3,1.0
22807,Otx2,Rgr,1.0
22808,Otx2,Rhd,1.0
22809,Otx2,Rlbp1,1.0
22810,Otx2,Rpe65,1.0
22811,Otx2,Shh,1.0
22812,Otx2,Sox2,-1.0
22813,Otx2,Tnc,-1.0
22814,Otx2,Tyr,1.0
22815,Otx2,Tyrp1,1.0
22816,Otx2,Wnt1,1.0
22817,Otx2,Wnt2,1.0
22818,Otx2,Wnt4,1.0
22819,Ovol1,Cdh2,1.0
22820,Ovol1,Chuk,1.0
22821,Ovol1,Gadd45a,1.0
22822,Ovol1,Gadd45b,1.0
22823,Ovol1,Id2,1.0
22824,Ovol1,Lemd3,1.0
22825,Ovol1,Myc,-1.0
22826,Ovol1,Ovol2,-1.0
22827,Ovol1,Sgk1,1.0
22828,Ovol2,H1f6,1.0
22829,Ovol2,Smad4,-1.0
22830,Pa2g4,Agr2,1.0
22831,Pa2g4,Ar,-1.0
22832,Pa2g4,E2f1,-1.0
22833,Pa2g4,Erbb2,-1.0
22834,Park7,Bbc3,-1.0
22835,Park7,Gclm,1.0
22836,Park7,Icam1,1.0
22837,Park7,Nqo1,1.0
22838,Park7,Slc18a2,1.0
22839,Park7,Th,1.0
22840,Park7,Txn1,1.0
22841,Parp10,Nfkbia,-1.0
22842,Parp14,Parp9,-1.0
22843,Parp9,Parp14,-1.0
22844,Patz1,Bax,1.0
22845,Patz1,Bcl6,-1.0
22846,Patz1,Cd8a,1.0
22847,Patz1,Cdkn2a,1.0
22848,Patz1,Fgf4,1.0
22849,Patz1,Myc,1.0
22850,Patz1,Prkar1a,1.0
22851,Patz1,Rnf4,1.0
22852,Patz1,Stk36,1.0
22853,Patz1,Trp53,1.0
22854,Pawr,Bcl2,-1.0
22855,Pawr,Ccn3,1.0
22856,Pawr,Cdh2,-1.0
22857,Pawr,Cebpb,-1.0
22858,Pawr,Diablo,1.0
22859,Pawr,Vim,-1.0
22860,Pax1,Eya1,1.0
22861,Pax1,Nkx2-2,1.0
22862,Pax1,Nkx3-2,1.0
22863,Pax1,Pdgfra,1.0
22864,Pax1,Tgfb3,1.0
22865,Pax2,Adam10,1.0
22866,Pax2,Defb1,-1.0
22867,Pax2,En2,1.0
22868,Pax2,Erbb2,-1.0
22869,Pax2,Gbx2,1.0
22870,Pax2,Gcg,1.0
22871,Pax2,Gdnf,1.0
22872,Pax2,Il5,1.0
22873,Pax2,L1cam,-1.0
22874,Pax2,Mitf,1.0
22875,Pax2,Ncam1,1.0
22876,Pax2,Nphs1,-1.0
22877,Pax2,Pax5,1.0
22878,Pax2,Pax6,-1.0
22879,Pax2,Pax8,1.0
22880,Pax2,Ret,1.0
22881,Pax2,Robo3,1.0
22882,Pax2,Six1,1.0
22883,Pax2,Trp53,-1.0
22884,Pax2,Wnt1,1.0
22885,Pax2,Wnt4,1.0
22886,Pax2,Wnt5a,1.0
22887,Pax2,Wt1,1.0
22888,Pax3,Ackr3,1.0
22889,Pax3,Acss1,1.0
22890,Pax3,Ahr,1.0
22891,Pax3,Akt1,1.0
22892,Pax3,Aldh7a1,1.0
22893,Pax3,Axl,1.0
22894,Pax3,Bax,-1.0
22895,Pax3,Bcl2,1.0
22896,Pax3,Bcl2l1,1.0
22897,Pax3,Bmp4,1.0
22898,Pax3,C4b,1.0
22899,Pax3,Calm1,1.0
22900,Pax3,Ccn3,1.0
22901,Pax3,Cd3e,1.0
22902,Pax3,Cdc42se2,1.0
22903,Pax3,Cdh3,1.0
22904,Pax3,Cdk4,1.0
22905,Pax3,Cdkn1b,-1.0
22906,Pax3,Cdkn1c,1.0
22907,Pax3,Cdkn2a,-1.0
22908,Pax3,Cish,1.0
22909,Pax3,Cnr1,1.0
22910,Pax3,Cntf,1.0
22911,Pax3,Cpt1a,1.0
22912,Pax3,Cxcl14,1.0
22913,Pax3,Cxcr4,1.0
22914,Pax3,Dck,1.0
22915,Pax3,Dct,-1.0
22916,Pax3,Dpyd,1.0
22917,Pax3,Dpysl2,1.0
22918,Pax3,Egfr,1.0
22919,Pax3,Epha2,1.0
22920,Pax3,Epha4,1.0
22921,Pax3,Eya1,1.0
22922,Pax3,F10,1.0
22923,Pax3,Fabp7,1.0
22924,Pax3,Fcgrt,1.0
22925,Pax3,Fgf2,1.0
22926,Pax3,Fgfr1,1.0
22927,Pax3,Fgfr4,1.0
22928,Pax3,Fn1,1.0
22929,Pax3,Foxd3,1.0
22930,Pax3,Foxg1,-1.0
22931,Pax3,Gcgr,1.0
22932,Pax3,Gfap,1.0
22933,Pax3,Ghrhr,1.0
22934,Pax3,Gjb2,1.0
22935,Pax3,Gsc,1.0
22936,Pax3,Gsk3b,1.0
22937,Pax3,H1f6,1.0
22938,Pax3,H2-Ab1,1.0
22939,Pax3,Hand1,1.0
22940,Pax3,Hes1,1.0
22941,Pax3,Id4,1.0
22942,Pax3,Ipo13,1.0
22943,Pax3,Itgad,1.0
22944,Pax3,Itgax,1.0
22945,Pax3,Kcnn3,1.0
22946,Pax3,Kdr,1.0
22947,Pax3,Lbx1,1.0
22948,Pax3,Lcat,1.0
22949,Pax3,Lmo4,1.0
22950,Pax3,Ltb,1.0
22951,Pax3,Maoa,1.0
22952,Pax3,Maob,1.0
22953,Pax3,Mbp,-1.0
22954,Pax3,Met,1.0
22955,Pax3,Mif,1.0
22956,Pax3,Mitf,1.0
22957,Pax3,Msx2,-1.0
22958,Pax3,Myf5,1.0
22959,Pax3,Myh13,1.0
22960,Pax3,Myod1,1.0
22961,Pax3,Myog,1.0
22962,Pax3,Neurog2,1.0
22963,Pax3,Nrp1,1.0
22964,Pax3,Oprm1,1.0
22965,Pax3,Parp1,1.0
22966,Pax3,Pax2,1.0
22967,Pax3,Pax6,-1.0
22968,Pax3,Pcdh10,1.0
22969,Pax3,Pdgfb,1.0
22970,Pax3,Pdgfra,-1.0
22971,Pax3,Phox2a,1.0
22972,Pax3,Pitx2,1.0
22973,Pax3,Pou3f2,1.0
22974,Pax3,Pros1,1.0
22975,Pax3,Ptgs1,1.0
22976,Pax3,Pth,1.0
22977,Pax3,Ptpn1,1.0
22978,Pax3,Reck,1.0
22979,Pax3,Ret,1.0
22980,Pax3,Retn,1.0
22981,Pax3,Scgb1a1,1.0
22982,Pax3,Setdb1,1.0
22983,Pax3,Sftpb,1.0
22984,Pax3,Shh,1.0
22985,Pax3,Slc2a4,1.0
22986,Pax3,Smarcc1,1.0
22987,Pax3,Sostdc1,1.0
22988,Pax3,Sox10,1.0
22989,Pax3,Sp1,1.0
22990,Pax3,St8sia4,1.0
22991,Pax3,Tbx2,1.0
22992,Pax3,Tgfb2,1.0
22993,Pax3,Tgfbr2,1.0
22994,Pax3,Tnip1,1.0
22995,Pax3,Trp53,1.0
22996,Pax3,Tyr,1.0
22997,Pax3,Tyrp1,1.0
22998,Pax3,Usf1,1.0
22999,Pax3,Vcan,1.0
23000,Pax3,Wnt1,1.0
23001,Pax3,Yeats4,1.0
23002,Pax4,Arap1,-1.0
23003,Pax4,Arx,-1.0
23004,Pax4,Bcl2l1,1.0
23005,Pax4,Fzd8,1.0
23006,Pax4,Gcg,-1.0
23007,Pax4,Isl1,1.0
23008,Pax4,Nxnl1,1.0
23009,Pax5,Abl1,1.0
23010,Pax5,Aicda,1.0
23011,Pax5,Bach2,1.0
23012,Pax5,Bax,1.0
23013,Pax5,Bcl2,-1.0
23014,Pax5,Bcr,1.0
23015,Pax5,Blk,-1.0
23016,Pax5,Blnk,1.0
23017,Pax5,Ccnd1,-1.0
23018,Pax5,Cd19,1.0
23019,Pax5,Cd72,1.0
23020,Pax5,Cd79a,1.0
23021,Pax5,Cdkn1a,1.0
23022,Pax5,Cr1l,1.0
23023,Pax5,Cr2,1.0
23024,Pax5,Csf1r,-1.0
23025,Pax5,Ctnnb1,1.0
23026,Pax5,Ebf1,1.0
23027,Pax5,Exosc1,1.0
23028,Pax5,Fcer2a,1.0
23029,Pax5,Fdps,1.0
23030,Pax5,Fgf8,1.0
23031,Pax5,Fhl2,1.0
23032,Pax5,Flt3,1.0
23033,Pax5,Gadd45a,1.0
23034,Pax5,Ighe,1.0
23035,Pax5,Ighm,1.0
23036,Pax5,Igll1,1.0
23037,Pax5,Il2,1.0
23038,Pax5,Il7,1.0
23039,Pax5,Jchain,1.0
23040,Pax5,Lef1,1.0
23041,Pax5,Met,1.0
23042,Pax5,Mpped2,1.0
23043,Pax5,Ncam1,1.0
23044,Pax5,Nedd9,1.0
23045,Pax5,Notch1,-1.0
23046,Pax5,Nr1i2,1.0
23047,Pax5,Pax2,1.0
23048,Pax5,Pax8,1.0
23049,Pax5,Pim2,1.0
23050,Pax5,Prdm1,-1.0
23051,Pax5,Prkce,1.0
23052,Pax5,Rag2,1.0
23053,Pax5,Rb1,1.0
23054,Pax5,Runx2,1.0
23055,Pax5,Sdc1,-1.0
23056,Pax5,Slc22a2,1.0
23057,Pax5,Slc9a8,1.0
23058,Pax5,Sp7,1.0
23059,Pax5,Spi1,-1.0
23060,Pax5,Spib,1.0
23061,Pax5,Tert,1.0
23062,Pax5,Thbs1,1.0
23063,Pax5,Timp1,1.0
23064,Pax5,Trp53,1.0
23065,Pax5,Txn1,1.0
23066,Pax5,Uhmk1,1.0
23067,Pax5,Wnt1,1.0
23068,Pax5,Xbp1,-1.0
23069,Pax5,Ywhab,1.0
23070,Pax6,Abcc8,1.0
23071,Pax6,Akt1,1.0
23072,Pax6,Aldh3a1,1.0
23073,Pax6,Angptl7,1.0
23074,Pax6,Ar,1.0
23075,Pax6,Arap1,1.0
23076,Pax6,Ascl1,-1.0
23077,Pax6,Atoh1,1.0
23078,Pax6,Atoh7,1.0
23079,Pax6,Bcl9,1.0
23080,Pax6,Bcl9l,1.0
23081,Pax6,Btc,1.0
23082,Pax6,Cd40,1.0
23083,Pax6,Cdh2,1.0
23084,Pax6,Cdh4,1.0
23085,Pax6,Cdk6,-1.0
23086,Pax6,Cdkn1a,1.0
23087,Pax6,Cdkn1b,1.0
23088,Pax6,Cdkn1c,1.0
23089,Pax6,Cdkn2a,1.0
23090,Pax6,Cdkn2b,1.0
23091,Pax6,Cdkn2d,1.0
23092,Pax6,Clu,1.0
23093,Pax6,Cnbp,1.0
23094,Pax6,Cntn2,1.0
23095,Pax6,Cryaa,1.0
23096,Pax6,Cryab,1.0
23097,Pax6,Crybb1,1.0
23098,Pax6,Cryz,1.0
23099,Pax6,Ctcf,1.0
23100,Pax6,Ctnnd2,1.0
23101,Pax6,Cyp1b1,1.0
23102,Pax6,Cyp26b1,1.0
23103,Pax6,Dicer1,1.0
23104,Pax6,Dkk1,1.0
23105,Pax6,Dkk3,-1.0
23106,Pax6,Dmrta1,1.0
23107,Pax6,Efnb2,1.0
23108,Pax6,Egf,1.0
23109,Pax6,Emx2,-1.0
23110,Pax6,Eomes,1.0
23111,Pax6,Ephb1,-1.0
23112,Pax6,Etv1,1.0
23113,Pax6,Eya1,1.0
23114,Pax6,Fabp7,1.0
23115,Pax6,Fat4,1.0
23116,Pax6,Fezf2,-1.0
23117,Pax6,Ffar1,1.0
23118,Pax6,Fgf15,-1.0
23119,Pax6,Fgf8,1.0
23120,Pax6,Fmnl2,1.0
23121,Pax6,Foxe3,1.0
23122,Pax6,Foxg1,1.0
23123,Pax6,Fut9,1.0
23124,Pax6,G6pc2,1.0
23125,Pax6,Gcg,1.0
23126,Pax6,Gck,1.0
23127,Pax6,Gh,1.0
23128,Pax6,Gip,1.0
23129,Pax6,Gipr,1.0
23130,Pax6,Gsx2,-1.0
23131,Pax6,Has2,1.0
23132,Pax6,Hes5,1.0
23133,Pax6,Hipk2,1.0
23134,Pax6,Hoxd4,1.0
23135,Pax6,Htt,1.0
23136,Pax6,Iapp,1.0
23137,Pax6,Insr,1.0
23138,Pax6,Ipo13,1.0
23139,Pax6,Irx3,1.0
23140,Pax6,Itga4,1.0
23141,Pax6,Itga5,1.0
23142,Pax6,Itgb1,1.0
23143,Pax6,Ivl,-1.0
23144,Pax6,Kras,1.0
23145,Pax6,Krt1,-1.0
23146,Pax6,Krt10,-1.0
23147,Pax6,Krt12,1.0
23148,Pax6,L1cam,1.0
23149,Pax6,Lhx2,1.0
23150,Pax6,Mab21l1,1.0
23151,Pax6,Mab21l2,-1.0
23152,Pax6,Maf,1.0
23153,Pax6,Mafa,1.0
23154,Pax6,Mapk1,1.0
23155,Pax6,Met,1.0
23156,Pax6,Mitf,1.0
23157,Pax6,Mmp2,1.0
23158,Pax6,Mmp9,1.0
23159,Pax6,Mpz,1.0
23160,Pax6,Nav1,1.0
23161,Pax6,Ncam1,1.0
23162,Pax6,Nes,1.0
23163,Pax6,Neurod1,1.0
23164,Pax6,Neurog2,1.0
23165,Pax6,Nkx2-1,1.0
23166,Pax6,Notch1,1.0
23167,Pax6,Notch2,1.0
23168,Pax6,Notch3,1.0
23169,Pax6,Nppa,1.0
23170,Pax6,Odf2,1.0
23171,Pax6,Olfm3,1.0
23172,Pax6,Olig2,-1.0
23173,Pax6,Otx2,1.0
23174,Pax6,Palm,1.0
23175,Pax6,Pax2,-1.0
23176,Pax6,Pax3,1.0
23177,Pax6,Pcsk1,1.0
23178,Pax6,Pcsk1n,1.0
23179,Pax6,Pcsk2,1.0
23180,Pax6,Pdhx,-1.0
23181,Pax6,Pdx1,1.0
23182,Pax6,Pkd1,1.0
23183,Pax6,Pkd2,1.0
23184,Pax6,Plcb1,1.0
23185,Pax6,Plcb4,1.0
23186,Pax6,Ppy,1.0
23187,Pax6,Prox1,1.0
23188,Pax6,Pycard,1.0
23189,Pax6,Rax,1.0
23190,Pax6,Rb1,1.0
23191,Pax6,Reln,1.0
23192,Pax6,Rlbp1,1.0
23193,Pax6,Sar1b,1.0
23194,Pax6,Scg5,1.0
23195,Pax6,Sfrp1,1.0
23196,Pax6,Sfrp2,1.0
23197,Pax6,Shh,1.0
23198,Pax6,Six3,1.0
23199,Pax6,Six6,1.0
23200,Pax6,Slc1a2,1.0
23201,Pax6,Slc2a2,1.0
23202,Pax6,Slit1,1.0
23203,Pax6,Snca,1.0
23204,Pax6,Sost,1.0
23205,Pax6,Sox2,1.0
23206,Pax6,Spag5,1.0
23207,Pax6,Sphk1,1.0
23208,Pax6,Sst,1.0
23209,Pax6,Star,1.0
23210,Pax6,Sulf1,1.0
23211,Pax6,Tcf20,1.0
23212,Pax6,Tcf4,1.0
23213,Pax6,Tcf7l2,1.0
23214,Pax6,Tfec,1.0
23215,Pax6,Tg,1.0
23216,Pax6,Tgfb2,1.0
23217,Pax6,Tkt,1.0
23218,Pax6,Tle6,1.0
23219,Pax6,Tnc,1.0
23220,Pax6,Tnfsf11,1.0
23221,Pax6,Trim11,1.0
23222,Pax6,Trpm3,-1.0
23223,Pax6,Tyr,1.0
23224,Pax6,Unc5c,1.0
23225,Pax6,Vcan,-1.0
23226,Pax6,Vegfa,-1.0
23227,Pax7,Ager,1.0
23228,Pax7,Carm1,1.0
23229,Pax7,Ccnd3,1.0
23230,Pax7,Ckm,1.0
23231,Pax7,Duxbl1,1.0
23232,Pax7,Eno3,1.0
23233,Pax7,Fsd1,1.0
23234,Pax7,Id2,1.0
23235,Pax7,Id3,1.0
23236,Pax7,Mstn,1.0
23237,Pax7,Myf5,1.0
23238,Pax7,Myod1,1.0
23239,Pax7,Myog,1.0
23240,Pax7,Notch1,1.0
23241,Pax7,Notch3,1.0
23242,Pax7,Pax3,1.0
23243,Pax7,Pxn,1.0
23244,Pax7,Trp53,1.0
23245,Pax8,Bcl2,1.0
23246,Pax8,Cdh17,1.0
23247,Pax8,Duox1,1.0
23248,Pax8,Duox2,-1.0
23249,Pax8,E2f1,1.0
23250,Pax8,F2r,1.0
23251,Pax8,Foxe1,1.0
23252,Pax8,Hcrt,1.0
23253,Pax8,Hhex,1.0
23254,Pax8,L1cam,1.0
23255,Pax8,Ncam1,1.0
23256,Pax8,Nkx2-1,-1.0
23257,Pax8,Nupr1,-1.0
23258,Pax8,Pparg,1.0
23259,Pax8,Rb1,1.0
23260,Pax8,Ret,1.0
23261,Pax8,Slc25a5,1.0
23262,Pax8,Slc3a1,1.0
23263,Pax8,Slc5a5,1.0
23264,Pax8,Tert,1.0
23265,Pax8,Tg,-1.0
23266,Pax8,Th,1.0
23267,Pax8,Tnf,1.0
23268,Pax8,Tnfrsf11a,1.0
23269,Pax8,Tpo,1.0
23270,Pax8,Trp53,-1.0
23271,Pax8,Tshb,1.0
23272,Pax8,Tshr,-1.0
23273,Pax8,Txn1,1.0
23274,Pax8,Vegfa,1.0
23275,Pax8,Wt1,1.0
23276,Pax9,Bcl2,1.0
23277,Pax9,Bmp4,1.0
23278,Pax9,Calca,1.0
23279,Pax9,Cip2a,1.0
23280,Pax9,Fgf10,1.0
23281,Pax9,Msx1,1.0
23282,Pax9,Nkx3-2,1.0
23283,Pax9,Osr2,1.0
23284,Pax9,Shh,1.0
23285,Pax9,Tk1,1.0
23286,Pbrm1,Cdkn1a,1.0
23287,Pbrm1,Crabp2,1.0
23288,Pbrm1,Crebbp,1.0
23289,Pbrm1,Csf2,1.0
23290,Pbrm1,Il10,1.0
23291,Pbrm1,Rarb,1.0
23292,Pbrm1,S100a13,1.0
23293,Pbrm1,Smarca2,1.0
23294,Pbrm1,Smarca4,1.0
23295,Pbx1,Aldh1a2,1.0
23296,Pbx1,Alpl,1.0
23297,Pbx1,Alx1,1.0
23298,Pbx1,Angpt2,1.0
23299,Pbx1,Anxa5,1.0
23300,Pbx1,Cd44,1.0
23301,Pbx1,Cdh1,1.0
23302,Pbx1,Cdkn1a,1.0
23303,Pbx1,Cdkn2a,1.0
23304,Pbx1,Cdkn2b,1.0
23305,Pbx1,Cftr,1.0
23306,Pbx1,Cybb,1.0
23307,Pbx1,Cyp17a1,1.0
23308,Pbx1,Dcc,1.0
23309,Pbx1,Epha7,1.0
23310,Pbx1,Esr1,1.0
23311,Pbx1,Fgf10,1.0
23312,Pbx1,Fgf15,1.0
23313,Pbx1,Fgf8,-1.0
23314,Pbx1,Fpgs,1.0
23315,Pbx1,Fshb,1.0
23316,Pbx1,Gli3,1.0
23317,Pbx1,Hoxb1,1.0
23318,Pbx1,Hoxb7,1.0
23319,Pbx1,Ibsp,-1.0
23320,Pbx1,Igf1r,1.0
23321,Pbx1,Igfbp2,-1.0
23322,Pbx1,Il10,1.0
23323,Pbx1,Inppl1,1.0
23324,Pbx1,Mc2r,1.0
23325,Pbx1,Myog,1.0
23326,Pbx1,Nanog,1.0
23327,Pbx1,Ndrg1,1.0
23328,Pbx1,Nkx2-5,1.0
23329,Pbx1,Notch3,1.0
23330,Pbx1,Npy,1.0
23331,Pbx1,Nr5a1,1.0
23332,Pbx1,Oit3,1.0
23333,Pbx1,Pax3,1.0
23334,Pbx1,Pax6,1.0
23335,Pbx1,Pdgfrb,-1.0
23336,Pbx1,Pdx1,1.0
23337,Pbx1,Pf4,1.0
23338,Pbx1,Preb,1.0
23339,Pbx1,Prkaca,1.0
23340,Pbx1,Ptpn6,1.0
23341,Pbx1,Ren1,1.0
23342,Pbx1,Rhd,1.0
23343,Pbx1,Rnf6,1.0
23344,Pbx1,Runx2,-1.0
23345,Pbx1,Sis,1.0
23346,Pbx1,Snai1,1.0
23347,Pbx1,Sox3,1.0
23348,Pbx1,Sp7,-1.0
23349,Pbx1,Tlx1,1.0
23350,Pbx1,Vcp,1.0
23351,Pbx1,Vim,1.0
23352,Pbx1,Wnt16,1.0
23353,Pbx1,Zic3,1.0
23354,Pbx2,Aldh1a2,1.0
23355,Pbx2,Emx2,1.0
23356,Pbx2,Epha8,1.0
23357,Pbx2,Fgf8,-1.0
23358,Pbx2,Fmo3,1.0
23359,Pbx2,Meis1,1.0
23360,Pbx2,Pf4,1.0
23361,Pbx2,Vcp,1.0
23362,Pbx3,Fgf8,-1.0
23363,Pbx3,Tlx3,1.0
23364,Pbx4,Fgf8,-1.0
23365,Pbx4,Lpar1,1.0
23366,Pbx4,Pgk2,1.0
23367,Pcbd1,Fxyd2,1.0
23368,Pcgf2,Hoxa7,-1.0
23369,Pcgf2,Zeb1,-1.0
23370,Pcgf2,Zeb2,-1.0
23371,Pdx1,Abcc8,1.0
23372,Pdx1,Acat1,1.0
23373,Pdx1,Ada,1.0
23374,Pdx1,Afp,1.0
23375,Pdx1,Agxt,1.0
23376,Pdx1,Axin1,1.0
23377,Pdx1,Ccna2,1.0
23378,Pdx1,Cdk5,1.0
23379,Pdx1,Cdkn1b,1.0
23380,Pdx1,Cebpb,-1.0
23381,Pdx1,Cela1,1.0
23382,Pdx1,Chgb,1.0
23383,Pdx1,Chka,1.0
23384,Pdx1,Clu,1.0
23385,Pdx1,Cpe,1.0
23386,Pdx1,Csnk2a1,1.0
23387,Pdx1,Csnk2a2,1.0
23388,Pdx1,Ctnnb1,-1.0
23389,Pdx1,Dmpk,1.0
23390,Pdx1,Dner,1.0
23391,Pdx1,Fabp1,1.0
23392,Pdx1,Ffar1,1.0
23393,Pdx1,Fgfr1,1.0
23394,Pdx1,Foxa2,1.0
23395,Pdx1,G6pc2,1.0
23396,Pdx1,Gcg,1.0
23397,Pdx1,Gck,1.0
23398,Pdx1,Gfap,1.0
23399,Pdx1,Gip,1.0
23400,Pdx1,Glb1,1.0
23401,Pdx1,Glp1r,1.0
23402,Pdx1,Gsr,1.0
23403,Pdx1,Hbegf,1.0
23404,Pdx1,Hes1,1.0
23405,Pdx1,Hipk2,1.0
23406,Pdx1,Hoxa4,1.0
23407,Pdx1,Hp,1.0
23408,Pdx1,Iapp,1.0
23409,Pdx1,Il1b,1.0
23410,Pdx1,Insr,1.0
23411,Pdx1,Kcnj11,1.0
23412,Pdx1,Krt19,1.0
23413,Pdx1,Mafa,1.0
23414,Pdx1,Mapk1,1.0
23415,Pdx1,Mtor,1.0
23416,Pdx1,Mxd1,1.0
23417,Pdx1,Myc,-1.0
23418,Pdx1,Neurod1,1.0
23419,Pdx1,Neurog3,1.0
23420,Pdx1,Nkx6-1,1.0
23421,Pdx1,Nlrp2,1.0
23422,Pdx1,Notch1,1.0
23423,Pdx1,Npff,1.0
23424,Pdx1,Nr5a2,1.0
23425,Pdx1,Oga,1.0
23426,Pdx1,Ogt,1.0
23427,Pdx1,Pax6,1.0
23428,Pdx1,Pcif1,1.0
23429,Pdx1,Pcsk1,1.0
23430,Pdx1,Pcx,1.0
23431,Pdx1,Pik3c3,1.0
23432,Pdx1,Pkd1,1.0
23433,Pdx1,Prkcg,1.0
23434,Pdx1,Psma5,1.0
23435,Pdx1,Rb1,1.0
23436,Pdx1,Ripk1,1.0
23437,Pdx1,S100g,1.0
23438,Pdx1,Setd7,1.0
23439,Pdx1,Sis,-1.0
23440,Pdx1,Slc2a2,1.0
23441,Pdx1,Slc30a8,1.0
23442,Pdx1,Srebf1,1.0
23443,Pdx1,Sst,1.0
23444,Pdx1,Sstr1,1.0
23445,Pdx1,Sstr5,1.0
23446,Pdx1,St18,1.0
23447,Pdx1,Syt1,1.0
23448,Pdx1,Tbx15,1.0
23449,Pdx1,Tfam,1.0
23450,Pdx1,Tkt,1.0
23451,Pdx1,Ucp2,1.0
23452,Pdx1,Vegfa,-1.0
23453,Peg3,Becn1,1.0
23454,Peg3,Il24,1.0
23455,Peg3,Map1lc3a,1.0
23456,Peg3,Prom1,1.0
23457,Peg3,Psmd10,1.0
23458,Peg3,Ptgdr,1.0
23459,Peg3,Trp53,1.0
23460,Peg3,Vegfa,1.0
23461,Per2,Serpine1,-1.0
23462,Per2,Snai2,-1.0
23463,Per2,Twist1,-1.0
23464,Pgr,Acp3,1.0
23465,Pgr,Actg2,1.0
23466,Pgr,Adamts1,1.0
23467,Pgr,Adcyap1,1.0
23468,Pgr,Atp1b1,1.0
23469,Pgr,Bcl2,1.0
23470,Pgr,Bcl2l1,1.0
23471,Pgr,Calca,1.0
23472,Pgr,Ccn1,1.0
23473,Pgr,Ccnd1,1.0
23474,Pgr,Cct6a,1.0
23475,Pgr,Cd28,1.0
23476,Pgr,Cdkn1a,1.0
23477,Pgr,Cdkn1b,1.0
23478,Pgr,Col5a2,1.0
23479,Pgr,Comt,1.0
23480,Pgr,Crabp2,1.0
23481,Pgr,Crh,-1.0
23482,Pgr,Crygb,1.0
23483,Pgr,Csn2,-1.0
23484,Pgr,Ctsl,1.0
23485,Pgr,Cyp19a1,-1.0
23486,Pgr,Cyp1a1,1.0
23487,Pgr,Dkk1,1.0
23488,Pgr,Dusp1,1.0
23489,Pgr,E2f1,1.0
23490,Pgr,Egfr,1.0
23491,Pgr,Erbb2,-1.0
23492,Pgr,Errfi1,1.0
23493,Pgr,Esr1,1.0
23494,Pgr,Esr2,1.0
23495,Pgr,Ets2,1.0
23496,Pgr,Fam110c,1.0
23497,Pgr,Fkbp5,1.0
23498,Pgr,Fn1,1.0
23499,Pgr,Folr1,1.0
23500,Pgr,Fos,-1.0
23501,Pgr,Fosl1,-1.0
23502,Pgr,Foxp3,-1.0
23503,Pgr,Fshb,1.0
23504,Pgr,Gfap,1.0
23505,Pgr,Gh,1.0
23506,Pgr,Gip,1.0
23507,Pgr,Gnrh1,1.0
23508,Pgr,Gstm7,1.0
23509,Pgr,H1f2,1.0
23510,Pgr,Hltf,1.0
23511,Pgr,Hpgd,1.0
23512,Pgr,Hsd11b2,1.0
23513,Pgr,Hyal1,-1.0
23514,Pgr,Id4,1.0
23515,Pgr,Igf1r,1.0
23516,Pgr,Igfbp1,1.0
23517,Pgr,Igfbp4,1.0
23518,Pgr,Igfbp5,1.0
23519,Pgr,Ihh,1.0
23520,Pgr,Il10,-1.0
23521,Pgr,Irs1,1.0
23522,Pgr,Irs2,1.0
23523,Pgr,Itga6,1.0
23524,Pgr,Junb,-1.0
23525,Pgr,Kat6b,1.0
23526,Pgr,Klf5,1.0
23527,Pgr,Klk4,1.0
23528,Pgr,Lcp1,1.0
23529,Pgr,Lhcgr,1.0
23530,Pgr,Lif,1.0
23531,Pgr,Ltf,-1.0
23532,Pgr,Mbp,1.0
23533,Pgr,Mmp2,-1.0
23534,Pgr,Muc1,1.0
23535,Pgr,Myc,-1.0
23536,Pgr,Nfkbia,1.0
23537,Pgr,Nr3c2,1.0
23538,Pgr,Ogg1,1.0
23539,Pgr,Otof,1.0
23540,Pgr,Oxtr,1.0
23541,Pgr,Pappa,1.0
23542,Pgr,Parp1,1.0
23543,Pgr,Pfkfb3,1.0
23544,Pgr,Pibf1,1.0
23545,Pgr,Pla2g4a,-1.0
23546,Pgr,Pld1,1.0
23547,Pgr,Plin2,1.0
23548,Pgr,Pros1,1.0
23549,Pgr,Ptger2,1.0
23550,Pgr,Ptgs2,-1.0
23551,Pgr,Ptp4a3,-1.0
23552,Pgr,Rb1,1.0
23553,Pgr,Rela,-1.0
23554,Pgr,Rgcc,1.0
23555,Pgr,Rln1,1.0
23556,Pgr,S100g,1.0
23557,Pgr,Serpinb5,1.0
23558,Pgr,Serpine1,1.0
23559,Pgr,Sgk1,1.0
23560,Pgr,Slc5a1,1.0
23561,Pgr,Slpi,1.0
23562,Pgr,Snap25,1.0
23563,Pgr,Spp1,1.0
23564,Pgr,Stat5a,1.0
23565,Pgr,Stc1,1.0
23566,Pgr,Stra6,1.0
23567,Pgr,Sumo1,-1.0
23568,Pgr,Tcf4,1.0
23569,Pgr,Tff1,-1.0
23570,Pgr,Th,1.0
23571,Pgr,Thbs1,1.0
23572,Pgr,Timp3,1.0
23573,Pgr,Tnfsf11,1.0
23574,Pgr,Trpv4,1.0
23575,Pgr,Vcam1,-1.0
23576,Pgr,Vdr,1.0
23577,Pgr,Vegfa,-1.0
23578,Pgr,Wnt1,1.0
23579,Pgr,Ywhaq,1.0
23580,Pgr,Zeb1,1.0
23581,Pgr,Zfhx3,1.0
23582,Pgr,Zkscan7,1.0
23583,Phb1,Ar,-1.0
23584,Phb1,Fbxo7,1.0
23585,Phf1,Hoxa10,-1.0
23586,Phf1,Hoxa9,-1.0
23587,Phf20,Cdkn2a,1.0
23588,Phf20,Ciita,1.0
23589,Phf20,Cyp11a1,1.0
23590,Phf20,Gh,1.0
23591,Phf20,Gps2,1.0
23592,Phf20,H2-T23,1.0
23593,Phf20,Kras,1.0
23594,Phf20,Pgk1,1.0
23595,Phf20,Pou1f1,1.0
23596,Phf20,Tgfb1i1,1.0
23597,Phf5a,Cd79a,1.0
23598,Phf5a,Csf1,1.0
23599,Phf5a,Ighe,1.0
23600,Phf5a,Myh6,1.0
23601,Phf5a,Smarcb1,1.0
23602,Phf8,Cdc20,1.0
23603,Phox2a,Cdkn1b,1.0
23604,Phox2a,Chrna3,1.0
23605,Phox2a,Dbh,1.0
23606,Phox2a,Gata2,1.0
23607,Phox2a,Hand1,1.0
23608,Phox2a,Ncam1,1.0
23609,Phox2a,Nrxn1,1.0
23610,Phox2a,Phox2b,1.0
23611,Phox2a,Prkaca,1.0
23612,Phox2a,Ret,1.0
23613,Phox2a,Slc6a2,1.0
23614,Phox2a,Th,1.0
23615,Phox2a,Tlx2,1.0
23616,Phox2b,Alk,1.0
23617,Phox2b,Dbh,1.0
23618,Phox2b,Fos,1.0
23619,Phox2b,Gad1,1.0
23620,Phox2b,Hand1,1.0
23621,Phox2b,Hand2,1.0
23622,Phox2b,Hpcal1,1.0
23623,Phox2b,Isl1,1.0
23624,Phox2b,Msx1,-1.0
23625,Phox2b,Olig2,-1.0
23626,Phox2b,Pax6,-1.0
23627,Phox2b,Phox2a,1.0
23628,Phox2b,Ret,1.0
23629,Phox2b,Slc6a2,1.0
23630,Phox2b,Th,1.0
23631,Phox2b,Tlx2,1.0
23632,Pias1,Cyp17a1,1.0
23633,Pias1,Fabp2,1.0
23634,Pias1,Muc1,-1.0
23635,Pias1,Prmt1,-1.0
23636,Pias1,Sis,1.0
23637,Pias1,Stat1,1.0
23638,Pias2,Ar,1.0
23639,Pias2,Lrrn3,-1.0
23640,Pias2,Muc1,-1.0
23641,Pias3,Atf1,1.0
23642,Pias3,Esr1,1.0
23643,Pias3,Muc1,-1.0
23644,Pias3,Stat3,1.0
23645,Pias4,Muc1,-1.0
23646,Pias4,Vdr,1.0
23647,Pir,Nfkb1,1.0
23648,Pitx1,Crh,1.0
23649,Pitx1,Duxbl1,1.0
23650,Pitx1,Fgfr1,1.0
23651,Pitx1,Fshb,1.0
23652,Pitx1,Gdf15,1.0
23653,Pitx1,Gnrh1,-1.0
23654,Pitx1,Gnrhr,1.0
23655,Pitx1,Hes1,-1.0
23656,Pitx1,Hoxc10,1.0
23657,Pitx1,Hoxc11,1.0
23658,Pitx1,Irf2,-1.0
23659,Pitx1,Irf7,-1.0
23660,Pitx1,Jun,-1.0
23661,Pitx1,Kras,1.0
23662,Pitx1,Krt27,1.0
23663,Pitx1,Mcat,1.0
23664,Pitx1,Nkx3-1,-1.0
23665,Pitx1,Pomc,1.0
23666,Pitx1,Pou1f1,1.0
23667,Pitx1,Ptx3,1.0
23668,Pitx1,Runx1,-1.0
23669,Pitx1,Runx2,-1.0
23670,Pitx1,Shh,1.0
23671,Pitx1,Shroom3,1.0
23672,Pitx1,Sst,1.0
23673,Pitx1,Sstr2,1.0
23674,Pitx1,Tbx4,1.0
23675,Pitx1,Tert,-1.0
23676,Pitx1,Trib2,-1.0
23677,Pitx1,Trp53,1.0
23678,Pitx2,Adipoq,1.0
23679,Pitx2,Adk,1.0
23680,Pitx2,Ahr,1.0
23681,Pitx2,Ahsg,1.0
23682,Pitx2,Aldh5a1,1.0
23683,Pitx2,Amelx,1.0
23684,Pitx2,Apoa1,1.0
23685,Pitx2,Apoa2,1.0
23686,Pitx2,Apob,1.0
23687,Pitx2,Apoc2,1.0
23688,Pitx2,Apoc3,1.0
23689,Pitx2,Arap1,1.0
23690,Pitx2,Arg1,1.0
23691,Pitx2,Casr,1.0
23692,Pitx2,Ccna1,1.0
23693,Pitx2,Ccnd2,1.0
23694,Pitx2,Cd81,1.0
23695,Pitx2,Cd82,1.0
23696,Pitx2,Cd9,1.0
23697,Pitx2,Cdkn1a,1.0
23698,Pitx2,Chek2,1.0
23699,Pitx2,Chi3l1,1.0
23700,Pitx2,Crp,1.0
23701,Pitx2,Cry1,1.0
23702,Pitx2,Cxcl5,1.0
23703,Pitx2,Cyp19a1,1.0
23704,Pitx2,Cyp7a1,1.0
23705,Pitx2,Dact2,1.0
23706,Pitx2,Dlx2,1.0
23707,Pitx2,Dym,1.0
23708,Pitx2,Ednra,1.0
23709,Pitx2,Esr2,1.0
23710,Pitx2,F7,1.0
23711,Pitx2,Fads2,1.0
23712,Pitx2,Fgf16,1.0
23713,Pitx2,Foxj1,1.0
23714,Pitx2,Fshb,1.0
23715,Pitx2,Fzd1,1.0
23716,Pitx2,G6pc2,1.0
23717,Pitx2,Gabrb3,1.0
23718,Pitx2,Gad1,1.0
23719,Pitx2,Galt,1.0
23720,Pitx2,Gast,1.0
23721,Pitx2,Gh,1.0
23722,Pitx2,Gnaq,1.0
23723,Pitx2,Gnrh1,-1.0
23724,Pitx2,Gper1,1.0
23725,Pitx2,Gsc,1.0
23726,Pitx2,Gsk3b,1.0
23727,Pitx2,Hint1,1.0
23728,Pitx2,Hmgn2,1.0
23729,Pitx2,Hnf1a,1.0
23730,Pitx2,Hnf1b,1.0
23731,Pitx2,Hpgds,1.0
23732,Pitx2,Htr1a,1.0
23733,Pitx2,Htr2a,1.0
23734,Pitx2,Htra1,1.0
23735,Pitx2,Igf1r,1.0
23736,Pitx2,Il10,1.0
23737,Pitx2,Il3,1.0
23738,Pitx2,Il6,1.0
23739,Pitx2,Inhba,1.0
23740,Pitx2,Irf5,1.0
23741,Pitx2,Jazf1,1.0
23742,Pitx2,Krt16,1.0
23743,Pitx2,Krt17,1.0
23744,Pitx2,Lef1,1.0
23745,Pitx2,Lhx6,1.0
23746,Pitx2,Lipc,1.0
23747,Pitx2,Lpar4,1.0
23748,Pitx2,Lyrm4,1.0
23749,Pitx2,Map2k4,1.0
23750,Pitx2,Mecp2,1.0
23751,Pitx2,Mill2,1.0
23752,Pitx2,Mtr,1.0
23753,Pitx2,Mttp,1.0
23754,Pitx2,Myf5,1.0
23755,Pitx2,Myh9,1.0
23756,Pitx2,Mylk,1.0
23757,Pitx2,Myod1,1.0
23758,Pitx2,Nox1,1.0
23759,Pitx2,Nppa,1.0
23760,Pitx2,Npr1,1.0
23761,Pitx2,Nr1h2,1.0
23762,Pitx2,Oca2,1.0
23763,Pitx2,Pkd2,1.0
23764,Pitx2,Pla2g6,1.0
23765,Pitx2,Plod1,1.0
23766,Pitx2,Plod2,1.0
23767,Pitx2,Pnmt,1.0
23768,Pitx2,Polr2f,1.0
23769,Pitx2,Pou1f1,1.0
23770,Pitx2,Ppig,1.0
23771,Pitx2,Prkcg,1.0
23772,Pitx2,Prkch,1.0
23773,Pitx2,Prph2,1.0
23774,Pitx2,Ptx3,1.0
23775,Pitx2,Rac1,1.0
23776,Pitx2,Rbp2,1.0
23777,Pitx2,Reln,1.0
23778,Pitx2,Rgs2,1.0
23779,Pitx2,Rgs4,1.0
23780,Pitx2,Rsu1,1.0
23781,Pitx2,S1pr1,1.0
23782,Pitx2,Siglec1,1.0
23783,Pitx2,Slc13a3,1.0
23784,Pitx2,Sox17,1.0
23785,Pitx2,Sp1,1.0
23786,Pitx2,Sp7,-1.0
23787,Pitx2,St8sia2,1.0
23788,Pitx2,Stat4,1.0
23789,Pitx2,Tbx1,-1.0
23790,Pitx2,Tbx2,-1.0
23791,Pitx2,Tbx20,1.0
23792,Pitx2,Tbx21,1.0
23793,Pitx2,Tbx5,-1.0
23794,Pitx2,Tbx6,-1.0
23795,Pitx2,Tcf21,1.0
23796,Pitx2,Tert,1.0
23797,Pitx2,Thbs2,1.0
23798,Pitx2,Tkt,1.0
23799,Pitx2,Tlx1,1.0
23800,Pitx2,Tnfaip3,1.0
23801,Pitx2,Tnfrsf8,1.0
23802,Pitx2,Tnfsf4,1.0
23803,Pitx2,Trio,1.0
23804,Pitx2,Twf1,1.0
23805,Pitx2,Twist2,1.0
23806,Pitx2,Tyr,1.0
23807,Pitx2,Wnt2,1.0
23808,Pitx2,Wnt5a,1.0
23809,Pitx2,Xbp1,1.0
23810,Pitx3,Aldh2,1.0
23811,Pitx3,Bdnf,1.0
23812,Pitx3,C1qa,1.0
23813,Pitx3,Cck,1.0
23814,Pitx3,Dlk1,1.0
23815,Pitx3,F3,1.0
23816,Pitx3,Gdnf,1.0
23817,Pitx3,Il1b,1.0
23818,Pitx3,Klhl1,1.0
23819,Pitx3,Mip,1.0
23820,Pitx3,Mpo,1.0
23821,Pitx3,Nes,-1.0
23822,Pitx3,Ptpru,1.0
23823,Pitx3,Ptx3,1.0
23824,Pitx3,Slc18a2,1.0
23825,Pitx3,Slc6a3,1.0
23826,Pitx3,Sox2,-1.0
23827,Pitx3,Th,1.0
23828,Pitx3,Tnf,1.0
23829,Pitx3,Tnfaip3,1.0
23830,Pitx3,Tnfaip6,1.0
23831,Pitx3,Tnpo1,1.0
23832,Pknox1,Aldh1a2,1.0
23833,Pknox1,Bcl2l1,1.0
23834,Pknox1,Fabp7,1.0
23835,Pknox1,Fasn,-1.0
23836,Pknox1,Gata1,1.0
23837,Pknox1,Hoxb1,1.0
23838,Pknox1,Hoxb2,1.0
23839,Pknox1,Il10,1.0
23840,Pknox1,Inppl1,1.0
23841,Pknox1,Meis1,1.0
23842,Pknox1,Nr5a1,1.0
23843,Pknox1,Pax3,-1.0
23844,Pknox1,Pf4,1.0
23845,Pknox1,Pgk2,1.0
23846,Pknox1,Ptpn6,1.0
23847,Pknox1,Ren1,1.0
23848,Pknox1,Rnf6,1.0
23849,Pknox1,Syp,1.0
23850,Plag1,Abcc6,1.0
23851,Plag1,Cd44,1.0
23852,Plag1,Crlf1,1.0
23853,Plag1,Ctnnb1,1.0
23854,Plag1,Egr1,1.0
23855,Plag1,Igf2,1.0
23856,Plag1,Xrcc1,1.0
23857,Plagl1,Abcc3,1.0
23858,Plagl1,Abcc6,1.0
23859,Plagl1,Adcyap1,1.0
23860,Plagl1,Apaf1,1.0
23861,Plagl1,Cdkn1a,1.0
23862,Plagl1,Cdkn1c,1.0
23863,Plagl1,Cdkn2a,1.0
23864,Plagl1,Igf2,1.0
23865,Plagl1,Kat2b,1.0
23866,Plagl1,Myh6,1.0
23867,Plagl1,Nppa,1.0
23868,Plagl1,Pparg,1.0
23869,Plagl1,Sdhb,-1.0
23870,Plagl1,Slc2a4,1.0
23871,Plagl1,Socs3,1.0
23872,Plagl1,Sord,-1.0
23873,Plagl1,Tgfbr2,1.0
23874,Plagl1,Trp53,1.0
23875,Plagl2,Igf2,1.0
23876,Plagl2,Metap2,1.0
23877,Plagl2,Mpl,1.0
23878,Plagl2,Ncf2,1.0
23879,Plagl2,Sftpb,1.0
23880,Plagl2,Sftpc,1.0
23881,Plagl2,Stxbp1,1.0
23882,Plagl2,Tnf,1.0
23883,Pml,Bax,1.0
23884,Pml,Casp3,1.0
23885,Pml,Ccnd1,-1.0
23886,Pml,Ccnt1,1.0
23887,Pml,Cdkn1a,1.0
23888,Pml,Eaf2,-1.0
23889,Pml,Egfr,-1.0
23890,Pml,Ep300,1.0
23891,Pml,Flt3,1.0
23892,Pml,Grip1,1.0
23893,Pml,Hck,1.0
23894,Pml,Hipk2,1.0
23895,Pml,Ifnb1,1.0
23896,Pml,Nr4a1,-1.0
23897,Pml,Tnfaip3,-1.0
23898,Pml,Tnfsf10,1.0
23899,Pml,Trp53,1.0
23900,Pml,Uba7,-1.0
23901,Pou1f1,Bdkrb1,1.0
23902,Pou1f1,C1qtnf3,1.0
23903,Pou1f1,Casp3,1.0
23904,Pou1f1,Ccnd1,1.0
23905,Pou1f1,Cdkn2a,1.0
23906,Pou1f1,Cga,1.0
23907,Pou1f1,Cntf,1.0
23908,Pou1f1,Crebbp,1.0
23909,Pou1f1,Cyc1,1.0
23910,Pou1f1,Egf,1.0
23911,Pou1f1,Esr1,1.0
23912,Pou1f1,Fgf23,1.0
23913,Pou1f1,Fgfr4,1.0
23914,Pou1f1,Fos,1.0
23915,Pou1f1,Fshb,1.0
23916,Pou1f1,Gh,1.0
23917,Pou1f1,Ghr,1.0
23918,Pou1f1,Ghrhr,1.0
23919,Pou1f1,Ghrl,1.0
23920,Pou1f1,Gnrh1,1.0
23921,Pou1f1,Hesx1,1.0
23922,Pou1f1,Hspa9,1.0
23923,Pou1f1,Ibsp,1.0
23924,Pou1f1,Insm1,1.0
23925,Pou1f1,Kras,1.0
23926,Pou1f1,Lep,1.0
23927,Pou1f1,Ncor1,1.0
23928,Pou1f1,Npff,1.0
23929,Pou1f1,Nrip1,1.0
23930,Pou1f1,Ogn,1.0
23931,Pou1f1,Pcp2,1.0
23932,Pou1f1,Pecr,1.0
23933,Pou1f1,Preb,1.0
23934,Pou1f1,Prkaca,1.0
23935,Pou1f1,Prop1,1.0
23936,Pou1f1,Pth,1.0
23937,Pou1f1,Ren1,1.0
23938,Pou1f1,Sap30,1.0
23939,Pou1f1,Slc25a5,1.0
23940,Pou1f1,Sncg,1.0
23941,Pou1f1,Sstr1,1.0
23942,Pou1f1,Sstr5,1.0
23943,Pou1f1,Syt1,1.0
23944,Pou1f1,Tbata,1.0
23945,Pou1f1,Thrb,1.0
23946,Pou1f1,Trh,1.0
23947,Pou1f1,Trhr,1.0
23948,Pou1f1,Trp53,1.0
23949,Pou1f1,Tshb,1.0
23950,Pou1f1,Vdr,1.0
23951,Pou1f1,Xpr1,1.0
23952,Pou2af1,Bcl2,1.0
23953,Pou2af1,Id2,1.0
23954,Pou2af1,Spib,1.0
23955,Pou2af1,Tk1,1.0
23956,Pou2af1,Tnfrsf17,1.0
23957,Pou2f1,Ahsp,1.0
23958,Pou2f1,Aldh3a1,1.0
23959,Pou2f1,Ar,1.0
23960,Pou2f1,Atp6v1e1,1.0
23961,Pou2f1,Bcl2,1.0
23962,Pou2f1,Bdkrb1,1.0
23963,Pou2f1,Capn6,1.0
23964,Pou2f1,Cat,1.0
23965,Pou2f1,Ccnd1,1.0
23966,Pou2f1,Cdc6,1.0
23967,Pou2f1,Cdkn1a,1.0
23968,Pou2f1,Cdkn2a,1.0
23969,Pou2f1,Cdkn2b,-1.0
23970,Pou2f1,Cdx2,1.0
23971,Pou2f1,Cdx4,1.0
23972,Pou2f1,Cntf,1.0
23973,Pou2f1,Cr2,1.0
23974,Pou2f1,Crp,-1.0
23975,Pou2f1,Csn2,1.0
23976,Pou2f1,Cxcr5,1.0
23977,Pou2f1,Cyp1a1,-1.0
23978,Pou2f1,Emc10,1.0
23979,Pou2f1,Esr1,1.0
23980,Pou2f1,Ets1,1.0
23981,Pou2f1,Fabp2,1.0
23982,Pou2f1,Fdps,1.0
23983,Pou2f1,Fgf4,1.0
23984,Pou2f1,Fgfr2,1.0
23985,Pou2f1,Fgl2,1.0
23986,Pou2f1,Gadd45a,1.0
23987,Pou2f1,Gata1,1.0
23988,Pou2f1,Gata2,1.0
23989,Pou2f1,Gcm1,1.0
23990,Pou2f1,Gfi1b,1.0
23991,Pou2f1,Glb1,1.0
23992,Pou2f1,Gnrh1,1.0
23993,Pou2f1,Gnrhr,-1.0
23994,Pou2f1,H2-Ea,-1.0
23995,Pou2f1,H2ac19,1.0
23996,Pou2f1,H2bc21,1.0
23997,Pou2f1,Hbb-bh1,-1.0
23998,Pou2f1,Hcrtr2,1.0
23999,Pou2f1,Hoxb1,1.0
24000,Pou2f1,Hoxd10,1.0
24001,Pou2f1,Hoxd11,1.0
24002,Pou2f1,Hpgds,1.0
24003,Pou2f1,Id1,1.0
24004,Pou2f1,Il17a,1.0
24005,Pou2f1,Il1b,1.0
24006,Pou2f1,Il2,1.0
24007,Pou2f1,Il2ra,1.0
24008,Pou2f1,Il3,-1.0
24009,Pou2f1,Il4,-1.0
24010,Pou2f1,Il5,1.0
24011,Pou2f1,Il6,1.0
24012,Pou2f1,Isl1,1.0
24013,Pou2f1,Itgax,-1.0
24014,Pou2f1,Lct,1.0
24015,Pou2f1,Lep,1.0
24016,Pou2f1,Lgals4,1.0
24017,Pou2f1,Lpl,1.0
24018,Pou2f1,Ly6e,1.0
24019,Pou2f1,Mad2l1,1.0
24020,Pou2f1,Mlxipl,-1.0
24021,Pou2f1,Ms4a2,1.0
24022,Pou2f1,Myh1,1.0
24023,Pou2f1,Myh10,1.0
24024,Pou2f1,Myh2,1.0
24025,Pou2f1,Nes,1.0
24026,Pou2f1,Nfya,1.0
24027,Pou2f1,Nos2,1.0
24028,Pou2f1,Nox4,1.0
24029,Pou2f1,Npff,1.0
24030,Pou2f1,Nthl1,1.0
24031,Pou2f1,Olr1,1.0
24032,Pou2f1,Oprm1,-1.0
24033,Pou2f1,Pax3,1.0
24034,Pou2f1,Pdrg1,1.0
24035,Pou2f1,Pecam1,1.0
24036,Pou2f1,Plau,1.0
24037,Pou2f1,Poli,1.0
24038,Pou2f1,Pou1f1,-1.0
24039,Pou2f1,Pou2af1,1.0
24040,Pou2f1,Pou2f2,1.0
24041,Pou2f1,Ptgir,1.0
24042,Pou2f1,Ptprc,1.0
24043,Pou2f1,Pttg1,1.0
24044,Pou2f1,Rptor,1.0
24045,Pou2f1,Rrm2,1.0
24046,Pou2f1,Rrm2b,1.0
24047,Pou2f1,Sdc4,1.0
24048,Pou2f1,Sele,-1.0
24049,Pou2f1,Sfrp2,1.0
24050,Pou2f1,Slc26a3,1.0
24051,Pou2f1,Slc7a11,-1.0
24052,Pou2f1,Snai2,1.0
24053,Pou2f1,Snapc1,1.0
24054,Pou2f1,Sox2,1.0
24055,Pou2f1,Spi1,1.0
24056,Pou2f1,Spp1,1.0
24057,Pou2f1,St6gal1,1.0
24058,Pou2f1,Stat4,1.0
24059,Pou2f1,Tfap2a,1.0
24060,Pou2f1,Tgm2,-1.0
24061,Pou2f1,Thrb,-1.0
24062,Pou2f1,Tk1,1.0
24063,Pou2f1,Tnf,1.0
24064,Pou2f1,Tshb,-1.0
24065,Pou2f1,Twist1,1.0
24066,Pou2f1,Txnrd1,1.0
24067,Pou2f1,Vcam1,-1.0
24068,Pou2f1,Vwf,1.0
24069,Pou2f1,Zfp42,1.0
24070,Pou2f2,Bcl2,1.0
24071,Pou2f2,Btk,1.0
24072,Pou2f2,Ccr5,1.0
24073,Pou2f2,Cd36,1.0
24074,Pou2f2,Cr2,1.0
24075,Pou2f2,Csf3,1.0
24076,Pou2f2,Csn2,1.0
24077,Pou2f2,Emc10,1.0
24078,Pou2f2,Ets1,1.0
24079,Pou2f2,Gnrh1,1.0
24080,Pou2f2,H2-Ea,1.0
24081,Pou2f2,H2-Ob,1.0
24082,Pou2f2,H2ac19,1.0
24083,Pou2f2,H2bc21,1.0
24084,Pou2f2,Id2,1.0
24085,Pou2f2,Ifng,1.0
24086,Pou2f2,Ighm,1.0
24087,Pou2f2,Il2,1.0
24088,Pou2f2,Il3,1.0
24089,Pou2f2,Il4,1.0
24090,Pou2f2,Il5,1.0
24091,Pou2f2,Il5ra,1.0
24092,Pou2f2,Itgax,1.0
24093,Pou2f2,Ivl,-1.0
24094,Pou2f2,Ly6e,1.0
24095,Pou2f2,Ngf,1.0
24096,Pou2f2,Nos1,1.0
24097,Pou2f2,Nos2,1.0
24098,Pou2f2,Pdcd1lg2,1.0
24099,Pou2f2,Penk,1.0
24100,Pou2f2,Retn,1.0
24101,Pou2f2,Rpn1,1.0
24102,Pou2f2,Sfrp2,1.0
24103,Pou2f2,Slc22a2,1.0
24104,Pou2f2,Slc26a3,1.0
24105,Pou2f2,Snap25,1.0
24106,Pou2f2,Spi1,1.0
24107,Pou2f2,Spib,1.0
24108,Pou2f2,Spp1,1.0
24109,Pou2f2,Syk,1.0
24110,Pou2f2,Syn1,1.0
24111,Pou2f2,Tgfa,1.0
24112,Pou2f2,Th,-1.0
24113,Pou2f2,Tk1,1.0
24114,Pou2f2,Tspoap1,1.0
24115,Pou2f2,Ywhab,1.0
24116,Pou2f3,Cdk11b,1.0
24117,Pou2f3,Crebbp,1.0
24118,Pou2f3,Krt10,1.0
24119,Pou2f3,Krt14,-1.0
24120,Pou2f3,Lor,1.0
24121,Pou2f3,Mmp19,-1.0
24122,Pou2f3,Nppa,1.0
24123,Pou2f3,Rhoh,1.0
24124,Pou3f1,Ccdc6,1.0
24125,Pou3f1,Chrna2,1.0
24126,Pou3f1,Chrna3,1.0
24127,Pou3f1,Cntf,1.0
24128,Pou3f1,Cxcr4,1.0
24129,Pou3f1,Dhh,1.0
24130,Pou3f1,Egr2,1.0
24131,Pou3f1,Fabp7,1.0
24132,Pou3f1,Gal,1.0
24133,Pou3f1,Gdnf,1.0
24134,Pou3f1,Gnrh1,1.0
24135,Pou3f1,Il6,1.0
24136,Pou3f1,Ivl,1.0
24137,Pou3f1,Krt14,-1.0
24138,Pou3f1,Lor,1.0
24139,Pou3f1,Mbp,-1.0
24140,Pou3f1,Mmp19,-1.0
24141,Pou3f1,Mmp9,-1.0
24142,Pou3f1,Mpz,-1.0
24143,Pou3f1,Oxt,1.0
24144,Pou3f1,Sox2,1.0
24145,Pou3f1,Sstr1,1.0
24146,Pou3f1,Wnt1,-1.0
24147,Pou3f1,Zfp42,1.0
24148,Pou3f2,Avp,1.0
24149,Pou3f2,Braf,1.0
24150,Pou3f2,Cdh13,1.0
24151,Pou3f2,Crh,1.0
24152,Pou3f2,Ddc,1.0
24153,Pou3f2,Dll1,1.0
24154,Pou3f2,Egfr,1.0
24155,Pou3f2,Egr2,1.0
24156,Pou3f2,Fabp7,1.0
24157,Pou3f2,Foxp2,1.0
24158,Pou3f2,Gnrh1,1.0
24159,Pou3f2,Gpx6,1.0
24160,Pou3f2,H2-T23,1.0
24161,Pou3f2,Kitl,1.0
24162,Pou3f2,Mapk1,1.0
24163,Pou3f2,Mitf,1.0
24164,Pou3f2,Nes,1.0
24165,Pou3f2,Nkx2-1,1.0
24166,Pou3f2,Oxt,1.0
24167,Pou3f2,Pax3,1.0
24168,Pou3f2,Pde5a,-1.0
24169,Pou3f2,Rb1,1.0
24170,Pou3f2,Sgpl1,1.0
24171,Pou3f2,Tdo2,1.0
24172,Pou3f2,Tph2,1.0
24173,Pou3f2,Ttf1,1.0
24174,Pou3f2,Tyr,-1.0
24175,Pou3f3,Egr2,1.0
24176,Pou3f3,Nes,1.0
24177,Pou3f3,Oxt,1.0
24178,Pou3f3,Wnt1,1.0
24179,Pou3f4,Drd1,1.0
24180,Pou3f4,Gcg,1.0
24181,Pou3f4,Oxt,1.0
24182,Pou3f4,Pou5f1,-1.0
24183,Pou4f1,Bax,-1.0
24184,Pou4f1,Bcl2,1.0
24185,Pou4f1,Bcl2l1,1.0
24186,Pou4f1,Brca1,1.0
24187,Pou4f1,Cdkn1a,1.0
24188,Pou4f1,Egr1,1.0
24189,Pou4f1,Gal,1.0
24190,Pou4f1,Hipk2,1.0
24191,Pou4f1,Hpse,1.0
24192,Pou4f1,Hsp90aa1,1.0
24193,Pou4f1,Hspb1,1.0
24194,Pou4f1,Il2,1.0
24195,Pou4f1,Ina,1.0
24196,Pou4f1,Jup,1.0
24197,Pou4f1,Ngf,1.0
24198,Pou4f1,Nos2,1.0
24199,Pou4f1,Ntrk1,1.0
24200,Pou4f1,Ntrk2,1.0
24201,Pou4f1,Pmaip1,-1.0
24202,Pou4f1,Pomc,1.0
24203,Pou4f1,Pou4f2,1.0
24204,Pou4f1,Pou4f3,1.0
24205,Pou4f1,Prph2,1.0
24206,Pou4f1,Rit2,1.0
24207,Pou4f1,Scn9a,1.0
24208,Pou4f1,Sgpl1,1.0
24209,Pou4f1,Snap25,1.0
24210,Pou4f1,Th,1.0
24211,Pou4f1,Trp53,1.0
24212,Pou4f1,Wnt1,1.0
24213,Pou4f2,Ace,1.0
24214,Pou4f2,Bax,1.0
24215,Pou4f2,Brca1,-1.0
24216,Pou4f2,Ccnd1,1.0
24217,Pou4f2,Cdh1,1.0
24218,Pou4f2,Cdk4,1.0
24219,Pou4f2,Ddc,1.0
24220,Pou4f2,Eomes,1.0
24221,Pou4f2,Epo,1.0
24222,Pou4f2,Esr1,1.0
24223,Pou4f2,Gh,1.0
24224,Pou4f2,Gsk3b,-1.0
24225,Pou4f2,Hsp90aa1,1.0
24226,Pou4f2,Hspb1,1.0
24227,Pou4f2,Htt,1.0
24228,Pou4f2,Ina,1.0
24229,Pou4f2,Jup,1.0
24230,Pou4f2,Mstn,1.0
24231,Pou4f2,Ncor1,1.0
24232,Pou4f2,Nos1,1.0
24233,Pou4f2,Nos2,1.0
24234,Pou4f2,Nr4a2,-1.0
24235,Pou4f2,Pax6,1.0
24236,Pou4f2,Pdlim7,1.0
24237,Pou4f2,Pmaip1,1.0
24238,Pou4f2,Pou4f1,-1.0
24239,Pou4f2,Pou4f3,1.0
24240,Pou4f2,Rit2,1.0
24241,Pou4f2,Sap30,1.0
24242,Pou4f2,Shh,1.0
24243,Pou4f2,Slc2a4,1.0
24244,Pou4f2,Snap25,1.0
24245,Pou4f2,Wt1,1.0
24246,Pou4f3,Bdnf,1.0
24247,Pou4f3,Ina,1.0
24248,Pou4f3,Lhx3,1.0
24249,Pou4f3,Myo6,1.0
24250,Pou4f3,Ntf3,1.0
24251,Pou4f3,Rit2,1.0
24252,Pou5f1,Actg2,-1.0
24253,Pou5f1,Afp,-1.0
24254,Pou5f1,Ahr,-1.0
24255,Pou5f1,Akt1,-1.0
24256,Pou5f1,Birc5,1.0
24257,Pou5f1,Bmp4,-1.0
24258,Pou5f1,Brca1,-1.0
24259,Pou5f1,Ccn2,1.0
24260,Pou5f1,Ccnd1,1.0
24261,Pou5f1,Ccnf,1.0
24262,Pou5f1,Cdh1,1.0
24263,Pou5f1,Cdkn1a,-1.0
24264,Pou5f1,Cdkn2a,-1.0
24265,Pou5f1,Cdx2,-1.0
24266,Pou5f1,Cga,-1.0
24267,Pou5f1,Cntf,1.0
24268,Pou5f1,Cxcr4,1.0
24269,Pou5f1,Ddc,1.0
24270,Pou5f1,Dkk1,-1.0
24271,Pou5f1,Dlx5,-1.0
24272,Pou5f1,Dnmt1,1.0
24273,Pou5f1,Dppa4,1.0
24274,Pou5f1,E2f3,1.0
24275,Pou5f1,Eed,1.0
24276,Pou5f1,Eomes,-1.0
24277,Pou5f1,Fbxo15,1.0
24278,Pou5f1,Fgf4,1.0
24279,Pou5f1,Fgf8,1.0
24280,Pou5f1,Foxa1,-1.0
24281,Pou5f1,Foxa2,-1.0
24282,Pou5f1,Gadd45a,1.0
24283,Pou5f1,Gata4,-1.0
24284,Pou5f1,Gata6,-1.0
24285,Pou5f1,Hes3,1.0
24286,Pou5f1,Hes6,1.0
24287,Pou5f1,Hlx,-1.0
24288,Pou5f1,Hspd1,1.0
24289,Pou5f1,Id2,-1.0
24290,Pou5f1,Itga6,1.0
24291,Pou5f1,Jade1,1.0
24292,Pou5f1,Jmjd1c,1.0
24293,Pou5f1,Kdm3a,1.0
24294,Pou5f1,Kdm4c,1.0
24295,Pou5f1,L1td1,1.0
24296,Pou5f1,Lhb,-1.0
24297,Pou5f1,Meis1,1.0
24298,Pou5f1,Mesp1,1.0
24299,Pou5f1,Mmp13,1.0
24300,Pou5f1,Mmp2,1.0
24301,Pou5f1,Mmp9,1.0
24302,Pou5f1,Myod1,-1.0
24303,Pou5f1,Nanog,1.0
24304,Pou5f1,Nes,-1.0
24305,Pou5f1,Nr0b1,1.0
24306,Pou5f1,Pax6,-1.0
24307,Pou5f1,Pdgfra,1.0
24308,Pou5f1,Phc1,1.0
24309,Pou5f1,Ppp1cc,1.0
24310,Pou5f1,Ppp1r8,1.0
24311,Pou5f1,Prkn,1.0
24312,Pou5f1,Rlim,1.0
24313,Pou5f1,Sall4,1.0
24314,Pou5f1,Sema6a,1.0
24315,Pou5f1,Slc22a3,-1.0
24316,Pou5f1,Slc2a3,1.0
24317,Pou5f1,Sox17,-1.0
24318,Pou5f1,Sox2,1.0
24319,Pou5f1,Sp5,1.0
24320,Pou5f1,Spp1,1.0
24321,Pou5f1,Sra1,1.0
24322,Pou5f1,Stk40,-1.0
24323,Pou5f1,T,-1.0
24324,Pou5f1,Tbx18,-1.0
24325,Pou5f1,Tcl1,1.0
24326,Pou5f1,Terf1,1.0
24327,Pou5f1,Tet1,1.0
24328,Pou5f1,Tet2,1.0
24329,Pou5f1,Thy1,1.0
24330,Pou5f1,Tor1aip2,1.0
24331,Pou5f1,Tug1,1.0
24332,Pou5f1,Tyr,-1.0
24333,Pou5f1,Usp44,1.0
24334,Pou5f1,Utf1,1.0
24335,Pou5f1,Wnt3,-1.0
24336,Pou5f1,Zfp42,1.0
24337,Pou5f1,Zic3,1.0
24338,Pou5f1,Zscan10,1.0
24339,Pou6f1,Crh,1.0
24340,Pou6f1,Htr1a,1.0
24341,Pou6f2,Cdkn2a,1.0
24342,Pou6f2,Cyp19a1,1.0
24343,Pou6f2,Nf1,1.0
24344,Pou6f2,Tyr,1.0
24345,Ppara,Abca1,1.0
24346,Ppara,Abca12,1.0
24347,Ppara,Abcb4,1.0
24348,Ppara,Abcb5,1.0
24349,Ppara,Abcc1,-1.0
24350,Ppara,Abcd2,1.0
24351,Ppara,Acadl,1.0
24352,Ppara,Acadm,1.0
24353,Ppara,Ace,1.0
24354,Ppara,Acmsd,-1.0
24355,Ppara,Acot13,1.0
24356,Ppara,Acox1,1.0
24357,Ppara,Acsl1,-1.0
24358,Ppara,Adipoq,1.0
24359,Ppara,Adss2,1.0
24360,Ppara,Agt,1.0
24361,Ppara,Ahr,1.0
24362,Ppara,Alad,1.0
24363,Ppara,Alas1,1.0
24364,Ppara,Aldh2,-1.0
24365,Ppara,Aldh3a2,1.0
24366,Ppara,Angptl4,1.0
24367,Ppara,Apoa1,1.0
24368,Ppara,Apoa2,1.0
24369,Ppara,Apoa4,1.0
24370,Ppara,Apoa5,1.0
24371,Ppara,Apob,1.0
24372,Ppara,Apobr,-1.0
24373,Ppara,Apoc2,1.0
24374,Ppara,Apoc3,-1.0
24375,Ppara,App,1.0
24376,Ppara,Aqp3,1.0
24377,Ppara,Aqp7,1.0
24378,Ppara,Atp2a2,1.0
24379,Ppara,Bax,1.0
24380,Ppara,Bco1,1.0
24381,Ppara,Bmal1,1.0
24382,Ppara,Brs3,1.0
24383,Ppara,Bsg,-1.0
24384,Ppara,C3,1.0
24385,Ppara,Calr,1.0
24386,Ppara,Casp2,1.0
24387,Ppara,Casp3,-1.0
24388,Ppara,Cat,1.0
24389,Ppara,Cav1,1.0
24390,Ppara,Ccl5,1.0
24391,Ppara,Ccnb1,-1.0
24392,Ppara,Ccnd1,-1.0
24393,Ppara,Cd36,1.0
24394,Ppara,Cdkn1a,1.0
24395,Ppara,Cdkn2a,1.0
24396,Ppara,Cic,1.0
24397,Ppara,Cidea,1.0
24398,Ppara,Cmklr1,1.0
24399,Ppara,Cpox,1.0
24400,Ppara,Cpt1a,-1.0
24401,Ppara,Cpt1b,1.0
24402,Ppara,Creb3l3,1.0
24403,Ppara,Crp,-1.0
24404,Ppara,Csn2,-1.0
24405,Ppara,Ctsb,1.0
24406,Ppara,Ctsl,1.0
24407,Ppara,Cubn,1.0
24408,Ppara,Cx3cl1,-1.0
24409,Ppara,Cyba,-1.0
24410,Ppara,Cyp1a1,1.0
24411,Ppara,Cyp27a1,-1.0
24412,Ppara,Cyp27b1,-1.0
24413,Ppara,Cyp4x1,1.0
24414,Ppara,Cyp7a1,-1.0
24415,Ppara,Cyp7b1,-1.0
24416,Ppara,Dbi,1.0
24417,Ppara,Ddit3,1.0
24418,Ppara,Depp1,1.0
24419,Ppara,Edn1,-1.0
24420,Ppara,Ehhadh,1.0
24421,Ppara,Elovl1,1.0
24422,Ppara,Elovl3,1.0
24423,Ppara,Elovl5,1.0
24424,Ppara,Elovl6,1.0
24425,Ppara,Etfdh,1.0
24426,Ppara,F3,-1.0
24427,Ppara,Fabp1,1.0
24428,Ppara,Fabp3,1.0
24429,Ppara,Fabp4,1.0
24430,Ppara,Fabp6,1.0
24431,Ppara,Fads1,1.0
24432,Ppara,Fads2,1.0
24433,Ppara,Fam3a,1.0
24434,Ppara,Fdps,1.0
24435,Ppara,Fgf1,1.0
24436,Ppara,Fgf21,1.0
24437,Ppara,Fos,-1.0
24438,Ppara,Foxp3,1.0
24439,Ppara,Fshr,1.0
24440,Ppara,Fst,1.0
24441,Ppara,Furin,1.0
24442,Ppara,G0s2,1.0
24443,Ppara,G6pc1,1.0
24444,Ppara,Gadd45b,1.0
24445,Ppara,Gclc,1.0
24446,Ppara,Glrx,1.0
24447,Ppara,Got1,1.0
24448,Ppara,Gpa33,1.0
24449,Ppara,Gpd1,1.0
24450,Ppara,Gpt,1.0
24451,Ppara,Gpt2,1.0
24452,Ppara,Grhpr,1.0
24453,Ppara,Gsk3b,1.0
24454,Ppara,Gys2,1.0
24455,Ppara,H2-T23,1.0
24456,Ppara,H2bc21,1.0
24457,Ppara,Hmgcr,1.0
24458,Ppara,Hmgcs2,1.0
24459,Ppara,Hmox1,1.0
24460,Ppara,Hsd17b4,1.0
24461,Ppara,Icam1,-1.0
24462,Ppara,Ifnb1,1.0
24463,Ppara,Ifng,-1.0
24464,Ppara,Igf1,1.0
24465,Ppara,Igfbp1,1.0
24466,Ppara,Il10,1.0
24467,Ppara,Il17a,-1.0
24468,Ppara,Il1rn,1.0
24469,Ppara,Il2,1.0
24470,Ppara,Il4,1.0
24471,Ppara,Il5,1.0
24472,Ppara,Il6,-1.0
24473,Ppara,Il6ra,-1.0
24474,Ppara,Itgb5,-1.0
24475,Ppara,Jun,-1.0
24476,Ppara,Kcnip2,-1.0
24477,Ppara,Kdr,-1.0
24478,Ppara,Klf4,1.0
24479,Ppara,Klk15,1.0
24480,Ppara,Ldlr,1.0
24481,Ppara,Lep,-1.0
24482,Ppara,Lhb,1.0
24483,Ppara,Lpl,1.0
24484,Ppara,Lrp2,1.0
24485,Ppara,Mafa,1.0
24486,Ppara,Mat2a,1.0
24487,Ppara,Mbl2,1.0
24488,Ppara,Mgll,1.0
24489,Ppara,Mlycd,1.0
24490,Ppara,Mmp9,-1.0
24491,Ppara,Mpo,1.0
24492,Ppara,Mttp,1.0
24493,Ppara,Muc1,1.0
24494,Ppara,Myl2,1.0
24495,Ppara,Myl7,1.0
24496,Ppara,Nampt,1.0
24497,Ppara,Nfkbia,1.0
24498,Ppara,Nkx6-1,1.0
24499,Ppara,Nos2,-1.0
24500,Ppara,Nos3,1.0
24501,Ppara,Npc1,1.0
24502,Ppara,Npc1l1,1.0
24503,Ppara,Nphs1,1.0
24504,Ppara,Nr1d1,1.0
24505,Ppara,Nr1h3,1.0
24506,Ppara,Nr1i2,1.0
24507,Ppara,Nr1i3,1.0
24508,Ppara,Olr1,1.0
24509,Ppara,Pank1,1.0
24510,Ppara,Pck1,1.0
24511,Ppara,Pcsk5,1.0
24512,Ppara,Pcsk9,-1.0
24513,Ppara,Pctp,1.0
24514,Ppara,Pdk1,-1.0
24515,Ppara,Pdk2,1.0
24516,Ppara,Pdk3,1.0
24517,Ppara,Pdk4,1.0
24518,Ppara,Pdx1,1.0
24519,Ppara,Pdzk1,1.0
24520,Ppara,Pex11a,1.0
24521,Ppara,Pklr,1.0
24522,Ppara,Pla2g2a,1.0
24523,Ppara,Plin1,1.0
24524,Ppara,Plin2,-1.0
24525,Ppara,Plin5,1.0
24526,Ppara,Plpp1,1.0
24527,Ppara,Pparg,1.0
24528,Ppara,Ppargc1a,1.0
24529,Ppara,Ppox,1.0
24530,Ppara,Prdm16,1.0
24531,Ppara,Prkaa1,1.0
24532,Ppara,Ptafr,-1.0
24533,Ppara,Ptgs2,-1.0
24534,Ppara,Ptprf,1.0
24535,Ppara,Rbp2,1.0
24536,Ppara,Rbp4,1.0
24537,Ppara,Ren1,1.0
24538,Ppara,Retn,1.0
24539,Ppara,Retsat,1.0
24540,Ppara,Rgs5,1.0
24541,Ppara,Rps14,-1.0
24542,Ppara,S1pr1,1.0
24543,Ppara,Sat1,1.0
24544,Ppara,Scarb1,1.0
24545,Ppara,Scp2,1.0
24546,Ppara,Sdc1,1.0
24547,Ppara,Sele,-1.0
24548,Ppara,Serpine1,1.0
24549,Ppara,Slc10a2,1.0
24550,Ppara,Slc15a1,1.0
24551,Ppara,Slc16a1,1.0
24552,Ppara,Slc16a7,1.0
24553,Ppara,Slc22a1,1.0
24554,Ppara,Slc22a3,1.0
24555,Ppara,Slc25a20,1.0
24556,Ppara,Slc27a1,1.0
24557,Ppara,Slc2a2,1.0
24558,Ppara,Slc2a4,1.0
24559,Ppara,Slc40a1,1.0
24560,Ppara,Slc9a1,1.0
24561,Ppara,Sod2,1.0
24562,Ppara,Sphk1,1.0
24563,Ppara,Spp1,-1.0
24564,Ppara,Srebf1,-1.0
24565,Ppara,Srebf2,-1.0
24566,Ppara,Stat5a,1.0
24567,Ppara,Stat5b,1.0
24568,Ppara,Sult1e1,-1.0
24569,Ppara,Tert,-1.0
24570,Ppara,Tgfb1,-1.0
24571,Ppara,Tgfbrap1,1.0
24572,Ppara,Tlr2,1.0
24573,Ppara,Tlr4,-1.0
24574,Ppara,Tnf,-1.0
24575,Ppara,Tnfsf10,1.0
24576,Ppara,Tnip1,1.0
24577,Ppara,Trib3,1.0
24578,Ppara,Tspo,-1.0
24579,Ppara,Tuba1b,-1.0
24580,Ppara,Txn1,1.0
24581,Ppara,Txnip,-1.0
24582,Ppara,Ucp1,-1.0
24583,Ppara,Ucp2,1.0
24584,Ppara,Ucp3,1.0
24585,Ppara,Ugdh,-1.0
24586,Ppara,Urod,1.0
24587,Ppara,Uros,1.0
24588,Ppara,Vcam1,-1.0
24589,Ppara,Vegfa,1.0
24590,Ppara,Vldlr,1.0
24591,Ppara,Vmp1,-1.0
24592,Ppard,Acaca,-1.0
24593,Ppard,Acadl,1.0
24594,Ppard,Acox1,1.0
24595,Ppard,Acsl3,1.0
24596,Ppard,Acsl6,1.0
24597,Ppard,Actg2,-1.0
24598,Ppard,Angpt1,1.0
24599,Ppard,Angptl3,-1.0
24600,Ppard,Angptl4,-1.0
24601,Ppard,Apoa2,1.0
24602,Ppard,Apob,-1.0
24603,Ppard,Apoe,-1.0
24604,Ppard,Apom,-1.0
24605,Ppard,Bcl2,1.0
24606,Ppard,Bcl2l1,1.0
24607,Ppard,Calr,1.0
24608,Ppard,Cat,1.0
24609,Ppard,Cd36,1.0
24610,Ppard,Cebpa,-1.0
24611,Ppard,Cebpb,1.0
24612,Ppard,Cerk,1.0
24613,Ppard,Cnr1,1.0
24614,Ppard,Cpt1a,1.0
24615,Ppard,Cryba1,1.0
24616,Ppard,Ctse,1.0
24617,Ppard,Cyp1a1,1.0
24618,Ppard,F3,-1.0
24619,Ppard,Fabp4,1.0
24620,Ppard,Fabp6,1.0
24621,Ppard,Fasn,-1.0
24622,Ppard,Fn1,1.0
24623,Ppard,Foxo1,1.0
24624,Ppard,Gpam,1.0
24625,Ppard,Gpat4,1.0
24626,Ppard,Gys2,-1.0
24627,Ppard,Hbegf,1.0
24628,Ppard,Hmox1,1.0
24629,Ppard,Hsd11b2,-1.0
24630,Ppard,Ihh,-1.0
24631,Ppard,Il17a,-1.0
24632,Ppard,Il6,-1.0
24633,Ppard,Ilk,1.0
24634,Ppard,Insig1,1.0
24635,Ppard,Lep,-1.0
24636,Ppard,Lpin2,1.0
24637,Ppard,Lpl,1.0
24638,Ppard,Mafa,1.0
24639,Ppard,Mat2a,1.0
24640,Ppard,Mfn2,1.0
24641,Ppard,Mmp9,1.0
24642,Ppard,Mog,1.0
24643,Ppard,Muc1,1.0
24644,Ppard,Myod1,-1.0
24645,Ppard,Nampt,1.0
24646,Ppard,Nos2,1.0
24647,Ppard,Npc1l1,1.0
24648,Ppard,Pck1,1.0
24649,Ppard,Pdk4,1.0
24650,Ppard,Pdpk1,1.0
24651,Ppard,Pla2g2a,1.0
24652,Ppard,Plin2,1.0
24653,Ppard,Plin5,1.0
24654,Ppard,Plp1,1.0
24655,Ppard,Pnpla2,1.0
24656,Ppard,Ppara,1.0
24657,Ppard,Pparg,1.0
24658,Ppard,Ppargc1a,1.0
24659,Ppard,Ptger4,1.0
24660,Ppard,Ptgs2,1.0
24661,Ppard,Ptk2,-1.0
24662,Ppard,Rab9,1.0
24663,Ppard,Rgs4,1.0
24664,Ppard,Rgs5,1.0
24665,Ppard,Sat1,1.0
24666,Ppard,Scarb2,1.0
24667,Ppard,Sirt1,1.0
24668,Ppard,Ski,1.0
24669,Ppard,Slc25a20,1.0
24670,Ppard,Slc27a1,1.0
24671,Ppard,Slc2a1,-1.0
24672,Ppard,Slc2a4,1.0
24673,Ppard,Sod1,1.0
24674,Ppard,Sod2,1.0
24675,Ppard,Srebf1,-1.0
24676,Ppard,Tgfb1,1.0
24677,Ppard,Timp1,1.0
24678,Ppard,Twist1,1.0
24679,Ppard,Txn1,1.0
24680,Ppard,Ubc,1.0
24681,Ppard,Ucp1,1.0
24682,Ppard,Ucp3,1.0
24683,Ppard,Vcam1,-1.0
24684,Ppard,Vegfa,1.0
24685,Ppard,Wt1,-1.0
24686,Ppard,Ywhae,1.0
24687,Pparg,Aacs,1.0
24688,Pparg,Abca1,1.0
24689,Pparg,Abca12,1.0
24690,Pparg,Abcg1,1.0
24691,Pparg,Acat1,1.0
24692,Pparg,Ace,1.0
24693,Pparg,Acsl1,1.0
24694,Pparg,Acta2,-1.0
24695,Pparg,Actg2,-1.0
24696,Pparg,Adamts4,-1.0
24697,Pparg,Adipoq,1.0
24698,Pparg,Adipor2,1.0
24699,Pparg,Adss2,1.0
24700,Pparg,Ager,-1.0
24701,Pparg,Agt,-1.0
24702,Pparg,Alb,1.0
24703,Pparg,Aloxe3,1.0
24704,Pparg,Angptl4,1.0
24705,Pparg,Apmap,1.0
24706,Pparg,Apoa1,1.0
24707,Pparg,Apoa2,1.0
24708,Pparg,Apoa4,1.0
24709,Pparg,Apob,-1.0
24710,Pparg,Apobr,-1.0
24711,Pparg,Apoc4,1.0
24712,Pparg,Apoe,1.0
24713,Pparg,Apom,1.0
24714,Pparg,App,-1.0
24715,Pparg,Aqp1,1.0
24716,Pparg,Aqp7,1.0
24717,Pparg,Ar,-1.0
24718,Pparg,Arrdc3,1.0
24719,Pparg,Ass1,1.0
24720,Pparg,Atp2a2,1.0
24721,Pparg,Bace1,-1.0
24722,Pparg,Bad,1.0
24723,Pparg,Bcl2,1.0
24724,Pparg,Bcl2l1,-1.0
24725,Pparg,Bco1,1.0
24726,Pparg,Bmal1,1.0
24727,Pparg,Brca1,1.0
24728,Pparg,Brs3,1.0
24729,Pparg,C1qtnf3,1.0
24730,Pparg,Calr,1.0
24731,Pparg,Cat,1.0
24732,Pparg,Cav1,1.0
24733,Pparg,Ccl11,1.0
24734,Pparg,Ccl20,-1.0
24735,Pparg,Ccl3,-1.0
24736,Pparg,Ccl5,-1.0
24737,Pparg,Ccn2,-1.0
24738,Pparg,Ccna2,1.0
24739,Pparg,Ccnd1,-1.0
24740,Pparg,Ccne1,-1.0
24741,Pparg,Ccr2,-1.0
24742,Pparg,Ccr7,-1.0
24743,Pparg,Cd14,1.0
24744,Pparg,Cd36,1.0
24745,Pparg,Cd40,-1.0
24746,Pparg,Cd44,1.0
24747,Pparg,Cd5l,-1.0
24748,Pparg,Cd69,1.0
24749,Pparg,Cd83,1.0
24750,Pparg,Cd86,1.0
24751,Pparg,Cdh1,1.0
24752,Pparg,Cdh2,-1.0
24753,Pparg,Cdkn1a,1.0
24754,Pparg,Cdkn1b,1.0
24755,Pparg,Cdkn2a,1.0
24756,Pparg,Cdkn2b,1.0
24757,Pparg,Cebpa,1.0
24758,Pparg,Cfd,-1.0
24759,Pparg,Cflar,-1.0
24760,Pparg,Cic,1.0
24761,Pparg,Cidea,1.0
24762,Pparg,Cidec,1.0
24763,Pparg,Ciita,-1.0
24764,Pparg,Cited2,1.0
24765,Pparg,Cldn2,1.0
24766,Pparg,Col10a1,-1.0
24767,Pparg,Col3a1,-1.0
24768,Pparg,Cops5,-1.0
24769,Pparg,Cpt1b,1.0
24770,Pparg,Csf1,-1.0
24771,Pparg,Csn2,-1.0
24772,Pparg,Ctnnb1,-1.0
24773,Pparg,Ctsl,1.0
24774,Pparg,Ctss,1.0
24775,Pparg,Cx3cr1,-1.0
24776,Pparg,Cxcl11,-1.0
24777,Pparg,Cxcr2,1.0
24778,Pparg,Cyba,-1.0
24779,Pparg,Cyp19a1,-1.0
24780,Pparg,Cyp1a1,-1.0
24781,Pparg,Cyp26b1,1.0
24782,Pparg,Cyp7a1,1.0
24783,Pparg,Dbi,1.0
24784,Pparg,Ddah2,1.0
24785,Pparg,Ddit3,1.0
24786,Pparg,Defb14,1.0
24787,Pparg,Dgat1,1.0
24788,Pparg,Dlk1,1.0
24789,Pparg,Dusp1,1.0
24790,Pparg,Egfr,-1.0
24791,Pparg,Egr1,1.0
24792,Pparg,Elovl3,1.0
24793,Pparg,Ero1a,1.0
24794,Pparg,Erp44,1.0
24795,Pparg,Esrra,1.0
24796,Pparg,F3,-1.0
24797,Pparg,Fabp1,1.0
24798,Pparg,Fabp2,1.0
24799,Pparg,Fabp3,1.0
24800,Pparg,Fabp4,1.0
24801,Pparg,Fam3a,1.0
24802,Pparg,Fas,1.0
24803,Pparg,Fasl,1.0
24804,Pparg,Fgf1,1.0
24805,Pparg,Fgf21,1.0
24806,Pparg,Flt1,-1.0
24807,Pparg,Fn1,-1.0
24808,Pparg,Fos,-1.0
24809,Pparg,Foxp3,1.0
24810,Pparg,Fst,1.0
24811,Pparg,Fxn,1.0
24812,Pparg,G6pc1,1.0
24813,Pparg,Gadd45a,1.0
24814,Pparg,Gcg,-1.0
24815,Pparg,Gck,1.0
24816,Pparg,Gdf15,1.0
24817,Pparg,Gh,1.0
24818,Pparg,Gipr,1.0
24819,Pparg,Gls,-1.0
24820,Pparg,Got1,1.0
24821,Pparg,Gpa33,1.0
24822,Pparg,Gpam,1.0
24823,Pparg,Gpat4,1.0
24824,Pparg,Gpihbp1,1.0
24825,Pparg,Gpx3,1.0
24826,Pparg,Gstz1,1.0
24827,Pparg,Gys2,1.0
24828,Pparg,H2-T23,1.0
24829,Pparg,Hcar1,1.0
24830,Pparg,Hcar2,1.0
24831,Pparg,Hgf,1.0
24832,Pparg,Hk2,1.0
24833,Pparg,Hmox1,1.0
24834,Pparg,Hp,1.0
24835,Pparg,Hpse,1.0
24836,Pparg,Hsd11b1,-1.0
24837,Pparg,Hspa9,1.0
24838,Pparg,Icam1,-1.0
24839,Pparg,Ide,1.0
24840,Pparg,Ifnb1,-1.0
24841,Pparg,Ifng,1.0
24842,Pparg,Igf1,-1.0
24843,Pparg,Igfbp1,1.0
24844,Pparg,Il10,1.0
24845,Pparg,Il13,-1.0
24846,Pparg,Il2,-1.0
24847,Pparg,Il4,1.0
24848,Pparg,Il5,-1.0
24849,Pparg,Il6,-1.0
24850,Pparg,Insig1,1.0
24851,Pparg,Insr,-1.0
24852,Pparg,Irf1,1.0
24853,Pparg,Irs1,1.0
24854,Pparg,Ivl,1.0
24855,Pparg,Jag1,1.0
24856,Pparg,Kdr,1.0
24857,Pparg,Kl,1.0
24858,Pparg,Klf4,1.0
24859,Pparg,Klf6,-1.0
24860,Pparg,Klk15,1.0
24861,Pparg,Kmt5a,1.0
24862,Pparg,Ldlr,-1.0
24863,Pparg,Lep,1.0
24864,Pparg,Lepr,1.0
24865,Pparg,Lhb,1.0
24866,Pparg,Lipe,1.0
24867,Pparg,Lor,1.0
24868,Pparg,Lpl,1.0
24869,Pparg,Lrp1,1.0
24870,Pparg,Lrp2,1.0
24871,Pparg,Maf,-1.0
24872,Pparg,Map3k14,-1.0
24873,Pparg,Map4k4,-1.0
24874,Pparg,Mapk1,1.0
24875,Pparg,Mat2a,-1.0
24876,Pparg,Mc2r,1.0
24877,Pparg,Mcm7,-1.0
24878,Pparg,Mfn2,1.0
24879,Pparg,Mgat1,1.0
24880,Pparg,Mif,1.0
24881,Pparg,Mmp12,-1.0
24882,Pparg,Mmp13,-1.0
24883,Pparg,Mmp2,-1.0
24884,Pparg,Mmp9,-1.0
24885,Pparg,Mogat1,1.0
24886,Pparg,Mpo,1.0
24887,Pparg,Mrap,1.0
24888,Pparg,Mrc1,1.0
24889,Pparg,Msr1,-1.0
24890,Pparg,Mttp,1.0
24891,Pparg,Muc1,1.0
24892,Pparg,Muc5ac,-1.0
24893,Pparg,Myc,-1.0
24894,Pparg,Myd88,-1.0
24895,Pparg,Myod1,-1.0
24896,Pparg,Myog,-1.0
24897,Pparg,Nampt,1.0
24898,Pparg,Ndrg1,1.0
24899,Pparg,Nfatc1,-1.0
24900,Pparg,Nfkbia,1.0
24901,Pparg,Nfkbib,1.0
24902,Pparg,Noct,1.0
24903,Pparg,Nos2,-1.0
24904,Pparg,Nos3,1.0
24905,Pparg,Notch4,1.0
24906,Pparg,Nox4,1.0
24907,Pparg,Nr1d1,1.0
24908,Pparg,Nr1h3,1.0
24909,Pparg,Nr3c1,1.0
24910,Pparg,Olr1,1.0
24911,Pparg,Pappa,1.0
24912,Pparg,Pck1,1.0
24913,Pparg,Pcna,-1.0
24914,Pparg,Pcsk9,1.0
24915,Pparg,Pcx,1.0
24916,Pparg,Pde3b,1.0
24917,Pparg,Pdgfra,-1.0
24918,Pparg,Pdgfrb,1.0
24919,Pparg,Pdk2,-1.0
24920,Pparg,Pdk4,-1.0
24921,Pparg,Pdx1,1.0
24922,Pparg,Pea15a,-1.0
24923,Pparg,Pex11a,1.0
24924,Pparg,Pfkp,-1.0
24925,Pparg,Pgk1,-1.0
24926,Pparg,Pkm,-1.0
24927,Pparg,Plaat3,1.0
24928,Pparg,Plin1,1.0
24929,Pparg,Plin2,1.0
24930,Pparg,Plin5,1.0
24931,Pparg,Plpp1,1.0
24932,Pparg,Pnpla2,1.0
24933,Pparg,Pon2,-1.0
24934,Pparg,Pou2f1,1.0
24935,Pparg,Pou5f1,1.0
24936,Pparg,Ppara,1.0
24937,Pparg,Ppargc1a,1.0
24938,Pparg,Ppargc1b,1.0
24939,Pparg,Ppp1r14a,-1.0
24940,Pparg,Prkce,1.0
24941,Pparg,Prkcz,-1.0
24942,Pparg,Prodh,1.0
24943,Pparg,Pten,1.0
24944,Pparg,Ptger2,-1.0
24945,Pparg,Ptges,-1.0
24946,Pparg,Ptgs2,-1.0
24947,Pparg,Ptpn11,-1.0
24948,Pparg,Rarb,1.0
24949,Pparg,Rarres2,1.0
24950,Pparg,Rb1,1.0
24951,Pparg,Rbp4,1.0
24952,Pparg,Rbp7,1.0
24953,Pparg,Ren1,-1.0
24954,Pparg,Retn,-1.0
24955,Pparg,Rgs5,1.0
24956,Pparg,Rorc,1.0
24957,Pparg,Runx2,-1.0
24958,Pparg,S100a2,1.0
24959,Pparg,S1pr1,1.0
24960,Pparg,Sat1,1.0
24961,Pparg,Scarb1,1.0
24962,Pparg,Scnn1a,1.0
24963,Pparg,Sdc1,1.0
24964,Pparg,Serpine1,-1.0
24965,Pparg,Serpine2,1.0
24966,Pparg,Sesn1,1.0
24967,Pparg,Sftpb,-1.0
24968,Pparg,Sgk1,1.0
24969,Pparg,Shbg,-1.0
24970,Pparg,Sirt1,-1.0
24971,Pparg,Sirt3,1.0
24972,Pparg,Slc1a2,1.0
24973,Pparg,Slc1a3,1.0
24974,Pparg,Slc27a4,1.0
24975,Pparg,Slc2a1,1.0
24976,Pparg,Slc2a2,1.0
24977,Pparg,Slc2a4,-1.0
24978,Pparg,Slc4a1,-1.0
24979,Pparg,Slc5a5,1.0
24980,Pparg,Slc9a1,-1.0
24981,Pparg,Slc9a3,1.0
24982,Pparg,Socs3,1.0
24983,Pparg,Socs7,1.0
24984,Pparg,Sod1,1.0
24985,Pparg,Sod2,1.0
24986,Pparg,Sp1,1.0
24987,Pparg,Spp1,-1.0
24988,Pparg,Srebf1,1.0
24989,Pparg,Srebf2,-1.0
24990,Pparg,Star,1.0
24991,Pparg,Stat3,-1.0
24992,Pparg,Stat5a,-1.0
24993,Pparg,Syk,1.0
24994,Pparg,Tafazzin,1.0
24995,Pparg,Tbxa2r,-1.0
24996,Pparg,Tbxas1,1.0
24997,Pparg,Tert,-1.0
24998,Pparg,Tfam,1.0
24999,Pparg,Tff2,1.0
25000,Pparg,Tg,-1.0
25001,Pparg,Tgfb1,-1.0
25002,Pparg,Tgfbr1,-1.0
25003,Pparg,Tgfbrap1,1.0
25004,Pparg,Timp3,1.0
25005,Pparg,Tlcd3b,1.0
25006,Pparg,Tlr2,-1.0
25007,Pparg,Tlr4,-1.0
25008,Pparg,Tnf,-1.0
25009,Pparg,Tnfrsf11b,-1.0
25010,Pparg,Tnfsf10,1.0
25011,Pparg,Tnip1,1.0
25012,Pparg,Trarg1,1.0
25013,Pparg,Trp53,1.0
25014,Pparg,Tshr,-1.0
25015,Pparg,Txnip,-1.0
25016,Pparg,Tyr,1.0
25017,Pparg,Ucp1,1.0
25018,Pparg,Ucp2,1.0
25019,Pparg,Ucp3,1.0
25020,Pparg,Upk1a,1.0
25021,Pparg,Upk2,1.0
25022,Pparg,Upk3a,1.0
25023,Pparg,Vcam1,-1.0
25024,Pparg,Vdac1,1.0
25025,Pparg,Vegfa,1.0
25026,Pparg,Vldlr,1.0
25027,Pparg,Ywhae,1.0
25028,Ppargc1a,Aldob,1.0
25029,Ppargc1a,Apln,1.0
25030,Ppargc1a,Apoa5,1.0
25031,Ppargc1a,Apoc3,1.0
25032,Ppargc1a,Bmal1,1.0
25033,Ppargc1a,Cav3,1.0
25034,Ppargc1a,Cdkn1a,1.0
25035,Ppargc1a,Cox4i1,1.0
25036,Ppargc1a,Cpt1b,1.0
25037,Ppargc1a,Cyp7a1,1.0
25038,Ppargc1a,Fgf21,1.0
25039,Ppargc1a,Foxo3,-1.0
25040,Ppargc1a,Hmox1,1.0
25041,Ppargc1a,Ide,1.0
25042,Ppargc1a,Igf1,1.0
25043,Ppargc1a,Ldlr,-1.0
25044,Ppargc1a,Mfn2,1.0
25045,Ppargc1a,Mlycd,1.0
25046,Ppargc1a,Mstn,-1.0
25047,Ppargc1a,Nfkb1,-1.0
25048,Ppargc1a,Npc1l1,1.0
25049,Ppargc1a,Nr1d1,1.0
25050,Ppargc1a,Nrf1,1.0
25051,Ppargc1a,Otc,1.0
25052,Ppargc1a,Pck2,1.0
25053,Ppargc1a,Slc2a4,1.0
25054,Ppargc1a,Sod2,1.0
25055,Ppargc1a,Tfam,1.0
25056,Ppargc1a,Trib3,1.0
25057,Ppargc1a,Ucp1,1.0
25058,Ppargc1b,Fabp1,1.0
25059,Ppargc1b,Mttp,1.0
25060,Ppargc1b,Sytl4,1.0
25061,Ppargc1b,Trib3,1.0
25062,Ppargc1b,Ucp2,1.0
25063,Ppp1r13l,Bax,-1.0
25064,Prdm1,Bcl6,-1.0
25065,Prdm1,Bmp5,1.0
25066,Prdm1,Camk4,1.0
25067,Prdm1,Cd27,1.0
25068,Prdm1,Cd4,-1.0
25069,Prdm1,Cd40,1.0
25070,Prdm1,Chrd,-1.0
25071,Prdm1,Ciita,-1.0
25072,Prdm1,Csf2,1.0
25073,Prdm1,Cxcr5,1.0
25074,Prdm1,Dusp16,1.0
25075,Prdm1,Ehmt2,1.0
25076,Prdm1,Esr1,-1.0
25077,Prdm1,Fastk,1.0
25078,Prdm1,Fcer2a,-1.0
25079,Prdm1,Fos,-1.0
25080,Prdm1,Gcsam,-1.0
25081,Prdm1,Ghrhr,1.0
25082,Prdm1,H2-T23,1.0
25083,Prdm1,Hspa5,1.0
25084,Prdm1,Id3,1.0
25085,Prdm1,Ido1,1.0
25086,Prdm1,Ifnb1,-1.0
25087,Prdm1,Ifng,-1.0
25088,Prdm1,Il10,1.0
25089,Prdm1,Il17f,1.0
25090,Prdm1,Il2,-1.0
25091,Prdm1,Il2ra,1.0
25092,Prdm1,Il5,1.0
25093,Prdm1,Il6,-1.0
25094,Prdm1,Lmo2,-1.0
25095,Prdm1,Mki67,1.0
25096,Prdm1,Myc,-1.0
25097,Prdm1,Nlrp12,-1.0
25098,Prdm1,Nr5a2,-1.0
25099,Prdm1,Pax5,-1.0
25100,Prdm1,Pcna,-1.0
25101,Prdm1,Pmaip1,1.0
25102,Prdm1,Prkdc,-1.0
25103,Prdm1,Prph2,1.0
25104,Prdm1,Psmb8,1.0
25105,Prdm1,Rsad2,-1.0
25106,Prdm1,Sdc1,1.0
25107,Prdm1,Snca,1.0
25108,Prdm1,Sox6,-1.0
25109,Prdm1,Spock1,1.0
25110,Prdm1,Stat6,-1.0
25111,Prdm1,Sumo1,1.0
25112,Prdm1,Tbx21,-1.0
25113,Prdm1,Tfap2c,1.0
25114,Prdm1,Tnf,1.0
25115,Prdm1,Tnfrsf17,1.0
25116,Prdm1,Tnfsf11,1.0
25117,Prdm1,Trp53,-1.0
25118,Prdm1,Tspoap1,1.0
25119,Prdm1,Vsx2,1.0
25120,Prdm1,Wnt8a,1.0
25121,Prdm1,Xbp1,1.0
25122,Prdm1,Xrcc6,-1.0
25123,Prdm1,Yy1,1.0
25124,Prdm1,Zfp1,1.0
25125,Prdm10,Bcl2,1.0
25126,Prdm10,Cdkn2a,1.0
25127,Prdm10,Ifnb1,1.0
25128,Prdm13,Ptf1a,1.0
25129,Prdm13,Tlx1,-1.0
25130,Prdm13,Tlx3,1.0
25131,Prdm14,Pou5f1,1.0
25132,Prdm16,Csf3,1.0
25133,Prdm16,Dio2,1.0
25134,Prdm16,Hgf,1.0
25135,Prdm16,Ppargc1a,1.0
25136,Prdm2,Hmox1,1.0
25137,Prdm2,Igf1,-1.0
25138,Prdm2,Il10,1.0
25139,Prdm2,Il2,1.0
25140,Prdm2,Kmt5a,1.0
25141,Prdm2,Myc,-1.0
25142,Prdm2,Nfatc1,1.0
25143,Prdm2,Sftpc,1.0
25144,Prdm2,Swi5,1.0
25145,Prdm2,Tkt,1.0
25146,Prdm4,Bmp4,1.0
25147,Prdm4,C6,1.0
25148,Prdm4,Esrrb,1.0
25149,Prdm4,Gata6,1.0
25150,Prdm4,Klf5,1.0
25151,Prdm4,Prdm14,1.0
25152,Prdm4,Tbx3,1.0
25153,Prdm4,Tet2,1.0
25154,Prdm4,Tet3,1.0
25155,Prdm5,Apc,1.0
25156,Prdm5,Gfi1,1.0
25157,Prdm5,Mgll,1.0
25158,Prdm8,Cyp17a1,-1.0
25159,Preb,Abca1,1.0
25160,Preb,Adipoq,1.0
25161,Preb,Cd19,1.0
25162,Preb,Epor,1.0
25163,Preb,Gck,1.0
25164,Preb,Igll1,1.0
25165,Preb,Il7,1.0
25166,Preb,Inppl1,1.0
25167,Preb,Pou1f1,1.0
25168,Preb,Prkaca,1.0
25169,Preb,Rag2,1.0
25170,Preb,Ret,1.0
25171,Preb,Scarb1,1.0
25172,Preb,Slc18a2,1.0
25173,Preb,Trh,1.0
25174,Prmt5,Smad7,1.0
25175,Prop1,Casp3,1.0
25176,Prop1,Cga,1.0
25177,Prop1,Fshb,1.0
25178,Prop1,Hesx1,1.0
25179,Prop1,Notch2,1.0
25180,Prop1,Pou1f1,1.0
25181,Prop1,Tle1,1.0
25182,Prop1,Tle2,1.0
25183,Prop1,Tle3,1.0
25184,Prop1,Tshb,1.0
25185,Prox1,Akt2,1.0
25186,Prox1,Calcrl,1.0
25187,Prox1,Ccne1,1.0
25188,Prox1,Cdkn1b,1.0
25189,Prox1,Cdkn1c,1.0
25190,Prox1,Cdkn2a,-1.0
25191,Prox1,Crybb1,1.0
25192,Prox1,Cyp7a1,-1.0
25193,Prox1,Eya1,1.0
25194,Prox1,Eya2,1.0
25195,Prox1,Fgfr3,1.0
25196,Prox1,Flt4,1.0
25197,Prox1,Ghrhr,1.0
25198,Prox1,Hif1a,1.0
25199,Prox1,Hoxd8,1.0
25200,Prox1,Ifng,-1.0
25201,Prox1,Itga9,1.0
25202,Prox1,Kdr,1.0
25203,Prox1,Nes,1.0
25204,Prox1,Notch1,1.0
25205,Prox1,Nr1i2,-1.0
25206,Prox1,Nr5a2,-1.0
25207,Prox1,Nrp1,1.0
25208,Prox1,Ogg1,1.0
25209,Prox1,Pax6,1.0
25210,Prox1,Pck2,-1.0
25211,Prox1,Prkcb,1.0
25212,Prox1,Rgs4,-1.0
25213,Prox1,Rorc,-1.0
25214,Prox1,Six3,1.0
25215,Prox1,Slc26a5,1.0
25216,Prox1,Sox2,1.0
25217,Prox1,Sumo1,1.0
25218,Prox1,Twist1,-1.0
25219,Prrx1,Acp3,1.0
25220,Prrx1,Sox9,1.0
25221,Prrx1,Sp7,-1.0
25222,Prrx1,Tgfb2,1.0
25223,Prrx1,Tgfb3,1.0
25224,Prrx1,Tnc,1.0
25225,Prrx1,Vegfa,1.0
25226,Prrx2,Fshb,1.0
25227,Prrx2,Tnc,1.0
25228,Ptf1a,Atoh7,-1.0
25229,Ptf1a,Cel,1.0
25230,Ptf1a,Cpa1,1.0
25231,Ptf1a,Gal,1.0
25232,Ptf1a,Gast,1.0
25233,Ptf1a,Kat2b,1.0
25234,Ptf1a,Mib1,1.0
25235,Ptf1a,Npy,1.0
25236,Ptf1a,Pdx1,1.0
25237,Ptf1a,Pdyn,1.0
25238,Ptf1a,Penk,1.0
25239,Ptf1a,Pnoc,1.0
25240,Ptf1a,Ppdpf,1.0
25241,Ptf1a,Prdm13,1.0
25242,Ptf1a,Sst,1.0
25243,Ptf1a,Tlx1,1.0
25244,Ptf1a,Tlx3,1.0
25245,Pura,Abcc3,1.0
25246,Pura,Acta2,1.0
25247,Pura,Apbb1,1.0
25248,Pura,App,1.0
25249,Pura,Ar,-1.0
25250,Pura,Cd79a,1.0
25251,Pura,Erbb2,1.0
25252,Pura,Fas,-1.0
25253,Pura,Gata2,1.0
25254,Pura,Git1,1.0
25255,Pura,Mbp,1.0
25256,Pura,Myh6,-1.0
25257,Pura,Pcna,-1.0
25258,Pura,Pdgfa,1.0
25259,Pura,Spn,1.0
25260,Pura,St6gal2,1.0
25261,Pura,Tat,1.0
25262,Pura,Tgfb1,1.0
25263,Purb,Cfc1,1.0
25264,Purb,Gnrh1,-1.0
25265,Purb,Mcat,1.0
25266,Purb,Myh6,-1.0
25267,Rara,Abca1,1.0
25268,Rara,Abca12,1.0
25269,Rara,Abcc2,1.0
25270,Rara,Abcc3,-1.0
25271,Rara,Abcg1,1.0
25272,Rara,Acacb,-1.0
25273,Rara,Actg2,-1.0
25274,Rara,Ada,1.0
25275,Rara,Adrb1,1.0
25276,Rara,Akt1,1.0
25277,Rara,Aldh2,1.0
25278,Rara,Alox5,1.0
25279,Rara,Anxa8,-1.0
25280,Rara,Apln,1.0
25281,Rara,Apoa2,1.0
25282,Rara,Apoc3,1.0
25283,Rara,App,-1.0
25284,Rara,Aprt,1.0
25285,Rara,Asb2,1.0
25286,Rara,Babam2,1.0
25287,Rara,Bcl2,-1.0
25288,Rara,Bhlhe40,1.0
25289,Rara,Btg2,1.0
25290,Rara,Cadm1,1.0
25291,Rara,Calca,1.0
25292,Rara,Casp9,1.0
25293,Rara,Ccna1,-1.0
25294,Rara,Ccr9,1.0
25295,Rara,Cd28,1.0
25296,Rara,Cd38,1.0
25297,Rara,Cdkn1a,1.0
25298,Rara,Cdkn2a,1.0
25299,Rara,Cdkn2b,1.0
25300,Rara,Cebpe,1.0
25301,Rara,Cerk,1.0
25302,Rara,Chek2,1.0
25303,Rara,Crabp1,1.0
25304,Rara,Crabp2,1.0
25305,Rara,Crebbp,1.0
25306,Rara,Crh,1.0
25307,Rara,Csn3,1.0
25308,Rara,Cxcr5,1.0
25309,Rara,Cyp1a1,1.0
25310,Rara,Cyp26a1,1.0
25311,Rara,Cyp7a1,1.0
25312,Rara,Dapk1,1.0
25313,Rara,Dapk2,1.0
25314,Rara,Dusp1,1.0
25315,Rara,Edn1,-1.0
25316,Rara,Egfr,-1.0
25317,Rara,Esr1,1.0
25318,Rara,Ets1,1.0
25319,Rara,F2r,1.0
25320,Rara,F3,1.0
25321,Rara,Fgf2,1.0
25322,Rara,Fgf8,1.0
25323,Rara,Fgfbp1,1.0
25324,Rara,Fgfr1,1.0
25325,Rara,Fli1,1.0
25326,Rara,Folr2,1.0
25327,Rara,Fos,1.0
25328,Rara,Foxc1,1.0
25329,Rara,Foxp3,1.0
25330,Rara,G0s2,1.0
25331,Rara,Gdnf,1.0
25332,Rara,Gh,1.0
25333,Rara,Ghrhr,1.0
25334,Rara,Gnrh1,1.0
25335,Rara,Gprc5a,1.0
25336,Rara,Greb1,1.0
25337,Rara,Hck,1.0
25338,Rara,Hes6,1.0
25339,Rara,Hk3,1.0
25340,Rara,Hnf4a,1.0
25341,Rara,Hoxa1,1.0
25342,Rara,Hoxa4,1.0
25343,Rara,Hoxb1,1.0
25344,Rara,Hoxd4,1.0
25345,Rara,Hsd17b2,1.0
25346,Rara,Icam1,1.0
25347,Rara,Ifngr1,1.0
25348,Rara,Igfbp3,1.0
25349,Rara,Il1b,1.0
25350,Rara,Il2,1.0
25351,Rara,Irak1,1.0
25352,Rara,Klf4,1.0
25353,Rara,Kras,1.0
25354,Rara,Krt13,1.0
25355,Rara,Krt14,1.0
25356,Rara,Krt4,1.0
25357,Rara,Krt9,1.0
25358,Rara,Lamb1,1.0
25359,Rara,Lcor,1.0
25360,Rara,Macrod1,-1.0
25361,Rara,Mafb,1.0
25362,Rara,Maob,1.0
25363,Rara,Med1,1.0
25364,Rara,Med25,1.0
25365,Rara,Mest,1.0
25366,Rara,Mmp2,1.0
25367,Rara,Mpo,1.0
25368,Rara,Muc4,1.0
25369,Rara,Muc5ac,-1.0
25370,Rara,Muc5b,1.0
25371,Rara,Myc,1.0
25372,Rara,Nes,1.0
25373,Rara,Nfatc1,1.0
25374,Rara,Nos2,1.0
25375,Rara,Npm1,1.0
25376,Rara,Npr1,1.0
25377,Rara,Nr1i3,1.0
25378,Rara,Nr4a1,-1.0
25379,Rara,Nrip1,1.0
25380,Rara,Olfm4,1.0
25381,Rara,Otx2,1.0
25382,Rara,Oxt,1.0
25383,Rara,Pck1,1.0
25384,Rara,Pcna,-1.0
25385,Rara,Pcp2,1.0
25386,Rara,Plat,1.0
25387,Rara,Plau,1.0
25388,Rara,Pml,1.0
25389,Rara,Pou5f1,1.0
25390,Rara,Pparg,-1.0
25391,Rara,Prkca,1.0
25392,Rara,Prph2,1.0
25393,Rara,Ptgs2,-1.0
25394,Rara,Ptov1,1.0
25395,Rara,Rarb,1.0
25396,Rara,Rarg,1.0
25397,Rara,Rb1,1.0
25398,Rara,Rbp1,1.0
25399,Rara,Rbp2,1.0
25400,Rara,Rlbp1,1.0
25401,Rara,Rpsa,-1.0
25402,Rara,Rptor,1.0
25403,Rara,Rxrg,1.0
25404,Rara,Serpinf1,1.0
25405,Rara,Sftpb,1.0
25406,Rara,Shh,1.0
25407,Rara,Sirt1,1.0
25408,Rara,Slc10a1,1.0
25409,Rara,Slc10a2,1.0
25410,Rara,Slc11a1,1.0
25411,Rara,Slc34a3,1.0
25412,Rara,Slc51b,1.0
25413,Rara,Slco1b2,1.0
25414,Rara,Smad3,1.0
25415,Rara,Sox9,1.0
25416,Rara,Spi1,1.0
25417,Rara,Stat1,-1.0
25418,Rara,Stmn1,1.0
25419,Rara,Tfap2a,1.0
25420,Rara,Tgfb1,1.0
25421,Rara,Tgfb2,1.0
25422,Rara,Tgm2,1.0
25423,Rara,Thbd,1.0
25424,Rara,Thra,1.0
25425,Rara,Timm17a,1.0
25426,Rara,Tmsb10,1.0
25427,Rara,Tnfaip2,1.0
25428,Rara,Tnfrsf10b,1.0
25429,Rara,Tnfrsf12a,1.0
25430,Rara,Tnip1,1.0
25431,Rara,Tpo,1.0
25432,Rara,Trh,1.0
25433,Rara,Trib1,1.0
25434,Rara,Tshb,1.0
25435,Rara,Ucp1,1.0
25436,Rara,Vegfa,-1.0
25437,Rara,Wdr11,1.0
25438,Rara,Wnt1,1.0
25439,Rara,Zbtb16,1.0
25440,Rarb,Ache,1.0
25441,Rarb,Adam10,1.0
25442,Rarb,Adh1,1.0
25443,Rarb,Adh5,1.0
25444,Rarb,Afp,-1.0
25445,Rarb,Akt1,1.0
25446,Rarb,Apoa1,1.0
25447,Rarb,Car2,-1.0
25448,Rarb,Cdkn2a,1.0
25449,Rarb,Cdkn2b,1.0
25450,Rarb,Ckap2,1.0
25451,Rarb,Crabp2,1.0
25452,Rarb,Cryab,1.0
25453,Rarb,Cyp26a1,1.0
25454,Rarb,Des,-1.0
25455,Rarb,Egfr,1.0
25456,Rarb,Fgfr1,1.0
25457,Rarb,Folr2,1.0
25458,Rarb,Gh,1.0
25459,Rarb,Glud1,1.0
25460,Rarb,Hap1,1.0
25461,Rarb,Hif1a,1.0
25462,Rarb,Hoxa5,-1.0
25463,Rarb,Hoxd4,1.0
25464,Rarb,Hpgds,1.0
25465,Rarb,Hps5,1.0
25466,Rarb,Icam1,1.0
25467,Rarb,Igfbp3,1.0
25468,Rarb,Il1b,1.0
25469,Rarb,Isl1,1.0
25470,Rarb,Lamb1,1.0
25471,Rarb,Lrat,1.0
25472,Rarb,Mmp11,1.0
25473,Rarb,Ngf,1.0
25474,Rarb,Oxt,1.0
25475,Rarb,Plat,1.0
25476,Rarb,Ppp1r1b,1.0
25477,Rarb,Prkca,1.0
25478,Rarb,Ptgs2,-1.0
25479,Rarb,Rara,1.0
25480,Rarb,Rarg,-1.0
25481,Rarb,Rbp1,1.0
25482,Rarb,Rbp2,1.0
25483,Rarb,Rsph1,1.0
25484,Rarb,Taf2,1.0
25485,Rarb,Th,1.0
25486,Rarb,Thbd,1.0
25487,Rarb,Trim16,1.0
25488,Rarb,Tubb3,1.0
25489,Rarg,Abca1,1.0
25490,Rarg,Acan,1.0
25491,Rarg,Cnr1,1.0
25492,Rarg,Crabp2,1.0
25493,Rarg,Cyp19a1,1.0
25494,Rarg,Cyp26a1,1.0
25495,Rarg,Dleu7,1.0
25496,Rarg,Dusp1,1.0
25497,Rarg,Egfr,1.0
25498,Rarg,Fgfr1,1.0
25499,Rarg,Folr2,1.0
25500,Rarg,Foxc1,1.0
25501,Rarg,Gprc5a,1.0
25502,Rarg,Greb1,1.0
25503,Rarg,Hoxa1,1.0
25504,Rarg,Icam1,1.0
25505,Rarg,Ivl,1.0
25506,Rarg,Kdm1a,1.0
25507,Rarg,Krt5,-1.0
25508,Rarg,Lamb1,1.0
25509,Rarg,Lrat,1.0
25510,Rarg,Me3,1.0
25511,Rarg,Meis1,1.0
25512,Rarg,Mmp11,1.0
25513,Rarg,Nanog,-1.0
25514,Rarg,Pam,1.0
25515,Rarg,Pou5f1,-1.0
25516,Rarg,Rara,1.0
25517,Rarg,Rarb,1.0
25518,Rarg,Rbp1,1.0
25519,Rarg,Rbp2,1.0
25520,Rarg,Ret,1.0
25521,Rarg,Sparc,1.0
25522,Rarg,Stra6,1.0
25523,Rarg,Stra8,1.0
25524,Rarg,Tgm4,1.0
25525,Rarg,Thbd,1.0
25526,Rarg,Tie1,1.0
25527,Rarg,Tslp,1.0
25528,Rax,Ifnb1,1.0
25529,Rax,Sag,1.0
25530,Rax,Sec14l4,1.0
25531,Rb1,Atf2,1.0
25532,Rb1,Birc5,1.0
25533,Rb1,Brca1,-1.0
25534,Rb1,Cdh1,1.0
25535,Rb1,Cdk1,1.0
25536,Rb1,Cdkn1a,1.0
25537,Rb1,Ddit3,1.0
25538,Rb1,Dhfr,-1.0
25539,Rb1,Dnmt3a,-1.0
25540,Rb1,E2f1,-1.0
25541,Rb1,E2f2,-1.0
25542,Rb1,E2f3,-1.0
25543,Rb1,Ebna1bp2,1.0
25544,Rb1,Elf1,1.0
25545,Rb1,Fgfr1,-1.0
25546,Rb1,Fos,-1.0
25547,Rb1,Gata1,1.0
25548,Rb1,H1f5,1.0
25549,Rb1,Hbp1,1.0
25550,Rb1,Igf1,1.0
25551,Rb1,Itga10,1.0
25552,Rb1,Map3k5,1.0
25553,Rb1,Myc,-1.0
25554,Rb1,Pcna,-1.0
25555,Rb1,Pparg,1.0
25556,Rb1,Rbl1,-1.0
25557,Rb1,Sftpd,1.0
25558,Rb1,Sp1,1.0
25559,Rb1,Tfdp1,-1.0
25560,Rb1,Tgfbi,1.0
25561,Rb1,Trp53bp2,1.0
25562,Rb1,Vegfa,1.0
25563,Rb1,Wrn,1.0
25564,Rbak,Pms2,1.0
25565,Rbak,Zfp61,1.0
25566,Rbbp8,Atm,1.0
25567,Rbck1,Ccnb1,1.0
25568,Rbck1,Esrra,1.0
25569,Rbfox2,Esr1,-1.0
25570,Rbpj,Abcc1,1.0
25571,Rbpj,Acta2,-1.0
25572,Rbpj,Adam19,1.0
25573,Rbpj,Ahsp,1.0
25574,Rbpj,Akt1,1.0
25575,Rbpj,Ascl1,-1.0
25576,Rbpj,Atm,1.0
25577,Rbpj,Atp5pd,-1.0
25578,Rbpj,Bcl2,1.0
25579,Rbpj,Birc5,1.0
25580,Rbpj,Bmp10,1.0
25581,Rbpj,Bmp2,1.0
25582,Rbpj,Bnip3,1.0
25583,Rbpj,Casp3,1.0
25584,Rbpj,Ccnd3,1.0
25585,Rbpj,Cd40,1.0
25586,Rbpj,Cd8a,-1.0
25587,Rbpj,Cdh2,1.0
25588,Rbpj,Cdh5,-1.0
25589,Rbpj,Cdk6,1.0
25590,Rbpj,Cdkn1a,1.0
25591,Rbpj,Cdkn1b,1.0
25592,Rbpj,Cebpa,-1.0
25593,Rbpj,Cebpz,-1.0
25594,Rbpj,Chst12,-1.0
25595,Rbpj,Clcn1,-1.0
25596,Rbpj,Cr2,1.0
25597,Rbpj,Crtc1,1.0
25598,Rbpj,Csf1,-1.0
25599,Rbpj,Cyp26a1,1.0
25600,Rbpj,Ddx6,-1.0
25601,Rbpj,Dio2,-1.0
25602,Rbpj,Dlk1,-1.0
25603,Rbpj,Dll4,1.0
25604,Rbpj,Dlx4,-1.0
25605,Rbpj,Dtx1,1.0
25606,Rbpj,Dusp1,1.0
25607,Rbpj,Efna2,1.0
25608,Rbpj,Efnb2,1.0
25609,Rbpj,Efnb3,1.0
25610,Rbpj,Elac2,1.0
25611,Rbpj,Epha3,-1.0
25612,Rbpj,Ephb4,-1.0
25613,Rbpj,Erbb2,1.0
25614,Rbpj,Esr1,1.0
25615,Rbpj,Fabp7,1.0
25616,Rbpj,Fcer1g,1.0
25617,Rbpj,Fcer2a,1.0
25618,Rbpj,Fcrl5,1.0
25619,Rbpj,Fes,-1.0
25620,Rbpj,Fgf6,1.0
25621,Rbpj,Fjx1,1.0
25622,Rbpj,Flt4,1.0
25623,Rbpj,Foxp3,1.0
25624,Rbpj,Gamt,1.0
25625,Rbpj,Gata2,1.0
25626,Rbpj,Gata3,1.0
25627,Rbpj,Glul,-1.0
25628,Rbpj,Hes1,1.0
25629,Rbpj,Hes3,1.0
25630,Rbpj,Hes5,1.0
25631,Rbpj,Hes7,1.0
25632,Rbpj,Hey1,1.0
25633,Rbpj,Hey2,1.0
25634,Rbpj,Hmx2,-1.0
25635,Rbpj,Hnf1a,-1.0
25636,Rbpj,Hnf1b,1.0
25637,Rbpj,Hnf4a,-1.0
25638,Rbpj,Hoxd1,1.0
25639,Rbpj,Ighm,-1.0
25640,Rbpj,Il10,1.0
25641,Rbpj,Il17a,1.0
25642,Rbpj,Il6,1.0
25643,Rbpj,Il9,1.0
25644,Rbpj,Lfng,1.0
25645,Rbpj,Lhx3,-1.0
25646,Rbpj,Lman2l,-1.0
25647,Rbpj,Mal,1.0
25648,Rbpj,Mark3,1.0
25649,Rbpj,Mcm2,-1.0
25650,Rbpj,Mcm6,-1.0
25651,Rbpj,Mdfic,1.0
25652,Rbpj,Met,1.0
25653,Rbpj,Mmp9,1.0
25654,Rbpj,Msx2,1.0
25655,Rbpj,Mt1,1.0
25656,Rbpj,Mt2,1.0
25657,Rbpj,Myc,-1.0
25658,Rbpj,Myh11,-1.0
25659,Rbpj,Myod1,-1.0
25660,Rbpj,Ncor2,-1.0
25661,Rbpj,Nes,-1.0
25662,Rbpj,Neurog1,1.0
25663,Rbpj,Neurog3,-1.0
25664,Rbpj,Nfatc1,1.0
25665,Rbpj,Nfkb1,1.0
25666,Rbpj,Nfkb2,1.0
25667,Rbpj,Nfkbia,1.0
25668,Rbpj,Notch1,1.0
25669,Rbpj,Notch2,1.0
25670,Rbpj,Notch3,1.0
25671,Rbpj,Nr1h2,-1.0
25672,Rbpj,Nrarp,1.0
25673,Rbpj,Nrg1,1.0
25674,Rbpj,Nup155,1.0
25675,Rbpj,Pdcd1,1.0
25676,Rbpj,Pdlim7,1.0
25677,Rbpj,Pdx1,1.0
25678,Rbpj,Plau,1.0
25679,Rbpj,Psen1,-1.0
25680,Rbpj,Ptcra,1.0
25681,Rbpj,Pten,-1.0
25682,Rbpj,Ptf1a,1.0
25683,Rbpj,Ptgs2,1.0
25684,Rbpj,Ptma,-1.0
25685,Rbpj,Rab18,1.0
25686,Rbpj,Rab27a,1.0
25687,Rbpj,Rbm15,1.0
25688,Rbpj,Rbpjl,1.0
25689,Rbpj,Rcvrn,1.0
25690,Rbpj,Rel,1.0
25691,Rbpj,Rela,1.0
25692,Rbpj,Relb,1.0
25693,Rbpj,Ren1,1.0
25694,Rbpj,Rlf,1.0
25695,Rbpj,S100a10,1.0
25696,Rbpj,Sema5b,-1.0
25697,Rbpj,Skp2,1.0
25698,Rbpj,Smarca1,-1.0
25699,Rbpj,Smn1,1.0
25700,Rbpj,Smtn,-1.0
25701,Rbpj,Sox10,1.0
25702,Rbpj,Sox2,1.0
25703,Rbpj,Sox9,-1.0
25704,Rbpj,Spi1,1.0
25705,Rbpj,Spp1,1.0
25706,Rbpj,Src,1.0
25707,Rbpj,Tagln,-1.0
25708,Rbpj,Tbx21,1.0
25709,Rbpj,Tbx6,1.0
25710,Rbpj,Tcf7,1.0
25711,Rbpj,Tert,1.0
25712,Rbpj,Tlx1,-1.0
25713,Rbpj,Tnc,1.0
25714,Rbpj,Tnfrsf11b,1.0
25715,Rbpj,Tnfsf11,1.0
25716,Rbpj,Tnp1,1.0
25717,Rbpj,Traf2,1.0
25718,Rbpj,Trp53,-1.0
25719,Rbpj,U2af1,1.0
25720,Rbpj,Ucma,1.0
25721,Rbpj,Wnt10b,1.0
25722,Rbpjl,Kat2b,1.0
25723,Rbpjl,Ptf1a,1.0
25724,Rcor1,Bdnf,1.0
25725,Rcor1,Scn2a,-1.0
25726,Rcor2,Apc,1.0
25727,Rcor2,Cbx5,1.0
25728,Rcor2,Cdkn2b,1.0
25729,Rcor2,Ckm,1.0
25730,Rcor2,Ctnna1,1.0
25731,Rcor2,Gfi1b,1.0
25732,Rcor2,H2-T23,1.0
25733,Rcor2,Hspa4,1.0
25734,Rcor2,Kdm1a,1.0
25735,Rcor2,Myc,1.0
25736,Rcor2,Nacc1,1.0
25737,Rcor2,Scn1a,1.0
25738,Rcor2,Slc8a1,-1.0
25739,Rcor2,Sub1,1.0
25740,Rcor2,Sumo1,1.0
25741,Rcor2,Tnf,1.0
25742,Rere,Apob,1.0
25743,Rere,Arg1,1.0
25744,Rere,Cd34,1.0
25745,Rere,Rarb,1.0
25746,Rest,Acta1,-1.0
25747,Rest,Adcyap1,-1.0
25748,Rest,Ar,-1.0
25749,Rest,Avp,-1.0
25750,Rest,Bcl2l1,1.0
25751,Rest,Bdnf,-1.0
25752,Rest,Brinp1,-1.0
25753,Rest,Bsx,-1.0
25754,Rest,Cacna1h,-1.0
25755,Rest,Calb1,-1.0
25756,Rest,Cartpt,-1.0
25757,Rest,Celsr3,-1.0
25758,Rest,Chat,-1.0
25759,Rest,Chga,-1.0
25760,Rest,Chgb,-1.0
25761,Rest,Chrm4,-1.0
25762,Rest,Chrnb2,-1.0
25763,Rest,Crh,-1.0
25764,Rest,Cyp1a1,-1.0
25765,Rest,Cyp2e1,-1.0
25766,Rest,Dyrk1a,1.0
25767,Rest,Gabra6,-1.0
25768,Rest,Gabrb3,-1.0
25769,Rest,Gabrd,-1.0
25770,Rest,Gjd2,-1.0
25771,Rest,Glra1,1.0
25772,Rest,Glul,-1.0
25773,Rest,Gria1,-1.0
25774,Rest,Gria2,-1.0
25775,Rest,Grin1,-1.0
25776,Rest,Grin2b,-1.0
25777,Rest,Hcn1,-1.0
25778,Rest,Hcn4,-1.0
25779,Rest,Hmgb3,-1.0
25780,Rest,Htr1a,-1.0
25781,Rest,Htt,-1.0
25782,Rest,Ina,-1.0
25783,Rest,Kcnd3,-1.0
25784,Rest,Kcnn4,-1.0
25785,Rest,Kcnq2,-1.0
25786,Rest,Kcnq3,-1.0
25787,Rest,L1cam,-1.0
25788,Rest,Lin28a,-1.0
25789,Rest,Mad2l1,1.0
25790,Rest,Map2k5,-1.0
25791,Rest,Mapk8ip1,-1.0
25792,Rest,Nefh,-1.0
25793,Rest,Npas4,-1.0
25794,Rest,Nppa,-1.0
25795,Rest,Nppb,-1.0
25796,Rest,Nrp1,-1.0
25797,Rest,Ntrk3,-1.0
25798,Rest,Oprm1,-1.0
25799,Rest,Pax4,-1.0
25800,Rest,Pcsk1,-1.0
25801,Rest,Penk,-1.0
25802,Rest,Pik3r1,-1.0
25803,Rest,Prlhr,-1.0
25804,Rest,Scg2,-1.0
25805,Rest,Scg3,-1.0
25806,Rest,Scn2a,-1.0
25807,Rest,Slc8a1,-1.0
25808,Rest,Snap25,-1.0
25809,Rest,Stat1,-1.0
25810,Rest,Stmn2,-1.0
25811,Rest,Syn1,-1.0
25812,Rest,Syp,-1.0
25813,Rest,Syt4,-1.0
25814,Rest,Tac1,-1.0
25815,Rest,Tac2,-1.0
25816,Rest,Terf2,-1.0
25817,Rest,Th,-1.0
25818,Rest,Tph2,-1.0
25819,Rest,Tubb3,-1.0
25820,Rest,Tyrp1,-1.0
25821,Rest,Uchl1,-1.0
25822,Rest,Vgf,-1.0
25823,Rest,Vip,-1.0
25824,Rfx1,Adgrg1,1.0
25825,Rfx1,Cd70,-1.0
25826,Rfx1,Ciita,1.0
25827,Rfx1,Col1a2,1.0
25828,Rfx1,Fgf1,1.0
25829,Rfx1,H1f6,1.0
25830,Rfx1,H2-Ea,1.0
25831,Rfx1,H2-Ob,1.0
25832,Rfx1,H2-T23,1.0
25833,Rfx1,Hdac1,1.0
25834,Rfx1,Id2,1.0
25835,Rfx1,Il5ra,1.0
25836,Rfx1,Itgal,-1.0
25837,Rfx1,Map1a,-1.0
25838,Rfx1,Msln,1.0
25839,Rfx1,Myc,-1.0
25840,Rfx1,Pcna,-1.0
25841,Rfx1,Ptpn6,1.0
25842,Rfx1,Rpl30,1.0
25843,Rfx1,Slc1a1,1.0
25844,Rfx1,Spata4,1.0
25845,Rfx1,Tgfb2,1.0
25846,Rfx2,Alas2,1.0
25847,Rfx2,Fgf1,1.0
25848,Rfx2,Gsk3b,1.0
25849,Rfx2,H1f6,1.0
25850,Rfx2,Il5ra,1.0
25851,Rfx3,Fgf1,1.0
25852,Rfx3,Gck,1.0
25853,Rfx3,Gsk3b,1.0
25854,Rfx3,Il5ra,1.0
25855,Rfx3,Map1a,-1.0
25856,Rfx3,Odf2,1.0
25857,Rfx4,Cx3cl1,1.0
25858,Rfx4,Esr1,1.0
25859,Rfx4,H1f6,1.0
25860,Rfx4,Ift172,1.0
25861,Rfx4,Tff1,1.0
25862,Rfx5,Ciita,1.0
25863,Rfx5,Col1a2,-1.0
25864,Rfx5,Cr2,1.0
25865,Rfx5,H2-Aa,1.0
25866,Rfx5,H2-Ab1,1.0
25867,Rfx5,H2-DMa,1.0
25868,Rfx5,H2-Ea,1.0
25869,Rfx5,H2-Oa,1.0
25870,Rfx5,H2-Ob,1.0
25871,Rfx5,H2-T23,1.0
25872,Rfx5,Hdac2,1.0
25873,Rfx5,Ifng,1.0
25874,Rfx5,Sin3b,1.0
25875,Rfx5,Sirt1,1.0
25876,Rfx6,Gip,1.0
25877,Rfxank,Ankra2,1.0
25878,Rfxank,Atp9a,1.0
25879,Rfxank,Ciita,1.0
25880,Rfxank,H2-Aa,1.0
25881,Rfxank,H2-Ab1,1.0
25882,Rfxank,H2-DMa,1.0
25883,Rfxank,H2-Ea,1.0
25884,Rfxank,H2-Oa,1.0
25885,Rfxank,H2-Ob,1.0
25886,Rfxank,H2-T23,1.0
25887,Rfxank,Ifng,1.0
25888,Rfxap,Ciita,1.0
25889,Rfxap,H2-Aa,1.0
25890,Rfxap,H2-Ab1,1.0
25891,Rfxap,H2-DMa,1.0
25892,Rfxap,H2-Ea,1.0
25893,Rfxap,H2-Oa,1.0
25894,Rfxap,H2-Ob,1.0
25895,Rfxap,H2-T23,1.0
25896,Rfxap,Smarca4,1.0
25897,Rhox13,Bcl2,1.0
25898,Rlf,Fos,1.0
25899,Rlf,Myl2,1.0
25900,Rlf,Nppa,1.0
25901,Rlf,Sf1,1.0
25902,Rnf14,Ccnd1,1.0
25903,Rora,Afp,1.0
25904,Rora,Agrp,1.0
25905,Rora,Alox5,1.0
25906,Rora,Apoa1,1.0
25907,Rora,Apoa4,1.0
25908,Rora,Apoa5,1.0
25909,Rora,Apoc3,1.0
25910,Rora,Arg1,1.0
25911,Rora,Arr3,1.0
25912,Rora,Bhlhe40,1.0
25913,Rora,Bhlhe41,1.0
25914,Rora,Bmal1,1.0
25915,Rora,Cav3,1.0
25916,Rora,Ccr6,1.0
25917,Rora,Cd79a,1.0
25918,Rora,Cebpa,-1.0
25919,Rora,Chrna3,1.0
25920,Rora,Cpt1b,1.0
25921,Rora,Crebbp,1.0
25922,Rora,Cyp19a1,1.0
25923,Rora,Cyp7b1,1.0
25924,Rora,Cyp8b1,1.0
25925,Rora,Dmp1,1.0
25926,Rora,Drd3,1.0
25927,Rora,E2f1,1.0
25928,Rora,Ebp,1.0
25929,Rora,Epo,1.0
25930,Rora,Esr1,1.0
25931,Rora,Fasn,1.0
25932,Rora,Fgf21,1.0
25933,Rora,G6pc1,1.0
25934,Rora,Got1,1.0
25935,Rora,Gria1,-1.0
25936,Rora,Hif1a,1.0
25937,Rora,Ibsp,1.0
25938,Rora,Icam1,-1.0
25939,Rora,Il17a,1.0
25940,Rora,Il17f,-1.0
25941,Rora,Il21,1.0
25942,Rora,Il6,1.0
25943,Rora,Itgb4,-1.0
25944,Rora,Itpr1,1.0
25945,Rora,Lamb1,1.0
25946,Rora,Nlgn1,1.0
25947,Rora,Npas2,1.0
25948,Rora,Npsr1,-1.0
25949,Rora,Nr1d1,1.0
25950,Rora,Nr1d2,1.0
25951,Rora,Nr1h3,-1.0
25952,Rora,Ntrk2,1.0
25953,Rora,Opn1mw,1.0
25954,Rora,Opn1sw,1.0
25955,Rora,Oxt,1.0
25956,Rora,Pcp2,1.0
25957,Rora,Pcp4,1.0
25958,Rora,Pias3,1.0
25959,Rora,Plcb4,1.0
25960,Rora,Plg,1.0
25961,Rora,Plin1,1.0
25962,Rora,Pparg,-1.0
25963,Rora,Ptgs2,1.0
25964,Rora,Ror1,1.0
25965,Rora,Ror2,1.0
25966,Rora,Ros1,1.0
25967,Rora,Sema3f,1.0
25968,Rora,Shh,1.0
25969,Rora,Slc1a6,1.0
25970,Rora,Smarcd1,1.0
25971,Rora,Sparc,1.0
25972,Rora,Sra1,1.0
25973,Rora,Srebf1,1.0
25974,Rora,Sult1b1,1.0
25975,Rora,Sumo1,1.0
25976,Rora,Tuba1b,1.0
25977,Rora,Twsg1,1.0
25978,Rora,Vcam1,-1.0
25979,Rora,Wnt2,1.0
25980,Rora,Wnt5a,1.0
25981,Rorb,Bmal1,1.0
25982,Rorb,Kcnq5,1.0
25983,Rorb,Nampt,1.0
25984,Rorb,Nrl,1.0
25985,Rorb,Opn1mw,1.0
25986,Rorb,Opn1sw,1.0
25987,Rorc,Bcl2l1,1.0
25988,Rorc,Bmal1,1.0
25989,Rorc,Ccr6,1.0
25990,Rorc,Fasl,-1.0
25991,Rorc,Foxp3,-1.0
25992,Rorc,Ifng,1.0
25993,Rorc,Il17a,1.0
25994,Rorc,Il17f,1.0
25995,Rorc,Il1r1,1.0
25996,Rorc,Il2,-1.0
25997,Rorc,Il21,1.0
25998,Rorc,Il23r,1.0
25999,Rorc,Il6,1.0
26000,Rorc,Ptger2,-1.0
26001,Rorc,Rora,1.0
26002,Rorc,Tnf,1.0
26003,Rorc,Tob1,1.0
26004,Rreb1,Calca,1.0
26005,Rreb1,Cck,1.0
26006,Rreb1,Cd320,1.0
26007,Rreb1,Fshr,1.0
26008,Rreb1,Hba-x,-1.0
26009,Rreb1,Slc39a1,-1.0
26010,Rreb1,Slc39a3,1.0
26011,Rreb1,Trp53,1.0
26012,Runx1,AI467606,1.0
26013,Runx1,Abl1,1.0
26014,Runx1,Abo,1.0
26015,Runx1,Ada,1.0
26016,Runx1,Alox12,1.0
26017,Runx1,Angpt1,1.0
26018,Runx1,Ankrd26,-1.0
26019,Runx1,Anxa1,1.0
26020,Runx1,Aqp1,1.0
26021,Runx1,Art1,1.0
26022,Runx1,Atp7a,1.0
26023,Runx1,Baalc,1.0
26024,Runx1,Bcl2,1.0
26025,Runx1,Bcl2l1,1.0
26026,Runx1,Bcr,1.0
26027,Runx1,Birc5,1.0
26028,Runx1,Blk,1.0
26029,Runx1,Bpi,1.0
26030,Runx1,Calca,1.0
26031,Runx1,Cbfa2t2,1.0
26032,Runx1,Cbfa2t3,1.0
26033,Runx1,Cbx2,-1.0
26034,Runx1,Ccl3,1.0
26035,Runx1,Ccnd2,1.0
26036,Runx1,Ccnd3,1.0
26037,Runx1,Cd160,1.0
26038,Runx1,Cd2,1.0
26039,Runx1,Cd34,1.0
26040,Runx1,Cd4,-1.0
26041,Runx1,Cd44,1.0
26042,Runx1,Cd6,1.0
26043,Runx1,Cd69,1.0
26044,Runx1,Cd79a,1.0
26045,Runx1,Cd8a,1.0
26046,Runx1,Cdh1,1.0
26047,Runx1,Cdk4,1.0
26048,Runx1,Cdk6,1.0
26049,Runx1,Cdkn1a,-1.0
26050,Runx1,Cdkn1b,-1.0
26051,Runx1,Cdkn1c,-1.0
26052,Runx1,Cdkn2a,1.0
26053,Runx1,Cdkn2b,-1.0
26054,Runx1,Cdkn2c,1.0
26055,Runx1,Cebpa,1.0
26056,Runx1,Cela2a,1.0
26057,Runx1,Cldn1,1.0
26058,Runx1,Cldn5,1.0
26059,Runx1,Cr1l,1.0
26060,Runx1,Crebbp,1.0
26061,Runx1,Csf1,1.0
26062,Runx1,Csf1r,1.0
26063,Runx1,Csf2,1.0
26064,Runx1,Csf3,1.0
26065,Runx1,Ctla4,-1.0
26066,Runx1,Ctsg,1.0
26067,Runx1,Ctsk,1.0
26068,Runx1,Dtx1,1.0
26069,Runx1,Elane,1.0
26070,Runx1,Epor,1.0
26071,Runx1,Erap1,1.0
26072,Runx1,Etv6,1.0
26073,Runx1,Eya4,1.0
26074,Runx1,Fgfr1,1.0
26075,Runx1,Fhl2,1.0
26076,Runx1,Flt3,-1.0
26077,Runx1,Fos,1.0
26078,Runx1,Foxp3,1.0
26079,Runx1,Fpgs,1.0
26080,Runx1,Fxyd2,1.0
26081,Runx1,Gadd45a,1.0
26082,Runx1,Gata1,1.0
26083,Runx1,Gata2,1.0
26084,Runx1,Gata3,1.0
26085,Runx1,Gfi1,1.0
26086,Runx1,Gfra2,1.0
26087,Runx1,Gp1ba,1.0
26088,Runx1,H2-T23,1.0
26089,Runx1,Hapln1,1.0
26090,Runx1,Hba-x,1.0
26091,Runx1,Hes1,1.0
26092,Runx1,Hhex,1.0
26093,Runx1,Htr2c,1.0
26094,Runx1,Ier3,1.0
26095,Runx1,Ifng,1.0
26096,Runx1,Igfbp3,-1.0
26097,Runx1,Igll1,1.0
26098,Runx1,Ikzf3,1.0
26099,Runx1,Il10,1.0
26100,Runx1,Il17a,1.0
26101,Runx1,Il19,1.0
26102,Runx1,Il2,1.0
26103,Runx1,Il2ra,1.0
26104,Runx1,Il3,-1.0
26105,Runx1,Il4,1.0
26106,Runx1,Il7r,1.0
26107,Runx1,Itga2b,1.0
26108,Runx1,Itgal,1.0
26109,Runx1,Itgax,1.0
26110,Runx1,Jun,1.0
26111,Runx1,Jund,1.0
26112,Runx1,Kat2b,1.0
26113,Runx1,Kdr,-1.0
26114,Runx1,Kit,1.0
26115,Runx1,Klf4,1.0
26116,Runx1,Kras,1.0
26117,Runx1,Krt1,1.0
26118,Runx1,Lat2,-1.0
26119,Runx1,Lcp2,1.0
26120,Runx1,Lgals3,1.0
26121,Runx1,Lifr,1.0
26122,Runx1,Litaf,1.0
26123,Runx1,Ltb4r1,1.0
26124,Runx1,Mad2l1,-1.0
26125,Runx1,Mapk1,1.0
26126,Runx1,Mecom,1.0
26127,Runx1,Mpl,1.0
26128,Runx1,Mpo,1.0
26129,Runx1,Myc,-1.0
26130,Runx1,Myh10,-1.0
26131,Runx1,Myh9,1.0
26132,Runx1,Myl9,1.0
26133,Runx1,Mysm1,1.0
26134,Runx1,Ncam1,1.0
26135,Runx1,Nf1,-1.0
26136,Runx1,Nfe2,1.0
26137,Runx1,Nfkb1,1.0
26138,Runx1,Ntrk1,1.0
26139,Runx1,Nucb2,1.0
26140,Runx1,Ocln,1.0
26141,Runx1,P2rx3,1.0
26142,Runx1,Pcgf1,1.0
26143,Runx1,Pf4,1.0
26144,Runx1,Pik3cd,1.0
26145,Runx1,Pik3cg,1.0
26146,Runx1,Plek,1.0
26147,Runx1,Pml,1.0
26148,Runx1,Polr2f,1.0
26149,Runx1,Prkaca,1.0
26150,Runx1,Prkcb,1.0
26151,Runx1,Prkcq,1.0
26152,Runx1,Prr5l,1.0
26153,Runx1,Pten,1.0
26154,Runx1,Ptgs2,1.0
26155,Runx1,Rarb,1.0
26156,Runx1,Rela,1.0
26157,Runx1,Ret,1.0
26158,Runx1,Rgcc,1.0
26159,Runx1,Rhd,1.0
26160,Runx1,Rspo3,1.0
26161,Runx1,Runx1t1,1.0
26162,Runx1,Runx3,1.0
26163,Runx1,Serpinb13,-1.0
26164,Runx1,Sfrp1,1.0
26165,Runx1,Sh3gl1,1.0
26166,Runx1,Sin3a,1.0
26167,Runx1,Sirt1,1.0
26168,Runx1,Skp1,1.0
26169,Runx1,Slc22a17,-1.0
26170,Runx1,Slc22a4,1.0
26171,Runx1,Smad6,1.0
26172,Runx1,Smarca4,1.0
26173,Runx1,Socs3,-1.0
26174,Runx1,Socs4,-1.0
26175,Runx1,Sox5,1.0
26176,Runx1,Sox6,1.0
26177,Runx1,Spen,1.0
26178,Runx1,Spi1,1.0
26179,Runx1,Spp1,1.0
26180,Runx1,Sumo1,1.0
26181,Runx1,Sympk,-1.0
26182,Runx1,Tcf12,1.0
26183,Runx1,Tie1,1.0
26184,Runx1,Timp1,1.0
26185,Runx1,Tjp1,1.0
26186,Runx1,Tnfaip6,1.0
26187,Runx1,Tnfrsf18,-1.0
26188,Runx1,Tnfsf10,-1.0
26189,Runx1,Tpo,1.0
26190,Runx1,Traf6,1.0
26191,Runx1,Trp53,1.0
26192,Runx1,Trpv1,1.0
26193,Runx1,Vegfa,-1.0
26194,Runx1,Wnt5a,1.0
26195,Runx1t1,Il3,1.0
26196,Runx2,Acan,1.0
26197,Runx2,Adgrg2,1.0
26198,Runx2,Akt1,1.0
26199,Runx2,Alpl,1.0
26200,Runx2,Ambn,1.0
26201,Runx2,Ar,1.0
26202,Runx2,Atf6,1.0
26203,Runx2,Axin2,-1.0
26204,Runx2,Bax,1.0
26205,Runx2,Bcl2,1.0
26206,Runx2,Birc5,1.0
26207,Runx2,Bmp2,1.0
26208,Runx2,Ccn2,-1.0
26209,Runx2,Ccne1,-1.0
26210,Runx2,Cdkn1a,-1.0
26211,Runx2,Cdkn1b,1.0
26212,Runx2,Cebpa,-1.0
26213,Runx2,Cebpd,1.0
26214,Runx2,Col10a1,1.0
26215,Runx2,Col1a1,1.0
26216,Runx2,Col1a2,1.0
26217,Runx2,Col2a1,1.0
26218,Runx2,Csf1r,-1.0
26219,Runx2,Csf2,1.0
26220,Runx2,Csn2,1.0
26221,Runx2,Cyp11a1,1.0
26222,Runx2,Cyp19a1,1.0
26223,Runx2,Cyp51,1.0
26224,Runx2,Dhcr7,1.0
26225,Runx2,Dmp1,1.0
26226,Runx2,Dspp,1.0
26227,Runx2,Elane,1.0
26228,Runx2,Enpp1,1.0
26229,Runx2,Esr1,-1.0
26230,Runx2,Ext1,1.0
26231,Runx2,Fgf10,1.0
26232,Runx2,Fgf18,1.0
26233,Runx2,Fgf3,1.0
26234,Runx2,Fgfr2,1.0
26235,Runx2,Fgfr3,1.0
26236,Runx2,Fn1,1.0
26237,Runx2,Fosl1,1.0
26238,Runx2,Fshb,-1.0
26239,Runx2,Gadd45b,1.0
26240,Runx2,Gdf10,-1.0
26241,Runx2,Gfi1,-1.0
26242,Runx2,Gli1,1.0
26243,Runx2,Gna13,1.0
26244,Runx2,Gnas,1.0
26245,Runx2,Gpc1,1.0
26246,Runx2,Gper1,1.0
26247,Runx2,Hapln1,1.0
26248,Runx2,Hbegf,-1.0
26249,Runx2,Hpse,1.0
26250,Runx2,Ibsp,1.0
26251,Runx2,Ihh,1.0
26252,Runx2,Il11,1.0
26253,Runx2,Il1b,1.0
26254,Runx2,Kiss1r,1.0
26255,Runx2,Klk4,1.0
26256,Runx2,Lef1,1.0
26257,Runx2,Lgals3,1.0
26258,Runx2,Lpar4,1.0
26259,Runx2,Lrp5,1.0
26260,Runx2,Mgp,-1.0
26261,Runx2,Mmp13,1.0
26262,Runx2,Mmp14,1.0
26263,Runx2,Mmp2,1.0
26264,Runx2,Mmp9,1.0
26265,Runx2,Mpo,-1.0
26266,Runx2,Nell1,1.0
26267,Runx2,Neu2,1.0
26268,Runx2,Nfatc2,1.0
26269,Runx2,Nobox,1.0
26270,Runx2,Odam,1.0
26271,Runx2,Osr1,-1.0
26272,Runx2,Osr2,1.0
26273,Runx2,Pip,1.0
26274,Runx2,Plau,1.0
26275,Runx2,Prkn,1.0
26276,Runx2,Ptch1,1.0
26277,Runx2,Ptgs2,1.0
26278,Runx2,Pth,1.0
26279,Runx2,Pthlh,1.0
26280,Runx2,Pttg1,1.0
26281,Runx2,Pttg1ip,1.0
26282,Runx2,Rara,1.0
26283,Runx2,Rgs2,1.0
26284,Runx2,Runx1,-1.0
26285,Runx2,Sdc1,1.0
26286,Runx2,Sdc2,1.0
26287,Runx2,Sdc3,1.0
26288,Runx2,Sdc4,1.0
26289,Runx2,Shh,1.0
26290,Runx2,Slpi,1.0
26291,Runx2,Smad6,1.0
26292,Runx2,Smpd3,1.0
26293,Runx2,Smurf1,1.0
26294,Runx2,Snai2,1.0
26295,Runx2,Snai3,1.0
26296,Runx2,Sost,1.0
26297,Runx2,Sox9,1.0
26298,Runx2,Sp7,1.0
26299,Runx2,Spock1,-1.0
26300,Runx2,Spp1,1.0
26301,Runx2,Tafazzin,1.0
26302,Runx2,Tcf7,1.0
26303,Runx2,Tert,-1.0
26304,Runx2,Tg,1.0
26305,Runx2,Tgfbr1,1.0
26306,Runx2,Thbs1,1.0
26307,Runx2,Timp1,1.0
26308,Runx2,Tnfaip6,-1.0
26309,Runx2,Tnfsf11,1.0
26310,Runx2,Tram2,1.0
26311,Runx2,Tshr,-1.0
26312,Runx2,Twist1,1.0
26313,Runx2,Vcan,1.0
26314,Runx2,Vegfa,1.0
26315,Runx2,Vegfc,1.0
26316,Runx2,Zfp64,1.0
26317,Runx3,Abcc1,-1.0
26318,Runx3,Acan,1.0
26319,Runx3,Agtrap,1.0
26320,Runx3,Akt1,-1.0
26321,Runx3,Axin2,1.0
26322,Runx3,Bcl2,-1.0
26323,Runx3,Bcl2l11,1.0
26324,Runx3,Birc5,-1.0
26325,Runx3,Capn10,1.0
26326,Runx3,Casp2,1.0
26327,Runx3,Casp3,1.0
26328,Runx3,Casp7,1.0
26329,Runx3,Casp8,1.0
26330,Runx3,Ccnd1,-1.0
26331,Runx3,Ccr7,-1.0
26332,Runx3,Cd36,-1.0
26333,Runx3,Cd4,-1.0
26334,Runx3,Cd6,1.0
26335,Runx3,Cd79a,1.0
26336,Runx3,Cd8a,1.0
26337,Runx3,Cdkn1a,1.0
26338,Runx3,Cflar,-1.0
26339,Runx3,Chuk,-1.0
26340,Runx3,Cldn7,1.0
26341,Runx3,Clec4g,1.0
26342,Runx3,Dnase1,1.0
26343,Runx3,Elane,1.0
26344,Runx3,Eomes,1.0
26345,Runx3,Fadd,1.0
26346,Runx3,Foxp3,1.0
26347,Runx3,Hes1,-1.0
26348,Runx3,Hspd1,-1.0
26349,Runx3,Ifng,1.0
26350,Runx3,Ihh,1.0
26351,Runx3,Ikbkb,-1.0
26352,Runx3,Il1b,1.0
26353,Runx3,Il4,-1.0
26354,Runx3,Ing1,1.0
26355,Runx3,Ing4,1.0
26356,Runx3,Itga4,1.0
26357,Runx3,Itgae,1.0
26358,Runx3,Itgal,1.0
26359,Runx3,Jag1,-1.0
26360,Runx3,Mdm2,1.0
26361,Runx3,Mmp9,-1.0
26362,Runx3,Myc,-1.0
26363,Runx3,Ncr1,1.0
26364,Runx3,Ntrk2,-1.0
26365,Runx3,Pea15a,-1.0
26366,Runx3,Prf1,1.0
26367,Runx3,Runx1,-1.0
26368,Runx3,Runx2,-1.0
26369,Runx3,Slc22a17,1.0
26370,Runx3,Sp7,-1.0
26371,Runx3,Spp1,-1.0
26372,Runx3,Tcf4,1.0
26373,Runx3,Thbs1,1.0
26374,Runx3,Tial1,-1.0
26375,Runx3,Timp1,1.0
26376,Runx3,Traf6,1.0
26377,Runx3,Txn2,-1.0
26378,Runx3,Wnt4,-1.0
26379,Ruvbl1,Trp53,-1.0
26380,Rxra,Abca1,1.0
26381,Rxra,Abcb11,1.0
26382,Rxra,Abcc2,1.0
26383,Rxra,Abcc3,-1.0
26384,Rxra,Acacb,-1.0
26385,Rxra,Acox1,1.0
26386,Rxra,Acsl3,1.0
26387,Rxra,Adrb1,1.0
26388,Rxra,Apoa1,1.0
26389,Rxra,Apoa2,1.0
26390,Rxra,Apoa4,1.0
26391,Rxra,Apoc2,1.0
26392,Rxra,Apoc3,1.0
26393,Rxra,App,1.0
26394,Rxra,Bco1,1.0
26395,Rxra,Bmal1,1.0
26396,Rxra,Btg2,1.0
26397,Rxra,Cat,1.0
26398,Rxra,Ccne1,1.0
26399,Rxra,Cebpe,1.0
26400,Rxra,Chat,1.0
26401,Rxra,Cpt1b,1.0
26402,Rxra,Crabp2,1.0
26403,Rxra,Cryab,1.0
26404,Rxra,Ctnnb1,-1.0
26405,Rxra,Cxcr5,1.0
26406,Rxra,Cyp19a1,1.0
26407,Rxra,Cyp1a1,1.0
26408,Rxra,Cyp24a1,1.0
26409,Rxra,Cyp26a1,1.0
26410,Rxra,Cyp27b1,-1.0
26411,Rxra,Cyp7a1,-1.0
26412,Rxra,Dbi,1.0
26413,Rxra,Epo,1.0
26414,Rxra,Esr1,1.0
26415,Rxra,Ets1,1.0
26416,Rxra,Fabp1,1.0
26417,Rxra,Fabp2,1.0
26418,Rxra,Fgf21,1.0
26419,Rxra,Gck,1.0
26420,Rxra,Got1,1.0
26421,Rxra,Gprc5a,1.0
26422,Rxra,Hif1a,1.0
26423,Rxra,Hmgcs2,1.0
26424,Rxra,Hnf1a,1.0
26425,Rxra,Hnf4a,-1.0
26426,Rxra,Hoxa1,1.0
26427,Rxra,Hoxb1,1.0
26428,Rxra,Hsd11b1,-1.0
26429,Rxra,Hsd17b2,1.0
26430,Rxra,Hsp90ab1,-1.0
26431,Rxra,Icam1,1.0
26432,Rxra,Ier3,1.0
26433,Rxra,Igf2,1.0
26434,Rxra,Il10,1.0
26435,Rxra,Il12b,1.0
26436,Rxra,Il2,1.0
26437,Rxra,Il2ra,1.0
26438,Rxra,Il2rb,1.0
26439,Rxra,Il2rg,1.0
26440,Rxra,Il4,1.0
26441,Rxra,Klk15,1.0
26442,Rxra,Ldlr,1.0
26443,Rxra,Lhb,1.0
26444,Rxra,Lipe,1.0
26445,Rxra,Lpl,1.0
26446,Rxra,Lrp1,1.0
26447,Rxra,Maob,1.0
26448,Rxra,Mpo,1.0
26449,Rxra,Mttp,1.0
26450,Rxra,Nol7,1.0
26451,Rxra,Npc1l1,1.0
26452,Rxra,Nr0b2,1.0
26453,Rxra,Pck1,1.0
26454,Rxra,Pcx,1.0
26455,Rxra,Plat,1.0
26456,Rxra,Plau,1.0
26457,Rxra,Pld1,1.0
26458,Rxra,Pou5f1,1.0
26459,Rxra,Rbp1,1.0
26460,Rxra,Rbp2,1.0
26461,Rxra,Scarb1,1.0
26462,Rxra,Scp2,1.0
26463,Rxra,Sema6b,1.0
26464,Rxra,Serpinc1,1.0
26465,Rxra,Serpine1,1.0
26466,Rxra,Slc10a1,1.0
26467,Rxra,Slc2a4,-1.0
26468,Rxra,Srebf1,1.0
26469,Rxra,Tfap2a,1.0
26470,Rxra,Tgfb1,1.0
26471,Rxra,Tgfb2,-1.0
26472,Rxra,Th,1.0
26473,Rxra,Thbd,1.0
26474,Rxra,Tnfsf10,1.0
26475,Rxra,Tnfsf11,1.0
26476,Rxra,Trib3,1.0
26477,Rxra,Txnip,-1.0
26478,Rxra,Ucp1,1.0
26479,Rxra,Ucp3,1.0
26480,Rxra,Ugdh,-1.0
26481,Rxrb,Abcg1,1.0
26482,Rxrb,Cryab,1.0
26483,Rxrb,Ctnnb1,-1.0
26484,Rxrb,Gh,-1.0
26485,Rxrb,Gprc5a,1.0
26486,Rxrb,Icam1,1.0
26487,Rxrb,Ifng,1.0
26488,Rxrb,Lrp1,1.0
26489,Rxrb,Pkd1,1.0
26490,Rxrb,Pth,1.0
26491,Rxrb,Rarb,1.0
26492,Rxrb,Rbp1,1.0
26493,Rxrb,Rbp2,-1.0
26494,Rxrb,Tshb,1.0
26495,Rxrg,Foxa1,1.0
26496,Rxrg,Gli2,1.0
26497,Rxrg,Mbp,1.0
26498,Rxrg,Nes,1.0
26499,Rxrg,Pias3,1.0
26500,Rxrg,Rbp2,1.0
26501,Rxrg,Sftpb,1.0
26502,Rybp,Cdc6,1.0
26503,Sall1,Dkk1,1.0
26504,Sall1,Fgf2,1.0
26505,Sall1,Foxn1,1.0
26506,Sall1,Per1,1.0
26507,Sall1,Pou5f1,1.0
26508,Sall1,Vegfa,1.0
26509,Sall2,Abl1,1.0
26510,Sall2,Bax,1.0
26511,Sall2,Cdkn1a,1.0
26512,Sall2,Large1,1.0
26513,Sall2,Trp53,1.0
26514,Sall3,Cdh1,1.0
26515,Sall3,Cyc1,1.0
26516,Sall3,Cyp11a1,1.0
26517,Sall3,Dnmt3a,1.0
26518,Sall3,Hdac9,-1.0
26519,Sall3,Opn1mw,1.0
26520,Sall3,Sall4,1.0
26521,Sall3,Slc25a5,1.0
26522,Sall3,Sst,1.0
26523,Sall3,Th,1.0
26524,Sall4,Abca3,1.0
26525,Sall4,Bmi1,1.0
26526,Sall4,Cdh1,-1.0
26527,Sall4,Cecr2,1.0
26528,Sall4,Epcam,1.0
26529,Sall4,Hoxa9,1.0
26530,Sall4,Kit,1.0
26531,Sall4,Krt19,1.0
26532,Sall4,Lta,-1.0
26533,Sall4,Nanog,1.0
26534,Sall4,Pou5f1,1.0
26535,Sall4,Pten,-1.0
26536,Sall4,Runx1,1.0
26537,Sall4,Sall1,-1.0
26538,Sall4,Sall3,-1.0
26539,Sall4,Sox17,1.0
26540,Sall4,Sox2,1.0
26541,Sall4,Tnf,1.0
26542,Sall4,Zeb1,1.0
26543,Sap30,Ifnb1,1.0
26544,Satb1,Abl1,1.0
26545,Satb1,Areg,-1.0
26546,Satb1,Bcl2,1.0
26547,Satb1,Ccne1,1.0
26548,Satb1,Cd52,1.0
26549,Satb1,Cd8a,1.0
26550,Satb1,Cd8b1,1.0
26551,Satb1,Cdh1,1.0
26552,Satb1,Cdk4,1.0
26553,Satb1,Cdkn1a,-1.0
26554,Satb1,Cish,1.0
26555,Satb1,Cr2,1.0
26556,Satb1,Crebbp,1.0
26557,Satb1,Ctnnb1,1.0
26558,Satb1,Cybb,-1.0
26559,Satb1,Dsp,1.0
26560,Satb1,Gata3,1.0
26561,Satb1,Hbb-bh1,1.0
26562,Satb1,Hdac1,1.0
26563,Satb1,Igfbp2,1.0
26564,Satb1,Il13,1.0
26565,Satb1,Il2,1.0
26566,Satb1,Il23a,-1.0
26567,Satb1,Il2ra,1.0
26568,Satb1,Il4,1.0
26569,Satb1,Il5,-1.0
26570,Satb1,Maf,1.0
26571,Satb1,Mki67,1.0
26572,Satb1,Mmp2,1.0
26573,Satb1,Myb,-1.0
26574,Satb1,Myc,-1.0
26575,Satb1,Nanog,1.0
26576,Satb1,Nes,1.0
26577,Satb1,Numb,-1.0
26578,Satb1,Shkbp1,1.0
26579,Satb1,Sparc,1.0
26580,Satb1,Spi1,1.0
26581,Satb1,Taf11,1.0
26582,Satb1,Tat,1.0
26583,Satb1,Tnfaip3,1.0
26584,Satb1,Tnfrsf8,1.0
26585,Satb2,Axin2,-1.0
26586,Satb2,Bcl11b,-1.0
26587,Satb2,Bcl2,1.0
26588,Satb2,Cd24a,1.0
26589,Satb2,Cd44,1.0
26590,Satb2,Cdh1,-1.0
26591,Satb2,Cdh2,1.0
26592,Satb2,Chat,1.0
26593,Satb2,Cntf,1.0
26594,Satb2,Dcc,1.0
26595,Satb2,Hbb-bh1,1.0
26596,Satb2,Hoxa2,-1.0
26597,Satb2,Ighm,1.0
26598,Satb2,Kat2b,1.0
26599,Satb2,Lef1,1.0
26600,Satb2,Meis2,-1.0
26601,Satb2,Myc,1.0
26602,Satb2,Nanog,1.0
26603,Satb2,Nr4a2,-1.0
26604,Satb2,Perp,-1.0
26605,Satb2,Pou5f1,1.0
26606,Satb2,Prom1,-1.0
26607,Satb2,Ski,1.0
26608,Satb2,Slc18a3,1.0
26609,Satb2,Snai1,1.0
26610,Satb2,Snai2,1.0
26611,Satb2,Sp7,1.0
26612,Satb2,Trp63,-1.0
26613,Satb2,Upf3b,1.0
26614,Satb2,Vgll2,1.0
26615,Satb2,Zeb1,1.0
26616,Scrt1,Tubb3,1.0
26617,Scx,Acan,1.0
26618,Scx,Adra1d,1.0
26619,Scx,Bmp4,1.0
26620,Scx,Col1a1,1.0
26621,Scx,Col1a2,1.0
26622,Scx,Col2a1,1.0
26623,Scx,Dab1,1.0
26624,Scx,H2-T23,1.0
26625,Scx,Shbg,1.0
26626,Scx,Smn1,1.0
26627,Scx,Spp1,1.0
26628,Scx,Tnmd,1.0
26629,Scx,Trf,1.0
26630,Setbp1,Cdkn2a,1.0
26631,Setbp1,Hoxa10,1.0
26632,Setbp1,Hoxa9,1.0
26633,Setbp1,Ptger2,-1.0
26634,Setbp1,Ptgs2,-1.0
26635,Setbp1,Ptpa,-1.0
26636,Sf1,Amh,1.0
26637,Sf1,Cyp11a1,1.0
26638,Sf1,Mc2r,1.0
26639,Sf1,Nr0b1,1.0
26640,Sf1,Sf3b1,1.0
26641,Sf1,Sox9,1.0
26642,Sf1,Star,1.0
26643,Sf1,Tcerg1,-1.0
26644,Sf1,U2af2,1.0
26645,Sfpq,Adarb2,-1.0
26646,Sfpq,Aifm1,-1.0
26647,Sfpq,Ar,1.0
26648,Sfpq,Ctbp1,1.0
26649,Sfpq,Cyp11a1,1.0
26650,Sfpq,Cyp17a1,1.0
26651,Sfpq,Ephx1,1.0
26652,Sfpq,Hdac2,1.0
26653,Sfpq,Hspa9,1.0
26654,Sfpq,Igf1,1.0
26655,Sfpq,Nr3c1,1.0
26656,Sfpq,Per1,1.0
26657,Sfpq,Pgr,-1.0
26658,Sfpq,Ppargc1a,-1.0
26659,Sfpq,Ptgs2,1.0
26660,Sfpq,Ptprc,-1.0
26661,Sfpq,Rbp4,1.0
26662,Sfpq,Sin3a,1.0
26663,Sfpq,Smc3,1.0
26664,Sfpq,Sp1,1.0
26665,Sfpq,Stat6,-1.0
26666,Sfpq,Th,-1.0
26667,Sfpq,Top2b,1.0
26668,Shox2,Acan,1.0
26669,Shox2,Adrb3,-1.0
26670,Shox2,Arx,1.0
26671,Shox2,Bmp4,1.0
26672,Shox2,Lmo1,1.0
26673,Shox2,Nkx2-5,1.0
26674,Shox2,Nppb,1.0
26675,Sim1,Ahr,-1.0
26676,Sim1,Arnt2,1.0
26677,Sim1,Epo,1.0
26678,Sim1,Oxt,1.0
26679,Sim2,Arnt,1.0
26680,Sim2,Bcl2,-1.0
26681,Sim2,Casp3,1.0
26682,Sim2,Cstb,1.0
26683,Sim2,Epo,1.0
26684,Sim2,Hif1a,-1.0
26685,Sim2,Myod1,1.0
26686,Sim2,Myom2,1.0
26687,Sim2,Pias1,1.0
26688,Sim2,Prkn,1.0
26689,Sim2,Snai2,-1.0
26690,Sin3a,Agt,-1.0
26691,Sin3a,E2f1,-1.0
26692,Sin3a,Fgg,-1.0
26693,Sin3a,Foxp3,-1.0
26694,Sin3a,Socs3,-1.0
26695,Sin3a,Stat3,-1.0
26696,Sin3a,Tert,-1.0
26697,Sin3a,Tgfbr2,-1.0
26698,Sin3b,Cdk4,1.0
26699,Sin3b,Ncl,1.0
26700,Sin3b,Srd5a1,1.0
26701,Sirt1,Acan,1.0
26702,Sirt1,Adamts5,-1.0
26703,Sirt1,Bcl11a,-1.0
26704,Sirt1,Ccar2,-1.0
26705,Sirt1,Ccnd1,-1.0
26706,Sirt1,Cdh1,-1.0
26707,Sirt1,Cdkn1a,-1.0
26708,Sirt1,Cflar,1.0
26709,Sirt1,Col10a1,-1.0
26710,Sirt1,Col1a2,-1.0
26711,Sirt1,Ctnnb1,-1.0
26712,Sirt1,Cyp7a1,-1.0
26713,Sirt1,Dll4,-1.0
26714,Sirt1,Egln1,-1.0
26715,Sirt1,Esrrg,1.0
26716,Sirt1,Ezh2,-1.0
26717,Sirt1,Foxo3,-1.0
26718,Sirt1,Foxp3,1.0
26719,Sirt1,Gadd45g,1.0
26720,Sirt1,Gli1,1.0
26721,Sirt1,Hes5,1.0
26722,Sirt1,Hic1,1.0
26723,Sirt1,Hif1a,1.0
26724,Sirt1,Hsf1,1.0
26725,Sirt1,Hspa4,1.0
26726,Sirt1,Hyou1,1.0
26727,Sirt1,Icam1,-1.0
26728,Sirt1,Il1b,1.0
26729,Sirt1,Lin28a,1.0
26730,Sirt1,Mcl1,1.0
26731,Sirt1,Mef2c,1.0
26732,Sirt1,Mmp9,-1.0
26733,Sirt1,Myc,-1.0
26734,Sirt1,Myocd,1.0
26735,Sirt1,Nbn,1.0
26736,Sirt1,Ndrg1,1.0
26737,Sirt1,Notch1,-1.0
26738,Sirt1,Nqo1,-1.0
26739,Sirt1,Nr0b2,-1.0
26740,Sirt1,Pax6,-1.0
26741,Sirt1,Pdk4,1.0
26742,Sirt1,Per1,1.0
26743,Sirt1,Pparg,-1.0
26744,Sirt1,Ppargc1a,1.0
26745,Sirt1,Sele,1.0
26746,Sirt1,Shc1,1.0
26747,Sirt1,Sod2,1.0
26748,Sirt1,Srebf1,1.0
26749,Sirt1,Srf,1.0
26750,Sirt1,Tagln,1.0
26751,Sirt1,Tbx3,-1.0
26752,Sirt1,Tert,1.0
26753,Sirt1,Tnf,1.0
26754,Sirt1,Tnfrsf10b,-1.0
26755,Sirt1,Trp53,-1.0
26756,Sirt1,Trp73,1.0
26757,Sirt1,Ucp3,-1.0
26758,Sirt1,Wrn,-1.0
26759,Sirt1,Xpc,-1.0
26760,Sirt6,Isg15,-1.0
26761,Sirt6,Trp53,-1.0
26762,Six1,Atoh1,1.0
26763,Six1,Bmp4,1.0
26764,Six1,Ccna1,1.0
26765,Six1,Ccnd1,1.0
26766,Six1,Cdh1,-1.0
26767,Six1,Eya1,1.0
26768,Six1,Eya2,1.0
26769,Six1,Ezr,1.0
26770,Six1,Fgf10,1.0
26771,Six1,Myod1,1.0
26772,Six1,Myog,1.0
26773,Six1,Pth2r,1.0
26774,Six1,Sall1,1.0
26775,Six1,Ski,1.0
26776,Six1,Tgfbr1,1.0
26777,Six1,Tshb,1.0
26778,Six1,Vegfc,1.0
26779,Six1,Zeb1,1.0
26780,Six2,Gdnf,1.0
26781,Six3,Bmp4,1.0
26782,Six3,Emx1,-1.0
26783,Six3,Gad1,1.0
26784,Six3,Nodal,-1.0
26785,Six3,Pax2,1.0
26786,Six3,Pax6,1.0
26787,Six3,Rho,1.0
26788,Six3,Shh,1.0
26789,Six3,Sox2,1.0
26790,Six3,Wnt1,-1.0
26791,Six3,Wnt8b,-1.0
26792,Six4,Atp1a1,1.0
26793,Six4,Gdnf,1.0
26794,Six4,Hmgcr,1.0
26795,Six4,Myf6,1.0
26796,Six4,Myod1,1.0
26797,Six4,Pax3,1.0
26798,Six4,Scx,-1.0
26799,Six5,Igfbp5,1.0
26800,Ski,Fhl2,1.0
26801,Ski,Mdm2,1.0
26802,Ski,Pax3,1.0
26803,Ski,Smad7,1.0
26804,Skil,Adam12,-1.0
26805,Skil,Afp,1.0
26806,Skil,Cav1,1.0
26807,Skil,Cdkn1a,-1.0
26808,Skil,Dach1,1.0
26809,Skil,Dcn,1.0
26810,Skil,Esr1,1.0
26811,Skil,Fshb,-1.0
26812,Skil,Gadd45g,1.0
26813,Skil,Hgf,1.0
26814,Skil,Hspa8,1.0
26815,Skil,Igfbp7,1.0
26816,Skil,Il4,1.0
26817,Skil,Map3k14,1.0
26818,Skil,Myc,-1.0
26819,Skil,Myog,-1.0
26820,Skil,Serpine1,-1.0
26821,Skil,Smad7,-1.0
26822,Skil,Th,1.0
26823,Skil,Trp53,1.0
26824,Smad1,Acta2,1.0
26825,Smad1,Acvr1,1.0
26826,Smad1,Acvrl1,1.0
26827,Smad1,Alpl,1.0
26828,Smad1,Bcl2l1,1.0
26829,Smad1,Bmp2,1.0
26830,Smad1,Bmp7,1.0
26831,Smad1,Ccn2,1.0
26832,Smad1,Cdkn1a,1.0
26833,Smad1,Cdkn1b,1.0
26834,Smad1,Cdx2,1.0
26835,Smad1,Col1a2,1.0
26836,Smad1,Creld2,1.0
26837,Smad1,Csf1,1.0
26838,Smad1,Cxcl12,1.0
26839,Smad1,Dlx3,1.0
26840,Smad1,Dpysl2,-1.0
26841,Smad1,Dsg4,1.0
26842,Smad1,Dspp,1.0
26843,Smad1,Egf,1.0
26844,Smad1,Elavl1,1.0
26845,Smad1,Ezh2,1.0
26846,Smad1,Fgfr1,1.0
26847,Smad1,Fshb,1.0
26848,Smad1,Gadd45b,1.0
26849,Smad1,Gadd45g,1.0
26850,Smad1,Gata2,1.0
26851,Smad1,Gata3,1.0
26852,Smad1,Hand1,1.0
26853,Smad1,Hey1,1.0
26854,Smad1,Ibsp,1.0
26855,Smad1,Id1,1.0
26856,Smad1,Id2,1.0
26857,Smad1,Id3,1.0
26858,Smad1,Igf2,1.0
26859,Smad1,Il11,1.0
26860,Smad1,Junb,1.0
26861,Smad1,Krt14,1.0
26862,Smad1,Krt27,1.0
26863,Smad1,Lrp5,1.0
26864,Smad1,Me3,1.0
26865,Smad1,Mmp2,1.0
26866,Smad1,Msx2,1.0
26867,Smad1,Myc,1.0
26868,Smad1,Myh6,1.0
26869,Smad1,Myh7,1.0
26870,Smad1,Nkx2-5,1.0
26871,Smad1,Nog,1.0
26872,Smad1,Olig2,1.0
26873,Smad1,Parvb,1.0
26874,Smad1,Pdgfa,-1.0
26875,Smad1,Pomc,1.0
26876,Smad1,Pparg,1.0
26877,Smad1,Ptk2,1.0
26878,Smad1,Runx1,1.0
26879,Smad1,Runx2,1.0
26880,Smad1,Satb2,1.0
26881,Smad1,Smad6,1.0
26882,Smad1,Smad7,1.0
26883,Smad1,Snai2,1.0
26884,Smad1,Sp7,1.0
26885,Smad1,Spp1,1.0
26886,Smad1,Tagln,1.0
26887,Smad1,Tcf7l2,1.0
26888,Smad1,Tfap2c,1.0
26889,Smad1,Tnfrsf11b,1.0
26890,Smad1,Tnfsf11,1.0
26891,Smad1,Traf2,1.0
26892,Smad1,Vegfa,1.0
26893,Smad1,Wnt3a,1.0
26894,Smad2,Acan,1.0
26895,Smad2,Acta2,1.0
26896,Smad2,Actg2,1.0
26897,Smad2,Ahr,1.0
26898,Smad2,Ankrd1,1.0
26899,Smad2,App,1.0
26900,Smad2,Atf3,1.0
26901,Smad2,Bax,-1.0
26902,Smad2,Bcl2,1.0
26903,Smad2,Birc5,1.0
26904,Smad2,Ccn1,1.0
26905,Smad2,Ccn2,1.0
26906,Smad2,Ccnd1,-1.0
26907,Smad2,Ccng2,1.0
26908,Smad2,Cdh1,-1.0
26909,Smad2,Cdkn1a,1.0
26910,Smad2,Cdx2,-1.0
26911,Smad2,Col1a2,1.0
26912,Smad2,Col2a1,1.0
26913,Smad2,Col3a1,-1.0
26914,Smad2,Col7a1,1.0
26915,Smad2,Csn2,-1.0
26916,Smad2,Csrp2,1.0
26917,Smad2,Cyp19a1,1.0
26918,Smad2,Dap,1.0
26919,Smad2,Dmp1,1.0
26920,Smad2,Dsg4,1.0
26921,Smad2,Dspp,1.0
26922,Smad2,Fabp2,1.0
26923,Smad2,Fbln5,1.0
26924,Smad2,Fgf2,1.0
26925,Smad2,Fn1,1.0
26926,Smad2,Foxc1,-1.0
26927,Smad2,Foxp3,1.0
26928,Smad2,Fshb,1.0
26929,Smad2,Fst,1.0
26930,Smad2,Furin,1.0
26931,Smad2,Fxyd3,-1.0
26932,Smad2,Gadd45b,1.0
26933,Smad2,Gli1,1.0
26934,Smad2,Gsc,1.0
26935,Smad2,Has1,1.0
26936,Smad2,Havcr2,1.0
26937,Smad2,Hes1,1.0
26938,Smad2,Hgf,-1.0
26939,Smad2,Hoxd11,1.0
26940,Smad2,Ifng,1.0
26941,Smad2,Il1b,-1.0
26942,Smad2,Il2,1.0
26943,Smad2,Il6,1.0
26944,Smad2,Il6ra,1.0
26945,Smad2,Il9,1.0
26946,Smad2,Inha,1.0
26947,Smad2,Itga11,1.0
26948,Smad2,Krt14,1.0
26949,Smad2,Krt16,-1.0
26950,Smad2,Met,1.0
26951,Smad2,Mmp13,1.0
26952,Smad2,Mmp2,1.0
26953,Smad2,Mstn,1.0
26954,Smad2,Muc4,1.0
26955,Smad2,Myc,1.0
26956,Smad2,Myf5,1.0
26957,Smad2,Myocd,-1.0
26958,Smad2,Nkx2-1,1.0
26959,Smad2,Nodal,1.0
26960,Smad2,Nos3,1.0
26961,Smad2,Pdgfb,1.0
26962,Smad2,Pias4,1.0
26963,Smad2,Pitx2,-1.0
26964,Smad2,Pou5f1,1.0
26965,Smad2,Pparg,1.0
26966,Smad2,Psmd9,1.0
26967,Smad2,Ptk2,1.0
26968,Smad2,Rgcc,1.0
26969,Smad2,Rhob,1.0
26970,Smad2,Runx2,-1.0
26971,Smad2,Serpinb5,1.0
26972,Smad2,Serpine1,1.0
26973,Smad2,Smad4,1.0
26974,Smad2,Smad7,1.0
26975,Smad2,Smarcd3,1.0
26976,Smad2,Snai1,-1.0
26977,Smad2,Snai2,1.0
26978,Smad2,Spp1,1.0
26979,Smad2,Tagln,1.0
26980,Smad2,Tgfb1,1.0
26981,Smad2,Tgfbr1,1.0
26982,Smad2,Tgfbr2,1.0
26983,Smad2,Thbs1,1.0
26984,Smad2,Thbs2,1.0
26985,Smad2,Timp1,-1.0
26986,Smad2,Timp3,1.0
26987,Smad2,Tnfrsf11b,1.0
26988,Smad2,Vegfa,1.0
26989,Smad2,Xiap,-1.0
26990,Smad3,Ache,1.0
26991,Smad3,Acta1,1.0
26992,Smad3,Acta2,1.0
26993,Smad3,Actg2,1.0
26994,Smad3,Ahr,1.0
26995,Smad3,Angptl2,1.0
26996,Smad3,Angptl4,1.0
26997,Smad3,Ankrd1,1.0
26998,Smad3,Apoc3,1.0
26999,Smad3,App,1.0
27000,Smad3,Ar,1.0
27001,Smad3,Asic3,-1.0
27002,Smad3,Aspn,1.0
27003,Smad3,Bambi,1.0
27004,Smad3,Bax,-1.0
27005,Smad3,Bbc3,1.0
27006,Smad3,Bcl2,-1.0
27007,Smad3,Birc5,1.0
27008,Smad3,Ccl20,1.0
27009,Smad3,Ccn1,1.0
27010,Smad3,Ccn2,1.0
27011,Smad3,Ccnd1,1.0
27012,Smad3,Ccnd2,1.0
27013,Smad3,Ccnd3,1.0
27014,Smad3,Ccng2,1.0
27015,Smad3,Cd79a,1.0
27016,Smad3,Cdc25a,-1.0
27017,Smad3,Cdh1,-1.0
27018,Smad3,Cdkn1a,1.0
27019,Smad3,Cdkn1b,1.0
27020,Smad3,Cdkn2a,1.0
27021,Smad3,Cdkn2b,1.0
27022,Smad3,Ciita,-1.0
27023,Smad3,Cilp,1.0
27024,Smad3,Cldn3,-1.0
27025,Smad3,Col1a1,1.0
27026,Smad3,Col1a2,1.0
27027,Smad3,Col2a1,1.0
27028,Smad3,Col3a1,1.0
27029,Smad3,Col5a2,1.0
27030,Smad3,Col6a1,1.0
27031,Smad3,Col6a2,1.0
27032,Smad3,Col6a3,1.0
27033,Smad3,Col7a1,1.0
27034,Smad3,Creb1,1.0
27035,Smad3,Csn2,-1.0
27036,Smad3,Csrp2,1.0
27037,Smad3,Ctnnb1,1.0
27038,Smad3,Cyp17a1,-1.0
27039,Smad3,Cyp7a1,-1.0
27040,Smad3,Dap,1.0
27041,Smad3,Dmp1,1.0
27042,Smad3,Dsg4,1.0
27043,Smad3,Dspp,1.0
27044,Smad3,E2f2,1.0
27045,Smad3,Edn1,1.0
27046,Smad3,Egr2,1.0
27047,Smad3,Eln,1.0
27048,Smad3,Epo,1.0
27049,Smad3,Erf,1.0
27050,Smad3,Esr1,-1.0
27051,Smad3,F12,1.0
27052,Smad3,Fabp2,1.0
27053,Smad3,Fbln5,1.0
27054,Smad3,Fgf2,1.0
27055,Smad3,Fn1,1.0
27056,Smad3,Fos,1.0
27057,Smad3,Foxa2,1.0
27058,Smad3,Foxo3,1.0
27059,Smad3,Foxp3,1.0
27060,Smad3,Fshb,1.0
27061,Smad3,Fshr,1.0
27062,Smad3,Fst,1.0
27063,Smad3,Fstl3,1.0
27064,Smad3,Gadd45b,1.0
27065,Smad3,Gast,1.0
27066,Smad3,Gclc,-1.0
27067,Smad3,Gli2,1.0
27068,Smad3,Grem1,1.0
27069,Smad3,Gsc,-1.0
27070,Smad3,Has1,1.0
27071,Smad3,Hes1,1.0
27072,Smad3,Hey1,1.0
27073,Smad3,Hgf,1.0
27074,Smad3,Hoxb1,1.0
27075,Smad3,Hoxd11,1.0
27076,Smad3,Id1,1.0
27077,Smad3,Ifnb1,1.0
27078,Smad3,Ifng,1.0
27079,Smad3,Il17a,-1.0
27080,Smad3,Il1b,-1.0
27081,Smad3,Il2,1.0
27082,Smad3,Il23a,1.0
27083,Smad3,Il31,1.0
27084,Smad3,Il5,1.0
27085,Smad3,Il6,-1.0
27086,Smad3,Il9,1.0
27087,Smad3,Inha,1.0
27088,Smad3,Itga11,1.0
27089,Smad3,Itgb1,1.0
27090,Smad3,Jag1,1.0
27091,Smad3,Jun,1.0
27092,Smad3,Lamc1,1.0
27093,Smad3,Lep,1.0
27094,Smad3,Lgals9,1.0
27095,Smad3,Ltbp4,1.0
27096,Smad3,Mdm2,1.0
27097,Smad3,Mef2c,-1.0
27098,Smad3,Met,1.0
27099,Smad3,Mmp13,1.0
27100,Smad3,Mmp2,1.0
27101,Smad3,Mmp9,1.0
27102,Smad3,Mstn,1.0
27103,Smad3,Mxd1,1.0
27104,Smad3,Myc,-1.0
27105,Smad3,Myf5,1.0
27106,Smad3,Myocd,-1.0
27107,Smad3,Myog,1.0
27108,Smad3,Nos2,-1.0
27109,Smad3,Notch3,1.0
27110,Smad3,Nox4,1.0
27111,Smad3,Ocln,-1.0
27112,Smad3,Osr2,1.0
27113,Smad3,Pax6,-1.0
27114,Smad3,Pdgfb,1.0
27115,Smad3,Plau,1.0
27116,Smad3,Por,1.0
27117,Smad3,Ppard,-1.0
27118,Smad3,Pparg,1.0
27119,Smad3,Psmd9,1.0
27120,Smad3,Psme3,1.0
27121,Smad3,Pthlh,1.0
27122,Smad3,Ptprk,1.0
27123,Smad3,Rgcc,1.0
27124,Smad3,Rhob,1.0
27125,Smad3,Runx2,-1.0
27126,Smad3,Selenop,-1.0
27127,Smad3,Serpinb5,1.0
27128,Smad3,Serpine1,1.0
27129,Smad3,Sftpb,-1.0
27130,Smad3,Sgca,1.0
27131,Smad3,Sirt1,1.0
27132,Smad3,Slc5a2,1.0
27133,Smad3,Slc5a5,-1.0
27134,Smad3,Slc5a8,1.0
27135,Smad3,Smad7,1.0
27136,Smad3,Smn1,-1.0
27137,Smad3,Snai1,1.0
27138,Smad3,Spp1,1.0
27139,Smad3,Srf,1.0
27140,Smad3,Sstr2,1.0
27141,Smad3,Star,-1.0
27142,Smad3,Stat4,-1.0
27143,Smad3,Tagln,1.0
27144,Smad3,Tbx21,-1.0
27145,Smad3,Tert,-1.0
27146,Smad3,Tgfb1,-1.0
27147,Smad3,Tgfb3,1.0
27148,Smad3,Tgfbr2,1.0
27149,Smad3,Thbs2,1.0
27150,Smad3,Timp1,1.0
27151,Smad3,Timp3,1.0
27152,Smad3,Tnc,1.0
27153,Smad3,Tnf,-1.0
27154,Smad3,Tnfrsf11b,1.0
27155,Smad3,Tnfsf13,1.0
27156,Smad3,Tnfsf13b,1.0
27157,Smad3,Trim63,1.0
27158,Smad3,Vdr,1.0
27159,Smad3,Vegfa,1.0
27160,Smad3,Vim,1.0
27161,Smad3,Vip,1.0
27162,Smad3,Xiap,-1.0
27163,Smad3,Zfp36,1.0
27164,Smad3,Zyx,1.0
27165,Smad4,Agr2,1.0
27166,Smad4,Ahr,1.0
27167,Smad4,Ankrd1,1.0
27168,Smad4,Apoc3,1.0
27169,Smad4,App,1.0
27170,Smad4,Ar,-1.0
27171,Smad4,Atoh8,1.0
27172,Smad4,Bambi,1.0
27173,Smad4,Bax,1.0
27174,Smad4,Bbc3,1.0
27175,Smad4,Bcl2,1.0
27176,Smad4,Bcl2l11,1.0
27177,Smad4,Bmp4,1.0
27178,Smad4,Bmp6,-1.0
27179,Smad4,Btrc,-1.0
27180,Smad4,Ccl20,1.0
27181,Smad4,Ccn1,1.0
27182,Smad4,Ccn2,1.0
27183,Smad4,Ccnd1,1.0
27184,Smad4,Ccng2,1.0
27185,Smad4,Cd79a,1.0
27186,Smad4,Cdh1,-1.0
27187,Smad4,Cdh2,1.0
27188,Smad4,Cdh3,1.0
27189,Smad4,Cdkn1a,1.0
27190,Smad4,Cdkn2b,1.0
27191,Smad4,Cdx2,1.0
27192,Smad4,Cldn1,-1.0
27193,Smad4,Cldn3,-1.0
27194,Smad4,Col1a1,1.0
27195,Smad4,Col1a2,1.0
27196,Smad4,Col7a1,1.0
27197,Smad4,Creb1,1.0
27198,Smad4,Csf1,1.0
27199,Smad4,Csn2,1.0
27200,Smad4,Cxcl12,1.0
27201,Smad4,Dach1,-1.0
27202,Smad4,Dap,1.0
27203,Smad4,Dlx3,1.0
27204,Smad4,Dmp1,1.0
27205,Smad4,Dpysl2,-1.0
27206,Smad4,Dsg4,1.0
27207,Smad4,Dspp,1.0
27208,Smad4,Egfr,-1.0
27209,Smad4,Eif4ebp1,1.0
27210,Smad4,Epo,1.0
27211,Smad4,Esr1,1.0
27212,Smad4,Fabp2,1.0
27213,Smad4,Fbxo32,1.0
27214,Smad4,Fn1,1.0
27215,Smad4,Foxd3,1.0
27216,Smad4,Fscn1,1.0
27217,Smad4,Fshb,1.0
27218,Smad4,Fstl3,1.0
27219,Smad4,Gadd45b,1.0
27220,Smad4,Gast,1.0
27221,Smad4,Gli1,1.0
27222,Smad4,Gsc,1.0
27223,Smad4,Havcr2,1.0
27224,Smad4,Hgf,1.0
27225,Smad4,Hp,1.0
27226,Smad4,Id1,1.0
27227,Smad4,Id2,1.0
27228,Smad4,Id3,1.0
27229,Smad4,Ifng,1.0
27230,Smad4,Ihh,1.0
27231,Smad4,Il10,1.0
27232,Smad4,Itgb5,1.0
27233,Smad4,Jun,1.0
27234,Smad4,Lama3,1.0
27235,Smad4,Lamb3,1.0
27236,Smad4,Lamc2,1.0
27237,Smad4,Lep,1.0
27238,Smad4,Mdm2,1.0
27239,Smad4,Met,1.0
27240,Smad4,Mmp2,1.0
27241,Smad4,Mst1r,1.0
27242,Smad4,Mstn,1.0
27243,Smad4,Msx1,1.0
27244,Smad4,Msx2,1.0
27245,Smad4,Muc2,1.0
27246,Smad4,Muc4,1.0
27247,Smad4,Muc5ac,1.0
27248,Smad4,Myc,-1.0
27249,Smad4,Myf5,1.0
27250,Smad4,Nkx2-1,1.0
27251,Smad4,Nkx2-5,1.0
27252,Smad4,Nog,1.0
27253,Smad4,Ocln,-1.0
27254,Smad4,Olig2,1.0
27255,Smad4,Pak1,1.0
27256,Smad4,Pax3,1.0
27257,Smad4,Pdgfb,1.0
27258,Smad4,Por,1.0
27259,Smad4,Pparg,1.0
27260,Smad4,Prom1,1.0
27261,Smad4,Psmd9,1.0
27262,Smad4,Pten,1.0
27263,Smad4,Pthlh,1.0
27264,Smad4,Ptprk,1.0
27265,Smad4,Rgcc,1.0
27266,Smad4,Runx1t1,1.0
27267,Smad4,Scnn1a,1.0
27268,Smad4,Selenop,-1.0
27269,Smad4,Serpine1,1.0
27270,Smad4,Sirt1,1.0
27271,Smad4,Skil,-1.0
27272,Smad4,Slc6a1,1.0
27273,Smad4,Smad7,1.0
27274,Smad4,Snai1,1.0
27275,Smad4,Sox9,1.0
27276,Smad4,Sp7,1.0
27277,Smad4,Sparc,-1.0
27278,Smad4,Spp1,1.0
27279,Smad4,Sstr2,1.0
27280,Smad4,Tagln,1.0
27281,Smad4,Tbx6,1.0
27282,Smad4,Tgfb1,1.0
27283,Smad4,Thbs1,1.0
27284,Smad4,Thbs2,1.0
27285,Smad4,Timp3,1.0
27286,Smad4,Tnc,1.0
27287,Smad4,Tnfrsf11b,1.0
27288,Smad4,Tnfsf10,1.0
27289,Smad4,Tnfsf13b,1.0
27290,Smad4,Tpm1,1.0
27291,Smad4,Tshb,1.0
27292,Smad4,Ucp2,1.0
27293,Smad4,Vegfa,-1.0
27294,Smad4,Vip,1.0
27295,Smad4,Xiap,-1.0
27296,Smad4,Zfp36,1.0
27297,Smad5,Akt2,1.0
27298,Smad5,Alpl,1.0
27299,Smad5,Birc5,-1.0
27300,Smad5,Bmp2,1.0
27301,Smad5,Bmp4,1.0
27302,Smad5,Cdkn1a,1.0
27303,Smad5,Cdkn1b,1.0
27304,Smad5,Csf1,1.0
27305,Smad5,Dlx3,1.0
27306,Smad5,Dsg4,1.0
27307,Smad5,Dspp,1.0
27308,Smad5,Gadd45g,1.0
27309,Smad5,Gata2,1.0
27310,Smad5,Gata3,1.0
27311,Smad5,Gtf2f2,1.0
27312,Smad5,Hand1,1.0
27313,Smad5,Hey1,1.0
27314,Smad5,Hmox1,1.0
27315,Smad5,Id1,1.0
27316,Smad5,Id2,1.0
27317,Smad5,Id3,1.0
27318,Smad5,Klf1,1.0
27319,Smad5,Pdgfa,-1.0
27320,Smad5,Pparg,1.0
27321,Smad5,Ppp4c,1.0
27322,Smad5,Runx2,1.0
27323,Smad5,Satb2,1.0
27324,Smad5,Smad6,1.0
27325,Smad5,Smad7,1.0
27326,Smad5,Smap1,1.0
27327,Smad5,Sp7,1.0
27328,Smad5,Ssbp3,1.0
27329,Smad5,Trp53,1.0
27330,Smad5,Vegfa,-1.0
27331,Smad6,Ankrd1,-1.0
27332,Smad6,Cdk6,-1.0
27333,Smad6,Cdkn1a,-1.0
27334,Smad6,Col10a1,-1.0
27335,Smad6,Col1a2,1.0
27336,Smad6,Dlx3,1.0
27337,Smad6,Esx1,-1.0
27338,Smad6,Fgfr1,1.0
27339,Smad6,Foxd1,1.0
27340,Smad6,Klf1,1.0
27341,Smad6,Kras,1.0
27342,Smad6,Krt27,1.0
27343,Smad6,Me3,1.0
27344,Smad6,Pck2,-1.0
27345,Smad6,Pparg,1.0
27346,Smad6,Proc,-1.0
27347,Smad6,Prom1,-1.0
27348,Smad6,Rb1,-1.0
27349,Smad6,Serpine1,1.0
27350,Smad6,Smad1,1.0
27351,Smad6,Tagln,-1.0
27352,Smad6,Tbx6,1.0
27353,Smad6,Tnfrsf11b,-1.0
27354,Smad6,Wdr5,-1.0
27355,Smad7,Acta2,1.0
27356,Smad7,Actg2,1.0
27357,Smad7,Acvr1b,1.0
27358,Smad7,Apc,1.0
27359,Smad7,Bcl2l11,1.0
27360,Smad7,Bmp4,1.0
27361,Smad7,Casp8,1.0
27362,Smad7,Ccn2,-1.0
27363,Smad7,Cd79a,1.0
27364,Smad7,Cdh2,-1.0
27365,Smad7,Cdk1,-1.0
27366,Smad7,Cdkn1a,-1.0
27367,Smad7,Cdkn2b,-1.0
27368,Smad7,Chrd,1.0
27369,Smad7,Col1a1,-1.0
27370,Smad7,Col1a2,-1.0
27371,Smad7,Col3a1,-1.0
27372,Smad7,Col5a2,-1.0
27373,Smad7,Col6a2,-1.0
27374,Smad7,Col6a3,-1.0
27375,Smad7,Ctnnb1,1.0
27376,Smad7,Cyp17a1,1.0
27377,Smad7,E2f1,-1.0
27378,Smad7,Fn1,1.0
27379,Smad7,Fshb,1.0
27380,Smad7,Gast,-1.0
27381,Smad7,Hmox1,-1.0
27382,Smad7,Il1b,1.0
27383,Smad7,Il6,1.0
27384,Smad7,Krt14,-1.0
27385,Smad7,Krt5,1.0
27386,Smad7,Mafa,-1.0
27387,Smad7,Map2k1,1.0
27388,Smad7,Mapk1,1.0
27389,Smad7,Men1,-1.0
27390,Smad7,Met,1.0
27391,Smad7,Mmp2,1.0
27392,Smad7,Mmp9,-1.0
27393,Smad7,Mstn,-1.0
27394,Smad7,Mta1,1.0
27395,Smad7,Muc4,-1.0
27396,Smad7,Myc,1.0
27397,Smad7,Nfkbia,1.0
27398,Smad7,Pmepa1,-1.0
27399,Smad7,Prom1,-1.0
27400,Smad7,Serpine1,-1.0
27401,Smad7,Sf1,1.0
27402,Smad7,Skp2,1.0
27403,Smad7,Smad3,-1.0
27404,Smad7,Smurf1,1.0
27405,Smad7,Smurf2,1.0
27406,Smad7,Spta1,1.0
27407,Smad7,Strap,1.0
27408,Smad7,T,1.0
27409,Smad7,Tagln,-1.0
27410,Smad7,Tert,1.0
27411,Smad7,Tgfb1,1.0
27412,Smad7,Tgfb2,-1.0
27413,Smad7,Tgfbr1,-1.0
27414,Smad7,Tgm1,1.0
27415,Smad7,Timp2,1.0
27416,Smad7,Tnfsf13b,1.0
27417,Smad7,Vegfa,-1.0
27418,Smad9,Bmp2,1.0
27419,Smad9,Foxe3,1.0
27420,Smad9,Id1,1.0
27421,Smad9,Id2,1.0
27422,Smad9,Msx1,1.0
27423,Smad9,Sost,1.0
27424,Smarca1,Acot8,1.0
27425,Smarca1,Bin1,1.0
27426,Smarca1,Brca1,1.0
27427,Smarca1,Cd44,-1.0
27428,Smarca1,Cdh1,1.0
27429,Smarca1,Cdkn1c,1.0
27430,Smarca1,Cdkn2a,1.0
27431,Smarca1,Cebpb,1.0
27432,Smarca1,Cecr2,1.0
27433,Smarca1,Chd1,1.0
27434,Smarca1,Crebbp,1.0
27435,Smarca1,Cryab,1.0
27436,Smarca1,Dnah8,1.0
27437,Smarca1,Dnase1,1.0
27438,Smarca1,Dync1h1,1.0
27439,Smarca1,En1,1.0
27440,Smarca1,En2,1.0
27441,Smarca1,Epb42,1.0
27442,Smarca1,Epo,1.0
27443,Smarca1,Gadd45a,1.0
27444,Smarca1,H2az1,1.0
27445,Smarca1,Hmox1,1.0
27446,Smarca1,Hspa4,1.0
27447,Smarca1,Ibsp,1.0
27448,Smarca1,Igfbp2,1.0
27449,Smarca1,Il10,1.0
27450,Smarca1,Ino80,1.0
27451,Smarca1,Isyna1,1.0
27452,Smarca1,Lgals1,1.0
27453,Smarca1,Mcm7,1.0
27454,Smarca1,Mmp2,1.0
27455,Smarca1,Myocd,1.0
27456,Smarca1,Myog,1.0
27457,Smarca1,Nme1,1.0
27458,Smarca1,Oga,1.0
27459,Smarca1,Plk1,1.0
27460,Smarca1,Polr3e,1.0
27461,Smarca1,Pparg,1.0
27462,Smarca1,Prmt5,1.0
27463,Smarca1,Ric8b,1.0
27464,Smarca1,Smarca2,1.0
27465,Smarca1,Smarca4,1.0
27466,Smarca1,Smarcb1,1.0
27467,Smarca1,St7,-1.0
27468,Smarca1,Tdo2,1.0
27469,Smarca1,Trp53,1.0
27470,Smarca1,Ttr,1.0
27471,Smarca1,Tyms,1.0
27472,Smarca4,Abca1,1.0
27473,Smarca4,Cad,1.0
27474,Smarca4,Ccnd1,-1.0
27475,Smarca4,Cd44,-1.0
27476,Smarca4,Cdh1,1.0
27477,Smarca4,Cdkn1a,1.0
27478,Smarca4,Cdkn2a,1.0
27479,Smarca4,Fos,-1.0
27480,Smarca4,Mecom,1.0
27481,Smarca5,Adh1,1.0
27482,Smarca5,Bmp4,1.0
27483,Smarca5,Casr,1.0
27484,Smarca5,Ccnd1,1.0
27485,Smarca5,Cdt1,1.0
27486,Smarca5,Cecr2,1.0
27487,Smarca5,Chd1,1.0
27488,Smarca5,Crebbp,1.0
27489,Smarca5,Cryaa,1.0
27490,Smarca5,Dnah8,1.0
27491,Smarca5,Il2,-1.0
27492,Smarca5,Il3,1.0
27493,Smarca5,Ino80,1.0
27494,Smarca5,Oga,1.0
27495,Smarca5,Smarca1,1.0
27496,Smarca5,Wnt5b,1.0
27497,Smarcb1,Cd44,-1.0
27498,Smarcb1,Cdkn2a,1.0
27499,Smarcb1,Csf1,1.0
27500,Smarcb1,Gli1,-1.0
27501,Smarcb1,Ptch1,-1.0
27502,Smarcc1,Ar,1.0
27503,Smarcc1,Klf1,1.0
27504,Smarcc1,Kras,1.0
27505,Smarcc1,Oprm1,1.0
27506,Smarcc1,Rab18,1.0
27507,Smarcc1,Smarca4,1.0
27508,Smarcc1,Smarcb1,1.0
27509,Smarcc2,Klf1,1.0
27510,Smarcd3,Myog,1.0
27511,Smarcd3,Sgca,1.0
27512,Smarce1,Myod1,1.0
27513,Smarce1,Myog,1.0
27514,Smarce1,Smarca4,1.0
27515,Smarce1,Smarcb1,1.0
27516,Snai1,Acan,1.0
27517,Snai1,Acta2,1.0
27518,Snai1,Adipoq,1.0
27519,Snai1,Adra1d,1.0
27520,Snai1,Akt1,1.0
27521,Snai1,Akt2,1.0
27522,Snai1,Brca1,-1.0
27523,Snai1,Ccl5,1.0
27524,Snai1,Ccn6,1.0
27525,Snai1,Cd44,1.0
27526,Snai1,Cdh1,-1.0
27527,Snai1,Cdh2,1.0
27528,Snai1,Cdh3,1.0
27529,Snai1,Cdh5,-1.0
27530,Snai1,Cdkn1a,-1.0
27531,Snai1,Cdkn2b,1.0
27532,Snai1,Cldn1,1.0
27533,Snai1,Cldn3,-1.0
27534,Snai1,Cldn7,-1.0
27535,Snai1,Col2a1,1.0
27536,Snai1,Ctsg,1.0
27537,Snai1,Cyp19a1,1.0
27538,Snai1,Dlg1,-1.0
27539,Snai1,Dsg2,1.0
27540,Snai1,Egf,1.0
27541,Snai1,Egfr,1.0
27542,Snai1,Ercc1,1.0
27543,Snai1,Erg,1.0
27544,Snai1,Esr1,1.0
27545,Snai1,Esrp1,1.0
27546,Snai1,Fn1,1.0
27547,Snai1,Gadd45b,1.0
27548,Snai1,Ghrhr,1.0
27549,Snai1,Gsk3b,1.0
27550,Snai1,Hbegf,1.0
27551,Snai1,Hpgd,-1.0
27552,Snai1,Hspa4,1.0
27553,Snai1,Ilk,1.0
27554,Snai1,Inhba,1.0
27555,Snai1,Isyna1,1.0
27556,Snai1,Itgb4,1.0
27557,Snai1,Itsn1,1.0
27558,Snai1,Kdm1a,1.0
27559,Snai1,Kdm6b,1.0
27560,Snai1,Kras,1.0
27561,Snai1,Maml1,1.0
27562,Snai1,Mapk1,1.0
27563,Snai1,Mbd2,1.0
27564,Snai1,Mcat,1.0
27565,Snai1,Mmp15,1.0
27566,Snai1,Mmp2,1.0
27567,Snai1,Mta1,1.0
27568,Snai1,Mta3,1.0
27569,Snai1,Muc1,-1.0
27570,Snai1,Myo5a,1.0
27571,Snai1,Nanog,1.0
27572,Snai1,Nphs1,1.0
27573,Snai1,Npy2r,1.0
27574,Snai1,Ocln,-1.0
27575,Snai1,Otud7a,1.0
27576,Snai1,Pa2g4,-1.0
27577,Snai1,Plau,1.0
27578,Snai1,Pparg,1.0
27579,Snai1,Pten,1.0
27580,Snai1,Ptger4,1.0
27581,Snai1,Ptp4a3,1.0
27582,Snai1,Pxdn,-1.0
27583,Snai1,Raf1,1.0
27584,Snai1,Reln,1.0
27585,Snai1,Rin1,1.0
27586,Snai1,Rps6kb1,1.0
27587,Snai1,Runx2,-1.0
27588,Snai1,Scara5,1.0
27589,Snai1,Sema3f,1.0
27590,Snai1,Serpinb5,1.0
27591,Snai1,Serpine1,1.0
27592,Snai1,Snai2,1.0
27593,Snai1,Stim1,1.0
27594,Snai1,Tgfb3,1.0
27595,Snai1,Tgfbr2,1.0
27596,Snai1,Thbs1,-1.0
27597,Snai1,Tnf,1.0
27598,Snai1,Trp53,1.0
27599,Snai1,Tubb3,1.0
27600,Snai1,Twist1,-1.0
27601,Snai1,Vdr,-1.0
27602,Snai1,Vim,1.0
27603,Snai1,Wnt2,1.0
27604,Snai1,Zeb1,1.0
27605,Snai1,Zfp281,1.0
27606,Snai2,Acan,-1.0
27607,Snai2,Brca1,-1.0
27608,Snai2,Brca2,-1.0
27609,Snai2,Ccnd1,-1.0
27610,Snai2,Cd44,1.0
27611,Snai2,Cdh1,-1.0
27612,Snai2,Cdh17,-1.0
27613,Snai2,Cdh2,-1.0
27614,Snai2,Cdh3,-1.0
27615,Snai2,Cdh5,-1.0
27616,Snai2,Cldn1,-1.0
27617,Snai2,Col2a1,-1.0
27618,Snai2,Ctnnb1,-1.0
27619,Snai2,Cxcl12,1.0
27620,Snai2,Cxcr4,1.0
27621,Snai2,Cyp24a1,-1.0
27622,Snai2,Esr1,-1.0
27623,Snai2,Foxa1,-1.0
27624,Snai2,Hpgd,-1.0
27625,Snai2,Itga3,-1.0
27626,Snai2,Itgb1,-1.0
27627,Snai2,Itgb4,-1.0
27628,Snai2,Jag1,1.0
27629,Snai2,Jup,-1.0
27630,Snai2,Klf4,-1.0
27631,Snai2,Krt19,-1.0
27632,Snai2,Krt8,-1.0
27633,Snai2,L1cam,1.0
27634,Snai2,Lpar2,-1.0
27635,Snai2,Mmp17,-1.0
27636,Snai2,Mmp9,1.0
27637,Snai2,Ocln,-1.0
27638,Snai2,Pou5f1,1.0
27639,Snai2,Pparg,-1.0
27640,Snai2,Prss8,-1.0
27641,Snai2,Runx2,1.0
27642,Snai2,Sox5,-1.0
27643,Snai2,Sox6,1.0
27644,Snai2,Sox9,-1.0
27645,Snai2,Stat1,1.0
27646,Snai2,Tcf15,-1.0
27647,Snai2,Tgfb3,1.0
27648,Snai2,Tgfbr2,-1.0
27649,Snai2,Trps1,-1.0
27650,Snai2,Ube2d3,-1.0
27651,Snai2,Vdr,-1.0
27652,Snai2,Vim,1.0
27653,Snd1,Igfbp3,1.0
27654,Snw1,Ar,1.0
27655,Snw1,Hes1,1.0
27656,Snw1,Rarb,1.0
27657,Snw1,Vdr,1.0
27658,Sohlh1,Kit,1.0
27659,Sohlh1,Lhx8,1.0
27660,Sohlh1,Zp1,1.0
27661,Sohlh1,Zp3,1.0
27662,Sohlh2,Kit,1.0
27663,Son,Avp,1.0
27664,Son,Comp,1.0
27665,Son,Ghsr,1.0
27666,Son,Hbb-y,1.0
27667,Son,Lep,1.0
27668,Son,Prkaa2,1.0
27669,Son,Rb1,1.0
27670,Sox1,Hes1,-1.0
27671,Sox1,Neurog1,1.0
27672,Sox1,Pax6,1.0
27673,Sox10,Best1,1.0
27674,Sox10,Chrna10,1.0
27675,Sox10,Chrna2,1.0
27676,Sox10,Chrna3,1.0
27677,Sox10,Cntf,-1.0
27678,Sox10,Col11a2,1.0
27679,Sox10,Col2a1,1.0
27680,Sox10,Commd7,1.0
27681,Sox10,Dct,-1.0
27682,Sox10,Dhh,1.0
27683,Sox10,Ednrb,1.0
27684,Sox10,Egr2,1.0
27685,Sox10,Erbb3,1.0
27686,Sox10,Gjb1,-1.0
27687,Sox10,Gjc2,1.0
27688,Sox10,Jag1,1.0
27689,Sox10,L1cam,1.0
27690,Sox10,Mag,1.0
27691,Sox10,Mbp,1.0
27692,Sox10,Met,1.0
27693,Sox10,Mitf,1.0
27694,Sox10,Mpz,1.0
27695,Sox10,Nes,1.0
27696,Sox10,Nkx2-2,1.0
27697,Sox10,Phox2b,-1.0
27698,Sox10,Pmp22,1.0
27699,Sox10,Ptn,1.0
27700,Sox10,Ret,1.0
27701,Sox10,Sh3kbp1,1.0
27702,Sox10,Smarca1,1.0
27703,Sox10,Sod3,1.0
27704,Sox10,Sufu,1.0
27705,Sox10,Tubb3,1.0
27706,Sox10,Tyr,1.0
27707,Sox10,Zfp91,1.0
27708,Sox11,Bdnf,1.0
27709,Sox11,Dbn1,1.0
27710,Sox11,Gdf5,1.0
27711,Sox11,Hilpda,1.0
27712,Sox11,Pax5,1.0
27713,Sox11,Plagl1,-1.0
27714,Sox11,Setmar,1.0
27715,Sox11,Spast,1.0
27716,Sox11,Tank,1.0
27717,Sox11,Tead2,1.0
27718,Sox11,Tubb3,1.0
27719,Sox11,Wnt4,1.0
27720,Sox14,Mical1,1.0
27721,Sox15,Foxk1,1.0
27722,Sox15,Hrc,1.0
27723,Sox17,Acan,1.0
27724,Sox17,Ache,1.0
27725,Sox17,Adra1d,1.0
27726,Sox17,Axin2,-1.0
27727,Sox17,Bcl2,1.0
27728,Sox17,Ccnd1,1.0
27729,Sox17,Cdkn1a,-1.0
27730,Sox17,Cdkn1c,-1.0
27731,Sox17,Cdkn2b,-1.0
27732,Sox17,Col2a1,1.0
27733,Sox17,Comp,1.0
27734,Sox17,Cryab,1.0
27735,Sox17,Csnk1a1,-1.0
27736,Sox17,Ctnnb1,-1.0
27737,Sox17,Cxcr4,1.0
27738,Sox17,Cyp17a1,1.0
27739,Sox17,Dmrt1,1.0
27740,Sox17,Esr1,1.0
27741,Sox17,Fgf4,1.0
27742,Sox17,Fn1,-1.0
27743,Sox17,Hnf4a,1.0
27744,Sox17,Hp,1.0
27745,Sox17,Hspb2,1.0
27746,Sox17,Ibsp,1.0
27747,Sox17,Ier3,1.0
27748,Sox17,Kdr,1.0
27749,Sox17,Lama1,1.0
27750,Sox17,Lef1,-1.0
27751,Sox17,Macc1,-1.0
27752,Sox17,Matn1,1.0
27753,Sox17,Mbp,1.0
27754,Sox17,Nbn,-1.0
27755,Sox17,Nes,1.0
27756,Sox17,Nfat5,-1.0
27757,Sox17,Nfkbib,1.0
27758,Sox17,Pou5f1,1.0
27759,Sox17,Ppig,1.0
27760,Sox17,Robo4,1.0
27761,Sox17,Scgb1a1,1.0
27762,Sox17,Serbp1,-1.0
27763,Sox17,Slurp1,1.0
27764,Sox17,Tbata,1.0
27765,Sox17,Tubb3,1.0
27766,Sox17,Zfp202,1.0
27767,Sox18,Cldn5,1.0
27768,Sox18,Dll4,1.0
27769,Sox18,Mmp7,1.0
27770,Sox18,Oprm1,1.0
27771,Sox18,Prox1,1.0
27772,Sox18,Vcam1,1.0
27773,Sox2,Abcc3,1.0
27774,Sox2,Abcc6,1.0
27775,Sox2,Adam10,1.0
27776,Sox2,Agr2,1.0
27777,Sox2,Ahr,1.0
27778,Sox2,Asxl1,1.0
27779,Sox2,Atoh1,1.0
27780,Sox2,Bdnf,1.0
27781,Sox2,Birc5,1.0
27782,Sox2,Bmp4,-1.0
27783,Sox2,Ccn2,1.0
27784,Sox2,Ccnd1,1.0
27785,Sox2,Ccne1,1.0
27786,Sox2,Cdkn1a,-1.0
27787,Sox2,Cdkn1b,1.0
27788,Sox2,Cdx2,1.0
27789,Sox2,Ctbp2,1.0
27790,Sox2,Ctnnb1,1.0
27791,Sox2,Dkk1,1.0
27792,Sox2,Dppa4,1.0
27793,Sox2,Egfr,1.0
27794,Sox2,Fabp7,1.0
27795,Sox2,Fgf3,-1.0
27796,Sox2,Fgf4,-1.0
27797,Sox2,Foxj1,1.0
27798,Sox2,Gadd45b,1.0
27799,Sox2,Gata6,1.0
27800,Sox2,Gfap,1.0
27801,Sox2,Gli2,1.0
27802,Sox2,Gli3,1.0
27803,Sox2,Hes3,1.0
27804,Sox2,Hes5,1.0
27805,Sox2,Hes6,1.0
27806,Sox2,Hhat,1.0
27807,Sox2,Hoxb1,1.0
27808,Sox2,Hrc,1.0
27809,Sox2,Isl1,-1.0
27810,Sox2,Itga6,1.0
27811,Sox2,Jag1,1.0
27812,Sox2,Kit,1.0
27813,Sox2,L1td1,1.0
27814,Sox2,Lef1,-1.0
27815,Sox2,Lhx3,1.0
27816,Sox2,Lin28a,1.0
27817,Sox2,Mki67,-1.0
27818,Sox2,Mtor,-1.0
27819,Sox2,Muc5ac,1.0
27820,Sox2,Nanog,1.0
27821,Sox2,Ncam1,-1.0
27822,Sox2,Nes,1.0
27823,Sox2,Neurod1,1.0
27824,Sox2,Neurog2,1.0
27825,Sox2,Nkx2-1,1.0
27826,Sox2,Notch1,1.0
27827,Sox2,Nr0b1,1.0
27828,Sox2,Nr2e1,1.0
27829,Sox2,Nr5a2,1.0
27830,Sox2,Ntrk3,1.0
27831,Sox2,Pax6,1.0
27832,Sox2,Pga5,1.0
27833,Sox2,Plac1,-1.0
27834,Sox2,Pou4f2,-1.0
27835,Sox2,Pou5f1,1.0
27836,Sox2,Pqbp1,1.0
27837,Sox2,Prom1,1.0
27838,Sox2,Rbpj,1.0
27839,Sox2,Rho,-1.0
27840,Sox2,Rlim,1.0
27841,Sox2,Scgb1a1,1.0
27842,Sox2,Sema6a,1.0
27843,Sox2,Shh,1.0
27844,Sox2,Six3,1.0
27845,Sox2,Sox21,1.0
27846,Sox2,Sox3,-1.0
27847,Sox2,Spp1,-1.0
27848,Sox2,Trim33,-1.0
27849,Sox2,Trp63,1.0
27850,Sox2,Tubb3,-1.0
27851,Sox2,Tulp3,1.0
27852,Sox2,Twist1,-1.0
27853,Sox2,Utf1,1.0
27854,Sox2,Vim,1.0
27855,Sox2,Zfp42,1.0
27856,Sox2,Zic3,1.0
27857,Sox2,Zscan10,1.0
27858,Sox21,Hes5,1.0
27859,Sox21,Oprm1,1.0
27860,Sox3,Cyp19a1,1.0
27861,Sox3,Fgf3,-1.0
27862,Sox3,Fgf8,-1.0
27863,Sox3,Gmnn,1.0
27864,Sox3,Lmx1b,-1.0
27865,Sox3,Pou5f1,-1.0
27866,Sox3,Sox2,1.0
27867,Sox4,Ago1,1.0
27868,Sox4,Axin2,1.0
27869,Sox4,Bax,-1.0
27870,Sox4,Bbc3,1.0
27871,Sox4,Cald1,1.0
27872,Sox4,Cdh2,1.0
27873,Sox4,Cdkn1a,1.0
27874,Sox4,Dhx9,1.0
27875,Sox4,Dicer1,1.0
27876,Sox4,Dll1,1.0
27877,Sox4,Egfr,1.0
27878,Sox4,Fzd5,1.0
27879,Sox4,Gcg,1.0
27880,Sox4,Gckr,1.0
27881,Sox4,Hdac8,1.0
27882,Sox4,Igll1,1.0
27883,Sox4,Kmt2a,1.0
27884,Sox4,Mecom,1.0
27885,Sox4,Ncam1,1.0
27886,Sox4,Nkx3-1,1.0
27887,Sox4,Ptch1,1.0
27888,Sox4,Sox2,1.0
27889,Sox4,Tnc,1.0
27890,Sox5,Acan,1.0
27891,Sox5,Catsper1,1.0
27892,Sox5,Cdh1,-1.0
27893,Sox5,Cdh2,1.0
27894,Sox5,Col2a1,1.0
27895,Sox5,Comp,1.0
27896,Sox5,Cyp19a1,1.0
27897,Sox5,Dmrt1,-1.0
27898,Sox5,Fn1,1.0
27899,Sox5,Matn1,1.0
27900,Sox5,Nfkbib,1.0
27901,Sox5,Pthlh,1.0
27902,Sox5,Runx2,1.0
27903,Sox5,Sparc,-1.0
27904,Sox5,St6gal2,1.0
27905,Sox5,Tnfsf11,1.0
27906,Sox5,Twist1,1.0
27907,Sox6,Acan,1.0
27908,Sox6,Bcl2l1,1.0
27909,Sox6,Ccna2,-1.0
27910,Sox6,Ccnd1,-1.0
27911,Sox6,Cdk4,-1.0
27912,Sox6,Cdkn1a,1.0
27913,Sox6,Cebpa,1.0
27914,Sox6,Col2a1,1.0
27915,Sox6,Comp,1.0
27916,Sox6,Ctbp2,-1.0
27917,Sox6,Ctnnb1,-1.0
27918,Sox6,Fgf3,-1.0
27919,Sox6,Hbb-bh1,-1.0
27920,Sox6,Hbb-y,-1.0
27921,Sox6,Matn1,1.0
27922,Sox6,Mest,1.0
27923,Sox6,Myh7,-1.0
27924,Sox6,Pparg,1.0
27925,Sox6,Pthlh,1.0
27926,Sox6,Runx2,1.0
27927,Sox6,Socs3,1.0
27928,Sox6,Trp53,1.0
27929,Sox7,Cdh5,1.0
27930,Sox7,Dll4,1.0
27931,Sox7,Fgf3,1.0
27932,Sox7,Gata4,1.0
27933,Sox7,Gata6,1.0
27934,Sox7,Lama1,1.0
27935,Sox8,Amh,1.0
27936,Sox8,Best1,1.0
27937,Sox8,Myog,-1.0
27938,Sox8,Vnn1,1.0
27939,Sox9,Acan,1.0
27940,Sox9,Adam17,1.0
27941,Sox9,Amh,1.0
27942,Sox9,Ar,1.0
27943,Sox9,Bag1,1.0
27944,Sox9,Bcl2,1.0
27945,Sox9,Best1,1.0
27946,Sox9,Bhlhe40,-1.0
27947,Sox9,Bmi1,1.0
27948,Sox9,Btn1a1,1.0
27949,Sox9,Catsper1,1.0
27950,Sox9,Cbln4,1.0
27951,Sox9,Ccn2,-1.0
27952,Sox9,Ccnd1,1.0
27953,Sox9,Cdh2,1.0
27954,Sox9,Cdh5,1.0
27955,Sox9,Cdk4,1.0
27956,Sox9,Cdkn1a,1.0
27957,Sox9,Cdx2,-1.0
27958,Sox9,Cebpb,-1.0
27959,Sox9,Cebpd,-1.0
27960,Sox9,Cldn7,-1.0
27961,Sox9,Col10a1,-1.0
27962,Sox9,Col11a2,1.0
27963,Sox9,Col1a2,1.0
27964,Sox9,Col2a1,1.0
27965,Sox9,Col4a2,1.0
27966,Sox9,Col9a1,1.0
27967,Sox9,Col9a2,1.0
27968,Sox9,Comp,1.0
27969,Sox9,Ctnnb1,-1.0
27970,Sox9,Cyp26b1,1.0
27971,Sox9,Dcc,1.0
27972,Sox9,Dct,1.0
27973,Sox9,Dmbt1,1.0
27974,Sox9,Epyc,1.0
27975,Sox9,Etv2,1.0
27976,Sox9,Fgf9,1.0
27977,Sox9,Fos,-1.0
27978,Sox9,Furin,1.0
27979,Sox9,Gas7,1.0
27980,Sox9,Gcg,-1.0
27981,Sox9,Gjb6,1.0
27982,Sox9,Gli2,1.0
27983,Sox9,Hand2,1.0
27984,Sox9,Hapln1,1.0
27985,Sox9,Hes1,1.0
27986,Sox9,Hpgds,1.0
27987,Sox9,Igfbp4,1.0
27988,Sox9,Itga10,1.0
27989,Sox9,Junb,-1.0
27990,Sox9,Klf4,1.0
27991,Sox9,Lef1,1.0
27992,Sox9,Lxn,1.0
27993,Sox9,Mapk1,1.0
27994,Sox9,Mapk3,1.0
27995,Sox9,Matn1,1.0
27996,Sox9,Mecom,1.0
27997,Sox9,Mitf,1.0
27998,Sox9,Muc2,-1.0
27999,Sox9,Myocd,1.0
28000,Sox9,Nes,1.0
28001,Sox9,Neurog3,1.0
28002,Sox9,Nfia,1.0
28003,Sox9,Nkx3-2,1.0
28004,Sox9,Nr5a1,1.0
28005,Sox9,Ntf3,1.0
28006,Sox9,Nwd1,1.0
28007,Sox9,Pax3,-1.0
28008,Sox9,Pdx1,1.0
28009,Sox9,Phex,1.0
28010,Sox9,Pik3ca,1.0
28011,Sox9,Pitx2,1.0
28012,Sox9,Pou3f2,-1.0
28013,Sox9,Prelp,1.0
28014,Sox9,Pthlh,1.0
28015,Sox9,Rgr,1.0
28016,Sox9,Rlbp1,1.0
28017,Sox9,Rpe65,1.0
28018,Sox9,Runx2,-1.0
28019,Sox9,Rxfp2,1.0
28020,Sox9,Sf1,1.0
28021,Sox9,Sgca,-1.0
28022,Sox9,Shh,1.0
28023,Sox9,Slc6a19,-1.0
28024,Sox9,Snai2,1.0
28025,Sox9,Sox10,-1.0
28026,Sox9,Sox2,1.0
28027,Sox9,Sox4,1.0
28028,Sox9,Spp1,-1.0
28029,Sox9,Sry,1.0
28030,Sox9,Tbx20,1.0
28031,Sox9,Tcf21,1.0
28032,Sox9,Tfap2e,1.0
28033,Sox9,Tubb3,1.0
28034,Sox9,Twist1,1.0
28035,Sox9,Tyr,1.0
28036,Sox9,Vegfa,-1.0
28037,Sox9,Vnn1,1.0
28038,Sox9,Xpo4,1.0
28039,Sp1,A4galt,1.0
28040,Sp1,Aacs,1.0
28041,Sp1,Abca1,1.0
28042,Sp1,Abca2,1.0
28043,Sp1,Abcb8,1.0
28044,Sp1,Abcc1,-1.0
28045,Sp1,Abcc2,1.0
28046,Sp1,Abcc3,1.0
28047,Sp1,Abcc6,1.0
28048,Sp1,Abcc8,1.0
28049,Sp1,Abcg1,1.0
28050,Sp1,Abl1,1.0
28051,Sp1,Abo,1.0
28052,Sp1,Acaca,1.0
28053,Sp1,Acacb,1.0
28054,Sp1,Acan,1.0
28055,Sp1,Acat1,1.0
28056,Sp1,Ache,1.0
28057,Sp1,Ackr1,1.0
28058,Sp1,Acly,-1.0
28059,Sp1,Aco1,1.0
28060,Sp1,Acp5,1.0
28061,Sp1,Acsbg1,1.0
28062,Sp1,Acsl4,1.0
28063,Sp1,Acss1,1.0
28064,Sp1,Acss2,1.0
28065,Sp1,Acta1,1.0
28066,Sp1,Acta2,1.0
28067,Sp1,Actc1,1.0
28068,Sp1,Actg2,1.0
28069,Sp1,Acvrl1,1.0
28070,Sp1,Ada,1.0
28071,Sp1,Adam10,1.0
28072,Sp1,Adam15,1.0
28073,Sp1,Adam17,1.0
28074,Sp1,Adam23,1.0
28075,Sp1,Adamts1,1.0
28076,Sp1,Adamts13,1.0
28077,Sp1,Adamts16,1.0
28078,Sp1,Adamts4,1.0
28079,Sp1,Adcy4,1.0
28080,Sp1,Adgre5,1.0
28081,Sp1,Adgrg1,1.0
28082,Sp1,Adh1,1.0
28083,Sp1,Adh5,1.0
28084,Sp1,Adipoq,1.0
28085,Sp1,Adm,1.0
28086,Sp1,Ado,1.0
28087,Sp1,Adra1a,1.0
28088,Sp1,Adra1b,1.0
28089,Sp1,Adra1d,1.0
28090,Sp1,Adra2a,1.0
28091,Sp1,Adra2b,1.0
28092,Sp1,Adrb1,1.0
28093,Sp1,Adrb3,1.0
28094,Sp1,Aebp1,1.0
28095,Sp1,Aga,1.0
28096,Sp1,Ager,1.0
28097,Sp1,Agt,1.0
28098,Sp1,Agtrap,1.0
28099,Sp1,Agxt,1.0
28100,Sp1,Ahr,-1.0
28101,Sp1,Akap12,1.0
28102,Sp1,Akt1,1.0
28103,Sp1,Alas2,1.0
28104,Sp1,Alcam,1.0
28105,Sp1,Aldh3a1,1.0
28106,Sp1,Aldh7a1,1.0
28107,Sp1,Aldoc,1.0
28108,Sp1,Alg3,1.0
28109,Sp1,Alms1,1.0
28110,Sp1,Alox12,1.0
28111,Sp1,Alox5,1.0
28112,Sp1,Alox8,1.0
28113,Sp1,Amacr,1.0
28114,Sp1,Anxa5,1.0
28115,Sp1,Apaf1,1.0
28116,Sp1,Apbb1,1.0
28117,Sp1,Apex1,-1.0
28118,Sp1,Apln,1.0
28119,Sp1,Aplnr,1.0
28120,Sp1,Apoa1,1.0
28121,Sp1,Apob,1.0
28122,Sp1,Apoc3,1.0
28123,Sp1,Apoe,1.0
28124,Sp1,App,1.0
28125,Sp1,Aprt,1.0
28126,Sp1,Aqp5,1.0
28127,Sp1,Ar,1.0
28128,Sp1,Areg,1.0
28129,Sp1,Arf6,1.0
28130,Sp1,Arg1,1.0
28131,Sp1,Arhgap18,1.0
28132,Sp1,Arhgdia,1.0
28133,Sp1,Arnt,1.0
28134,Sp1,Ascl1,1.0
28135,Sp1,Asf1a,1.0
28136,Sp1,Asf1b,1.0
28137,Sp1,Asns,1.0
28138,Sp1,Asph,1.0
28139,Sp1,Aspn,1.0
28140,Sp1,Atf2,1.0
28141,Sp1,Atm,1.0
28142,Sp1,Atp12a,1.0
28143,Sp1,Atp1a1,1.0
28144,Sp1,Atp1a2,1.0
28145,Sp1,Atp1a3,1.0
28146,Sp1,Atp1b1,1.0
28147,Sp1,Atp2a2,1.0
28148,Sp1,Atp2a3,1.0
28149,Sp1,Atp2c1,1.0
28150,Sp1,Atp7a,1.0
28151,Sp1,Avp,1.0
28152,Sp1,Axl,1.0
28153,Sp1,B3gat3,1.0
28154,Sp1,B3gnt9,1.0
28155,Sp1,B4galt1,1.0
28156,Sp1,B4galt5,1.0
28157,Sp1,Bace1,1.0
28158,Sp1,Bace2,1.0
28159,Sp1,Bach1,1.0
28160,Sp1,Bag2,1.0
28161,Sp1,Bax,1.0
28162,Sp1,Bbc3,1.0
28163,Sp1,Bcl2,1.0
28164,Sp1,Bcl2l1,1.0
28165,Sp1,Bdkrb1,1.0
28166,Sp1,Bdnf,1.0
28167,Sp1,Bgn,1.0
28168,Sp1,Birc5,1.0
28169,Sp1,Blmh,1.0
28170,Sp1,Bloc1s3,1.0
28171,Sp1,Bloc1s6,1.0
28172,Sp1,Bmal1,1.0
28173,Sp1,Bmi1,1.0
28174,Sp1,Bmp2,1.0
28175,Sp1,Bmp4,1.0
28176,Sp1,Bmp6,1.0
28177,Sp1,Bmp7,1.0
28178,Sp1,Bmpr1a,1.0
28179,Sp1,Brca1,1.0
28180,Sp1,Brd1,1.0
28181,Sp1,Brd7,1.0
28182,Sp1,Brk1,1.0
28183,Sp1,Bsg,1.0
28184,Sp1,Bsx,1.0
28185,Sp1,Btk,1.0
28186,Sp1,C1qbp,1.0
28187,Sp1,C1qtnf3,1.0
28188,Sp1,C4b,1.0
28189,Sp1,Cacna1a,1.0
28190,Sp1,Cacna1g,1.0
28191,Sp1,Cad,1.0
28192,Sp1,Cadm1,1.0
28193,Sp1,Calca,1.0
28194,Sp1,Calm1,1.0
28195,Sp1,Calm3,1.0
28196,Sp1,Car2,1.0
28197,Sp1,Car9,1.0
28198,Sp1,Carm1,1.0
28199,Sp1,Casp3,1.0
28200,Sp1,Casp8,1.0
28201,Sp1,Cat,1.0
28202,Sp1,Cav1,1.0
28203,Sp1,Cav3,1.0
28204,Sp1,Cbfb,1.0
28205,Sp1,Cbs,1.0
28206,Sp1,Cck,1.0
28207,Sp1,Cckbr,1.0
28208,Sp1,Ccl19,1.0
28209,Sp1,Ccl20,1.0
28210,Sp1,Ccl5,1.0
28211,Sp1,Ccn2,1.0
28212,Sp1,Ccna1,1.0
28213,Sp1,Ccna2,-1.0
28214,Sp1,Ccnb1,-1.0
28215,Sp1,Ccnd1,1.0
28216,Sp1,Ccnd2,1.0
28217,Sp1,Ccnd3,1.0
28218,Sp1,Ccne1,1.0
28219,Sp1,Ccng2,1.0
28220,Sp1,Ccr7,1.0
28221,Sp1,Cd14,1.0
28222,Sp1,Cd151,1.0
28223,Sp1,Cd163,1.0
28224,Sp1,Cd19,1.0
28225,Sp1,Cd248,1.0
28226,Sp1,Cd28,1.0
28227,Sp1,Cd2ap,1.0
28228,Sp1,Cd34,1.0
28229,Sp1,Cd40,1.0
28230,Sp1,Cd44,1.0
28231,Sp1,Cd7,1.0
28232,Sp1,Cd74,1.0
28233,Sp1,Cd82,1.0
28234,Sp1,Cd83,1.0
28235,Sp1,Cd9,1.0
28236,Sp1,Cdc25a,1.0
28237,Sp1,Cdc25b,1.0
28238,Sp1,Cdc25c,1.0
28239,Sp1,Cdc42bpg,1.0
28240,Sp1,Cdh1,1.0
28241,Sp1,Cdh11,1.0
28242,Sp1,Cdh13,1.0
28243,Sp1,Cdh2,1.0
28244,Sp1,Cdh3,1.0
28245,Sp1,Cdh5,1.0
28246,Sp1,Cdk1,1.0
28247,Sp1,Cdk2,1.0
28248,Sp1,Cdk4,1.0
28249,Sp1,Cdk5,1.0
28250,Sp1,Cdk5r2,1.0
28251,Sp1,Cdk6,-1.0
28252,Sp1,Cdkn1a,1.0
28253,Sp1,Cdkn1b,1.0
28254,Sp1,Cdkn1c,1.0
28255,Sp1,Cdkn2a,1.0
28256,Sp1,Cdkn2b,1.0
28257,Sp1,Cdkn2c,1.0
28258,Sp1,Cebpa,-1.0
28259,Sp1,Cebpd,1.0
28260,Sp1,Cend1,1.0
28261,Sp1,Cenph,1.0
28262,Sp1,Cenpw,1.0
28263,Sp1,Cenpx,1.0
28264,Sp1,Cep131,1.0
28265,Sp1,Cers2,1.0
28266,Sp1,Cflar,1.0
28267,Sp1,Cftr,1.0
28268,Sp1,Cga,1.0
28269,Sp1,Chd5,1.0
28270,Sp1,Chga,1.0
28271,Sp1,Chgb,1.0
28272,Sp1,Chi3l1,1.0
28273,Sp1,Chrna2,1.0
28274,Sp1,Chrna3,1.0
28275,Sp1,Chrnb4,1.0
28276,Sp1,Chst4,1.0
28277,Sp1,Cic,1.0
28278,Sp1,Cidea,1.0
28279,Sp1,Cirbp,1.0
28280,Sp1,Cish,1.0
28281,Sp1,Ckm,1.0
28282,Sp1,Clcn2,1.0
28283,Sp1,Cldn1,1.0
28284,Sp1,Cldn19,1.0
28285,Sp1,Cldn3,1.0
28286,Sp1,Clmp,-1.0
28287,Sp1,Clu,1.0
28288,Sp1,Col10a1,1.0
28289,Sp1,Col11a2,1.0
28290,Sp1,Col18a1,1.0
28291,Sp1,Col1a1,-1.0
28292,Sp1,Col1a2,1.0
28293,Sp1,Col2a1,1.0
28294,Sp1,Col3a1,1.0
28295,Sp1,Col5a1,1.0
28296,Sp1,Col5a2,1.0
28297,Sp1,Col5a3,1.0
28298,Sp1,Col6a1,1.0
28299,Sp1,Col7a1,1.0
28300,Sp1,Col8a1,1.0
28301,Sp1,Comp,1.0
28302,Sp1,Cops5,1.0
28303,Sp1,Cox17,1.0
28304,Sp1,Cox4i1,1.0
28305,Sp1,Cox6a1,1.0
28306,Sp1,Cp,1.0
28307,Sp1,Cpox,1.0
28308,Sp1,Cr1l,1.0
28309,Sp1,Creb1,1.0
28310,Sp1,Crebbp,1.0
28311,Sp1,Crem,1.0
28312,Sp1,Crmp1,-1.0
28313,Sp1,Cryab,1.0
28314,Sp1,Csf1,-1.0
28315,Sp1,Csf2,1.0
28316,Sp1,Csnk2a1,1.0
28317,Sp1,Csrp2,1.0
28318,Sp1,Cth,1.0
28319,Sp1,Ctns,1.0
28320,Sp1,Ctsb,1.0
28321,Sp1,Ctsd,1.0
28322,Sp1,Ctse,1.0
28323,Sp1,Ctsg,1.0
28324,Sp1,Ctsl,1.0
28325,Sp1,Cxcl12,1.0
28326,Sp1,Cxcl14,1.0
28327,Sp1,Cxcl5,1.0
28328,Sp1,Cxcr4,1.0
28329,Sp1,Cybrd1,1.0
28330,Sp1,Cygb,1.0
28331,Sp1,Cyp11a1,1.0
28332,Sp1,Cyp17a1,1.0
28333,Sp1,Cyp19a1,1.0
28334,Sp1,Cyp1a1,1.0
28335,Sp1,Cyp1b1,1.0
28336,Sp1,Cyp27a1,1.0
28337,Sp1,Cyp2e1,1.0
28338,Sp1,Cyp2f2,1.0
28339,Sp1,Cyp46a1,1.0
28340,Sp1,Cyp51,1.0
28341,Sp1,Cyp7a1,1.0
28342,Sp1,Cyp7b1,1.0
28343,Sp1,Dag1,1.0
28344,Sp1,Dapk2,1.0
28345,Sp1,Daxx,1.0
28346,Sp1,Dbf4,1.0
28347,Sp1,Dbh,1.0
28348,Sp1,Dcaf6,1.0
28349,Sp1,Dck,1.0
28350,Sp1,Ddb1,1.0
28351,Sp1,Ddb2,1.0
28352,Sp1,Ddit3,1.0
28353,Sp1,Ddit4,1.0
28354,Sp1,Dhcr24,1.0
28355,Sp1,Dhcr7,1.0
28356,Sp1,Dhfr,1.0
28357,Sp1,Dio2,1.0
28358,Sp1,Dkc1,1.0
28359,Sp1,Dlc1,1.0
28360,Sp1,Dlec1,1.0
28361,Sp1,Dlk1,1.0
28362,Sp1,Dlk2,1.0
28363,Sp1,Dlst,1.0
28364,Sp1,Dmd,1.0
28365,Sp1,Dmpk,1.0
28366,Sp1,Dmrt1,1.0
28367,Sp1,Dnase2a,1.0
28368,Sp1,Dnmt1,1.0
28369,Sp1,Dnmt3a,1.0
28370,Sp1,Dnmt3b,1.0
28371,Sp1,Dok7,1.0
28372,Sp1,Dpyd,1.0
28373,Sp1,Dpysl2,1.0
28374,Sp1,Drd1,1.0
28375,Sp1,Drd2,1.0
28376,Sp1,Drg2,1.0
28377,Sp1,Duoxa1,1.0
28378,Sp1,Dut,1.0
28379,Sp1,E2f1,1.0
28380,Sp1,Eapp,1.0
28381,Sp1,Ebp,1.0
28382,Sp1,Ecel1,1.0
28383,Sp1,Ecm1,1.0
28384,Sp1,Edf1,1.0
28385,Sp1,Ednrb,1.0
28386,Sp1,Eef1a1,1.0
28387,Sp1,Eef1a2,1.0
28388,Sp1,Efnb2,1.0
28389,Sp1,Egf,1.0
28390,Sp1,Egfr,-1.0
28391,Sp1,Egr1,1.0
28392,Sp1,Eif2ak1,1.0
28393,Sp1,Eif2ak2,1.0
28394,Sp1,Elane,1.0
28395,Sp1,Elavl1,1.0
28396,Sp1,Elf1,1.0
28397,Sp1,Elf4,1.0
28398,Sp1,Elmo3,1.0
28399,Sp1,Eln,1.0
28400,Sp1,Emb,1.0
28401,Sp1,Emc7,1.0
28402,Sp1,Eng,1.0
28403,Sp1,Epas1,1.0
28404,Sp1,Ephb1,1.0
28405,Sp1,Ephb2,1.0
28406,Sp1,Ephx1,1.0
28407,Sp1,Ephx2,-1.0
28408,Sp1,Epo,1.0
28409,Sp1,Epor,-1.0
28410,Sp1,Erbb2,1.0
28411,Sp1,Ercc3,1.0
28412,Sp1,Ereg,1.0
28413,Sp1,Esr1,1.0
28414,Sp1,Esr2,1.0
28415,Sp1,Ets1,1.0
28416,Sp1,Ets2,1.0
28417,Sp1,Etv2,1.0
28418,Sp1,Evpl,1.0
28419,Sp1,Exo1,1.0
28420,Sp1,Ezr,1.0
28421,Sp1,F10,1.0
28422,Sp1,F13a1,1.0
28423,Sp1,F2,1.0
28424,Sp1,F2r,1.0
28425,Sp1,F3,1.0
28426,Sp1,F7,1.0
28427,Sp1,Fabp6,1.0
28428,Sp1,Fas,1.0
28429,Sp1,Fasl,1.0
28430,Sp1,Fasn,1.0
28431,Sp1,Fbln1,1.0
28432,Sp1,Fbn1,1.0
28433,Sp1,Fbp1,1.0
28434,Sp1,Fcer1g,1.0
28435,Sp1,Fdx1,1.0
28436,Sp1,Fech,1.0
28437,Sp1,Fes,1.0
28438,Sp1,Fezf1,1.0
28439,Sp1,Fgf10,1.0
28440,Sp1,Fgf2,1.0
28441,Sp1,Fgf21,1.0
28442,Sp1,Fgf4,1.0
28443,Sp1,Fgfbp1,1.0
28444,Sp1,Fgfr1,1.0
28445,Sp1,Fgfr3,1.0
28446,Sp1,Fgfr4,1.0
28447,Sp1,Fgg,1.0
28448,Sp1,Fgl2,1.0
28449,Sp1,Fhl2,1.0
28450,Sp1,Flna,1.0
28451,Sp1,Flt1,1.0
28452,Sp1,Fmr1,1.0
28453,Sp1,Fn1,1.0
28454,Sp1,Folr1,1.0
28455,Sp1,Folr2,1.0
28456,Sp1,Fos,1.0
28457,Sp1,Fosb,1.0
28458,Sp1,Fosl1,1.0
28459,Sp1,Foxa1,-1.0
28460,Sp1,Foxm1,1.0
28461,Sp1,Foxp3,1.0
28462,Sp1,Fpgs,1.0
28463,Sp1,Fscn1,1.0
28464,Sp1,Fst,1.0
28465,Sp1,Fth1,1.0
28466,Sp1,Ftmt,1.0
28467,Sp1,Furin,1.0
28468,Sp1,Fus,1.0
28469,Sp1,Fut4,1.0
28470,Sp1,Fxr2,1.0
28471,Sp1,Fyn,1.0
28472,Sp1,Fzd5,1.0
28473,Sp1,Gabpa,1.0
28474,Sp1,Gabra6,1.0
28475,Sp1,Gabrb3,1.0
28476,Sp1,Gad2,1.0
28477,Sp1,Gal,1.0
28478,Sp1,Gast,1.0
28479,Sp1,Gata1,1.0
28480,Sp1,Gata3,1.0
28481,Sp1,Gata4,1.0
28482,Sp1,Gata6,1.0
28483,Sp1,Gc,1.0
28484,Sp1,Gch1,1.0
28485,Sp1,Gck,1.0
28486,Sp1,Gclc,1.0
28487,Sp1,Gcnt1,1.0
28488,Sp1,Gda,1.0
28489,Sp1,Gdf15,1.0
28490,Sp1,Gdf5,1.0
28491,Sp1,Gfap,1.0
28492,Sp1,Gfer,1.0
28493,Sp1,Ggh,1.0
28494,Sp1,Gh,1.0
28495,Sp1,Ghr,1.0
28496,Sp1,Gipr,1.0
28497,Sp1,Git1,1.0
28498,Sp1,Gja5,1.0
28499,Sp1,Gjb1,1.0
28500,Sp1,Gjb2,1.0
28501,Sp1,Gls2,1.0
28502,Sp1,Gltp,1.0
28503,Sp1,Gm2a,1.0
28504,Sp1,Gnai2,1.0
28505,Sp1,Gnrh1,1.0
28506,Sp1,Gp6,1.0
28507,Sp1,Gpc3,1.0
28508,Sp1,Gpc4,1.0
28509,Sp1,Gpr39,1.0
28510,Sp1,Gria1,1.0
28511,Sp1,Gria2,1.0
28512,Sp1,Grin1,1.0
28513,Sp1,Grk2,1.0
28514,Sp1,Grp,1.0
28515,Sp1,Gsn,1.0
28516,Sp1,Gspt1,1.0
28517,Sp1,Gstk1,1.0
28518,Sp1,Gstm7,1.0
28519,Sp1,Gtf2b,1.0
28520,Sp1,Gucy1a1,1.0
28521,Sp1,Gypa,1.0
28522,Sp1,H1f6,1.0
28523,Sp1,H2-Aa,1.0
28524,Sp1,H2-Ab1,1.0
28525,Sp1,H2az1,1.0
28526,Sp1,Has1,1.0
28527,Sp1,Has2,-1.0
28528,Sp1,Hba-x,1.0
28529,Sp1,Hbb-bh1,1.0
28530,Sp1,Hbegf,1.0
28531,Sp1,Hck,1.0
28532,Sp1,Hcn2,1.0
28533,Sp1,Hcn4,1.0
28534,Sp1,Hdac4,1.0
28535,Sp1,Hdac7,1.0
28536,Sp1,Hdc,1.0
28537,Sp1,Hdlbp,1.0
28538,Sp1,Hgf,1.0
28539,Sp1,Hhex,1.0
28540,Sp1,Hif1a,1.0
28541,Sp1,Hinfp,1.0
28542,Sp1,Hk2,1.0
28543,Sp1,Hltf,1.0
28544,Sp1,Hmbs,1.0
28545,Sp1,Hmga2,1.0
28546,Sp1,Hmgcs2,1.0
28547,Sp1,Hmox1,1.0
28548,Sp1,Hnf4a,1.0
28549,Sp1,Hoxa4,1.0
28550,Sp1,Hoxb7,1.0
28551,Sp1,Hp,1.0
28552,Sp1,Hpgds,1.0
28553,Sp1,Hpn,1.0
28554,Sp1,Hpse,1.0
28555,Sp1,Hras,1.0
28556,Sp1,Hsd11b2,1.0
28557,Sp1,Hsd17b1,1.0
28558,Sp1,Hsd17b11,1.0
28559,Sp1,Hsd17b2,1.0
28560,Sp1,Hsd17b4,1.0
28561,Sp1,Hsd17b7,1.0
28562,Sp1,Hsf1,1.0
28563,Sp1,Hspa4,1.0
28564,Sp1,Hspb1,1.0
28565,Sp1,Hspb2,1.0
28566,Sp1,Htr1a,1.0
28567,Sp1,Htr7,1.0
28568,Sp1,Htt,1.0
28569,Sp1,Hyal1,-1.0
28570,Sp1,Ibsp,1.0
28571,Sp1,Icam1,1.0
28572,Sp1,Id1,1.0
28573,Sp1,Id4,-1.0
28574,Sp1,Ier3,1.0
28575,Sp1,Ifitm5,1.0
28576,Sp1,Ifng,1.0
28577,Sp1,Ifngr1,1.0
28578,Sp1,Igf1,1.0
28579,Sp1,Igf1r,1.0
28580,Sp1,Igf2,1.0
28581,Sp1,Igfbp1,1.0
28582,Sp1,Igfbp2,1.0
28583,Sp1,Igfbp3,1.0
28584,Sp1,Igfbp4,1.0
28585,Sp1,Igfbp7,1.0
28586,Sp1,Ikbkb,1.0
28587,Sp1,Il10,1.0
28588,Sp1,Il12a,1.0
28589,Sp1,Il12b,1.0
28590,Sp1,Il1a,1.0
28591,Sp1,Il1b,1.0
28592,Sp1,Il2,1.0
28593,Sp1,Il21r,1.0
28594,Sp1,Il24,1.0
28595,Sp1,Il2rb,1.0
28596,Sp1,Il3,1.0
28597,Sp1,Il4,1.0
28598,Sp1,Il6,1.0
28599,Sp1,Ilk,1.0
28600,Sp1,Impdh2,1.0
28601,Sp1,Inpp5j,1.0
28602,Sp1,Insr,1.0
28603,Sp1,Ip6k2,1.0
28604,Sp1,Irf3,1.0
28605,Sp1,Irf5,1.0
28606,Sp1,Irs2,1.0
28607,Sp1,Isg20,1.0
28608,Sp1,Itga11,1.0
28609,Sp1,Itga2,1.0
28610,Sp1,Itga2b,-1.0
28611,Sp1,Itga5,1.0
28612,Sp1,Itga6,1.0
28613,Sp1,Itgad,1.0
28614,Sp1,Itgam,1.0
28615,Sp1,Itgav,-1.0
28616,Sp1,Itgax,1.0
28617,Sp1,Itgb3,-1.0
28618,Sp1,Itih3,1.0
28619,Sp1,Ivl,1.0
28620,Sp1,Jak3,1.0
28621,Sp1,Jam2,1.0
28622,Sp1,Jun,1.0
28623,Sp1,Jund,1.0
28624,Sp1,Kat2b,1.0
28625,Sp1,Kat5,1.0
28626,Sp1,Kcna5,1.0
28627,Sp1,Kcne1,1.0
28628,Sp1,Kcnh2,1.0
28629,Sp1,Kcnj2,1.0
28630,Sp1,Kcnmb1,1.0
28631,Sp1,Kcnn3,1.0
28632,Sp1,Kcnq1,1.0
28633,Sp1,Kcnq2,1.0
28634,Sp1,Kcnq3,1.0
28635,Sp1,Kcnq5,1.0
28636,Sp1,Kctd10,1.0
28637,Sp1,Kctd11,1.0
28638,Sp1,Kctd13,-1.0
28639,Sp1,Kdm5b,1.0
28640,Sp1,Kdr,-1.0
28641,Sp1,Keap1,1.0
28642,Sp1,Kel,-1.0
28643,Sp1,Kif2c,1.0
28644,Sp1,Kifbp,1.0
28645,Sp1,Kirrel2,1.0
28646,Sp1,Kiss1r,1.0
28647,Sp1,Kit,1.0
28648,Sp1,Kl,1.0
28649,Sp1,Klf13,1.0
28650,Sp1,Klf16,1.0
28651,Sp1,Klf4,1.0
28652,Sp1,Klf6,1.0
28653,Sp1,Klf8,1.0
28654,Sp1,Kmt2a,1.0
28655,Sp1,Kntc1,1.0
28656,Sp1,Kras,1.0
28657,Sp1,Krt14,-1.0
28658,Sp1,Krt16,1.0
28659,Sp1,Krt18,1.0
28660,Sp1,Krt19,1.0
28661,Sp1,Krt4,1.0
28662,Sp1,Krt5,1.0
28663,Sp1,L1cam,1.0
28664,Sp1,Lama1,1.0
28665,Sp1,Lama3,1.0
28666,Sp1,Lamc1,1.0
28667,Sp1,Lamtor5,1.0
28668,Sp1,Large1,1.0
28669,Sp1,Lat,1.0
28670,Sp1,Lbr,1.0
28671,Sp1,Lcat,1.0
28672,Sp1,Lcp1,1.0
28673,Sp1,Ldha,1.0
28674,Sp1,Ldhc,1.0
28675,Sp1,Ldlr,1.0
28676,Sp1,Lep,1.0
28677,Sp1,Lgals1,1.0
28678,Sp1,Lgals3,1.0
28679,Sp1,Lhb,1.0
28680,Sp1,Lhcgr,1.0
28681,Sp1,Lhx3,1.0
28682,Sp1,Lhx4,1.0
28683,Sp1,Lin28a,1.0
28684,Sp1,Lipa,1.0
28685,Sp1,Lipe,1.0
28686,Sp1,Liph,1.0
28687,Sp1,Litaf,1.0
28688,Sp1,Lmna,1.0
28689,Sp1,Lmo4,1.0
28690,Sp1,Lmx1a,1.0
28691,Sp1,Lor,1.0
28692,Sp1,Loxl4,1.0
28693,Sp1,Lpl,1.0
28694,Sp1,Lrp2,1.0
28695,Sp1,Lrp5,1.0
28696,Sp1,Lsp1,1.0
28697,Sp1,Lta,1.0
28698,Sp1,Ltb,1.0
28699,Sp1,Ltbp4,1.0
28700,Sp1,Ltc4s,1.0
28701,Sp1,Ltf,1.0
28702,Sp1,Lypd3,1.0
28703,Sp1,Macc1,1.0
28704,Sp1,Macrod1,1.0
28705,Sp1,Magea4,1.0
28706,Sp1,Maoa,1.0
28707,Sp1,Maob,1.0
28708,Sp1,Map2k1,1.0
28709,Sp1,Map3k1,1.0
28710,Sp1,Map3k5,1.0
28711,Sp1,Mapk1,1.0
28712,Sp1,Mapk14,1.0
28713,Sp1,Mapk8,1.0
28714,Sp1,Mat2a,1.0
28715,Sp1,Mat2b,1.0
28716,Sp1,Maz,1.0
28717,Sp1,Mb,1.0
28718,Sp1,Mbp,1.0
28719,Sp1,Mcam,1.0
28720,Sp1,Mcl1,1.0
28721,Sp1,Mcts1,1.0
28722,Sp1,Mdc1,1.0
28723,Sp1,Mdm2,1.0
28724,Sp1,Me1,1.0
28725,Sp1,Me3,1.0
28726,Sp1,Mecp2,1.0
28727,Sp1,Mefv,1.0
28728,Sp1,Men1,1.0
28729,Sp1,Met,1.0
28730,Sp1,Mfn2,1.0
28731,Sp1,Mgarp,1.0
28732,Sp1,Mgat1,1.0
28733,Sp1,Mgmt,-1.0
28734,Sp1,Mgp,1.0
28735,Sp1,Mgst1,1.0
28736,Sp1,Mier1,1.0
28737,Sp1,Mif,1.0
28738,Sp1,Mill2,1.0
28739,Sp1,Mip,1.0
28740,Sp1,Mki67,1.0
28741,Sp1,Mlx,1.0
28742,Sp1,Mme,1.0
28743,Sp1,Mmp11,1.0
28744,Sp1,Mmp14,-1.0
28745,Sp1,Mmp2,1.0
28746,Sp1,Mmp28,1.0
28747,Sp1,Mmp9,1.0
28748,Sp1,Mmrn1,1.0
28749,Sp1,Mmut,1.0
28750,Sp1,Mpg,1.0
28751,Sp1,Mpl,1.0
28752,Sp1,Mpo,1.0
28753,Sp1,Mrap,1.0
28754,Sp1,Mrgprf,1.0
28755,Sp1,Ms4a1,1.0
28756,Sp1,Msh6,1.0
28757,Sp1,Msrb1,1.0
28758,Sp1,Mst1r,1.0
28759,Sp1,Mstn,1.0
28760,Sp1,Msx1,1.0
28761,Sp1,Mt1,1.0
28762,Sp1,Mt2,1.0
28763,Sp1,Mta1,1.0
28764,Sp1,Mta2,1.0
28765,Sp1,Mttp,-1.0
28766,Sp1,Muc1,1.0
28767,Sp1,Muc2,1.0
28768,Sp1,Muc4,1.0
28769,Sp1,Muc5ac,1.0
28770,Sp1,Muc5b,1.0
28771,Sp1,Muc6,1.0
28772,Sp1,Mvp,1.0
28773,Sp1,Myb,1.0
28774,Sp1,Mybl1,1.0
28775,Sp1,Mybl2,1.0
28776,Sp1,Myc,1.0
28777,Sp1,Myh11,1.0
28778,Sp1,Myh13,1.0
28779,Sp1,Myod1,1.0
28780,Sp1,Nab2,1.0
28781,Sp1,Nags,1.0
28782,Sp1,Nanog,1.0
28783,Sp1,Napepld,1.0
28784,Sp1,Nasp,1.0
28785,Sp1,Ncoa3,1.0
28786,Sp1,Ndrg1,1.0
28787,Sp1,Ndufs8,1.0
28788,Sp1,Ndufv1,1.0
28789,Sp1,Ndufv2,1.0
28790,Sp1,Nectin2,1.0
28791,Sp1,Nefl,1.0
28792,Sp1,Nes,1.0
28793,Sp1,Neu1,1.0
28794,Sp1,Neu3,1.0
28795,Sp1,Nf1,1.0
28796,Sp1,Nf2,1.0
28797,Sp1,Nfatc1,1.0
28798,Sp1,Nfatc2,1.0
28799,Sp1,Nfic,1.0
28800,Sp1,Nfkb1,1.0
28801,Sp1,Nfkb2,1.0
28802,Sp1,Nfkbia,1.0
28803,Sp1,Nfya,1.0
28804,Sp1,Ngb,1.0
28805,Sp1,Ngf,1.0
28806,Sp1,Ngfr,-1.0
28807,Sp1,Nkx2-1,1.0
28808,Sp1,Nkx3-1,1.0
28809,Sp1,Nme5,1.0
28810,Sp1,Nol7,1.0
28811,Sp1,Nos1,1.0
28812,Sp1,Nos2,1.0
28813,Sp1,Nos3,1.0
28814,Sp1,Notch1,1.0
28815,Sp1,Nox1,1.0
28816,Sp1,Nox4,1.0
28817,Sp1,Nphs1,1.0
28818,Sp1,Npm3,1.0
28819,Sp1,Nppa,1.0
28820,Sp1,Npr1,1.0
28821,Sp1,Npy,1.0
28822,Sp1,Nqo2,1.0
28823,Sp1,Nr3c1,1.0
28824,Sp1,Nr3c2,1.0
28825,Sp1,Nr4a1,1.0
28826,Sp1,Nr5a1,1.0
28827,Sp1,Nrf1,1.0
28828,Sp1,Nrip1,1.0
28829,Sp1,Nrp1,1.0
28830,Sp1,Nt5e,1.0
28831,Sp1,Ntf3,1.0
28832,Sp1,Ntf5,1.0
28833,Sp1,Ntrk1,1.0
28834,Sp1,Oat,1.0
28835,Sp1,Odc1,1.0
28836,Sp1,Oprd1,1.0
28837,Sp1,Oprk1,1.0
28838,Sp1,Oprm1,1.0
28839,Sp1,Orc2,1.0
28840,Sp1,Osm,1.0
28841,Sp1,Oxct1,1.0
28842,Sp1,Oxtr,1.0
28843,Sp1,P2rx1,1.0
28844,Sp1,P2rx4,-1.0
28845,Sp1,P2rx7,1.0
28846,Sp1,P4ha1,1.0
28847,Sp1,Padi1,1.0
28848,Sp1,Padi2,1.0
28849,Sp1,Padi3,1.0
28850,Sp1,Padi4,1.0
28851,Sp1,Papss1,1.0
28852,Sp1,Papss2,1.0
28853,Sp1,Parg,1.0
28854,Sp1,Park7,1.0
28855,Sp1,Parp1,1.0
28856,Sp1,Pax3,1.0
28857,Sp1,Pax6,1.0
28858,Sp1,Pck1,1.0
28859,Sp1,Pcna,1.0
28860,Sp1,Pcx,1.0
28861,Sp1,Pcyt1a,1.0
28862,Sp1,Pdcd4,1.0
28863,Sp1,Pde6a,1.0
28864,Sp1,Pde6b,1.0
28865,Sp1,Pdgfa,1.0
28866,Sp1,Pdgfb,1.0
28867,Sp1,Pdgfc,1.0
28868,Sp1,Pdgfd,1.0
28869,Sp1,Pdgfra,1.0
28870,Sp1,Pdia2,1.0
28871,Sp1,Pdia3,1.0
28872,Sp1,Pdk4,1.0
28873,Sp1,Pdlim7,1.0
28874,Sp1,Pdpn,1.0
28875,Sp1,Pdx1,1.0
28876,Sp1,Pdyn,1.0
28877,Sp1,Pecam1,1.0
28878,Sp1,Pelo,1.0
28879,Sp1,Pemt,-1.0
28880,Sp1,Per1,1.0
28881,Sp1,Per3,1.0
28882,Sp1,Pglyrp2,1.0
28883,Sp1,Pgr,1.0
28884,Sp1,Phgdh,1.0
28885,Sp1,Pias4,1.0
28886,Sp1,Pik3r1,1.0
28887,Sp1,Pim1,1.0
28888,Sp1,Pkd1,1.0
28889,Sp1,Pkm,1.0
28890,Sp1,Pla2g4a,1.0
28891,Sp1,Plaa,1.0
28892,Sp1,Plaat1,1.0
28893,Sp1,Plaat3,1.0
28894,Sp1,Plac1,1.0
28895,Sp1,Plat,1.0
28896,Sp1,Plau,1.0
28897,Sp1,Plaur,1.0
28898,Sp1,Pld1,1.0
28899,Sp1,Plg,1.0
28900,Sp1,Plin2,1.0
28901,Sp1,Plk4,-1.0
28902,Sp1,Plp1,1.0
28903,Sp1,Pmaip1,-1.0
28904,Sp1,Pmepa1,-1.0
28905,Sp1,Pml,1.0
28906,Sp1,Pnmt,1.0
28907,Sp1,Pnoc,1.0
28908,Sp1,Podxl,1.0
28909,Sp1,Pola1,1.0
28910,Sp1,Polb,-1.0
28911,Sp1,Pold1,1.0
28912,Sp1,Pold2,1.0
28913,Sp1,Poldip3,1.0
28914,Sp1,Pole2,1.0
28915,Sp1,Poli,1.0
28916,Sp1,Poll,1.0
28917,Sp1,Pomc,1.0
28918,Sp1,Pon1,1.0
28919,Sp1,Por,1.0
28920,Sp1,Pou1f1,1.0
28921,Sp1,Pou5f1,1.0
28922,Sp1,Ppara,1.0
28923,Sp1,Pparg,1.0
28924,Sp1,Ppl,1.0
28925,Sp1,Ppp1cc,1.0
28926,Sp1,Ppp1r14a,1.0
28927,Sp1,Ppp1r9b,1.0
28928,Sp1,Ppp2ca,1.0
28929,Sp1,Ppp2r1a,1.0
28930,Sp1,Ppp2r1b,1.0
28931,Sp1,Ppp2r2b,1.0
28932,Sp1,Prdm1,1.0
28933,Sp1,Prex1,1.0
28934,Sp1,Prkaa1,1.0
28935,Sp1,Prkaca,1.0
28936,Sp1,Prkca,1.0
28937,Sp1,Prkcb,1.0
28938,Sp1,Prkcd,1.0
28939,Sp1,Prkce,-1.0
28940,Sp1,Prkcg,1.0
28941,Sp1,Prkcz,1.0
28942,Sp1,Prkg1,1.0
28943,Sp1,Prlr,1.0
28944,Sp1,Prm1,1.0
28945,Sp1,Prnp,1.0
28946,Sp1,Proc,1.0
28947,Sp1,Procr,1.0
28948,Sp1,Prom1,1.0
28949,Sp1,Pros1,1.0
28950,Sp1,Proz,1.0
28951,Sp1,Prph,1.0
28952,Sp1,Prss50,1.0
28953,Sp1,Prtn3,1.0
28954,Sp1,Psap,1.0
28955,Sp1,Psen1,1.0
28956,Sp1,Psip1,1.0
28957,Sp1,Psma5,1.0
28958,Sp1,Psmb5,1.0
28959,Sp1,Pten,1.0
28960,Sp1,Ptger4,1.0
28961,Sp1,Ptges,1.0
28962,Sp1,Ptgfr,1.0
28963,Sp1,Ptgir,1.0
28964,Sp1,Ptgis,1.0
28965,Sp1,Ptgs2,1.0
28966,Sp1,Pth,1.0
28967,Sp1,Pth1r,1.0
28968,Sp1,Pthlh,1.0
28969,Sp1,Ptk2,1.0
28970,Sp1,Ptk2b,1.0
28971,Sp1,Ptk6,1.0
28972,Sp1,Ptk7,1.0
28973,Sp1,Ptma,1.0
28974,Sp1,Ptn,1.0
28975,Sp1,Ptpa,1.0
28976,Sp1,Ptprj,1.0
28977,Sp1,Pttg1,1.0
28978,Sp1,Ptx3,-1.0
28979,Sp1,Pyy,1.0
28980,Sp1,Rab20,1.0
28981,Sp1,Rac2,1.0
28982,Sp1,Rad9a,1.0
28983,Sp1,Raf1,1.0
28984,Sp1,Rara,1.0
28985,Sp1,Rarg,1.0
28986,Sp1,Rassf1,1.0
28987,Sp1,Rb1,1.0
28988,Sp1,Rbl2,1.0
28989,Sp1,Reck,1.0
28990,Sp1,Recql4,1.0
28991,Sp1,Rela,1.0
28992,Sp1,Ren1,1.0
28993,Sp1,Rest,1.0
28994,Sp1,Ret,1.0
28995,Sp1,Retn,1.0
28996,Sp1,Rfc1,1.0
28997,Sp1,Rgn,-1.0
28998,Sp1,Rho,1.0
28999,Sp1,Ripk1,1.0
29000,Sp1,Rlim,1.0
29001,Sp1,Rnls,1.0
29002,Sp1,Robo4,1.0
29003,Sp1,Rora,1.0
29004,Sp1,Ros1,1.0
29005,Sp1,Rps27a,1.0
29006,Sp1,Rps3a1,1.0
29007,Sp1,Rrm1,1.0
29008,Sp1,Rrm2,1.0
29009,Sp1,Runx2,1.0
29010,Sp1,Ryr2,1.0
29011,Sp1,S100a10,1.0
29012,Sp1,S100a6,-1.0
29013,Sp1,S100a8,1.0
29014,Sp1,Scarb1,1.0
29015,Sp1,Scarf1,1.0
29016,Sp1,Scgb1a1,1.0
29017,Sp1,Scn5a,1.0
29018,Sp1,Scnn1a,1.0
29019,Sp1,Scnn1b,1.0
29020,Sp1,Scnn1g,1.0
29021,Sp1,Sct,1.0
29022,Sp1,Sctr,1.0
29023,Sp1,Selenop,1.0
29024,Sp1,Sell,1.0
29025,Sp1,Selp,1.0
29026,Sp1,Serpina5,1.0
29027,Sp1,Serpinb5,1.0
29028,Sp1,Serpinc1,1.0
29029,Sp1,Serpine1,1.0
29030,Sp1,Serpine2,1.0
29031,Sp1,Serpinh1,1.0
29032,Sp1,Setdb1,1.0
29033,Sp1,Sf1,1.0
29034,Sp1,Sftpb,1.0
29035,Sp1,Sgk1,1.0
29036,Sp1,Sgpl1,1.0
29037,Sp1,Sh3gl1,1.0
29038,Sp1,Sh3pxd2a,1.0
29039,Sp1,Sigirr,1.0
29040,Sp1,Sin3a,1.0
29041,Sp1,Sirt1,1.0
29042,Sp1,Skap2,1.0
29043,Sp1,Skil,1.0
29044,Sp1,Skp2,1.0
29045,Sp1,Slc10a4,1.0
29046,Sp1,Slc10a7,1.0
29047,Sp1,Slc11a1,1.0
29048,Sp1,Slc11a2,1.0
29049,Sp1,Slc13a4,1.0
29050,Sp1,Slc15a1,1.0
29051,Sp1,Slc17a6,1.0
29052,Sp1,Slc19a1,1.0
29053,Sp1,Slc19a2,1.0
29054,Sp1,Slc19a3,1.0
29055,Sp1,Slc1a3,1.0
29056,Sp1,Slc1a5,1.0
29057,Sp1,Slc22a4,1.0
29058,Sp1,Slc25a20,1.0
29059,Sp1,Slc25a5,1.0
29060,Sp1,Slc26a5,1.0
29061,Sp1,Slc29a1,-1.0
29062,Sp1,Slc2a1,1.0
29063,Sp1,Slc2a2,1.0
29064,Sp1,Slc2a3,1.0
29065,Sp1,Slc2a4,1.0
29066,Sp1,Slc31a1,1.0
29067,Sp1,Slc39a1,1.0
29068,Sp1,Slc39a8,1.0
29069,Sp1,Slc3a2,1.0
29070,Sp1,Slc4a2,1.0
29071,Sp1,Slc4a7,-1.0
29072,Sp1,Slc5a1,1.0
29073,Sp1,Slc5a2,1.0
29074,Sp1,Slc5a5,1.0
29075,Sp1,Slc5a8,1.0
29076,Sp1,Slc6a3,1.0
29077,Sp1,Slc7a5,1.0
29078,Sp1,Slc9a2,1.0
29079,Sp1,Slc9a3,1.0
29080,Sp1,Smad3,1.0
29081,Sp1,Smad4,1.0
29082,Sp1,Smad7,1.0
29083,Sp1,Smarca1,1.0
29084,Sp1,Smarcc1,1.0
29085,Sp1,Smpd1,1.0
29086,Sp1,Snai2,1.0
29087,Sp1,Snap25,1.0
29088,Sp1,Snapc1,1.0
29089,Sp1,Sncg,1.0
29090,Sp1,Snd1,1.0
29091,Sp1,Snrpn,1.0
29092,Sp1,Socs1,1.0
29093,Sp1,Socs3,1.0
29094,Sp1,Sod1,1.0
29095,Sp1,Sod2,-1.0
29096,Sp1,Sod3,1.0
29097,Sp1,Sox17,1.0
29098,Sp1,Sox3,1.0
29099,Sp1,Sox9,1.0
29100,Sp1,Sp2,1.0
29101,Sp1,Sp3,1.0
29102,Sp1,Sp4,-1.0
29103,Sp1,Sp5,1.0
29104,Sp1,Sparc,1.0
29105,Sp1,Sphk1,1.0
29106,Sp1,Spi1,1.0
29107,Sp1,Spint1,1.0
29108,Sp1,Spn,1.0
29109,Sp1,Spp1,1.0
29110,Sp1,Spry2,1.0
29111,Sp1,Sqstm1,1.0
29112,Sp1,Src,1.0
29113,Sp1,Srebf1,1.0
29114,Sp1,Srebf2,1.0
29115,Sp1,Srf,1.0
29116,Sp1,Srsf7,1.0
29117,Sp1,Sry,1.0
29118,Sp1,Sstr2,1.0
29119,Sp1,St3gal3,1.0
29120,Sp1,St3gal5,1.0
29121,Sp1,St6gal1,1.0
29122,Sp1,St6galnac3,1.0
29123,Sp1,St6galnac4,1.0
29124,Sp1,St8sia1,1.0
29125,Sp1,St8sia4,1.0
29126,Sp1,Star,1.0
29127,Sp1,Stard3,1.0
29128,Sp1,Stat4,1.0
29129,Sp1,Stc1,1.0
29130,Sp1,Stk11,1.0
29131,Sp1,Stk38,1.0
29132,Sp1,Stxbp2,1.0
29133,Sp1,Sult1a1,1.0
29134,Sp1,Sumo1,1.0
29135,Sp1,Sumo2,1.0
29136,Sp1,Sumo3,1.0
29137,Sp1,Syn1,1.0
29138,Sp1,Syp,1.0
29139,Sp1,Syt11,1.0
29140,Sp1,Tac1,1.0
29141,Sp1,Taf7,1.0
29142,Sp1,Tagln,-1.0
29143,Sp1,Tal1,1.0
29144,Sp1,Tarbp2,1.0
29145,Sp1,Tat,1.0
29146,Sp1,Tbk1,1.0
29147,Sp1,Tbx2,1.0
29148,Sp1,Tbx21,1.0
29149,Sp1,Tbxa2r,1.0
29150,Sp1,Tcf3,1.0
29151,Sp1,Tcl1,1.0
29152,Sp1,Tcn2,1.0
29153,Sp1,Tec,1.0
29154,Sp1,Terf2,1.0
29155,Sp1,Tert,1.0
29156,Sp1,Tfap2a,1.0
29157,Sp1,Tfap2c,1.0
29158,Sp1,Tfb1m,1.0
29159,Sp1,Tfb2m,1.0
29160,Sp1,Tff1,1.0
29161,Sp1,Tfpi2,1.0
29162,Sp1,Tgfa,1.0
29163,Sp1,Tgfb1,1.0
29164,Sp1,Tgfbi,1.0
29165,Sp1,Tgfbr1,1.0
29166,Sp1,Tgfbr2,1.0
29167,Sp1,Tgm1,1.0
29168,Sp1,Tgm3,-1.0
29169,Sp1,Tgm4,1.0
29170,Sp1,Th,1.0
29171,Sp1,Thbd,1.0
29172,Sp1,Thbs1,1.0
29173,Sp1,Ticam1,-1.0
29174,Sp1,Tigar,1.0
29175,Sp1,Timp1,1.0
29176,Sp1,Timp2,1.0
29177,Sp1,Timp3,1.0
29178,Sp1,Tinf2,1.0
29179,Sp1,Tk1,1.0
29180,Sp1,Tkt,1.0
29181,Sp1,Tlr2,1.0
29182,Sp1,Tlr4,1.0
29183,Sp1,Tm7sf2,1.0
29184,Sp1,Tmpo,1.0
29185,Sp1,Tnc,1.0
29186,Sp1,Tnf,1.0
29187,Sp1,Tnfaip1,1.0
29188,Sp1,Tnfrsf10b,1.0
29189,Sp1,Tnfrsf11a,1.0
29190,Sp1,Tnfrsf1b,1.0
29191,Sp1,Tnfrsf8,1.0
29192,Sp1,Tnfsf10,-1.0
29193,Sp1,Tnfsf11,-1.0
29194,Sp1,Tnfsf13,1.0
29195,Sp1,Tnfsf14,1.0
29196,Sp1,Tnfsf15,1.0
29197,Sp1,Tnip1,1.0
29198,Sp1,Tnk1,1.0
29199,Sp1,Tnni3,1.0
29200,Sp1,Tnnt1,1.0
29201,Sp1,Tnnt2,1.0
29202,Sp1,Tnxb,1.0
29203,Sp1,Top2b,1.0
29204,Sp1,Top3a,1.0
29205,Sp1,Tpi1,1.0
29206,Sp1,Tpk1,1.0
29207,Sp1,Tpm2,1.0
29208,Sp1,Tpmt,1.0
29209,Sp1,Trf,1.0
29210,Sp1,Trh,1.0
29211,Sp1,Trim25,1.0
29212,Sp1,Trim63,1.0
29213,Sp1,Trp53,1.0
29214,Sp1,Trp73,1.0
29215,Sp1,Trpv1,1.0
29216,Sp1,Tsg101,1.0
29217,Sp1,Tspo,1.0
29218,Sp1,Ttf1,1.0
29219,Sp1,Tubb3,1.0
29220,Sp1,Twist1,1.0
29221,Sp1,Txlng,1.0
29222,Sp1,Txn1,1.0
29223,Sp1,Tymp,1.0
29224,Sp1,Tyms,1.0
29225,Sp1,Ubc,1.0
29226,Sp1,Ube2b,1.0
29227,Sp1,Ucp2,1.0
29228,Sp1,Ucp3,1.0
29229,Sp1,Ugcg,1.0
29230,Sp1,Ugdh,1.0
29231,Sp1,Ugt8a,1.0
29232,Sp1,Ulbp1,1.0
29233,Sp1,Ung,1.0
29234,Sp1,Upk1b,1.0
29235,Sp1,Usf2,1.0
29236,Sp1,Usp22,1.0
29237,Sp1,Usp7,1.0
29238,Sp1,Utrn,1.0
29239,Sp1,Uts2r,1.0
29240,Sp1,Vamp2,1.0
29241,Sp1,Vcam1,1.0
29242,Sp1,Vdr,1.0
29243,Sp1,Vegfa,1.0
29244,Sp1,Vegfc,1.0
29245,Sp1,Vim,1.0
29246,Sp1,Vip,1.0
29247,Sp1,Vldlr,1.0
29248,Sp1,Was,1.0
29249,Sp1,Wee1,1.0
29250,Sp1,Wif1,-1.0
29251,Sp1,Wnk1,1.0
29252,Sp1,Wnt2,1.0
29253,Sp1,Wnt9a,1.0
29254,Sp1,Wrn,1.0
29255,Sp1,Wt1,1.0
29256,Sp1,Xiap,1.0
29257,Sp1,Xpc,1.0
29258,Sp1,Xrcc1,1.0
29259,Sp1,Xrcc5,1.0
29260,Sp1,Xylt1,1.0
29261,Sp1,Xylt2,1.0
29262,Sp1,Yeats4,1.0
29263,Sp1,Yy1,1.0
29264,Sp1,Zbtb10,1.0
29265,Sp1,Zbtb14,1.0
29266,Sp1,Zbtb7a,1.0
29267,Sp1,Zfp148,1.0
29268,Sp100,Ets1,-1.0
29269,Sp100,Plau,-1.0
29270,Sp140,Ifng,1.0
29271,Sp2,Alox8,1.0
29272,Sp2,Ccnd1,1.0
29273,Sp2,Cd14,1.0
29274,Sp2,Cdkn1a,1.0
29275,Sp2,Cdkn2a,1.0
29276,Sp2,Ctsl,1.0
29277,Sp2,Dhfr,1.0
29278,Sp2,Dnmt3a,1.0
29279,Sp2,Dnmt3b,1.0
29280,Sp2,Hsd17b2,-1.0
29281,Sp2,Mat2a,1.0
29282,Sp2,Mmp9,-1.0
29283,Sp2,Nfatc2,1.0
29284,Sp2,Papss1,1.0
29285,Sp2,Papss2,1.0
29286,Sp2,Pcyt1a,-1.0
29287,Sp2,Pold1,1.0
29288,Sp2,Socs1,1.0
29289,Sp2,Sp1,1.0
29290,Sp2,Tfap2a,1.0
29291,Sp3,Abca1,-1.0
29292,Sp3,Abca2,1.0
29293,Sp3,Abcc1,1.0
29294,Sp3,Abcc3,1.0
29295,Sp3,Ace,1.0
29296,Sp3,Ache,1.0
29297,Sp3,Acly,1.0
29298,Sp3,Acsbg1,1.0
29299,Sp3,Acss2,1.0
29300,Sp3,Adcy4,1.0
29301,Sp3,Adgre5,1.0
29302,Sp3,Adgrg1,1.0
29303,Sp3,Adh5,1.0
29304,Sp3,Adipoq,1.0
29305,Sp3,Aebp1,1.0
29306,Sp3,Afap1l1,1.0
29307,Sp3,Afm,1.0
29308,Sp3,Akap12,-1.0
29309,Sp3,Aldh7a1,1.0
29310,Sp3,Alox12,1.0
29311,Sp3,Alox5,1.0
29312,Sp3,Alox8,1.0
29313,Sp3,Alpl,1.0
29314,Sp3,Angpt2,1.0
29315,Sp3,Aox1,1.0
29316,Sp3,Apba1,1.0
29317,Sp3,Apc,1.0
29318,Sp3,App,1.0
29319,Sp3,Aprt,1.0
29320,Sp3,Asns,1.0
29321,Sp3,Asph,1.0
29322,Sp3,Atf3,1.0
29323,Sp3,Atp12a,1.0
29324,Sp3,Atp1a1,1.0
29325,Sp3,Atp1a3,1.0
29326,Sp3,Atp1b1,1.0
29327,Sp3,Atp2a2,1.0
29328,Sp3,Atp2a3,1.0
29329,Sp3,Axl,1.0
29330,Sp3,B3gnt9,1.0
29331,Sp3,Bak1,1.0
29332,Sp3,Bax,-1.0
29333,Sp3,Bcl2,1.0
29334,Sp3,Bgn,1.0
29335,Sp3,Birc5,1.0
29336,Sp3,Bloc1s3,1.0
29337,Sp3,Bmpr2,1.0
29338,Sp3,Bpi,1.0
29339,Sp3,Brca1,1.0
29340,Sp3,Bsg,1.0
29341,Sp3,Btk,1.0
29342,Sp3,Cadm1,1.0
29343,Sp3,Calm1,-1.0
29344,Sp3,Car9,1.0
29345,Sp3,Cbs,1.0
29346,Sp3,Ccna1,1.0
29347,Sp3,Ccnd1,1.0
29348,Sp3,Cd14,1.0
29349,Sp3,Cd2ap,1.0
29350,Sp3,Cd44,1.0
29351,Sp3,Cd74,1.0
29352,Sp3,Cd83,1.0
29353,Sp3,Cdc25a,1.0
29354,Sp3,Cdc25b,1.0
29355,Sp3,Cdc25c,1.0
29356,Sp3,Cdh2,-1.0
29357,Sp3,Cdh5,1.0
29358,Sp3,Cdk5,1.0
29359,Sp3,Cdk5r2,1.0
29360,Sp3,Cdkn1a,1.0
29361,Sp3,Cdkn1b,1.0
29362,Sp3,Cdkn2a,1.0
29363,Sp3,Cdkn2b,1.0
29364,Sp3,Cebpa,1.0
29365,Sp3,Cenph,1.0
29366,Sp3,Cenpw,1.0
29367,Sp3,Cflar,1.0
29368,Sp3,Cftr,1.0
29369,Sp3,Chrnb4,1.0
29370,Sp3,Cidea,1.0
29371,Sp3,Clcn2,1.0
29372,Sp3,Cldn1,1.0
29373,Sp3,Clmp,1.0
29374,Sp3,Cnmd,1.0
29375,Sp3,Col10a1,1.0
29376,Sp3,Col11a2,1.0
29377,Sp3,Col1a1,1.0
29378,Sp3,Col1a2,1.0
29379,Sp3,Col2a1,-1.0
29380,Sp3,Cpox,1.0
29381,Sp3,Cr1l,1.0
29382,Sp3,Crebbp,1.0
29383,Sp3,Csf1,1.0
29384,Sp3,Csnk2a1,1.0
29385,Sp3,Csnk2a2,1.0
29386,Sp3,Ctsb,1.0
29387,Sp3,Ctsl,1.0
29388,Sp3,Cxcl5,1.0
29389,Sp3,Cyp11a1,1.0
29390,Sp3,Cyp17a1,1.0
29391,Sp3,Cyp26a1,1.0
29392,Sp3,Cyp27a1,1.0
29393,Sp3,Cyp2f2,1.0
29394,Sp3,Cyp46a1,1.0
29395,Sp3,Cyp7b1,1.0
29396,Sp3,Dck,1.0
29397,Sp3,Dio2,1.0
29398,Sp3,Dlec1,1.0
29399,Sp3,Dlk1,1.0
29400,Sp3,Dmd,1.0
29401,Sp3,Dmrt1,1.0
29402,Sp3,Dnase1,1.0
29403,Sp3,Dnase2a,1.0
29404,Sp3,Dnm1,1.0
29405,Sp3,Dnmt1,1.0
29406,Sp3,Dnmt3a,1.0
29407,Sp3,Dnmt3b,1.0
29408,Sp3,Dpyd,1.0
29409,Sp3,Drd1,1.0
29410,Sp3,Eapp,-1.0
29411,Sp3,Edf1,1.0
29412,Sp3,Egfr,1.0
29413,Sp3,Eif2ak2,1.0
29414,Sp3,Eln,1.0
29415,Sp3,Emc7,1.0
29416,Sp3,Enam,1.0
29417,Sp3,Eno3,-1.0
29418,Sp3,Epas1,1.0
29419,Sp3,Ephb2,1.0
29420,Sp3,Ephx1,1.0
29421,Sp3,Erbb2,1.0
29422,Sp3,Ereg,1.0
29423,Sp3,Esr1,1.0
29424,Sp3,Etf1,-1.0
29425,Sp3,Exo1,1.0
29426,Sp3,F10,1.0
29427,Sp3,F2,1.0
29428,Sp3,F2r,1.0
29429,Sp3,F3,-1.0
29430,Sp3,Fas,1.0
29431,Sp3,Fasl,1.0
29432,Sp3,Fasn,1.0
29433,Sp3,Fbln1,1.0
29434,Sp3,Fbp1,1.0
29435,Sp3,Fgf10,-1.0
29436,Sp3,Fgf2,1.0
29437,Sp3,Fgf4,1.0
29438,Sp3,Fgfr1,1.0
29439,Sp3,Fgfr3,1.0
29440,Sp3,Fgfr4,1.0
29441,Sp3,Fgl2,1.0
29442,Sp3,Fkbp1a,1.0
29443,Sp3,Fkbp1b,1.0
29444,Sp3,Flt1,1.0
29445,Sp3,Fmr1,1.0
29446,Sp3,Folr1,1.0
29447,Sp3,Foxp3,-1.0
29448,Sp3,Fshb,1.0
29449,Sp3,Gabra6,1.0
29450,Sp3,Gast,1.0
29451,Sp3,Gata1,1.0
29452,Sp3,Gc,1.0
29453,Sp3,Gch1,1.0
29454,Sp3,Gck,1.0
29455,Sp3,Gdf15,1.0
29456,Sp3,Gdf5,1.0
29457,Sp3,Gh,1.0
29458,Sp3,Ghr,1.0
29459,Sp3,Gipr,1.0
29460,Sp3,Gja5,1.0
29461,Sp3,Gltp,1.0
29462,Sp3,Gnrh1,1.0
29463,Sp3,Gpc4,1.0
29464,Sp3,Gria1,1.0
29465,Sp3,Gria2,1.0
29466,Sp3,Grin1,1.0
29467,Sp3,Gsk3b,1.0
29468,Sp3,Gstk1,1.0
29469,Sp3,H1f6,1.0
29470,Sp3,Has1,1.0
29471,Sp3,Has2,1.0
29472,Sp3,Hbegf,1.0
29473,Sp3,Hdac4,1.0
29474,Sp3,Hgf,1.0
29475,Sp3,Hhex,1.0
29476,Sp3,Hmga2,1.0
29477,Sp3,Hoxb7,1.0
29478,Sp3,Hp,1.0
29479,Sp3,Hpgds,1.0
29480,Sp3,Hsd11b2,1.0
29481,Sp3,Hsd17b1,1.0
29482,Sp3,Hsd17b2,1.0
29483,Sp3,Htr7,1.0
29484,Sp3,Id4,-1.0
29485,Sp3,Ifitm5,1.0
29486,Sp3,Ifng,1.0
29487,Sp3,Igf1,1.0
29488,Sp3,Igfbp1,1.0
29489,Sp3,Igfbp3,1.0
29490,Sp3,Igfbp4,1.0
29491,Sp3,Il10,1.0
29492,Sp3,Il12b,1.0
29493,Sp3,Il1a,1.0
29494,Sp3,Il1b,1.0
29495,Sp3,Il6,1.0
29496,Sp3,Irf3,1.0
29497,Sp3,Itga11,1.0
29498,Sp3,Itga2,1.0
29499,Sp3,Itga2b,1.0
29500,Sp3,Itga3,1.0
29501,Sp3,Itga5,1.0
29502,Sp3,Itgad,1.0
29503,Sp3,Itgav,1.0
29504,Sp3,Itgax,1.0
29505,Sp3,Itgb3,1.0
29506,Sp3,Ivl,1.0
29507,Sp3,Kcnj2,1.0
29508,Sp3,Kcnn3,-1.0
29509,Sp3,Kdr,1.0
29510,Sp3,Kel,1.0
29511,Sp3,Kifbp,1.0
29512,Sp3,Kntc1,1.0
29513,Sp3,Kras,1.0
29514,Sp3,Krt14,1.0
29515,Sp3,Lama1,1.0
29516,Sp3,Lat,1.0
29517,Sp3,Lcat,1.0
29518,Sp3,Ldlr,1.0
29519,Sp3,Lhb,1.0
29520,Sp3,Lhcgr,1.0
29521,Sp3,Liph,1.0
29522,Sp3,Lmna,1.0
29523,Sp3,Lor,-1.0
29524,Sp3,Lpl,1.0
29525,Sp3,Ltc4s,1.0
29526,Sp3,Lypd3,1.0
29527,Sp3,Maob,-1.0
29528,Sp3,Map2k1,1.0
29529,Sp3,Map3k1,1.0
29530,Sp3,Map3k12,1.0
29531,Sp3,Mapk1,1.0
29532,Sp3,Mapk14,1.0
29533,Sp3,Mapk8,1.0
29534,Sp3,Mat2a,1.0
29535,Sp3,Mat2b,1.0
29536,Sp3,Mcl1,1.0
29537,Sp3,Met,1.0
29538,Sp3,Mgp,-1.0
29539,Sp3,Mill2,1.0
29540,Sp3,Mip,1.0
29541,Sp3,Mmp14,1.0
29542,Sp3,Mmp2,1.0
29543,Sp3,Mmp28,1.0
29544,Sp3,Msh6,1.0
29545,Sp3,Muc2,1.0
29546,Sp3,Muc4,1.0
29547,Sp3,Muc5ac,1.0
29548,Sp3,Muc6,1.0
29549,Sp3,Myc,1.0
29550,Sp3,Myh13,1.0
29551,Sp3,Myh7,1.0
29552,Sp3,Nanog,1.0
29553,Sp3,Nectin2,1.0
29554,Sp3,Nes,1.0
29555,Sp3,Neu2,1.0
29556,Sp3,Neu3,1.0
29557,Sp3,Neurod1,1.0
29558,Sp3,Nf1,1.0
29559,Sp3,Nfic,1.0
29560,Sp3,Nfkb1,1.0
29561,Sp3,Nfya,1.0
29562,Sp3,Ngb,1.0
29563,Sp3,Nkx2-1,1.0
29564,Sp3,Nos3,1.0
29565,Sp3,Notch1,1.0
29566,Sp3,Nox4,1.0
29567,Sp3,Nppa,1.0
29568,Sp3,Npr1,1.0
29569,Sp3,Nqo2,1.0
29570,Sp3,Nsmf,1.0
29571,Sp3,Nxnl1,1.0
29572,Sp3,Ocln,1.0
29573,Sp3,Odc1,-1.0
29574,Sp3,Oprd1,1.0
29575,Sp3,Oprm1,1.0
29576,Sp3,Padi1,1.0
29577,Sp3,Padi2,1.0
29578,Sp3,Padi3,1.0
29579,Sp3,Padi4,1.0
29580,Sp3,Papss1,1.0
29581,Sp3,Papss2,1.0
29582,Sp3,Park7,1.0
29583,Sp3,Parp1,1.0
29584,Sp3,Pax3,1.0
29585,Sp3,Pcyt1a,1.0
29586,Sp3,Pdcd4,1.0
29587,Sp3,Pdgfa,1.0
29588,Sp3,Pdgfb,1.0
29589,Sp3,Pdgfra,1.0
29590,Sp3,Pdlim7,1.0
29591,Sp3,Pdpn,1.0
29592,Sp3,Pgk2,1.0
29593,Sp3,Pgr,1.0
29594,Sp3,Pkm,1.0
29595,Sp3,Plaat1,1.0
29596,Sp3,Plaat3,1.0
29597,Sp3,Plat,1.0
29598,Sp3,Plau,1.0
29599,Sp3,Plaur,-1.0
29600,Sp3,Pold1,1.0
29601,Sp3,Pou1f1,1.0
29602,Sp3,Pou5f1,1.0
29603,Sp3,Ppp1cc,1.0
29604,Sp3,Ppp1r14a,1.0
29605,Sp3,Ppp2r1a,1.0
29606,Sp3,Ppp2r1b,1.0
29607,Sp3,Prdm1,1.0
29608,Sp3,Prkaca,1.0
29609,Sp3,Prkcb,1.0
29610,Sp3,Prkcg,1.0
29611,Sp3,Prkg1,1.0
29612,Sp3,Prlr,1.0
29613,Sp3,Pros1,1.0
29614,Sp3,Psap,1.0
29615,Sp3,Ptges,1.0
29616,Sp3,Ptgs1,1.0
29617,Sp3,Ptgs2,1.0
29618,Sp3,Pth,1.0
29619,Sp3,Ptpa,1.0
29620,Sp3,Pttg1,1.0
29621,Sp3,Rac2,1.0
29622,Sp3,Rassf1,1.0
29623,Sp3,Rb1,1.0
29624,Sp3,Reck,1.0
29625,Sp3,Rela,1.0
29626,Sp3,Ren1,1.0
29627,Sp3,Rest,1.0
29628,Sp3,Ret,1.0
29629,Sp3,Retn,1.0
29630,Sp3,Rfc1,1.0
29631,Sp3,Rora,1.0
29632,Sp3,Rras,1.0
29633,Sp3,Scarb1,1.0
29634,Sp3,Scgb2a2,1.0
29635,Sp3,Scnn1a,1.0
29636,Sp3,Scnn1g,1.0
29637,Sp3,Sct,1.0
29638,Sp3,Sctr,1.0
29639,Sp3,Serpinh1,1.0
29640,Sp3,Setdb1,1.0
29641,Sp3,Sftpb,1.0
29642,Sp3,Sgk1,1.0
29643,Sp3,Slc19a1,1.0
29644,Sp3,Slc19a3,1.0
29645,Sp3,Slc1a3,1.0
29646,Sp3,Slc2a1,-1.0
29647,Sp3,Slc2a3,1.0
29648,Sp3,Slc6a3,1.0
29649,Sp3,Slc9a2,1.0
29650,Sp3,Slc9a3,1.0
29651,Sp3,Slc9a8,1.0
29652,Sp3,Smarcc1,1.0
29653,Sp3,Sncg,1.0
29654,Sp3,Socs3,1.0
29655,Sp3,Sod2,1.0
29656,Sp3,Sod3,1.0
29657,Sp3,Sox18,-1.0
29658,Sp3,Sp1,1.0
29659,Sp3,Sp4,1.0
29660,Sp3,Sparc,1.0
29661,Sp3,Spi1,1.0
29662,Sp3,Sqstm1,1.0
29663,Sp3,Src,1.0
29664,Sp3,Srebf1,1.0
29665,Sp3,Star,1.0
29666,Sp3,Stmn1,1.0
29667,Sp3,Sumo1,1.0
29668,Sp3,Tal1,1.0
29669,Sp3,Tat,1.0
29670,Sp3,Tbxa2r,1.0
29671,Sp3,Tcf3,1.0
29672,Sp3,Tcn2,1.0
29673,Sp3,Tert,1.0
29674,Sp3,Tfap2a,1.0
29675,Sp3,Tfap2c,-1.0
29676,Sp3,Tff1,1.0
29677,Sp3,Tff2,-1.0
29678,Sp3,Tfrc,1.0
29679,Sp3,Tgfb1,1.0
29680,Sp3,Tgfbi,1.0
29681,Sp3,Tgfbr2,1.0
29682,Sp3,Tgm4,1.0
29683,Sp3,Timp1,1.0
29684,Sp3,Timp2,1.0
29685,Sp3,Tnf,-1.0
29686,Sp3,Tnfrsf4,1.0
29687,Sp3,Tnfrsf8,1.0
29688,Sp3,Tnfsf11,-1.0
29689,Sp3,Tnip1,1.0
29690,Sp3,Tnk1,1.0
29691,Sp3,Tnnt2,-1.0
29692,Sp3,Tpmt,1.0
29693,Sp3,Tspo,1.0
29694,Sp3,Tubb3,1.0
29695,Sp3,Txlng,-1.0
29696,Sp3,Tymp,1.0
29697,Sp3,Ubc,1.0
29698,Sp3,Ucp3,1.0
29699,Sp3,Ugt8a,1.0
29700,Sp3,Uhrf1,1.0
29701,Sp3,Ulbp1,1.0
29702,Sp3,Utrn,1.0
29703,Sp3,Uts2r,1.0
29704,Sp3,Vegfa,1.0
29705,Sp3,Vim,1.0
29706,Sp3,Wt1,1.0
29707,Sp3,Xylt1,-1.0
29708,Sp3,Yeats4,1.0
29709,Sp3,Yy1,1.0
29710,Sp3,Zbtb10,1.0
29711,Sp3,Zfp143,1.0
29712,Sp4,Abca2,1.0
29713,Sp4,Adh5,1.0
29714,Sp4,Aldh7a1,1.0
29715,Sp4,Ass1,1.0
29716,Sp4,Atp1a1,1.0
29717,Sp4,Atp1a3,1.0
29718,Sp4,Atp1b1,1.0
29719,Sp4,Bcl2,1.0
29720,Sp4,Birc5,1.0
29721,Sp4,Ccnd1,1.0
29722,Sp4,Cdc25a,1.0
29723,Sp4,Cdkn1a,1.0
29724,Sp4,Cpox,1.0
29725,Sp4,Crebbp,1.0
29726,Sp4,Ctsb,1.0
29727,Sp4,Cyp46a1,1.0
29728,Sp4,Egfr,1.0
29729,Sp4,Erbb2,1.0
29730,Sp4,Esr1,1.0
29731,Sp4,Fgfr3,1.0
29732,Sp4,Flt1,1.0
29733,Sp4,Folr1,1.0
29734,Sp4,Gria1,1.0
29735,Sp4,Gria2,1.0
29736,Sp4,Grin1,1.0
29737,Sp4,Grin2a,1.0
29738,Sp4,Grin2b,1.0
29739,Sp4,Grin2c,1.0
29740,Sp4,Kdr,1.0
29741,Sp4,Kntc1,1.0
29742,Sp4,Maob,1.0
29743,Sp4,Mmp2,1.0
29744,Sp4,Myh13,1.0
29745,Sp4,Myl2,1.0
29746,Sp4,Nfkb1,1.0
29747,Sp4,Ntf3,1.0
29748,Sp4,Pde6b,1.0
29749,Sp4,Rela,1.0
29750,Sp4,Rho,1.0
29751,Sp4,Sct,1.0
29752,Sp4,Slc9a2,1.0
29753,Sp4,Sp1,1.0
29754,Sp4,Sp3,1.0
29755,Sp4,Trpv1,1.0
29756,Sp4,Tspo,1.0
29757,Sp4,Vegfa,1.0
29758,Sp4,Yy1,1.0
29759,Sp4,Zbtb10,1.0
29760,Sp5,Cdkn1a,-1.0
29761,Sp5,Wnt2,1.0
29762,Sp6,Amtn,1.0
29763,Sp6,Rock1,1.0
29764,Sp6,Sphk1,1.0
29765,Sp6,Tgfb1,-1.0
29766,Sp6,Tgfbr2,-1.0
29767,Sp7,Adra1d,1.0
29768,Sp7,Alpl,1.0
29769,Sp7,Bmp2,1.0
29770,Sp7,Camk2a,1.0
29771,Sp7,Cd34,1.0
29772,Sp7,Col11a2,1.0
29773,Sp7,Col1a1,1.0
29774,Sp7,Col5a1,1.0
29775,Sp7,Col5a3,1.0
29776,Sp7,Des,1.0
29777,Sp7,Dkk1,1.0
29778,Sp7,Dmp1,1.0
29779,Sp7,Dspp,1.0
29780,Sp7,Ephb2,1.0
29781,Sp7,Fgfr1,1.0
29782,Sp7,Fmod,1.0
29783,Sp7,Gata1,1.0
29784,Sp7,Ibsp,1.0
29785,Sp7,Ifitm5,1.0
29786,Sp7,Il1a,1.0
29787,Sp7,Il6,1.0
29788,Sp7,Kdm6b,1.0
29789,Sp7,Krt27,1.0
29790,Sp7,Mapk1,1.0
29791,Sp7,Mark1,1.0
29792,Sp7,Me3,1.0
29793,Sp7,Mmp13,1.0
29794,Sp7,Nell1,-1.0
29795,Sp7,Pth,1.0
29796,Sp7,Pthlh,1.0
29797,Sp7,Runx2,1.0
29798,Sp7,Satb2,1.0
29799,Sp7,Shh,1.0
29800,Sp7,Sost,1.0
29801,Sp7,Sp1,1.0
29802,Sp7,Spp1,1.0
29803,Sp7,Tat,1.0
29804,Sp7,Tnf,1.0
29805,Sp7,Txlng,1.0
29806,Sp7,Vdr,1.0
29807,Sp7,Vegfa,1.0
29808,Sp7,Wnt10b,1.0
29809,Sp8,Fgf8,1.0
29810,Sp8,Pax6,1.0
29811,Spdef,Agr2,1.0
29812,Spdef,Birc5,-1.0
29813,Spdef,Cdh1,1.0
29814,Spdef,Cdkn1a,1.0
29815,Spdef,Cdkn2a,1.0
29816,Spdef,Csf1r,1.0
29817,Spdef,Erbb2,1.0
29818,Spdef,Mmp13,-1.0
29819,Spdef,Mmp9,-1.0
29820,Spdef,Muc2,1.0
29821,Spdef,Plau,-1.0
29822,Spdef,Plaur,-1.0
29823,Spdef,Plg,1.0
29824,Spdef,Serpinb5,1.0
29825,Spdef,Spink4,1.0
29826,Spdef,Sqstm1,1.0
29827,Spdef,Stmn1,1.0
29828,Spen,Dmpk,1.0
29829,Spen,Ncor2,1.0
29830,Spi1,Aar2,1.0
29831,Spi1,Abl1,1.0
29832,Spi1,Acan,1.0
29833,Spi1,Acp5,1.0
29834,Spi1,Adar,1.0
29835,Spi1,Adgre4,1.0
29836,Spi1,Aicda,1.0
29837,Spi1,Akt1,1.0
29838,Spi1,Aldh1a2,1.0
29839,Spi1,Alox15,1.0
29840,Spi1,Anp32a,1.0
29841,Spi1,Anxa1,-1.0
29842,Spi1,Apom,1.0
29843,Spi1,Arg1,1.0
29844,Spi1,Atp1a3,1.0
29845,Spi1,Atp9b,1.0
29846,Spi1,Axin1,1.0
29847,Spi1,Bace1,1.0
29848,Spi1,Bcl2l1,1.0
29849,Spi1,Bcl2l11,1.0
29850,Spi1,Bcl6,-1.0
29851,Spi1,Blnk,1.0
29852,Spi1,Bloc1s5,1.0
29853,Spi1,Bpi,1.0
29854,Spi1,Bsg,1.0
29855,Spi1,Btk,1.0
29856,Spi1,C1qb,1.0
29857,Spi1,Cacna1c,1.0
29858,Spi1,Calm1,1.0
29859,Spi1,Casp8,1.0
29860,Spi1,Cbfa2t3,1.0
29861,Spi1,Cck,1.0
29862,Spi1,Ccl22,1.0
29863,Spi1,Ccl3,1.0
29864,Spi1,Ccl5,1.0
29865,Spi1,Ccnd2,1.0
29866,Spi1,Ccr7,1.0
29867,Spi1,Cd14,1.0
29868,Spi1,Cd163,1.0
29869,Spi1,Cd22,1.0
29870,Spi1,Cd34,1.0
29871,Spi1,Cd40,1.0
29872,Spi1,Cd44,1.0
29873,Spi1,Cd68,-1.0
29874,Spi1,Cd72,1.0
29875,Spi1,Cd80,1.0
29876,Spi1,Cd86,1.0
29877,Spi1,Cdh1,1.0
29878,Spi1,Cdk6,1.0
29879,Spi1,Cdkn1b,1.0
29880,Spi1,Cdkn2a,1.0
29881,Spi1,Cebpe,1.0
29882,Spi1,Ciita,1.0
29883,Spi1,Clec4g,1.0
29884,Spi1,Clec5a,1.0
29885,Spi1,Clec7a,1.0
29886,Spi1,Csf1,1.0
29887,Spi1,Csf1r,1.0
29888,Spi1,Csf2,1.0
29889,Spi1,Csf2ra,1.0
29890,Spi1,Csf3,1.0
29891,Spi1,Csf3r,1.0
29892,Spi1,Ctnnd2,1.0
29893,Spi1,Ctse,1.0
29894,Spi1,Ctsg,1.0
29895,Spi1,Ctsk,1.0
29896,Spi1,Ctss,1.0
29897,Spi1,Cxcl9,1.0
29898,Spi1,Cyba,1.0
29899,Spi1,Cybb,1.0
29900,Spi1,Cyp11a1,1.0
29901,Spi1,Dab2,1.0
29902,Spi1,Dapk2,1.0
29903,Spi1,Dcn,1.0
29904,Spi1,Dcstamp,1.0
29905,Spi1,Dffb,1.0
29906,Spi1,Drg1,1.0
29907,Spi1,Dusp7,1.0
29908,Spi1,Ebf1,1.0
29909,Spi1,Ebi3,1.0
29910,Spi1,Egr2,1.0
29911,Spi1,Eif2ak4,1.0
29912,Spi1,Elane,1.0
29913,Spi1,Ephb2,1.0
29914,Spi1,Esr1,1.0
29915,Spi1,Esr2,1.0
29916,Spi1,Ets2,1.0
29917,Spi1,F10,1.0
29918,Spi1,F12,1.0
29919,Spi1,Fasl,1.0
29920,Spi1,Fcer1a,1.0
29921,Spi1,Fcer1g,1.0
29922,Spi1,Fcer2a,1.0
29923,Spi1,Fcgr1,1.0
29924,Spi1,Fcgrt,1.0
29925,Spi1,Fcrl6,1.0
29926,Spi1,Fes,1.0
29927,Spi1,Fgfr1,1.0
29928,Spi1,Fgfr3,1.0
29929,Spi1,Fgl2,1.0
29930,Spi1,Fli1,1.0
29931,Spi1,Flt3,1.0
29932,Spi1,Fn1,1.0
29933,Spi1,Fzd4,1.0
29934,Spi1,G6pc1,1.0
29935,Spi1,Gad1,1.0
29936,Spi1,Gadd45a,1.0
29937,Spi1,Gata1,-1.0
29938,Spi1,Gata2,-1.0
29939,Spi1,Gata3,1.0
29940,Spi1,Gcgr,1.0
29941,Spi1,Gfi1,1.0
29942,Spi1,Ghr,1.0
29943,Spi1,Ghrhr,1.0
29944,Spi1,Gnai2,1.0
29945,Spi1,Grap2,1.0
29946,Spi1,H2-Ab1,-1.0
29947,Spi1,H2-T23,1.0
29948,Spi1,Hck,1.0
29949,Spi1,Hes1,-1.0
29950,Spi1,Hgf,1.0
29951,Spi1,Hp,1.0
29952,Spi1,Htr2c,1.0
29953,Spi1,Icam1,1.0
29954,Spi1,Ifnb1,1.0
29955,Spi1,Ifng,1.0
29956,Spi1,Igf1,1.0
29957,Spi1,Igf2,1.0
29958,Spi1,Igfbp3,1.0
29959,Spi1,Ighmbp2,1.0
29960,Spi1,Il10,1.0
29961,Spi1,Il12b,1.0
29962,Spi1,Il12rb1,1.0
29963,Spi1,Il13,-1.0
29964,Spi1,Il18,1.0
29965,Spi1,Il18r1,1.0
29966,Spi1,Il1b,1.0
29967,Spi1,Il1rl1,1.0
29968,Spi1,Il1rn,1.0
29969,Spi1,Il34,1.0
29970,Spi1,Il4,1.0
29971,Spi1,Il5,1.0
29972,Spi1,Il6,1.0
29973,Spi1,Il7r,1.0
29974,Spi1,Il9,1.0
29975,Spi1,Insr,1.0
29976,Spi1,Irf4,1.0
29977,Spi1,Irf8,1.0
29978,Spi1,Itga2b,1.0
29979,Spi1,Itga3,1.0
29980,Spi1,Itgal,1.0
29981,Spi1,Itgam,1.0
29982,Spi1,Itgax,-1.0
29983,Spi1,Itgb5,-1.0
29984,Spi1,Jak1,1.0
29985,Spi1,Jak2,1.0
29986,Spi1,Jchain,1.0
29987,Spi1,Jdp2,1.0
29988,Spi1,Jun,1.0
29989,Spi1,Kcna1,1.0
29990,Spi1,Keap1,1.0
29991,Spi1,Kit,1.0
29992,Spi1,Klf4,1.0
29993,Spi1,Kpna7,1.0
29994,Spi1,Krt14,1.0
29995,Spi1,Krt27,1.0
29996,Spi1,Krt9,1.0
29997,Spi1,Lcn2,1.0
29998,Spi1,Limd1,1.0
29999,Spi1,Lmo2,1.0
30000,Spi1,Lrg1,1.0
30001,Spi1,Lsp1,1.0
30002,Spi1,Ly96,1.0
30003,Spi1,Macrod1,-1.0
30004,Spi1,Map1s,1.0
30005,Spi1,Mapk1,-1.0
30006,Spi1,Mbp,1.0
30007,Spi1,Me3,1.0
30008,Spi1,Meis1,1.0
30009,Spi1,Met,1.0
30010,Spi1,Mfge8,1.0
30011,Spi1,Mme,1.0
30012,Spi1,Mmp2,-1.0
30013,Spi1,Mmp9,1.0
30014,Spi1,Mpo,1.0
30015,Spi1,Mrc1,1.0
30016,Spi1,Ms4a1,1.0
30017,Spi1,Ms4a2,1.0
30018,Spi1,Msr1,1.0
30019,Spi1,Mt1,1.0
30020,Spi1,Mtor,1.0
30021,Spi1,Myb,-1.0
30022,Spi1,Myc,-1.0
30023,Spi1,Myf5,1.0
30024,Spi1,Myod1,1.0
30025,Spi1,Nab2,1.0
30026,Spi1,Ncf1,1.0
30027,Spi1,Ncf2,1.0
30028,Spi1,Ncf4,1.0
30029,Spi1,Nf1,1.0
30030,Spi1,Nfkbia,1.0
30031,Spi1,Nkx2-5,1.0
30032,Spi1,Notch1,1.0
30033,Spi1,Nppa,1.0
30034,Spi1,Nr1i2,1.0
30035,Spi1,Nr3c1,1.0
30036,Spi1,Nr4a1,1.0
30037,Spi1,Nsfl1c,1.0
30038,Spi1,Ogg1,1.0
30039,Spi1,Oprm1,-1.0
30040,Spi1,Oscar,1.0
30041,Spi1,Osm,1.0
30042,Spi1,Ostm1,1.0
30043,Spi1,P2ry10,1.0
30044,Spi1,Parg,-1.0
30045,Spi1,Pax5,1.0
30046,Spi1,Pcgf2,1.0
30047,Spi1,Pdgfb,1.0
30048,Spi1,Pdlim7,1.0
30049,Spi1,Pik3c3,1.0
30050,Spi1,Pip,1.0
30051,Spi1,Pkd1,1.0
30052,Spi1,Pkd2,1.0
30053,Spi1,Plau,1.0
30054,Spi1,Plek,1.0
30055,Spi1,Pomc,1.0
30056,Spi1,Ppbp,1.0
30057,Spi1,Ppm1e,1.0
30058,Spi1,Prdm1,1.0
30059,Spi1,Prg2,1.0
30060,Spi1,Prtn3,1.0
30061,Spi1,Ptcra,1.0
30062,Spi1,Ptgds,1.0
30063,Spi1,Ptgir,1.0
30064,Spi1,Ptpn13,1.0
30065,Spi1,Ptpn6,1.0
30066,Spi1,Ptprc,1.0
30067,Spi1,Ptx3,1.0
30068,Spi1,Rag2,1.0
30069,Spi1,Rara,1.0
30070,Spi1,Rb1,1.0
30071,Spi1,Rps15,1.0
30072,Spi1,Runx3,1.0
30073,Spi1,Samhd1,1.0
30074,Spi1,Scarb1,1.0
30075,Spi1,Scarb2,1.0
30076,Spi1,Scgb1a1,1.0
30077,Spi1,Set,1.0
30078,Spi1,Setdb1,1.0
30079,Spi1,Sin3a,1.0
30080,Spi1,Slc10a1,1.0
30081,Spi1,Slc31a1,1.0
30082,Spi1,Slc6a7,1.0
30083,Spi1,Socs3,1.0
30084,Spi1,Sp1,1.0
30085,Spi1,Sp3,1.0
30086,Spi1,Sphk1,1.0
30087,Spi1,Spib,1.0
30088,Spi1,Ssr1,1.0
30089,Spi1,Stat3,1.0
30090,Spi1,Stat6,1.0
30091,Spi1,Syk,1.0
30092,Spi1,Taf8,1.0
30093,Spi1,Tal1,-1.0
30094,Spi1,Tal2,1.0
30095,Spi1,Tbxa2r,1.0
30096,Spi1,Tec,1.0
30097,Spi1,Tert,1.0
30098,Spi1,Tfec,1.0
30099,Spi1,Tgfbr2,1.0
30100,Spi1,Th,1.0
30101,Spi1,Thpo,1.0
30102,Spi1,Timp1,1.0
30103,Spi1,Tle1,1.0
30104,Spi1,Tlr2,1.0
30105,Spi1,Tlr4,1.0
30106,Spi1,Tlx3,1.0
30107,Spi1,Tnf,1.0
30108,Spi1,Tnfaip3,1.0
30109,Spi1,Tnfrsf10b,1.0
30110,Spi1,Tnfrsf11a,1.0
30111,Spi1,Tnfsf10,1.0
30112,Spi1,Tnfsf11,1.0
30113,Spi1,Tnfsf4,1.0
30114,Spi1,Tomm70a,1.0
30115,Spi1,Trim10,-1.0
30116,Spi1,Trim63,1.0
30117,Spi1,Tsfm,1.0
30118,Spi1,Tspo,1.0
30119,Spi1,Tyrobp,1.0
30120,Spi1,Uchl1,1.0
30121,Spi1,Ugdh,1.0
30122,Spi1,Utrn,1.0
30123,Spi1,Vav1,1.0
30124,Spi1,Vim,1.0
30125,Spi1,Was,1.0
30126,Spi1,Wt1,1.0
30127,Spi1,Xaf1,1.0
30128,Spi1,Xylt2,1.0
30129,Spi1,Ywhab,1.0
30130,Spi1,Zap70,1.0
30131,Spi1,Zfp521,1.0
30132,Spi1,Zfpm1,1.0
30133,Spib,Blnk,1.0
30134,Spib,Btk,1.0
30135,Spib,Cd40,1.0
30136,Spib,Crebbp,1.0
30137,Spib,Dcn,1.0
30138,Spib,Fcer1g,1.0
30139,Spib,Fcer2a,1.0
30140,Spib,Grap2,1.0
30141,Spib,Il10,1.0
30142,Spib,Il7,1.0
30143,Spib,Irf7,-1.0
30144,Spib,Pdlim7,1.0
30145,Spib,Prdm1,-1.0
30146,Spib,Tert,1.0
30147,Spib,Tnfsf10,1.0
30148,Spib,Xbp1,-1.0
30149,Spic,Adm,1.0
30150,Spic,Cd5l,1.0
30151,Spic,Fcer1g,1.0
30152,Spic,Fcer2a,1.0
30153,Spic,Il4,1.0
30154,Spic,Mmp12,1.0
30155,Spic,Preb,1.0
30156,Spic,Prf1,1.0
30157,Spic,Spi1,1.0
30158,Spic,Tfap2a,1.0
30159,Spz1,Ccn2,1.0
30160,Spz1,Pcna,1.0
30161,Srcap,Pck2,1.0
30162,Srebf1,Abca3,1.0
30163,Srebf1,Abcd2,1.0
30164,Srebf1,Acaca,1.0
30165,Srebf1,Acacb,1.0
30166,Srebf1,Acly,1.0
30167,Srebf1,Acsl1,1.0
30168,Srebf1,Acsl5,1.0
30169,Srebf1,Acss2,1.0
30170,Srebf1,Adh1,1.0
30171,Srebf1,Adipoq,1.0
30172,Srebf1,Apoa2,1.0
30173,Srebf1,Apoa5,-1.0
30174,Srebf1,Ar,-1.0
30175,Srebf1,Bcl2l1,-1.0
30176,Srebf1,Casp7,1.0
30177,Srebf1,Cav1,-1.0
30178,Srebf1,Cd36,1.0
30179,Srebf1,Cd5l,1.0
30180,Srebf1,Cdkn1a,1.0
30181,Srebf1,Cebpb,1.0
30182,Srebf1,Cic,1.0
30183,Srebf1,Cidea,1.0
30184,Srebf1,Col6a1,1.0
30185,Srebf1,Cpe,1.0
30186,Srebf1,Cyp17a1,1.0
30187,Srebf1,Cyp51,1.0
30188,Srebf1,Cyp7a1,-1.0
30189,Srebf1,Cyp7b1,1.0
30190,Srebf1,Cyp8b1,1.0
30191,Srebf1,Dbi,1.0
30192,Srebf1,Dgat2,1.0
30193,Srebf1,Dgkq,1.0
30194,Srebf1,Dhcr7,1.0
30195,Srebf1,Dlk1,-1.0
30196,Srebf1,Elovl3,1.0
30197,Srebf1,Elovl5,1.0
30198,Srebf1,Elovl6,1.0
30199,Srebf1,Elovl7,1.0
30200,Srebf1,Fabp6,1.0
30201,Srebf1,Fads1,1.0
30202,Srebf1,Fads2,1.0
30203,Srebf1,Fas,1.0
30204,Srebf1,Fasn,1.0
30205,Srebf1,Fdft1,1.0
30206,Srebf1,Fdps,1.0
30207,Srebf1,Fgf21,-1.0
30208,Srebf1,Flna,1.0
30209,Srebf1,Gck,1.0
30210,Srebf1,Glyat,1.0
30211,Srebf1,Gnai2,1.0
30212,Srebf1,Got2,1.0
30213,Srebf1,Gpam,1.0
30214,Srebf1,Gpx3,1.0
30215,Srebf1,Hcfc1,1.0
30216,Srebf1,Hdc,-1.0
30217,Srebf1,Hdlbp,1.0
30218,Srebf1,Hk2,1.0
30219,Srebf1,Hmgcr,1.0
30220,Srebf1,Hmgcs1,1.0
30221,Srebf1,Hmox1,1.0
30222,Srebf1,Hnrnpk,1.0
30223,Srebf1,Hpgd,1.0
30224,Srebf1,Hsd17b7,1.0
30225,Srebf1,Idh1,1.0
30226,Srebf1,Igf1,1.0
30227,Srebf1,Il17a,-1.0
30228,Srebf1,Insig1,1.0
30229,Srebf1,Irs2,-1.0
30230,Srebf1,Ldlr,1.0
30231,Srebf1,Lep,1.0
30232,Srebf1,Lipc,1.0
30233,Srebf1,Lipe,1.0
30234,Srebf1,Lpin1,1.0
30235,Srebf1,Lpl,1.0
30236,Srebf1,Lrp1,-1.0
30237,Srebf1,Me1,1.0
30238,Srebf1,Mlxipl,1.0
30239,Srebf1,Mttp,-1.0
30240,Srebf1,Mvk,1.0
30241,Srebf1,Nfya,1.0
30242,Srebf1,Npc1,1.0
30243,Srebf1,Nr0b2,1.0
30244,Srebf1,Pck1,-1.0
30245,Srebf1,Pcsk9,1.0
30246,Srebf1,Pcyt1a,1.0
30247,Srebf1,Pcyt2,1.0
30248,Srebf1,Pdx1,-1.0
30249,Srebf1,Pfkfb1,1.0
30250,Srebf1,Pgd,1.0
30251,Srebf1,Pik3r1,1.0
30252,Srebf1,Pik3r3,1.0
30253,Srebf1,Pklr,1.0
30254,Srebf1,Pkm,1.0
30255,Srebf1,Pnpla3,1.0
30256,Srebf1,Pparg,1.0
30257,Srebf1,Ppargc1a,1.0
30258,Srebf1,Pten,1.0
30259,Srebf1,Ptgds,1.0
30260,Srebf1,Ptgs2,1.0
30261,Srebf1,Retn,1.0
30262,Srebf1,Rps14,1.0
30263,Srebf1,Scarb1,1.0
30264,Srebf1,Serpine1,-1.0
30265,Srebf1,Slc25a1,1.0
30266,Srebf1,Slc27a2,1.0
30267,Srebf1,Slc27a5,1.0
30268,Srebf1,Slc2a2,1.0
30269,Srebf1,Slc2a4,1.0
30270,Srebf1,Snd1,-1.0
30271,Srebf1,Sqle,1.0
30272,Srebf1,Srebf2,1.0
30273,Srebf1,Sstr1,1.0
30274,Srebf1,Star,1.0
30275,Srebf1,Sv2a,1.0
30276,Srebf1,Sytl4,1.0
30277,Srebf1,Tgfb1,1.0
30278,Srebf1,Thrsp,1.0
30279,Srebf1,Trib3,1.0
30280,Srebf1,Ucp2,1.0
30281,Srebf1,Vegfa,-1.0
30282,Srebf1,Wnt10b,-1.0
30283,Srebf2,Aacs,1.0
30284,Srebf2,Abca1,-1.0
30285,Srebf2,Abca3,1.0
30286,Srebf2,Abca7,1.0
30287,Srebf2,Abcg5,-1.0
30288,Srebf2,Abcg8,-1.0
30289,Srebf2,Acly,1.0
30290,Srebf2,Acot7,1.0
30291,Srebf2,Acr,1.0
30292,Srebf2,Acsl1,1.0
30293,Srebf2,Acss2,1.0
30294,Srebf2,Apoa2,1.0
30295,Srebf2,Casp2,1.0
30296,Srebf2,Casp7,1.0
30297,Srebf2,Cyp51,1.0
30298,Srebf2,Cyp8b1,-1.0
30299,Srebf2,Ddah1,1.0
30300,Srebf2,Dhcr24,1.0
30301,Srebf2,Ebp,1.0
30302,Srebf2,Fabp6,1.0
30303,Srebf2,Fas,1.0
30304,Srebf2,Fasn,1.0
30305,Srebf2,Fdft1,1.0
30306,Srebf2,Fdps,1.0
30307,Srebf2,Fgf15,-1.0
30308,Srebf2,Hmgcr,1.0
30309,Srebf2,Hmgcs1,1.0
30310,Srebf2,Hmgcs2,1.0
30311,Srebf2,Hmox1,1.0
30312,Srebf2,Hnf4a,-1.0
30313,Srebf2,Idh1,1.0
30314,Srebf2,Insig1,1.0
30315,Srebf2,Kpnb1,1.0
30316,Srebf2,Ldlr,1.0
30317,Srebf2,Lipc,1.0
30318,Srebf2,Lrp1,-1.0
30319,Srebf2,Lrp1b,1.0
30320,Srebf2,Me1,1.0
30321,Srebf2,Mttp,-1.0
30322,Srebf2,Mvk,1.0
30323,Srebf2,Npc1,1.0
30324,Srebf2,Npc1l1,1.0
30325,Srebf2,Nr0b2,1.0
30326,Srebf2,Nr1h2,1.0
30327,Srebf2,Nr1h3,1.0
30328,Srebf2,Pck1,-1.0
30329,Srebf2,Pcsk9,1.0
30330,Srebf2,Pcyt1a,1.0
30331,Srebf2,Pcyt2,1.0
30332,Srebf2,Pla2g6,1.0
30333,Srebf2,Pmvk,1.0
30334,Srebf2,Pon1,1.0
30335,Srebf2,Pon2,1.0
30336,Srebf2,Pparg,1.0
30337,Srebf2,Prss8,1.0
30338,Srebf2,Ptgs2,1.0
30339,Srebf2,Scarb1,1.0
30340,Srebf2,Snd1,1.0
30341,Srebf2,Sqle,1.0
30342,Srebf2,Srd5a2,1.0
30343,Srebf2,Srebf1,1.0
30344,Srebf2,Star,1.0
30345,Srebf2,Stard4,1.0
30346,Srebf2,Thrsp,1.0
30347,Srebf2,Tm7sf2,1.0
30348,Srebf2,Ucp2,1.0
30349,Srebf2,Usf1,-1.0
30350,Srf,Acta1,1.0
30351,Srf,Acta2,1.0
30352,Srf,Actc1,1.0
30353,Srf,Actg2,1.0
30354,Srf,Akap12,1.0
30355,Srf,Ank1,1.0
30356,Srf,Ar,1.0
30357,Srf,Arc,1.0
30358,Srf,Barx2,1.0
30359,Srf,Bcl2,1.0
30360,Srf,Birc5,1.0
30361,Srf,Bmp10,1.0
30362,Srf,Bok,1.0
30363,Srf,Calca,1.0
30364,Srf,Cald1,1.0
30365,Srf,Ccn2,1.0
30366,Srf,Ccnd1,1.0
30367,Srf,Cdh1,1.0
30368,Srf,Cdh5,1.0
30369,Srf,Cdkn1a,1.0
30370,Srf,Cdkn2b,1.0
30371,Srf,Cftr,1.0
30372,Srf,Ckm,1.0
30373,Srf,Cnn1,1.0
30374,Srf,Col1a2,1.0
30375,Srf,Cpt1b,1.0
30376,Srf,Creb1,-1.0
30377,Srf,Csrp1,1.0
30378,Srf,Csrp2,1.0
30379,Srf,Ctnnb1,-1.0
30380,Srf,Ctsa,1.0
30381,Srf,Cyld,1.0
30382,Srf,Dmd,1.0
30383,Srf,Edn1,1.0
30384,Srf,Egr1,1.0
30385,Srf,Egr3,1.0
30386,Srf,Fgfr3,1.0
30387,Srf,Fhl2,1.0
30388,Srf,Fos,1.0
30389,Srf,Fosb,1.0
30390,Srf,Fosl1,1.0
30391,Srf,Fxn,1.0
30392,Srf,Gata2,1.0
30393,Srf,Glipr1,1.0
30394,Srf,Gsn,1.0
30395,Srf,Hmgxb4,1.0
30396,Srf,Hopx,1.0
30397,Srf,Igf1,1.0
30398,Srf,Il2ra,1.0
30399,Srf,Itga8,1.0
30400,Srf,Itgb1,1.0
30401,Srf,Ivl,1.0
30402,Srf,Kcnmb1,1.0
30403,Srf,Kdm4a,1.0
30404,Srf,Klf2,1.0
30405,Srf,Kpna1,1.0
30406,Srf,Kpnb1,1.0
30407,Srf,Lima1,1.0
30408,Srf,Lmo7,1.0
30409,Srf,Mcl1,1.0
30410,Srf,Mmp14,1.0
30411,Srf,Mmp2,1.0
30412,Srf,Mmp9,1.0
30413,Srf,Mrtfa,1.0
30414,Srf,Myc,1.0
30415,Srf,Myh1,1.0
30416,Srf,Myh11,1.0
30417,Srf,Myh4,1.0
30418,Srf,Myh7,1.0
30419,Srf,Myl2,1.0
30420,Srf,Myl4,1.0
30421,Srf,Myl9,1.0
30422,Srf,Mylk,1.0
30423,Srf,Myod1,1.0
30424,Srf,Nos2,-1.0
30425,Srf,Nppa,1.0
30426,Srf,Nr1h2,1.0
30427,Srf,Nr1i3,1.0
30428,Srf,Nr4a1,1.0
30429,Srf,Oga,1.0
30430,Srf,Pfkfb3,1.0
30431,Srf,Plau,1.0
30432,Srf,Plg,1.0
30433,Srf,Ppargc1a,1.0
30434,Srf,Ppp3ca,1.0
30435,Srf,Prrx1,1.0
30436,Srf,Samd4,1.0
30437,Srf,Serpine1,-1.0
30438,Srf,Slc2a1,1.0
30439,Srf,Slc8a1,1.0
30440,Srf,Smn1,1.0
30441,Srf,Smyd1,1.0
30442,Srf,Snca,1.0
30443,Srf,Tagln,1.0
30444,Srf,Timp3,-1.0
30445,Srf,Tnc,1.0
30446,Srf,Tpm2,1.0
30447,Srf,Trpc6,1.0
30448,Srf,Ube2s,1.0
30449,Srf,Ucp1,1.0
30450,Srf,Zc3h12a,1.0
30451,Srsf2,Aurka,1.0
30452,Srsf2,Aurkb,1.0
30453,Srsf2,Col1a1,1.0
30454,Srsf2,Hnrnph1,1.0
30455,Srsf2,Hnrnpl,1.0
30456,Srsf2,Mdm2,1.0
30457,Srsf2,Rrm2,1.0
30458,Srsf2,Rsrc2,1.0
30459,Srsf2,Srsf1,1.0
30460,Srsf2,Srsf7,1.0
30461,Srsf2,Vim,1.0
30462,Sry,Ace,1.0
30463,Sry,Ace2,1.0
30464,Sry,Agt,1.0
30465,Sry,Amh,1.0
30466,Sry,Ar,1.0
30467,Sry,Cbln4,1.0
30468,Sry,Col4a2,1.0
30469,Sry,Csnk1a1,1.0
30470,Sry,Ctnnb1,-1.0
30471,Sry,Cyp4v3,1.0
30472,Sry,Dazl,1.0
30473,Sry,Esr1,1.0
30474,Sry,Etv2,1.0
30475,Sry,Fn1,1.0
30476,Sry,Fosl1,1.0
30477,Sry,Ghrhr,1.0
30478,Sry,Hnf4a,1.0
30479,Sry,Hpgds,1.0
30480,Sry,Macc1,1.0
30481,Sry,Maoa,1.0
30482,Sry,Msh4,1.0
30483,Sry,Nfat5,1.0
30484,Sry,Nfkbib,1.0
30485,Sry,Npr1,1.0
30486,Sry,Ntf3,1.0
30487,Sry,Nwd1,1.0
30488,Sry,Prom1,1.0
30489,Sry,Rgn,1.0
30490,Sry,Sdc4,1.0
30491,Sry,Serbp1,1.0
30492,Sry,Sgf29,1.0
30493,Sry,Sox17,1.0
30494,Sry,Sox9,1.0
30495,Sry,Tcf21,1.0
30496,Sry,Th,1.0
30497,Sry,Thop1,1.0
30498,Sry,Wdr5,1.0
30499,Sry,Wnt4,1.0
30500,Sry,Wt1,1.0
30501,Ssrp1,Ache,1.0
30502,Ssrp1,Adamts7,1.0
30503,Ssrp1,Agtr2,1.0
30504,Ssrp1,Alb,1.0
30505,Ssrp1,Aldob,1.0
30506,Ssrp1,Ankrd1,1.0
30507,Ssrp1,Ankrd2,1.0
30508,Ssrp1,Apoa5,1.0
30509,Ssrp1,Bcl2,1.0
30510,Ssrp1,Bcl2l1,1.0
30511,Ssrp1,Bdnf,1.0
30512,Ssrp1,Casp1,1.0
30513,Ssrp1,Ccnb1,1.0
30514,Ssrp1,Ccnd1,1.0
30515,Ssrp1,Ccne1,1.0
30516,Ssrp1,Cd83,1.0
30517,Ssrp1,Cdan1,1.0
30518,Ssrp1,Cdkl5,1.0
30519,Ssrp1,Cdkn1a,1.0
30520,Ssrp1,Cdkn1b,1.0
30521,Ssrp1,Cdkn1c,1.0
30522,Ssrp1,Cdkn2a,1.0
30523,Ssrp1,Cel,1.0
30524,Ssrp1,Chd1,1.0
30525,Ssrp1,Ciita,1.0
30526,Ssrp1,Cldn7,1.0
30527,Ssrp1,Cp,1.0
30528,Ssrp1,Crebbp,1.0
30529,Ssrp1,Crebzf,1.0
30530,Ssrp1,Ctsg,1.0
30531,Ssrp1,Cyp19a1,1.0
30532,Ssrp1,Cyp7a1,1.0
30533,Ssrp1,Egr1,1.0
30534,Ssrp1,Egr3,1.0
30535,Ssrp1,Elavl1,1.0
30536,Ssrp1,Eng,1.0
30537,Ssrp1,Esr1,1.0
30538,Ssrp1,Fabp6,1.0
30539,Ssrp1,Fasl,1.0
30540,Ssrp1,Fastk,1.0
30541,Ssrp1,Fcer1g,1.0
30542,Ssrp1,Fgfr1,1.0
30543,Ssrp1,Foxa2,1.0
30544,Ssrp1,Fshb,1.0
30545,Ssrp1,Gabra4,1.0
30546,Ssrp1,Gal,1.0
30547,Ssrp1,Gast,1.0
30548,Ssrp1,Gdf15,1.0
30549,Ssrp1,Ghr,1.0
30550,Ssrp1,Gprc5a,1.0
30551,Ssrp1,Grin1,1.0
30552,Ssrp1,Gtf2f1,1.0
30553,Ssrp1,Hbegf,1.0
30554,Ssrp1,Hes1,1.0
30555,Ssrp1,Hes5,1.0
30556,Ssrp1,Hhex,1.0
30557,Ssrp1,Hmox1,1.0
30558,Ssrp1,Iapp,1.0
30559,Ssrp1,Id1,1.0
30560,Ssrp1,Igf1,1.0
30561,Ssrp1,Igf2,1.0
30562,Ssrp1,Igll1,1.0
30563,Ssrp1,Il1b,1.0
30564,Ssrp1,Il2,1.0
30565,Ssrp1,Il21,1.0
30566,Ssrp1,Il21r,1.0
30567,Ssrp1,Il5,1.0
30568,Ssrp1,Il6,1.0
30569,Ssrp1,Isyna1,1.0
30570,Ssrp1,Itgax,1.0
30571,Ssrp1,Jag2,1.0
30572,Ssrp1,Kat2b,1.0
30573,Ssrp1,Kras,1.0
30574,Ssrp1,Mapk8,1.0
30575,Ssrp1,Mdm2,1.0
30576,Ssrp1,Mitf,1.0
30577,Ssrp1,Mmp9,1.0
30578,Ssrp1,Mrpl41,1.0
30579,Ssrp1,Mtf2,1.0
30580,Ssrp1,Myb,1.0
30581,Ssrp1,Mybl2,1.0
30582,Ssrp1,Myc,1.0
30583,Ssrp1,Myh14,1.0
30584,Ssrp1,Myod1,1.0
30585,Ssrp1,Nfkbia,1.0
30586,Ssrp1,Ngfr,1.0
30587,Ssrp1,Nos3,1.0
30588,Ssrp1,Notch3,1.0
30589,Ssrp1,Nppa,1.0
30590,Ssrp1,Nrp1,1.0
30591,Ssrp1,Ntrk1,1.0
30592,Ssrp1,Odc1,1.0
30593,Ssrp1,Pak1,1.0
30594,Ssrp1,Pax7,1.0
30595,Ssrp1,Pcna,1.0
30596,Ssrp1,Pdx1,1.0
30597,Ssrp1,Pik3r1,1.0
30598,Ssrp1,Pml,1.0
30599,Ssrp1,Por,1.0
30600,Ssrp1,Prkcq,1.0
30601,Ssrp1,Psen1,1.0
30602,Ssrp1,Ptgs2,1.0
30603,Ssrp1,Pvr,1.0
30604,Ssrp1,Rarb,1.0
30605,Ssrp1,Ren1,1.0
30606,Ssrp1,Ros1,1.0
30607,Ssrp1,Rrn3,1.0
30608,Ssrp1,Scnn1g,1.0
30609,Ssrp1,Shh,1.0
30610,Ssrp1,Slc5a5,1.0
30611,Ssrp1,Socs3,1.0
30612,Ssrp1,Spp2,1.0
30613,Ssrp1,Star,1.0
30614,Ssrp1,Tafazzin,1.0
30615,Ssrp1,Tbx2,1.0
30616,Ssrp1,Tg,1.0
30617,Ssrp1,Tgfb1,1.0
30618,Ssrp1,Tgfbr2,1.0
30619,Ssrp1,Th,1.0
30620,Ssrp1,Timp1,1.0
30621,Ssrp1,Tlr3,1.0
30622,Ssrp1,Tnf,1.0
30623,Ssrp1,Tnfrsf11a,1.0
30624,Ssrp1,Tnfsf11,1.0
30625,Ssrp1,Traf1,1.0
30626,Ssrp1,Trp53,1.0
30627,Ssrp1,Trp63,1.0
30628,Ssrp1,Txnip,1.0
30629,Ssrp1,Ulk1,1.0
30630,Ssrp1,Vdr,1.0
30631,Ssrp1,Vegfa,1.0
30632,Ssrp1,Wdtc1,1.0
30633,Ssrp1,Zfand2a,1.0
30634,St18,Il6,1.0
30635,St18,Tnf,1.0
30636,Stat1,Abca1,1.0
30637,Stat1,Abcc8,1.0
30638,Stat1,Abl1,1.0
30639,Stat1,Acat1,1.0
30640,Stat1,Acsl1,1.0
30641,Stat1,Adamts4,1.0
30642,Stat1,Adar,1.0
30643,Stat1,Agt,1.0
30644,Stat1,Aim2,1.0
30645,Stat1,Akt1,1.0
30646,Stat1,Apoc2,1.0
30647,Stat1,App,1.0
30648,Stat1,Atg4c,1.0
30649,Stat1,Bace1,1.0
30650,Stat1,Bax,1.0
30651,Stat1,Bcl2l14,1.0
30652,Stat1,Bcl6,1.0
30653,Stat1,Bcr,1.0
30654,Stat1,Birc2,1.0
30655,Stat1,Brd8,1.0
30656,Stat1,Bst2,1.0
30657,Stat1,C1qb,1.0
30658,Stat1,Casp2,1.0
30659,Stat1,Casp3,1.0
30660,Stat1,Casp4,1.0
30661,Stat1,Casp8,1.0
30662,Stat1,Ccl1,1.0
30663,Stat1,Ccl11,-1.0
30664,Stat1,Ccl19,1.0
30665,Stat1,Ccl3,1.0
30666,Stat1,Ccl5,1.0
30667,Stat1,Ccn2,-1.0
30668,Stat1,Ccnd1,1.0
30669,Stat1,Cd14,1.0
30670,Stat1,Cd200,1.0
30671,Stat1,Cd22,1.0
30672,Stat1,Cd274,1.0
30673,Stat1,Cd36,1.0
30674,Stat1,Cd40,1.0
30675,Stat1,Cd40lg,1.0
30676,Stat1,Cd69,1.0
30677,Stat1,Cd79a,1.0
30678,Stat1,Cd86,1.0
30679,Stat1,Cdk8,1.0
30680,Stat1,Cdkn1a,1.0
30681,Stat1,Cdkn1b,1.0
30682,Stat1,Cebpd,1.0
30683,Stat1,Cebpe,1.0
30684,Stat1,Cftr,1.0
30685,Stat1,Ch25h,1.0
30686,Stat1,Chat,1.0
30687,Stat1,Ciita,1.0
30688,Stat1,Clu,1.0
30689,Stat1,Cntf,1.0
30690,Stat1,Col1a2,1.0
30691,Stat1,Col2a1,1.0
30692,Stat1,Cops5,1.0
30693,Stat1,Crebbp,1.0
30694,Stat1,Crem,1.0
30695,Stat1,Csf1,1.0
30696,Stat1,Csn2,1.0
30697,Stat1,Csnk2a2,1.0
30698,Stat1,Ctsb,1.0
30699,Stat1,Ctsl,1.0
30700,Stat1,Cx3cl1,1.0
30701,Stat1,Cxcl10,1.0
30702,Stat1,Cxcl11,1.0
30703,Stat1,Cxcl9,1.0
30704,Stat1,Dclre1c,1.0
30705,Stat1,Ddx50,1.0
30706,Stat1,Dimt1,1.0
30707,Stat1,Ears2,1.0
30708,Stat1,Edem2,1.0
30709,Stat1,Edn1,1.0
30710,Stat1,Egfr,1.0
30711,Stat1,Egln3,1.0
30712,Stat1,Eif2ak2,1.0
30713,Stat1,Elp3,1.0
30714,Stat1,Esr1,1.0
30715,Stat1,Fas,1.0
30716,Stat1,Fasl,1.0
30717,Stat1,Fbxo5,1.0
30718,Stat1,Fcgr1,1.0
30719,Stat1,Fcgrt,-1.0
30720,Stat1,Fgf2,1.0
30721,Stat1,Fgfr1,1.0
30722,Stat1,Fgfr3,-1.0
30723,Stat1,Fgl2,1.0
30724,Stat1,Fos,1.0
30725,Stat1,Foxo3,1.0
30726,Stat1,Foxp3,1.0
30727,Stat1,Fscn1,1.0
30728,Stat1,Gadd45a,1.0
30729,Stat1,Gast,1.0
30730,Stat1,Gata3,1.0
30731,Stat1,Gfi1,1.0
30732,Stat1,Gls,1.0
30733,Stat1,Gpr146,1.0
30734,Stat1,Greb1,1.0
30735,Stat1,Gstk1,1.0
30736,Stat1,H2-T23,1.0
30737,Stat1,Hdac7,1.0
30738,Stat1,Hmgb1,-1.0
30739,Stat1,Hmox1,1.0
30740,Stat1,Hsp90aa1,-1.0
30741,Stat1,Hspa4,1.0
30742,Stat1,Hspb1,1.0
30743,Stat1,Hspg2,1.0
30744,Stat1,Htra1,1.0
30745,Stat1,Icam1,1.0
30746,Stat1,Ido1,1.0
30747,Stat1,Ifi30,-1.0
30748,Stat1,Ifi35,1.0
30749,Stat1,Ifit2,1.0
30750,Stat1,Ifnb1,-1.0
30751,Stat1,Ifng,-1.0
30752,Stat1,Ifngr1,1.0
30753,Stat1,Ifnlr1,1.0
30754,Stat1,Igflr1,1.0
30755,Stat1,Il10,1.0
30756,Stat1,Il12a,1.0
30757,Stat1,Il12b,1.0
30758,Stat1,Il13,1.0
30759,Stat1,Il17a,1.0
30760,Stat1,Il17ra,1.0
30761,Stat1,Il18bp,1.0
30762,Stat1,Il1b,1.0
30763,Stat1,Il1r1,-1.0
30764,Stat1,Il21,1.0
30765,Stat1,Il27,1.0
30766,Stat1,Il2ra,1.0
30767,Stat1,Il4,1.0
30768,Stat1,Il6,-1.0
30769,Stat1,Il6st,1.0
30770,Stat1,Ino80,1.0
30771,Stat1,Irf1,1.0
30772,Stat1,Irf2,1.0
30773,Stat1,Irf7,1.0
30774,Stat1,Irf8,1.0
30775,Stat1,Irf9,1.0
30776,Stat1,Isg15,1.0
30777,Stat1,Isg20,1.0
30778,Stat1,Itgb1,1.0
30779,Stat1,Ivl,-1.0
30780,Stat1,Jak1,1.0
30781,Stat1,Jak2,1.0
30782,Stat1,Jun,1.0
30783,Stat1,Kdm6b,1.0
30784,Stat1,Kif2a,1.0
30785,Stat1,Kitl,1.0
30786,Stat1,Klf4,1.0
30787,Stat1,Krt17,1.0
30788,Stat1,Krt79,1.0
30789,Stat1,Lap3,1.0
30790,Stat1,Lat,1.0
30791,Stat1,Lcn2,1.0
30792,Stat1,Lgals3,1.0
30793,Stat1,Lonp1,1.0
30794,Stat1,Lpl,1.0
30795,Stat1,Ly96,1.0
30796,Stat1,Man1a,1.0
30797,Stat1,Map1lc3b,1.0
30798,Stat1,Map3k14,1.0
30799,Stat1,Mapk1,1.0
30800,Stat1,Mapkapk2,1.0
30801,Stat1,Mcl1,1.0
30802,Stat1,Mdc1,1.0
30803,Stat1,Mdm2,-1.0
30804,Stat1,Med16,1.0
30805,Stat1,Med23,1.0
30806,Stat1,Met,1.0
30807,Stat1,Mlc1,1.0
30808,Stat1,Mmp13,-1.0
30809,Stat1,Mmp7,1.0
30810,Stat1,Mmp9,-1.0
30811,Stat1,Msr1,1.0
30812,Stat1,Mtmr9,1.0
30813,Stat1,Muc1,1.0
30814,Stat1,Muc4,1.0
30815,Stat1,Mvp,1.0
30816,Stat1,Myd88,1.0
30817,Stat1,Ncl,1.0
30818,Stat1,Nmi,1.0
30819,Stat1,Nos2,1.0
30820,Stat1,Nox1,1.0
30821,Stat1,Nox4,1.0
30822,Stat1,Npat,1.0
30823,Stat1,Nr1h4,-1.0
30824,Stat1,Oprm1,1.0
30825,Stat1,Osm,1.0
30826,Stat1,Park7,1.0
30827,Stat1,Pdgfb,1.0
30828,Stat1,Pias1,1.0
30829,Stat1,Pik3cb,1.0
30830,Stat1,Pik3r1,1.0
30831,Stat1,Pim1,1.0
30832,Stat1,Plcg1,1.0
30833,Stat1,Pml,1.0
30834,Stat1,Pomc,1.0
30835,Stat1,Pou3f1,1.0
30836,Stat1,Ppara,1.0
30837,Stat1,Pparg,-1.0
30838,Stat1,Ppip5k2,1.0
30839,Stat1,Prf1,1.0
30840,Stat1,Prkce,-1.0
30841,Stat1,Psmb9,1.0
30842,Stat1,Ptgs2,1.0
30843,Stat1,Ptn,1.0
30844,Stat1,Ptpn6,1.0
30845,Stat1,Pwp2,1.0
30846,Stat1,Rb1,1.0
30847,Stat1,Rc3h1,1.0
30848,Stat1,Rela,1.0
30849,Stat1,Rest,1.0
30850,Stat1,Runx3,1.0
30851,Stat1,S100a10,1.0
30852,Stat1,Sbno2,1.0
30853,Stat1,Scarb1,-1.0
30854,Stat1,Scgb3a1,-1.0
30855,Stat1,Sema4b,1.0
30856,Stat1,Skp2,-1.0
30857,Stat1,Slc26a3,1.0
30858,Stat1,Slpi,1.0
30859,Stat1,Slurp1,1.0
30860,Stat1,Smad3,1.0
30861,Stat1,Smarca4,1.0
30862,Stat1,Snap91,1.0
30863,Stat1,Snrnp27,1.0
30864,Stat1,Socs1,1.0
30865,Stat1,Socs2,1.0
30866,Stat1,Socs3,1.0
30867,Stat1,Sp7,-1.0
30868,Stat1,St14,1.0
30869,Stat1,Stat2,1.0
30870,Stat1,Stat3,1.0
30871,Stat1,Stat6,1.0
30872,Stat1,Tap1,1.0
30873,Stat1,Tbx21,1.0
30874,Stat1,Tgfa,1.0
30875,Stat1,Timp1,1.0
30876,Stat1,Timp3,1.0
30877,Stat1,Tlr3,1.0
30878,Stat1,Tlr8,1.0
30879,Stat1,Tnf,1.0
30880,Stat1,Tnfrsf10b,1.0
30881,Stat1,Tnfrsf1a,1.0
30882,Stat1,Tnfsf10,-1.0
30883,Stat1,Tnfsf11,1.0
30884,Stat1,Tnfsf13b,1.0
30885,Stat1,Traf6,1.0
30886,Stat1,Trim25,1.0
30887,Stat1,Trim63,1.0
30888,Stat1,Trip6,1.0
30889,Stat1,Trp53,1.0
30890,Stat1,Trp53bp1,1.0
30891,Stat1,Trp73,1.0
30892,Stat1,Tshb,1.0
30893,Stat1,Tyk2,1.0
30894,Stat1,Ubr1,1.0
30895,Stat1,Upp1,1.0
30896,Stat1,Vangl1,1.0
30897,Stat1,Vim,1.0
30898,Stat1,Vip,1.0
30899,Stat1,Vps33b,1.0
30900,Stat1,Xaf1,1.0
30901,Stat1,Zc3hav1,1.0
30902,Stat1,Zfp36,1.0
30903,Stat1,Zfp655,1.0
30904,Stat2,Ankrd1,1.0
30905,Stat2,Cbl,1.0
30906,Stat2,Ccl19,1.0
30907,Stat2,Crebbp,1.0
30908,Stat2,Des,1.0
30909,Stat2,Dgke,1.0
30910,Stat2,Eif2ak2,1.0
30911,Stat2,H2-T23,1.0
30912,Stat2,Hgf,1.0
30913,Stat2,Ifit2,1.0
30914,Stat2,Ifnb1,1.0
30915,Stat2,Ifng,1.0
30916,Stat2,Igf1,1.0
30917,Stat2,Igf2,1.0
30918,Stat2,Il12a,1.0
30919,Stat2,Il20ra,1.0
30920,Stat2,Il21,1.0
30921,Stat2,Il27,1.0
30922,Stat2,Il6,1.0
30923,Stat2,Irf1,1.0
30924,Stat2,Irf7,1.0
30925,Stat2,Irf9,1.0
30926,Stat2,Jun,1.0
30927,Stat2,Jund,1.0
30928,Stat2,Krt27,1.0
30929,Stat2,Mcl1,1.0
30930,Stat2,Me3,1.0
30931,Stat2,Msr1,1.0
30932,Stat2,Nfkb2,1.0
30933,Stat2,Nmbr,1.0
30934,Stat2,Nos2,1.0
30935,Stat2,P2ry4,1.0
30936,Stat2,Pml,1.0
30937,Stat2,Ptgs2,1.0
30938,Stat2,Rcan1,1.0
30939,Stat2,Samhd1,1.0
30940,Stat2,Scarb1,-1.0
30941,Stat2,Scarb2,1.0
30942,Stat2,Serpine1,1.0
30943,Stat2,Stat1,1.0
30944,Stat2,Tgfa,1.0
30945,Stat3,Aatf,1.0
30946,Stat3,Abca1,1.0
30947,Stat3,Abca3,1.0
30948,Stat3,Acaca,1.0
30949,Stat3,Acox1,-1.0
30950,Stat3,Actg2,1.0
30951,Stat3,Adamts13,1.0
30952,Stat3,Adamts4,1.0
30953,Stat3,Adipoq,1.0
30954,Stat3,Adm,1.0
30955,Stat3,Agrp,1.0
30956,Stat3,Agt,1.0
30957,Stat3,Ahr,1.0
30958,Stat3,Akap12,1.0
30959,Stat3,Akt1,1.0
30960,Stat3,Anxa1,1.0
30961,Stat3,Apcs,1.0
30962,Stat3,Apex1,1.0
30963,Stat3,Apln,1.0
30964,Stat3,Apoa4,1.0
30965,Stat3,App,1.0
30966,Stat3,Ar,1.0
30967,Stat3,Arg1,1.0
30968,Stat3,Arid5a,1.0
30969,Stat3,Bace1,1.0
30970,Stat3,Bad,-1.0
30971,Stat3,Batf,1.0
30972,Stat3,Bax,1.0
30973,Stat3,Bcl2,1.0
30974,Stat3,Bcl2l1,1.0
30975,Stat3,Bcl3,1.0
30976,Stat3,Bcl6,1.0
30977,Stat3,Becn1,-1.0
30978,Stat3,Birc3,1.0
30979,Stat3,Birc5,1.0
30980,Stat3,Bmpr2,-1.0
30981,Stat3,Brca1,1.0
30982,Stat3,Bst2,1.0
30983,Stat3,Casp3,1.0
30984,Stat3,Cav1,1.0
30985,Stat3,Ccdc88a,1.0
30986,Stat3,Ccl1,1.0
30987,Stat3,Ccl11,1.0
30988,Stat3,Ccl20,1.0
30989,Stat3,Ccl5,1.0
30990,Stat3,Ccn1,1.0
30991,Stat3,Ccn2,-1.0
30992,Stat3,Ccnd1,1.0
30993,Stat3,Ccnd2,1.0
30994,Stat3,Ccnd3,1.0
30995,Stat3,Ccne1,1.0
30996,Stat3,Ccr5,1.0
30997,Stat3,Cd274,1.0
30998,Stat3,Cd46,1.0
30999,Stat3,Cd9,1.0
31000,Stat3,Cdc25a,1.0
31001,Stat3,Cdh1,1.0
31002,Stat3,Cdh2,1.0
31003,Stat3,Cdh4,1.0
31004,Stat3,Cdk4,1.0
31005,Stat3,Cdkn1a,1.0
31006,Stat3,Cdkn1b,1.0
31007,Stat3,Cdkn2d,1.0
31008,Stat3,Cdx2,1.0
31009,Stat3,Cebpa,1.0
31010,Stat3,Cebpb,1.0
31011,Stat3,Cebpd,1.0
31012,Stat3,Cflar,1.0
31013,Stat3,Chat,1.0
31014,Stat3,Chi3l1,1.0
31015,Stat3,Ciita,1.0
31016,Stat3,Cish,1.0
31017,Stat3,Clcn3,1.0
31018,Stat3,Clu,1.0
31019,Stat3,Cops5,1.0
31020,Stat3,Crp,1.0
31021,Stat3,Csf3,1.0
31022,Stat3,Csn2,1.0
31023,Stat3,Csrp1,1.0
31024,Stat3,Ctnnb1,1.0
31025,Stat3,Cttn,1.0
31026,Stat3,Cx3cl1,1.0
31027,Stat3,Cxcl10,1.0
31028,Stat3,Cxcl11,1.0
31029,Stat3,Cxcl12,1.0
31030,Stat3,Cxcl9,1.0
31031,Stat3,Cxcr2,1.0
31032,Stat3,Cxcr6,1.0
31033,Stat3,Cybb,1.0
31034,Stat3,Cyp19a1,1.0
31035,Stat3,Dapk1,-1.0
31036,Stat3,Ddah1,1.0
31037,Stat3,Ddit3,-1.0
31038,Stat3,Depp1,1.0
31039,Stat3,Dio2,1.0
31040,Stat3,Dnmt1,1.0
31041,Stat3,Ece1,1.0
31042,Stat3,Ecel1,1.0
31043,Stat3,Eed,1.0
31044,Stat3,Egfr,1.0
31045,Stat3,Egr1,1.0
31046,Stat3,Eif5b,1.0
31047,Stat3,Eif6,1.0
31048,Stat3,Eme1,1.0
31049,Stat3,Eno2,1.0
31050,Stat3,Enpp2,1.0
31051,Stat3,Entpd1,1.0
31052,Stat3,Epas1,1.0
31053,Stat3,Esr1,1.0
31054,Stat3,Esr2,1.0
31055,Stat3,Etv3,1.0
31056,Stat3,Etv6,1.0
31057,Stat3,Ezh2,1.0
31058,Stat3,F2r,1.0
31059,Stat3,Faah,1.0
31060,Stat3,Fas,-1.0
31061,Stat3,Fasl,-1.0
31062,Stat3,Fasn,1.0
31063,Stat3,Fbxo32,1.0
31064,Stat3,Fcgr1,1.0
31065,Stat3,Fga,1.0
31066,Stat3,Fgf1,-1.0
31067,Stat3,Fgf2,1.0
31068,Stat3,Fgg,1.0
31069,Stat3,Fgl1,1.0
31070,Stat3,Flt3,1.0
31071,Stat3,Fn1,1.0
31072,Stat3,Fos,1.0
31073,Stat3,Foxm1,1.0
31074,Stat3,Foxo1,1.0
31075,Stat3,Foxo3,1.0
31076,Stat3,Foxp3,1.0
31077,Stat3,Fscn1,1.0
31078,Stat3,Fto,1.0
31079,Stat3,Fzd1,1.0
31080,Stat3,G6pc1,-1.0
31081,Stat3,Gabpa,1.0
31082,Stat3,Gadd45b,-1.0
31083,Stat3,Gadd45g,-1.0
31084,Stat3,Gap43,1.0
31085,Stat3,Gast,1.0
31086,Stat3,Gata4,1.0
31087,Stat3,Gfap,1.0
31088,Stat3,Gkap1,1.0
31089,Stat3,Greb1,1.0
31090,Stat3,Gsk3b,-1.0
31091,Stat3,Has2,1.0
31092,Stat3,Hbb-bh1,-1.0
31093,Stat3,Hgf,1.0
31094,Stat3,Hif1a,1.0
31095,Stat3,Hk2,1.0
31096,Stat3,Hmga2,1.0
31097,Stat3,Hmgb1,-1.0
31098,Stat3,Hmox1,1.0
31099,Stat3,Hp,1.0
31100,Stat3,Hras,1.0
31101,Stat3,Hsp90aa1,1.0
31102,Stat3,Hsp90ab1,1.0
31103,Stat3,Hspa4,1.0
31104,Stat3,Hspb1,1.0
31105,Stat3,Icam1,1.0
31106,Stat3,Icos,1.0
31107,Stat3,Ide,1.0
31108,Stat3,Ifnar1,1.0
31109,Stat3,Ifng,-1.0
31110,Stat3,Igf2,1.0
31111,Stat3,Igfbp1,1.0
31112,Stat3,Igfbp2,1.0
31113,Stat3,Ikbke,1.0
31114,Stat3,Il10,1.0
31115,Stat3,Il11,1.0
31116,Stat3,Il12a,1.0
31117,Stat3,Il12b,-1.0
31118,Stat3,Il13,1.0
31119,Stat3,Il17a,1.0
31120,Stat3,Il17f,1.0
31121,Stat3,Il1b,1.0
31122,Stat3,Il1rn,1.0
31123,Stat3,Il2,1.0
31124,Stat3,Il21,1.0
31125,Stat3,Il23a,1.0
31126,Stat3,Il2ra,1.0
31127,Stat3,Il3ra,1.0
31128,Stat3,Il4,-1.0
31129,Stat3,Il5,1.0
31130,Stat3,Il6,1.0
31131,Stat3,Il6st,1.0
31132,Stat3,Il7,1.0
31133,Stat3,Irak3,1.0
31134,Stat3,Irf1,1.0
31135,Stat3,Itgam,1.0
31136,Stat3,Jak2,1.0
31137,Stat3,Jak3,1.0
31138,Stat3,Junb,1.0
31139,Stat3,Kdm6b,1.0
31140,Stat3,Klf11,1.0
31141,Stat3,Klf4,1.0
31142,Stat3,Klrk1,1.0
31143,Stat3,Krt13,1.0
31144,Stat3,Krt17,1.0
31145,Stat3,Lbp,1.0
31146,Stat3,Lcat,1.0
31147,Stat3,Lcn2,1.0
31148,Stat3,Lep,1.0
31149,Stat3,Lgals3bp,-1.0
31150,Stat3,Lgr4,1.0
31151,Stat3,Lif,1.0
31152,Stat3,Lin28a,1.0
31153,Stat3,Lonp1,1.0
31154,Stat3,Lpin1,1.0
31155,Stat3,Ltbp1,-1.0
31156,Stat3,Mad1l1,1.0
31157,Stat3,Maf,1.0
31158,Stat3,Mafb,1.0
31159,Stat3,Map2k5,1.0
31160,Stat3,Mapk3,1.0
31161,Stat3,Mapk8,1.0
31162,Stat3,Mapk9,1.0
31163,Stat3,Masp2,1.0
31164,Stat3,Mbd1,1.0
31165,Stat3,Mcat,1.0
31166,Stat3,Mcl1,1.0
31167,Stat3,Mdc1,1.0
31168,Stat3,Med1,1.0
31169,Stat3,Met,1.0
31170,Stat3,Mif,1.0
31171,Stat3,Mill2,-1.0
31172,Stat3,Mmp13,1.0
31173,Stat3,Mmp14,1.0
31174,Stat3,Mmp2,1.0
31175,Stat3,Mmp7,1.0
31176,Stat3,Mmp9,-1.0
31177,Stat3,Mt1,1.0
31178,Stat3,Muc1,1.0
31179,Stat3,Muc4,1.0
31180,Stat3,Muc5b,1.0
31181,Stat3,Mxd1,1.0
31182,Stat3,Myb,-1.0
31183,Stat3,Myc,1.0
31184,Stat3,Myd88,1.0
31185,Stat3,Myod1,1.0
31186,Stat3,Nanog,1.0
31187,Stat3,Ndn,-1.0
31188,Stat3,Ndufa13,1.0
31189,Stat3,Nkx2-5,1.0
31190,Stat3,Nlk,1.0
31191,Stat3,Nme1,1.0
31192,Stat3,Nnmt,1.0
31193,Stat3,Nos2,1.0
31194,Stat3,Nos3,-1.0
31195,Stat3,Nostrin,-1.0
31196,Stat3,Notch1,1.0
31197,Stat3,Notch3,1.0
31198,Stat3,Nox1,1.0
31199,Stat3,Nox4,1.0
31200,Stat3,Nppa,1.0
31201,Stat3,Npy,1.0
31202,Stat3,Nr0b1,1.0
31203,Stat3,Nr2c2,1.0
31204,Stat3,Nr3c1,1.0
31205,Stat3,Nt5e,1.0
31206,Stat3,Oprm1,1.0
31207,Stat3,Osm,1.0
31208,Stat3,Pax2,1.0
31209,Stat3,Pax3,-1.0
31210,Stat3,Pcdh8,1.0
31211,Stat3,Pdgfb,1.0
31212,Stat3,Pfn1,1.0
31213,Stat3,Pgf,-1.0
31214,Stat3,Phb1,1.0
31215,Stat3,Pias3,1.0
31216,Stat3,Pik3r1,1.0
31217,Stat3,Pim1,1.0
31218,Stat3,Pim3,1.0
31219,Stat3,Pla2g2a,1.0
31220,Stat3,Plk1,1.0
31221,Stat3,Plpp3,1.0
31222,Stat3,Polr2f,1.0
31223,Stat3,Polr2h,1.0
31224,Stat3,Pomc,1.0
31225,Stat3,Pou2f1,1.0
31226,Stat3,Pou5f1,1.0
31227,Stat3,Ppara,1.0
31228,Stat3,Ppargc1a,-1.0
31229,Stat3,Prdm1,1.0
31230,Stat3,Prf1,1.0
31231,Stat3,Prkaa1,1.0
31232,Stat3,Prkcb,1.0
31233,Stat3,Prkcg,1.0
31234,Stat3,Prkch,1.0
31235,Stat3,Prkcq,1.0
31236,Stat3,Prok2,1.0
31237,Stat3,Pros1,1.0
31238,Stat3,Psmb5,1.0
31239,Stat3,Pten,1.0
31240,Stat3,Ptger4,1.0
31241,Stat3,Ptgs2,1.0
31242,Stat3,Ptk6,1.0
31243,Stat3,Ptpn13,1.0
31244,Stat3,Ptpn2,1.0
31245,Stat3,Ptpn6,-1.0
31246,Stat3,Pttg1,1.0
31247,Stat3,Ralgds,1.0
31248,Stat3,Rasa1,1.0
31249,Stat3,Rb1,-1.0
31250,Stat3,Rc3h1,1.0
31251,Stat3,Reck,-1.0
31252,Stat3,Rel,1.0
31253,Stat3,Rela,1.0
31254,Stat3,Ren1,-1.0
31255,Stat3,Rgcc,1.0
31256,Stat3,Rgs7,1.0
31257,Stat3,Rho,-1.0
31258,Stat3,Rhoh,1.0
31259,Stat3,Rnf149,1.0
31260,Stat3,Rnls,1.0
31261,Stat3,Ror1,1.0
31262,Stat3,Rorc,1.0
31263,Stat3,Rpap1,1.0
31264,Stat3,S100a11,1.0
31265,Stat3,S100a9,1.0
31266,Stat3,S1pr1,1.0
31267,Stat3,Sall4,1.0
31268,Stat3,Samhd1,1.0
31269,Stat3,Sbno2,1.0
31270,Stat3,Scgb3a1,1.0
31271,Stat3,Scgb3a2,1.0
31272,Stat3,Setd7,1.0
31273,Stat3,Sfrp4,1.0
31274,Stat3,Sftpb,1.0
31275,Stat3,Sh2d1a,1.0
31276,Stat3,Shh,1.0
31277,Stat3,Skp2,1.0
31278,Stat3,Slc18a3,1.0
31279,Stat3,Slc25a5,1.0
31280,Stat3,Slc2a2,1.0
31281,Stat3,Slc9a3,1.0
31282,Stat3,Slpi,1.0
31283,Stat3,Smad1,1.0
31284,Stat3,Socs1,1.0
31285,Stat3,Socs2,1.0
31286,Stat3,Socs3,1.0
31287,Stat3,Socs5,1.0
31288,Stat3,Sod2,1.0
31289,Stat3,Sox2,1.0
31290,Stat3,Sox6,1.0
31291,Stat3,Sp1,1.0
31292,Stat3,Spi1,1.0
31293,Stat3,Srebf1,-1.0
31294,Stat3,Stat1,1.0
31295,Stat3,Stat5a,1.0
31296,Stat3,Steap4,1.0
31297,Stat3,Stk11,1.0
31298,Stat3,Stk35,1.0
31299,Stat3,Stmn1,1.0
31300,Stat3,Tcf7l2,1.0
31301,Stat3,Terf1,1.0
31302,Stat3,Tert,1.0
31303,Stat3,Tff3,1.0
31304,Stat3,Tgfb1,1.0
31305,Stat3,Th,1.0
31306,Stat3,Timp1,1.0
31307,Stat3,Timp3,-1.0
31308,Stat3,Tlr4,1.0
31309,Stat3,Tlr9,1.0
31310,Stat3,Tmeff2,-1.0
31311,Stat3,Tnf,-1.0
31312,Stat3,Tnfrsf10b,-1.0
31313,Stat3,Tnfrsf1b,1.0
31314,Stat3,Tnfsf11,1.0
31315,Stat3,Tpx2,1.0
31316,Stat3,Trf,1.0
31317,Stat3,Trh,1.0
31318,Stat3,Trim28,1.0
31319,Stat3,Trim63,1.0
31320,Stat3,Trp53,-1.0
31321,Stat3,Trp63,1.0
31322,Stat3,Trpc6,1.0
31323,Stat3,Tspo,1.0
31324,Stat3,Twist1,1.0
31325,Stat3,Twist2,1.0
31326,Stat3,Tyk2,-1.0
31327,Stat3,Ube2g1,1.0
31328,Stat3,Ucp2,-1.0
31329,Stat3,Usp7,-1.0
31330,Stat3,Vdr,-1.0
31331,Stat3,Vegfa,1.0
31332,Stat3,Vegfb,1.0
31333,Stat3,Vim,1.0
31334,Stat3,Vip,1.0
31335,Stat3,Wasf3,1.0
31336,Stat3,Wnt3a,1.0
31337,Stat3,Wnt5a,1.0
31338,Stat3,Wwtr1,1.0
31339,Stat3,Xaf1,1.0
31340,Stat3,Xbp1,1.0
31341,Stat3,Zfp36,1.0
31342,Stat4,Akt1,1.0
31343,Stat4,Cd4,1.0
31344,Stat4,Cd8a,1.0
31345,Stat4,Crebbp,1.0
31346,Stat4,Csf2,1.0
31347,Stat4,Fate1,1.0
31348,Stat4,Fcgrt,1.0
31349,Stat4,Ifng,1.0
31350,Stat4,Il10,1.0
31351,Stat4,Il12b,1.0
31352,Stat4,Il12rb2,1.0
31353,Stat4,Il13,1.0
31354,Stat4,Il17a,1.0
31355,Stat4,Il21,1.0
31356,Stat4,Il2ra,1.0
31357,Stat4,Irf1,1.0
31358,Stat4,Irf4,1.0
31359,Stat4,Lta,-1.0
31360,Stat4,Myc,1.0
31361,Stat4,Nos2,1.0
31362,Stat4,Nox1,1.0
31363,Stat4,Nox4,1.0
31364,Stat4,Pik3r1,1.0
31365,Stat4,Pim1,1.0
31366,Stat4,Prf1,1.0
31367,Stat4,Prkcq,1.0
31368,Stat4,S100a4,1.0
31369,Stat4,Socs3,-1.0
31370,Stat4,Tbx21,1.0
31371,Stat4,Tnf,1.0
31372,Stat5a,Abl1,1.0
31373,Stat5a,Acaca,1.0
31374,Stat5a,Aco1,1.0
31375,Stat5a,Acox1,1.0
31376,Stat5a,Akt1,1.0
31377,Stat5a,Alk,1.0
31378,Stat5a,Anp32a,1.0
31379,Stat5a,Ar,1.0
31380,Stat5a,Aurka,1.0
31381,Stat5a,Bcl10,1.0
31382,Stat5a,Bcl2,1.0
31383,Stat5a,Bcl2l1,1.0
31384,Stat5a,Bcl2l11,1.0
31385,Stat5a,Bcl6,-1.0
31386,Stat5a,Bcr,1.0
31387,Stat5a,Bmx,1.0
31388,Stat5a,C4b,1.0
31389,Stat5a,Calca,1.0
31390,Stat5a,Ccl1,1.0
31391,Stat5a,Ccnd1,1.0
31392,Stat5a,Ccnd2,-1.0
31393,Stat5a,Ccnd3,1.0
31394,Stat5a,Cd207,1.0
31395,Stat5a,Cd24a,1.0
31396,Stat5a,Cd34,1.0
31397,Stat5a,Cd36,1.0
31398,Stat5a,Cd3e,1.0
31399,Stat5a,Cd44,1.0
31400,Stat5a,Cd69,1.0
31401,Stat5a,Cd84,1.0
31402,Stat5a,Cd8a,1.0
31403,Stat5a,Cdkn1a,1.0
31404,Stat5a,Cdkn2b,-1.0
31405,Stat5a,Cebpa,1.0
31406,Stat5a,Cel,1.0
31407,Stat5a,Chordc1,1.0
31408,Stat5a,Cish,1.0
31409,Stat5a,Cited2,1.0
31410,Stat5a,Clnk,1.0
31411,Stat5a,Cpd,1.0
31412,Stat5a,Crebbp,1.0
31413,Stat5a,Csf2,1.0
31414,Stat5a,Csf3,1.0
31415,Stat5a,Csf3r,1.0
31416,Stat5a,Csn1s1,1.0
31417,Stat5a,Csn2,1.0
31418,Stat5a,Cxcl9,1.0
31419,Stat5a,Dcn,1.0
31420,Stat5a,Dio2,1.0
31421,Stat5a,Dll1,1.0
31422,Stat5a,Dnmt3a,1.0
31423,Stat5a,Dpagt1,1.0
31424,Stat5a,Dpf3,1.0
31425,Stat5a,Ebf1,1.0
31426,Stat5a,Egf,1.0
31427,Stat5a,Egfr,1.0
31428,Stat5a,Eomes,1.0
31429,Stat5a,Epo,1.0
31430,Stat5a,Epor,1.0
31431,Stat5a,Esr1,1.0
31432,Stat5a,Fasn,-1.0
31433,Stat5a,Fcgr1,1.0
31434,Stat5a,Fgf21,1.0
31435,Stat5a,Fkbp1a,1.0
31436,Stat5a,Fos,1.0
31437,Stat5a,Fosl2,1.0
31438,Stat5a,Foxa3,1.0
31439,Stat5a,Foxp3,1.0
31440,Stat5a,Fubp1,1.0
31441,Stat5a,Gas1,1.0
31442,Stat5a,Gas2,1.0
31443,Stat5a,Gast,1.0
31444,Stat5a,Gfi1,1.0
31445,Stat5a,Gh,1.0
31446,Stat5a,Ghr,1.0
31447,Stat5a,Glul,1.0
31448,Stat5a,Grb10,1.0
31449,Stat5a,Grk5,1.0
31450,Stat5a,Hmgcr,1.0
31451,Stat5a,Hrh1,1.0
31452,Stat5a,Hsd11b2,1.0
31453,Stat5a,Hsp90aa1,1.0
31454,Stat5a,Hspa8,1.0
31455,Stat5a,Id1,1.0
31456,Stat5a,Id2,-1.0
31457,Stat5a,Ifng,1.0
31458,Stat5a,Igf1,1.0
31459,Stat5a,Igf1r,1.0
31460,Stat5a,Igf2,1.0
31461,Stat5a,Il10,1.0
31462,Stat5a,Il13,-1.0
31463,Stat5a,Il17a,1.0
31464,Stat5a,Il18,1.0
31465,Stat5a,Il18r1,1.0
31466,Stat5a,Il2,1.0
31467,Stat5a,Il21,1.0
31468,Stat5a,Il2ra,1.0
31469,Stat5a,Il3,1.0
31470,Stat5a,Il4,1.0
31471,Stat5a,Il5,1.0
31472,Stat5a,Il6,1.0
31473,Stat5a,Il6st,1.0
31474,Stat5a,Il7,1.0
31475,Stat5a,Il7r,1.0
31476,Stat5a,Il9,1.0
31477,Stat5a,Irf1,-1.0
31478,Stat5a,Irf5,1.0
31479,Stat5a,Irf8,1.0
31480,Stat5a,Ivl,1.0
31481,Stat5a,Jak2,1.0
31482,Stat5a,Jak3,1.0
31483,Stat5a,Kitl,1.0
31484,Stat5a,Klk8,1.0
31485,Stat5a,Krt17,1.0
31486,Stat5a,Lcn2,1.0
31487,Stat5a,Lef1,-1.0
31488,Stat5a,Lep,1.0
31489,Stat5a,Lif,1.0
31490,Stat5a,Lonp1,1.0
31491,Stat5a,Lta,1.0
31492,Stat5a,Ltf,1.0
31493,Stat5a,Maf,1.0
31494,Stat5a,Mapk8,1.0
31495,Stat5a,Me3,1.0
31496,Stat5a,Med22,1.0
31497,Stat5a,Mef2c,-1.0
31498,Stat5a,Muc1,1.0
31499,Stat5a,Myc,1.0
31500,Stat5a,Myd88,1.0
31501,Stat5a,Ncam2,1.0
31502,Stat5a,Nf1,1.0
31503,Stat5a,Nfatc2,1.0
31504,Stat5a,Npm1,-1.0
31505,Stat5a,Nr3c1,1.0
31506,Stat5a,Nr3c2,-1.0
31507,Stat5a,Ntrk1,1.0
31508,Stat5a,Onecut1,1.0
31509,Stat5a,Osm,1.0
31510,Stat5a,Pax5,1.0
31511,Stat5a,Pck1,1.0
31512,Stat5a,Pdk4,1.0
31513,Stat5a,Pias3,1.0
31514,Stat5a,Pik3c3,1.0
31515,Stat5a,Pik3r1,1.0
31516,Stat5a,Pim1,1.0
31517,Stat5a,Pim2,1.0
31518,Stat5a,Pitx1,1.0
31519,Stat5a,Pml,1.0
31520,Stat5a,Prf1,1.0
31521,Stat5a,Prlr,1.0
31522,Stat5a,Prox1,1.0
31523,Stat5a,Psap,1.0
31524,Stat5a,Ptgs2,1.0
31525,Stat5a,Ptpn2,1.0
31526,Stat5a,Pttg1,1.0
31527,Stat5a,Qpct,1.0
31528,Stat5a,Rad51,1.0
31529,Stat5a,Rarb,1.0
31530,Stat5a,Rb1,1.0
31531,Stat5a,Rgs16,1.0
31532,Stat5a,Rhoh,1.0
31533,Stat5a,Samhd1,1.0
31534,Stat5a,Scgb3a1,1.0
31535,Stat5a,Scnn1a,1.0
31536,Stat5a,Sftpb,1.0
31537,Stat5a,Shc1,1.0
31538,Stat5a,Slc10a1,1.0
31539,Stat5a,Slc30a2,1.0
31540,Stat5a,Slco1b2,1.0
31541,Stat5a,Slpi,1.0
31542,Stat5a,Smn1,1.0
31543,Stat5a,Socs1,1.0
31544,Stat5a,Socs2,1.0
31545,Stat5a,Socs3,1.0
31546,Stat5a,Socs6,1.0
31547,Stat5a,Sp1,1.0
31548,Stat5a,Src,1.0
31549,Stat5a,Sspo,1.0
31550,Stat5a,Ssr3,1.0
31551,Stat5a,Stat3,1.0
31552,Stat5a,Stat5b,1.0
31553,Stat5a,Stk11,1.0
31554,Stat5a,Sumo1,-1.0
31555,Stat5a,Tert,1.0
31556,Stat5a,Tfap2a,1.0
31557,Stat5a,Tfrc,1.0
31558,Stat5a,Tlr2,1.0
31559,Stat5a,Tnf,1.0
31560,Stat5a,Tnfrsf11a,1.0
31561,Stat5a,Tnfsf11,1.0
31562,Stat5a,Tspoap1,1.0
31563,Stat5a,Txnrd3,1.0
31564,Stat5a,Ucp1,1.0
31565,Stat5a,Vim,1.0
31566,Stat5b,Agt,1.0
31567,Stat5b,Anp32a,1.0
31568,Stat5b,Apoc3,1.0
31569,Stat5b,Aurka,1.0
31570,Stat5b,Bcl2,1.0
31571,Stat5b,Bcl2l1,1.0
31572,Stat5b,Bcl6,1.0
31573,Stat5b,Ccnd1,1.0
31574,Stat5b,Ccnd2,1.0
31575,Stat5b,Cd4,1.0
31576,Stat5b,Cd84,1.0
31577,Stat5b,Cdk6,1.0
31578,Stat5b,Cdkn1a,1.0
31579,Stat5b,Cdkn1b,1.0
31580,Stat5b,Cdkn2b,1.0
31581,Stat5b,Cel,1.0
31582,Stat5b,Chordc1,1.0
31583,Stat5b,Cish,1.0
31584,Stat5b,Crebbp,1.0
31585,Stat5b,Csf2,1.0
31586,Stat5b,Csn1s1,1.0
31587,Stat5b,Csn2,1.0
31588,Stat5b,Cxcl9,1.0
31589,Stat5b,Cyp8b1,1.0
31590,Stat5b,Dpagt1,1.0
31591,Stat5b,Dpf3,1.0
31592,Stat5b,Egfr,1.0
31593,Stat5b,Esr1,1.0
31594,Stat5b,Esr2,1.0
31595,Stat5b,Fcgr1,1.0
31596,Stat5b,Fgf2,1.0
31597,Stat5b,Fubp1,1.0
31598,Stat5b,Gck,1.0
31599,Stat5b,Gh,1.0
31600,Stat5b,Glul,1.0
31601,Stat5b,Gnrh1,1.0
31602,Stat5b,Grb10,1.0
31603,Stat5b,Grk5,1.0
31604,Stat5b,Hmgcr,1.0
31605,Stat5b,Hp,1.0
31606,Stat5b,Hsd17b1,1.0
31607,Stat5b,Hsd17b8,1.0
31608,Stat5b,Hsp90aa1,1.0
31609,Stat5b,Hspb1,1.0
31610,Stat5b,Ifng,1.0
31611,Stat5b,Igf1,1.0
31612,Stat5b,Igf1r,1.0
31613,Stat5b,Igfbp1,-1.0
31614,Stat5b,Il10,1.0
31615,Stat5b,Il13,-1.0
31616,Stat5b,Il2,1.0
31617,Stat5b,Il2ra,1.0
31618,Stat5b,Il4,1.0
31619,Stat5b,Il6st,1.0
31620,Stat5b,Il9,1.0
31621,Stat5b,Insr,1.0
31622,Stat5b,Irf1,-1.0
31623,Stat5b,Jak2,1.0
31624,Stat5b,Jun,1.0
31625,Stat5b,Klk8,1.0
31626,Stat5b,Krt17,1.0
31627,Stat5b,Lcn2,1.0
31628,Stat5b,Lep,1.0
31629,Stat5b,Lonp1,1.0
31630,Stat5b,Maf,1.0
31631,Stat5b,Med22,1.0
31632,Stat5b,Mef2c,-1.0
31633,Stat5b,Muc1,1.0
31634,Stat5b,Myd88,1.0
31635,Stat5b,Osm,1.0
31636,Stat5b,Pax5,1.0
31637,Stat5b,Pitx1,1.0
31638,Stat5b,Pparg,-1.0
31639,Stat5b,Ppig,1.0
31640,Stat5b,Prf1,1.0
31641,Stat5b,Prlr,1.0
31642,Stat5b,Psap,1.0
31643,Stat5b,Rad51,1.0
31644,Stat5b,Rasd1,1.0
31645,Stat5b,Rb1,1.0
31646,Stat5b,Rgs16,1.0
31647,Stat5b,Slc10a4,1.0
31648,Stat5b,Slpi,1.0
31649,Stat5b,Socs2,1.0
31650,Stat5b,Socs3,1.0
31651,Stat5b,Socs6,1.0
31652,Stat5b,Sspo,1.0
31653,Stat5b,Ssr3,1.0
31654,Stat5b,Stat5a,1.0
31655,Stat5b,Tac2,1.0
31656,Stat5b,Tkt,1.0
31657,Stat5b,Tlr2,1.0
31658,Stat5b,Tnfsf10,1.0
31659,Stat5b,Txnrd3,1.0
31660,Stat6,Adra2b,1.0
31661,Stat6,Alox12,1.0
31662,Stat6,Alox15,1.0
31663,Stat6,Anxa2,1.0
31664,Stat6,Arg1,1.0
31665,Stat6,Batf,1.0
31666,Stat6,Bcl2l1,1.0
31667,Stat6,Bcl6,1.0
31668,Stat6,Ccl1,1.0
31669,Stat6,Ccl11,1.0
31670,Stat6,Ccl17,1.0
31671,Stat6,Ccl26,1.0
31672,Stat6,Ccr4,1.0
31673,Stat6,Ccr8,1.0
31674,Stat6,Cd4,1.0
31675,Stat6,Cd40,1.0
31676,Stat6,Cd86,1.0
31677,Stat6,Cdkn1a,1.0
31678,Stat6,Cdkn1b,1.0
31679,Stat6,Cdkn2a,1.0
31680,Stat6,Chi3l1,1.0
31681,Stat6,Cish,1.0
31682,Stat6,Cnr1,1.0
31683,Stat6,Col1a1,1.0
31684,Stat6,Col1a2,1.0
31685,Stat6,Crebbp,1.0
31686,Stat6,Crygc,1.0
31687,Stat6,Csn2,1.0
31688,Stat6,Cxcl9,1.0
31689,Stat6,Cyp2e1,1.0
31690,Stat6,Cysltr1,1.0
31691,Stat6,Dusp1,1.0
31692,Stat6,Egln3,1.0
31693,Stat6,Ep300,1.0
31694,Stat6,Fcer1g,1.0
31695,Stat6,Fcer2a,1.0
31696,Stat6,Fgfr1,1.0
31697,Stat6,Fos,1.0
31698,Stat6,Fosb,1.0
31699,Stat6,Foxp3,-1.0
31700,Stat6,Gast,1.0
31701,Stat6,Gata3,1.0
31702,Stat6,Gfi1,1.0
31703,Stat6,Hrh1,1.0
31704,Stat6,Icos,1.0
31705,Stat6,Ifng,-1.0
31706,Stat6,Igf1,1.0
31707,Stat6,Ighe,1.0
31708,Stat6,Il10,-1.0
31709,Stat6,Il13,-1.0
31710,Stat6,Il13ra2,1.0
31711,Stat6,Il17a,1.0
31712,Stat6,Il18r1,-1.0
31713,Stat6,Il19,1.0
31714,Stat6,Il1r1,1.0
31715,Stat6,Il1rn,1.0
31716,Stat6,Il24,1.0
31717,Stat6,Il27,1.0
31718,Stat6,Il31,1.0
31719,Stat6,Il4,1.0
31720,Stat6,Il4ra,1.0
31721,Stat6,Il5,1.0
31722,Stat6,Il9,1.0
31723,Stat6,Irf1,1.0
31724,Stat6,Irf4,1.0
31725,Stat6,Irs2,1.0
31726,Stat6,Itga2b,1.0
31727,Stat6,Itgal,1.0
31728,Stat6,Jak1,1.0
31729,Stat6,Kdm6b,1.0
31730,Stat6,Klf4,1.0
31731,Stat6,Kras,1.0
31732,Stat6,Mrc1,1.0
31733,Stat6,Nfatc1,-1.0
31734,Stat6,Nos2,-1.0
31735,Stat6,Notch4,1.0
31736,Stat6,Oprm1,1.0
31737,Stat6,Ormdl3,1.0
31738,Stat6,Ostm1,1.0
31739,Stat6,Pcsk1,1.0
31740,Stat6,Pdcd1lg2,1.0
31741,Stat6,Pdlim7,1.0
31742,Stat6,Ppara,1.0
31743,Stat6,Pparg,1.0
31744,Stat6,Ppargc1a,1.0
31745,Stat6,Prkcq,1.0
31746,Stat6,Ptgs2,1.0
31747,Stat6,Retn,1.0
31748,Stat6,Rpl26,1.0
31749,Stat6,Samhd1,1.0
31750,Stat6,Scgb3a1,1.0
31751,Stat6,Sele,-1.0
31752,Stat6,Selp,1.0
31753,Stat6,Sidt1,1.0
31754,Stat6,Slc26a4,1.0
31755,Stat6,Slc6a3,1.0
31756,Stat6,Smarca4,1.0
31757,Stat6,Snap25,1.0
31758,Stat6,Socs1,1.0
31759,Stat6,Socs3,1.0
31760,Stat6,Spdef,1.0
31761,Stat6,Stat1,-1.0
31762,Stat6,Stat4,-1.0
31763,Stat6,Tff3,1.0
31764,Stat6,Tgfb1,1.0
31765,Stat6,Th,1.0
31766,Stat6,Tlr4,-1.0
31767,Stat6,Tnf,-1.0
31768,Stat6,Tnfrsf11b,1.0
31769,Stat6,Tnfrsf8,1.0
31770,Stat6,Tnfsf11,1.0
31771,Stat6,Tnfsf13,1.0
31772,Stat6,Vcam1,1.0
31773,Stat6,Vegfa,1.0
31774,Stox1,Ccna2,1.0
31775,Stox1,Ccnb1,1.0
31776,Stox1,Ccnc,-1.0
31777,Stox1,Ccne1,1.0
31778,Stox1,Cntnap2,-1.0
31779,Supt20,Cgrrf1,1.0
31780,Supt20,Ltf,1.0
31781,Supt20,Mapk14,1.0
31782,Supt3,Nedd4l,1.0
31783,T,Bag6,1.0
31784,T,Bmp4,1.0
31785,T,Cxcr4,1.0
31786,T,Dkk1,1.0
31787,T,Dppa4,1.0
31788,T,Gsc,1.0
31789,T,Igkc,1.0
31790,T,Nanog,1.0
31791,T,Pdp1,1.0
31792,T,Thy1,1.0
31793,T,Tyrp1,1.0
31794,Tada2a,Cfap20,1.0
31795,Tada2a,Fgfr1,1.0
31796,Tada2a,Kat2b,1.0
31797,Tada2a,Krt9,1.0
31798,Tada2a,Psmd4,1.0
31799,Tada2a,Tada3,1.0
31800,Tada2a,Taf6,1.0
31801,Taf1,Ar,1.0
31802,Taf1,Bax,-1.0
31803,Taf1,Ccna2,1.0
31804,Taf1,Ccnd1,1.0
31805,Taf1,Cdkn1a,1.0
31806,Taf1,Cdkn1b,1.0
31807,Taf1,Ciita,1.0
31808,Taf1,Dnm1l,1.0
31809,Taf1,Drd2,-1.0
31810,Taf1,Egfr,1.0
31811,Taf1,Elp3,1.0
31812,Taf1,Ets2,1.0
31813,Taf1,Flot2,1.0
31814,Taf1,Fos,1.0
31815,Taf1,Gtf2a1,1.0
31816,Taf1,Hat1,1.0
31817,Taf1,Hmox1,1.0
31818,Taf1,Hpse2,1.0
31819,Taf1,Hspa5,1.0
31820,Taf1,Igfbp1,1.0
31821,Taf1,Igfbp7,1.0
31822,Taf1,Kat2a,1.0
31823,Taf1,Kat2b,1.0
31824,Taf1,Lgals7,-1.0
31825,Taf1,Lrig2,1.0
31826,Taf1,Mdm2,1.0
31827,Taf1,Myb,1.0
31828,Taf1,Ndn,1.0
31829,Taf1,Pax3,1.0
31830,Taf1,Poli,1.0
31831,Taf1,Polr2f,1.0
31832,Taf1,Rarb,1.0
31833,Taf1,Rb1,1.0
31834,Taf1,Slc2a1,1.0
31835,Taf1,Src,1.0
31836,Taf1,Taf2,1.0
31837,Taf1,Taf7,1.0
31838,Taf1,Tat,1.0
31839,Taf1,Tbp,1.0
31840,Taf1,Trp53,-1.0
31841,Taf1,Ube2b,1.0
31842,Taf12,Atf7,1.0
31843,Taf4,Atf7,-1.0
31844,Taf4,Cdkn1a,1.0
31845,Taf5,Cdkn1a,1.0
31846,Tal1,Adcy3,1.0
31847,Tal1,Aldh1a2,1.0
31848,Tal1,Angpt2,1.0
31849,Tal1,Arvcf,1.0
31850,Tal1,Brf1,1.0
31851,Tal1,C3ar1,1.0
31852,Tal1,Car1,1.0
31853,Tal1,Cbfa2t3,1.0
31854,Tal1,Cbx5,1.0
31855,Tal1,Ccnd1,1.0
31856,Tal1,Cd34,-1.0
31857,Tal1,Cd4,-1.0
31858,Tal1,Cd7,1.0
31859,Tal1,Cd74,1.0
31860,Tal1,Cdh23,1.0
31861,Tal1,Cdh5,1.0
31862,Tal1,Cdkn2a,1.0
31863,Tal1,Cdkn2b,1.0
31864,Tal1,Chst11,1.0
31865,Tal1,Csnk2a1,1.0
31866,Tal1,Cwc27,1.0
31867,Tal1,Dcstamp,-1.0
31868,Tal1,Dmp1,1.0
31869,Tal1,Dsc3,1.0
31870,Tal1,Epb42,1.0
31871,Tal1,Epor,1.0
31872,Tal1,Erg,1.0
31873,Tal1,Etv2,-1.0
31874,Tal1,Fbn1,1.0
31875,Tal1,Fbxw7,1.0
31876,Tal1,Fcrl1,1.0
31877,Tal1,Fgfr1,1.0
31878,Tal1,Flt1,1.0
31879,Tal1,Fubp1,1.0
31880,Tal1,Gata4,1.0
31881,Tal1,Gfi1,1.0
31882,Tal1,Gypa,1.0
31883,Tal1,Hbb-bh1,1.0
31884,Tal1,Hey2,1.0
31885,Tal1,Il6,1.0
31886,Tal1,Itga2b,1.0
31887,Tal1,Kdm1a,1.0
31888,Tal1,Kdr,1.0
31889,Tal1,Kitl,1.0
31890,Tal1,Krt7,1.0
31891,Tal1,Krt9,1.0
31892,Tal1,Larp4b,1.0
31893,Tal1,Ldb1,1.0
31894,Tal1,Lmo1,1.0
31895,Tal1,Lmo2,1.0
31896,Tal1,Map3k4,1.0
31897,Tal1,Mef2c,1.0
31898,Tal1,Mepe,1.0
31899,Tal1,Mpo,1.0
31900,Tal1,Mtx1,1.0
31901,Tal1,Myb,1.0
31902,Tal1,Myo1e,1.0
31903,Tal1,Myog,1.0
31904,Tal1,Nbas,1.0
31905,Tal1,Nfe2,1.0
31906,Tal1,Nfkb1,-1.0
31907,Tal1,Nkx3-1,1.0
31908,Tal1,Nos1,1.0
31909,Tal1,Notch1,1.0
31910,Tal1,Ntng2,1.0
31911,Tal1,Padi6,1.0
31912,Tal1,Pdik1l,1.0
31913,Tal1,Pdzk1ip1,1.0
31914,Tal1,Pgam5,1.0
31915,Tal1,Pik3c3,1.0
31916,Tal1,Plcg1,1.0
31917,Tal1,Plekho1,1.0
31918,Tal1,Pmel,1.0
31919,Tal1,Ppp3ca,1.0
31920,Tal1,Ptcra,1.0
31921,Tal1,Ptk2b,1.0
31922,Tal1,Ptpru,-1.0
31923,Tal1,Rbfox3,1.0
31924,Tal1,Rps3a1,-1.0
31925,Tal1,Runx1,1.0
31926,Tal1,Sbno2,1.0
31927,Tal1,Sirt1,1.0
31928,Tal1,Ssh2,1.0
31929,Tal1,Stil,1.0
31930,Tal1,Stmn1,1.0
31931,Tal1,Strada,1.0
31932,Tal1,Stxbp3,1.0
31933,Tal1,Tert,1.0
31934,Tal1,Traf3,1.0
31935,Tal1,Trib2,1.0
31936,Tal1,Ubc,1.0
31937,Tal1,Ube2h,1.0
31938,Tal1,Usp34,1.0
31939,Tbl1x,Myc,1.0
31940,Tbl1xr1,Smad7,1.0
31941,Tbp,Ache,1.0
31942,Tbp,Adh1,1.0
31943,Tbp,Adh4,1.0
31944,Tbp,Adra1d,1.0
31945,Tbp,Afm,1.0
31946,Tbp,Agtr2,1.0
31947,Tbp,Akt1,1.0
31948,Tbp,Ank1,1.0
31949,Tbp,App,1.0
31950,Tbp,Aurka,1.0
31951,Tbp,Bcl2,-1.0
31952,Tbp,Bdkrb1,1.0
31953,Tbp,Bdp1,1.0
31954,Tbp,Brf1,1.0
31955,Tbp,Brf2,1.0
31956,Tbp,Btaf1,1.0
31957,Tbp,Btk,1.0
31958,Tbp,C4b,1.0
31959,Tbp,Camk4,1.0
31960,Tbp,Ccna2,1.0
31961,Tbp,Ccnb1,1.0
31962,Tbp,Cdkn1a,1.0
31963,Tbp,Cfap20,1.0
31964,Tbp,Cftr,1.0
31965,Tbp,Crebbp,1.0
31966,Tbp,Crp,1.0
31967,Tbp,Csf2,1.0
31968,Tbp,Cyc1,1.0
31969,Tbp,Cyp1b1,1.0
31970,Tbp,Cyp27a1,1.0
31971,Tbp,Dhfr,1.0
31972,Tbp,Dhodh,1.0
31973,Tbp,Dnah8,1.0
31974,Tbp,Dr1,1.0
31975,Tbp,E2f1,1.0
31976,Tbp,Edf1,1.0
31977,Tbp,Egf,1.0
31978,Tbp,Egfr,1.0
31979,Tbp,Eif4e,1.0
31980,Tbp,Elane,1.0
31981,Tbp,Epo,1.0
31982,Tbp,Erbb2,-1.0
31983,Tbp,Ercc3,1.0
31984,Tbp,Ets2,1.0
31985,Tbp,Fcgr1,1.0
31986,Tbp,Fgfr1,1.0
31987,Tbp,Fn1,1.0
31988,Tbp,Fos,1.0
31989,Tbp,Foxp3,1.0
31990,Tbp,Fus,-1.0
31991,Tbp,Gal,1.0
31992,Tbp,Gc,1.0
31993,Tbp,Gfap,1.0
31994,Tbp,Gh,1.0
31995,Tbp,Glud1,1.0
31996,Tbp,Gtf2a1,1.0
31997,Tbp,Gtf2b,1.0
31998,Tbp,Gtf2f1,1.0
31999,Tbp,Gtf2f2,1.0
32000,Tbp,H1f2,1.0
32001,Tbp,H2ac19,1.0
32002,Tbp,Hmox1,1.0
32003,Tbp,Hspa4,1.0
32004,Tbp,Hspa5,1.0
32005,Tbp,Ibsp,-1.0
32006,Tbp,Ide,1.0
32007,Tbp,Igf1r,1.0
32008,Tbp,Igf2,1.0
32009,Tbp,Igfbp3,1.0
32010,Tbp,Igfbp4,1.0
32011,Tbp,Igfbp7,1.0
32012,Tbp,Il1b,1.0
32013,Tbp,Il2ra,1.0
32014,Tbp,Il6,-1.0
32015,Tbp,Ilk,1.0
32016,Tbp,Iscu,1.0
32017,Tbp,Isyna1,1.0
32018,Tbp,Jun,1.0
32019,Tbp,Kat2b,1.0
32020,Tbp,Kras,1.0
32021,Tbp,Krt36,1.0
32022,Tbp,Lamtor5,1.0
32023,Tbp,Large1,1.0
32024,Tbp,Lat,1.0
32025,Tbp,Lgals1,1.0
32026,Tbp,Lin28b,1.0
32027,Tbp,Litaf,1.0
32028,Tbp,Lrp2,1.0
32029,Tbp,Manf,1.0
32030,Tbp,Map3k14,1.0
32031,Tbp,Mapk8,1.0
32032,Tbp,Mapk9,1.0
32033,Tbp,Mbp,1.0
32034,Tbp,Me3,1.0
32035,Tbp,Med21,1.0
32036,Tbp,Myb,1.0
32037,Tbp,Myc,1.0
32038,Tbp,Myh1,1.0
32039,Tbp,Myod1,1.0
32040,Tbp,Myog,1.0
32041,Tbp,Nf1,-1.0
32042,Tbp,Nfkbia,1.0
32043,Tbp,Nprl3,1.0
32044,Tbp,Ntrk1,1.0
32045,Tbp,Pam,1.0
32046,Tbp,Pla2g4a,1.0
32047,Tbp,Pmf1,1.0
32048,Tbp,Polh,1.0
32049,Tbp,Poli,1.0
32050,Tbp,Polr2f,1.0
32051,Tbp,Ppbp,1.0
32052,Tbp,Psmd4,1.0
32053,Tbp,Ptgs2,1.0
32054,Tbp,Pvr,1.0
32055,Tbp,Rarb,1.0
32056,Tbp,Rasa1,1.0
32057,Tbp,Rb1,1.0
32058,Tbp,Rnase1,1.0
32059,Tbp,Rpl32,1.0
32060,Tbp,Scg2,1.0
32061,Tbp,Scgb1a1,1.0
32062,Tbp,Sgca,1.0
32063,Tbp,Shbg,1.0
32064,Tbp,Slc26a3,1.0
32065,Tbp,Snap25,1.0
32066,Tbp,Stip1,1.0
32067,Tbp,Sub1,1.0
32068,Tbp,Supt3,1.0
32069,Tbp,Taf1,1.0
32070,Tbp,Taf10,1.0
32071,Tbp,Taf11,1.0
32072,Tbp,Taf12,1.0
32073,Tbp,Taf1a,1.0
32074,Tbp,Taf1b,1.0
32075,Tbp,Taf1c,1.0
32076,Tbp,Taf4b,1.0
32077,Tbp,Taf5,1.0
32078,Tbp,Taf6,1.0
32079,Tbp,Taf7,1.0
32080,Tbp,Tat,1.0
32081,Tbp,Tent4a,1.0
32082,Tbp,Tert,1.0
32083,Tbp,Tfap4,1.0
32084,Tbp,Tfrc,1.0
32085,Tbp,Tkt,1.0
32086,Tbp,Tnfrsf11a,1.0
32087,Tbp,Tpi1,1.0
32088,Tbp,Trp63,1.0
32089,Tbp,Trrap,1.0
32090,Tbp,Usf1,1.0
32091,Tbp,Vcp,1.0
32092,Tbp,mt-Atp6,1.0
32093,Tbpl1,Ache,1.0
32094,Tbpl1,C6,1.0
32095,Tbpl1,Cd44,1.0
32096,Tbpl1,Cdkn1a,1.0
32097,Tbpl1,Cxcl11,1.0
32098,Tbpl1,Dntt,1.0
32099,Tbpl1,Edn1,1.0
32100,Tbpl1,Fos,-1.0
32101,Tbpl1,Gtf2a1,1.0
32102,Tbpl1,Gtf2b,1.0
32103,Tbpl1,H1f2,1.0
32104,Tbpl1,Lct,1.0
32105,Tbpl1,Mc1r,1.0
32106,Tbpl1,Nf1,1.0
32107,Tbpl1,Oxtr,1.0
32108,Tbpl1,Pam,1.0
32109,Tbpl1,Pcna,1.0
32110,Tbpl1,Pdp1,1.0
32111,Tbpl1,Pmel,1.0
32112,Tbpl1,Poli,1.0
32113,Tbpl1,Slc3a1,1.0
32114,Tbpl1,Spi1,1.0
32115,Tbpl1,Spint2,1.0
32116,Tbpl1,Taf7,1.0
32117,Tbpl1,Terf1,1.0
32118,Tbpl1,Tinf2,1.0
32119,Tbpl1,Tnf,1.0
32120,Tbpl1,Trp53,1.0
32121,Tbpl1,Trp63,1.0
32122,Tbpl1,Trpv4,1.0
32123,Tbpl1,Tyr,1.0
32124,Tbpl1,Tyrp1,1.0
32125,Tbpl1,Wee1,1.0
32126,Tbpl1,Zap70,1.0
32127,Tbpl1,mt-Atp6,1.0
32128,Tbpl2,Afm,1.0
32129,Tbpl2,Cdkn1a,1.0
32130,Tbpl2,Cdx4,1.0
32131,Tbpl2,Lpl,1.0
32132,Tbpl2,Mapk8,1.0
32133,Tbpl2,Pam,1.0
32134,Tbpl2,Poli,1.0
32135,Tbpl2,Tbp,1.0
32136,Tbpl2,Txn1,1.0
32137,Tbpl2,Txnip,1.0
32138,Tbr1,Auts2,1.0
32139,Tbr1,Eomes,1.0
32140,Tbr1,Fezf2,-1.0
32141,Tbr1,Grin2b,1.0
32142,Tbr1,Reln,1.0
32143,Tbx1,Amelx,1.0
32144,Tbx1,Arrb2,1.0
32145,Tbx1,Bmp4,1.0
32146,Tbx1,Cdkn1a,-1.0
32147,Tbx1,Eya1,1.0
32148,Tbx1,Fgf10,1.0
32149,Tbx1,Fgf8,1.0
32150,Tbx1,Flt4,1.0
32151,Tbx1,Hpgds,1.0
32152,Tbx1,Pitx2,-1.0
32153,Tbx1,Ptgdr,1.0
32154,Tbx1,Sox9,1.0
32155,Tbx1,Tlx1,1.0
32156,Tbx10,Mrgprf,1.0
32157,Tbx10,Pam,1.0
32158,Tbx10,Trp53,1.0
32159,Tbx10,Vcam1,1.0
32160,Tbx15,Cd44,1.0
32161,Tbx15,Col2a1,1.0
32162,Tbx15,Dld,1.0
32163,Tbx15,Dnase2b,1.0
32164,Tbx15,Dot1l,1.0
32165,Tbx15,Egfr,1.0
32166,Tbx15,Esr2,1.0
32167,Tbx15,Fadd,1.0
32168,Tbx15,Htr1a,1.0
32169,Tbx15,Igf1r,1.0
32170,Tbx15,Kl,1.0
32171,Tbx15,Lhcgr,1.0
32172,Tbx15,Msi1,1.0
32173,Tbx15,Plin2,1.0
32174,Tbx15,Psmd10,1.0
32175,Tbx15,Rassf1,1.0
32176,Tbx15,Rb1,1.0
32177,Tbx15,Scnn1a,1.0
32178,Tbx15,Smc3,1.0
32179,Tbx15,Tbx2,1.0
32180,Tbx15,Tert,1.0
32181,Tbx15,Tfap2a,1.0
32182,Tbx15,Trim28,1.0
32183,Tbx15,Trp53,1.0
32184,Tbx18,Cdkn2a,1.0
32185,Tbx18,Disc1,1.0
32186,Tbx18,Dkk1,1.0
32187,Tbx18,Dll1,-1.0
32188,Tbx18,Dppa4,1.0
32189,Tbx18,Gna11,1.0
32190,Tbx18,Nppa,1.0
32191,Tbx18,Slit1,1.0
32192,Tbx18,Snai2,1.0
32193,Tbx18,Tbx6,1.0
32194,Tbx18,Thy1,1.0
32195,Tbx19,Crh,1.0
32196,Tbx19,Pomc,1.0
32197,Tbx2,Adam10,-1.0
32198,Tbx2,Bag6,1.0
32199,Tbx2,Bmp4,1.0
32200,Tbx2,Ccn4,-1.0
32201,Tbx2,Ccnd1,1.0
32202,Tbx2,Cdh1,-1.0
32203,Tbx2,Cdkn1a,-1.0
32204,Tbx2,Cdkn2a,-1.0
32205,Tbx2,Cebpd,-1.0
32206,Tbx2,Col1a2,-1.0
32207,Tbx2,Fn1,1.0
32208,Tbx2,Frzb,-1.0
32209,Tbx2,Gja5,1.0
32210,Tbx2,Gjc1,1.0
32211,Tbx2,Il33,-1.0
32212,Tbx2,Mapk14,1.0
32213,Tbx2,Mitf,1.0
32214,Tbx2,Ndrg1,1.0
32215,Tbx2,Nppa,-1.0
32216,Tbx2,Oca2,-1.0
32217,Tbx2,Pdp1,1.0
32218,Tbx2,Shh,-1.0
32219,Tbx2,Shisa3,-1.0
32220,Tbx2,Srf,1.0
32221,Tbx2,Tbx20,1.0
32222,Tbx2,Tbx3,1.0
32223,Tbx2,Tgfb2,1.0
32224,Tbx2,Tyrp1,-1.0
32225,Tbx2,Wnt5b,1.0
32226,Tbx20,Fgf10,1.0
32227,Tbx20,Mef2c,1.0
32228,Tbx20,Nkx2-5,1.0
32229,Tbx20,Nppa,1.0
32230,Tbx20,Pparg,1.0
32231,Tbx20,Sorbs3,-1.0
32232,Tbx20,Tbx2,-1.0
32233,Tbx21,Abl1,1.0
32234,Tbx21,B3gat1,1.0
32235,Tbx21,Btk,1.0
32236,Tbx21,Ccl11,1.0
32237,Tbx21,Ccl3,1.0
32238,Tbx21,Ccl4,1.0
32239,Tbx21,Ccr4,-1.0
32240,Tbx21,Cd74,1.0
32241,Tbx21,Cd79a,1.0
32242,Tbx21,Cd8a,1.0
32243,Tbx21,Cdkn1b,1.0
32244,Tbx21,Chst4,1.0
32245,Tbx21,Cxcr3,1.0
32246,Tbx21,Dusp16,1.0
32247,Tbx21,Egr2,1.0
32248,Tbx21,Elavl2,1.0
32249,Tbx21,Eomes,1.0
32250,Tbx21,Fut7,1.0
32251,Tbx21,Gata3,1.0
32252,Tbx21,Gpr132,1.0
32253,Tbx21,Havcr2,1.0
32254,Tbx21,Icos,1.0
32255,Tbx21,Ifng,1.0
32256,Tbx21,Il10,-1.0
32257,Tbx21,Il13,-1.0
32258,Tbx21,Il15,1.0
32259,Tbx21,Il17a,1.0
32260,Tbx21,Il17f,1.0
32261,Tbx21,Il2,-1.0
32262,Tbx21,Il21,1.0
32263,Tbx21,Il2rb,1.0
32264,Tbx21,Il4,-1.0
32265,Tbx21,Il5,1.0
32266,Tbx21,Jak3,1.0
32267,Tbx21,Klrg1,1.0
32268,Tbx21,Nelfcd,1.0
32269,Tbx21,Onecut2,1.0
32270,Tbx21,Pdcd1,1.0
32271,Tbx21,Ptgdr2,-1.0
32272,Tbx21,Ptprj,1.0
32273,Tbx21,Smarca4,1.0
32274,Tbx21,Snca,1.0
32275,Tbx21,Socs1,1.0
32276,Tbx21,Socs3,1.0
32277,Tbx21,Sp1,1.0
32278,Tbx21,Spi1,1.0
32279,Tbx21,Stat4,1.0
32280,Tbx21,Stat6,1.0
32281,Tbx21,Th,1.0
32282,Tbx21,Tnf,1.0
32283,Tbx21,Yy1,1.0
32284,Tbx22,Dlx5,-1.0
32285,Tbx22,Msx2,-1.0
32286,Tbx3,Bmp4,-1.0
32287,Tbx3,Cdh1,-1.0
32288,Tbx3,Cdkn1a,-1.0
32289,Tbx3,Cdkn2a,-1.0
32290,Tbx3,Csf1,-1.0
32291,Tbx3,Gata6,-1.0
32292,Tbx3,Gja5,-1.0
32293,Tbx3,Gjc1,-1.0
32294,Tbx3,Gjc3,-1.0
32295,Tbx3,Hcn4,-1.0
32296,Tbx3,Hnf1b,-1.0
32297,Tbx3,Ibsp,-1.0
32298,Tbx3,Jdp2,1.0
32299,Tbx3,Nppa,-1.0
32300,Tbx3,Onecut1,-1.0
32301,Tbx3,Pten,-1.0
32302,Tbx3,Runx2,-1.0
32303,Tbx3,Sp7,-1.0
32304,Tbx3,Spp1,-1.0
32305,Tbx3,Tbx2,-1.0
32306,Tbx3,Trp53,-1.0
32307,Tbx4,Fgf10,1.0
32308,Tbx4,Gng3,1.0
32309,Tbx4,Ppig,1.0
32310,Tbx5,Atp2a2,1.0
32311,Tbx5,Bmp2,1.0
32312,Tbx5,Bmp4,1.0
32313,Tbx5,Cdkn2a,1.0
32314,Tbx5,Disc1,1.0
32315,Tbx5,Fgf10,1.0
32316,Tbx5,Gja5,1.0
32317,Tbx5,H2-Ab1,1.0
32318,Tbx5,Itga9,1.0
32319,Tbx5,Mmp2,1.0
32320,Tbx5,Mta2,-1.0
32321,Tbx5,Mtss1,1.0
32322,Tbx5,Myh6,1.0
32323,Tbx5,Myl2,1.0
32324,Tbx5,Myl7,1.0
32325,Tbx5,Nppa,1.0
32326,Tbx5,Pdlim7,1.0
32327,Tbx5,Sall4,1.0
32328,Tbx5,Shox2,1.0
32329,Tbx5,Slit1,1.0
32330,Tbx5,Sncg,-1.0
32331,Tbx5,Srf,1.0
32332,Tbx5,Tbx6,1.0
32333,Tbx5,Th,1.0
32334,Tbx5,Uts2r,1.0
32335,Tbx6,Cd44,1.0
32336,Tbx6,Cdkn1b,1.0
32337,Tbx6,Dcstamp,1.0
32338,Tbx6,Dll1,1.0
32339,Tbx6,Fgf8,1.0
32340,Tbx6,Hes7,1.0
32341,Tbx6,Mesp2,1.0
32342,Tbx6,Msgn1,1.0
32343,Tbx6,Serpinb5,1.0
32344,Tbx6,Wnt3a,1.0
32345,Tcf12,Acsl5,1.0
32346,Tcf12,Ank3,1.0
32347,Tcf12,Apex1,1.0
32348,Tcf12,Bdnf,1.0
32349,Tcf12,Cbfa2t3,1.0
32350,Tcf12,Cd4,1.0
32351,Tcf12,Cdh1,-1.0
32352,Tcf12,Dsp,1.0
32353,Tcf12,Fgfr1,1.0
32354,Tcf12,Fn1,1.0
32355,Tcf12,Gabrb3,1.0
32356,Tcf12,Gap43,1.0
32357,Tcf12,Id2,1.0
32358,Tcf12,Ifng,1.0
32359,Tcf12,Kdm1a,1.0
32360,Tcf12,Kdm1b,1.0
32361,Tcf12,Kdm3a,1.0
32362,Tcf12,Kmt5a,1.0
32363,Tcf12,Krt27,1.0
32364,Tcf12,Krt9,1.0
32365,Tcf12,Lck,1.0
32366,Tcf12,Lmo7,1.0
32367,Tcf12,Me3,1.0
32368,Tcf12,Myh6,1.0
32369,Tcf12,Myh7,1.0
32370,Tcf12,Myog,1.0
32371,Tcf12,Neurod1,1.0
32372,Tcf12,Ngfr,1.0
32373,Tcf12,Notch3,1.0
32374,Tcf12,Nprl3,1.0
32375,Tcf12,Olig2,1.0
32376,Tcf12,Pax6,1.0
32377,Tcf12,Ptcra,1.0
32378,Tcf12,Ptpn6,1.0
32379,Tcf12,Rho,1.0
32380,Tcf12,Rprm,1.0
32381,Tcf12,Setd7,1.0
32382,Tcf12,Smarcc1,1.0
32383,Tcf12,Tac1,1.0
32384,Tcf12,Tal1,1.0
32385,Tcf12,Tcf3,1.0
32386,Tcf12,Tert,1.0
32387,Tcf12,Tkt,1.0
32388,Tcf12,Tnfrsf1b,1.0
32389,Tcf12,Trak1,1.0
32390,Tcf12,Trib2,1.0
32391,Tcf12,Ugp2,1.0
32392,Tcf12,Vgf,1.0
32393,Tcf15,Mkx,1.0
32394,Tcf15,Nkx3-1,1.0
32395,Tcf15,Nkx3-2,1.0
32396,Tcf15,Pax3,1.0
32397,Tcf15,Scx,1.0
32398,Tcf15,Tkt,1.0
32399,Tcf15,Tnmd,1.0
32400,Tcf20,Ar,1.0
32401,Tcf20,Drd1,1.0
32402,Tcf20,Sqstm1,1.0
32403,Tcf21,Acta2,1.0
32404,Tcf21,Ar,1.0
32405,Tcf21,Ccn2,1.0
32406,Tcf21,Cdkn1a,-1.0
32407,Tcf21,Ckm,1.0
32408,Tcf21,Cnn1,1.0
32409,Tcf21,Cyp11a1,1.0
32410,Tcf21,Fn1,1.0
32411,Tcf21,Nr5a1,-1.0
32412,Tcf21,Rho,1.0
32413,Tcf21,Rock1,1.0
32414,Tcf21,Rxfp2,1.0
32415,Tcf21,Sf1,1.0
32416,Tcf21,Star,1.0
32417,Tcf21,Tagln,1.0
32418,Tcf23,Myod1,-1.0
32419,Tcf23,Tcf3,-1.0
32420,Tcf3,Ache,1.0
32421,Tcf3,Acta2,1.0
32422,Tcf3,Adipoq,1.0
32423,Tcf3,Aicda,1.0
32424,Tcf3,Alx3,1.0
32425,Tcf3,Apoe,1.0
32426,Tcf3,Bag6,1.0
32427,Tcf3,Bbc3,-1.0
32428,Tcf3,Birc5,1.0
32429,Tcf3,Ccn2,1.0
32430,Tcf3,Ccnd2,1.0
32431,Tcf3,Ccnd3,1.0
32432,Tcf3,Cd19,1.0
32433,Tcf3,Cd38,1.0
32434,Tcf3,Cd4,1.0
32435,Tcf3,Cd5,-1.0
32436,Tcf3,Cd79a,1.0
32437,Tcf3,Cd79b,1.0
32438,Tcf3,Cd8a,1.0
32439,Tcf3,Cdh1,-1.0
32440,Tcf3,Cdh5,1.0
32441,Tcf3,Cdk6,-1.0
32442,Tcf3,Cdkn1a,1.0
32443,Tcf3,Cdkn1b,1.0
32444,Tcf3,Cdkn1c,1.0
32445,Tcf3,Cdkn2a,1.0
32446,Tcf3,Cdkn2b,1.0
32447,Tcf3,Cish,1.0
32448,Tcf3,Ckm,1.0
32449,Tcf3,Cnn1,1.0
32450,Tcf3,Col1a2,1.0
32451,Tcf3,Cr1l,1.0
32452,Tcf3,Cr2,1.0
32453,Tcf3,Dld,1.0
32454,Tcf3,Dtx1,1.0
32455,Tcf3,Ebf1,1.0
32456,Tcf3,Emc7,1.0
32457,Tcf3,Esrrb,-1.0
32458,Tcf3,Exo1,-1.0
32459,Tcf3,Fcer2a,1.0
32460,Tcf3,Fgf10,1.0
32461,Tcf3,Fgfr1,1.0
32462,Tcf3,Fgfr2,1.0
32463,Tcf3,Fn1,1.0
32464,Tcf3,Foxo1,1.0
32465,Tcf3,Foxp3,1.0
32466,Tcf3,Fpgs,1.0
32467,Tcf3,Gcg,1.0
32468,Tcf3,Gfi1b,1.0
32469,Tcf3,Gria1,1.0
32470,Tcf3,Gypa,1.0
32471,Tcf3,Hpn,1.0
32472,Tcf3,Hspa4,1.0
32473,Tcf3,Htr2a,1.0
32474,Tcf3,Id1,1.0
32475,Tcf3,Id2,1.0
32476,Tcf3,Id3,1.0
32477,Tcf3,Igll1,1.0
32478,Tcf3,Il2rg,1.0
32479,Tcf3,Il5ra,1.0
32480,Tcf3,Il7r,1.0
32481,Tcf3,Insm1,1.0
32482,Tcf3,Jak2,1.0
32483,Tcf3,Jchain,1.0
32484,Tcf3,Lhcgr,1.0
32485,Tcf3,Litaf,1.0
32486,Tcf3,Lmo2,1.0
32487,Tcf3,Lta,-1.0
32488,Tcf3,Map3k10,1.0
32489,Tcf3,Map3k13,1.0
32490,Tcf3,Me3,1.0
32491,Tcf3,Myc,1.0
32492,Tcf3,Myog,1.0
32493,Tcf3,Nanog,-1.0
32494,Tcf3,Ndrg1,1.0
32495,Tcf3,Nfe2,1.0
32496,Tcf3,Nfkbil1,1.0
32497,Tcf3,Notch1,1.0
32498,Tcf3,Nr0b2,1.0
32499,Tcf3,Ntrk2,1.0
32500,Tcf3,Oit3,1.0
32501,Tcf3,Pax5,1.0
32502,Tcf3,Pcsk1,1.0
32503,Tcf3,Pcsk6,1.0
32504,Tcf3,Pdx1,1.0
32505,Tcf3,Pou2f2,1.0
32506,Tcf3,Pou5f1,-1.0
32507,Tcf3,Preb,1.0
32508,Tcf3,Prkaca,1.0
32509,Tcf3,Ptcra,1.0
32510,Tcf3,Pvr,1.0
32511,Tcf3,Rag1,1.0
32512,Tcf3,Rag2,1.0
32513,Tcf3,Rangap1,1.0
32514,Tcf3,Sct,1.0
32515,Tcf3,Scx,1.0
32516,Tcf3,Sema3f,1.0
32517,Tcf3,Slc4a2,1.0
32518,Tcf3,Smarcc1,1.0
32519,Tcf3,Snai1,1.0
32520,Tcf3,Sp1,1.0
32521,Tcf3,Sp3,1.0
32522,Tcf3,Stmn1,1.0
32523,Tcf3,Stxbp1,1.0
32524,Tcf3,Tagln,1.0
32525,Tcf3,Tal1,1.0
32526,Tcf3,Tbx3,-1.0
32527,Tcf3,Tcl1,-1.0
32528,Tcf3,Tfpt,1.0
32529,Tcf3,Tle2,1.0
32530,Tcf3,Tle6,1.0
32531,Tcf3,Tnf,1.0
32532,Tcf3,Trib2,1.0
32533,Tcf3,Ung,1.0
32534,Tcf3,Vdr,1.0
32535,Tcf3,Wnt16,1.0
32536,Tcf3,Yap1,-1.0
32537,Tcf3,Ywhag,1.0
32538,Tcf3,Zfp36,1.0
32539,Tcf4,Apc,1.0
32540,Tcf4,Bambi,-1.0
32541,Tcf4,Bcl2,1.0
32542,Tcf4,Best1,1.0
32543,Tcf4,Birc5,1.0
32544,Tcf4,Bmp7,-1.0
32545,Tcf4,Ccn1,1.0
32546,Tcf4,Ccnd1,1.0
32547,Tcf4,Cd24a,1.0
32548,Tcf4,Cd36,1.0
32549,Tcf4,Cd44,1.0
32550,Tcf4,Cdh1,1.0
32551,Tcf4,Cdkn1a,1.0
32552,Tcf4,Cdkn1c,1.0
32553,Tcf4,Cdx2,1.0
32554,Tcf4,Cftr,1.0
32555,Tcf4,Cldn2,1.0
32556,Tcf4,Cldn7,-1.0
32557,Tcf4,Clec4b1,1.0
32558,Tcf4,Cntnap2,1.0
32559,Tcf4,Cops5,1.0
32560,Tcf4,Dct,-1.0
32561,Tcf4,Enc1,1.0
32562,Tcf4,Fst,1.0
32563,Tcf4,Glce,1.0
32564,Tcf4,Heca,-1.0
32565,Tcf4,Id2,-1.0
32566,Tcf4,Il2ra,-1.0
32567,Tcf4,Jun,1.0
32568,Tcf4,Kdr,-1.0
32569,Tcf4,Klf4,1.0
32570,Tcf4,Lef1,1.0
32571,Tcf4,Lep,1.0
32572,Tcf4,Lgr5,1.0
32573,Tcf4,Mitf,-1.0
32574,Tcf4,Myc,1.0
32575,Tcf4,Notum,1.0
32576,Tcf4,Nrxn1,1.0
32577,Tcf4,Pld1,1.0
32578,Tcf4,Pten,-1.0
32579,Tcf4,Sf1,1.0
32580,Tcf4,Skp2,1.0
32581,Tcf4,Sncg,1.0
32582,Tcf4,Sox9,1.0
32583,Tcf4,Srsf3,1.0
32584,Tcf4,Sstr2,1.0
32585,Tcf4,Tg,1.0
32586,Tcf4,Trf,1.0
32587,Tcf4,Tyr,-1.0
32588,Tcf4,Tyrp1,-1.0
32589,Tcf4,Vcan,1.0
32590,Tcf4,Vegfa,1.0
32591,Tcf4,Vim,1.0
32592,Tcf4,Wnt4,1.0
32593,Tcf7,Bcl2,1.0
32594,Tcf7,Bcl2l1,1.0
32595,Tcf7,Birc5,1.0
32596,Tcf7,Ccnd1,1.0
32597,Tcf7,Cd4,1.0
32598,Tcf7,Cebpa,-1.0
32599,Tcf7,Ephb2,1.0
32600,Tcf7,Ephb3,1.0
32601,Tcf7,Ifng,1.0
32602,Tcf7,Il17a,-1.0
32603,Tcf7,Il2,1.0
32604,Tcf7,Lef1,1.0
32605,Tcf7,Msln,1.0
32606,Tcf7,Nt5e,1.0
32607,Tcf7,Pparg,1.0
32608,Tcf7,Runx2,1.0
32609,Tcf7,Snai2,1.0
32610,Tcf7,Tagln,1.0
32611,Tcf7,Tpo,-1.0
32612,Tcf7,Vegfa,1.0
32613,Tcf7l1,Igfbp6,-1.0
32614,Tcf7l1,Nanog,-1.0
32615,Tcf7l1,Neurog1,-1.0
32616,Tcf7l1,Nr5a2,-1.0
32617,Tcf7l1,Zic5,1.0
32618,Tcf7l2,Abcd2,1.0
32619,Tcf7l2,Acvrl1,1.0
32620,Tcf7l2,Akt1,1.0
32621,Tcf7l2,Akt2,1.0
32622,Tcf7l2,Amhr2,1.0
32623,Tcf7l2,Apcdd1,1.0
32624,Tcf7l2,Axin1,1.0
32625,Tcf7l2,Axin2,1.0
32626,Tcf7l2,Bace1,-1.0
32627,Tcf7l2,Bambi,1.0
32628,Tcf7l2,Bcl2,1.0
32629,Tcf7l2,Bcl2l2,1.0
32630,Tcf7l2,Birc5,1.0
32631,Tcf7l2,Birc7,1.0
32632,Tcf7l2,Bmp2,1.0
32633,Tcf7l2,Bok,-1.0
32634,Tcf7l2,Capn2,1.0
32635,Tcf7l2,Casp3,-1.0
32636,Tcf7l2,Casp7,-1.0
32637,Tcf7l2,Ccn1,1.0
32638,Tcf7l2,Ccn2,1.0
32639,Tcf7l2,Ccnd1,1.0
32640,Tcf7l2,Cd24a,-1.0
32641,Tcf7l2,Cd44,1.0
32642,Tcf7l2,Cdkn2a,1.0
32643,Tcf7l2,Cdx1,1.0
32644,Tcf7l2,Cdx2,1.0
32645,Tcf7l2,Cldn1,1.0
32646,Tcf7l2,Cldn7,-1.0
32647,Tcf7l2,Cops5,1.0
32648,Tcf7l2,Crtc2,-1.0
32649,Tcf7l2,Ctnnb1,1.0
32650,Tcf7l2,Cxcl12,1.0
32651,Tcf7l2,Cyp26a1,1.0
32652,Tcf7l2,Dapk2,-1.0
32653,Tcf7l2,Dkk1,1.0
32654,Tcf7l2,E2f1,1.0
32655,Tcf7l2,Edn1,1.0
32656,Tcf7l2,Egr1,-1.0
32657,Tcf7l2,Enc1,1.0
32658,Tcf7l2,Epcam,1.0
32659,Tcf7l2,Fgf18,1.0
32660,Tcf7l2,Fst,1.0
32661,Tcf7l2,G6pc1,-1.0
32662,Tcf7l2,Gast,1.0
32663,Tcf7l2,Gata3,1.0
32664,Tcf7l2,Gcg,1.0
32665,Tcf7l2,Gip,1.0
32666,Tcf7l2,Glce,1.0
32667,Tcf7l2,Gli2,1.0
32668,Tcf7l2,Heca,-1.0
32669,Tcf7l2,Hpgd,1.0
32670,Tcf7l2,Igfbp6,-1.0
32671,Tcf7l2,Ihh,-1.0
32672,Tcf7l2,Inha,1.0
32673,Tcf7l2,Jun,1.0
32674,Tcf7l2,Kif12,1.0
32675,Tcf7l2,Kif15,1.0
32676,Tcf7l2,Krt1,1.0
32677,Tcf7l2,Lef1,1.0
32678,Tcf7l2,Lep,1.0
32679,Tcf7l2,Map3k6,1.0
32680,Tcf7l2,Mmp7,1.0
32681,Tcf7l2,Mxd1,-1.0
32682,Tcf7l2,Mybl2,-1.0
32683,Tcf7l2,Myc,1.0
32684,Tcf7l2,Myh2,1.0
32685,Tcf7l2,Myod1,1.0
32686,Tcf7l2,Ncapg,1.0
32687,Tcf7l2,Nos2,1.0
32688,Tcf7l2,Notum,1.0
32689,Tcf7l2,Npnt,1.0
32690,Tcf7l2,Ntsr1,1.0
32691,Tcf7l2,Plaur,1.0
32692,Tcf7l2,Pld1,1.0
32693,Tcf7l2,Pmepa1,1.0
32694,Tcf7l2,Ptgs2,1.0
32695,Tcf7l2,Pttg1,1.0
32696,Tcf7l2,Runx2,1.0
32697,Tcf7l2,Sall4,1.0
32698,Tcf7l2,Scn5a,-1.0
32699,Tcf7l2,Sgk1,1.0
32700,Tcf7l2,Skp2,1.0
32701,Tcf7l2,Slc7a11,1.0
32702,Tcf7l2,Smad1,1.0
32703,Tcf7l2,Smc2,1.0
32704,Tcf7l2,Smc3,1.0
32705,Tcf7l2,Snai2,1.0
32706,Tcf7l2,Sox5,1.0
32707,Tcf7l2,Sp5,1.0
32708,Tcf7l2,Spp1,1.0
32709,Tcf7l2,Sqstm1,-1.0
32710,Tcf7l2,Srsf3,1.0
32711,Tcf7l2,Stard7,1.0
32712,Tcf7l2,Stat3,1.0
32713,Tcf7l2,T,1.0
32714,Tcf7l2,Tagln,1.0
32715,Tcf7l2,Tcf7,1.0
32716,Tcf7l2,Tert,1.0
32717,Tcf7l2,Tgif1,1.0
32718,Tcf7l2,Tnfrsf11b,1.0
32719,Tcf7l2,Ube2b,1.0
32720,Tcf7l2,Vcan,1.0
32721,Tcf7l2,Vegfa,1.0
32722,Tcf7l2,Vim,-1.0
32723,Tcf7l2,Wwc1,1.0
32724,Tcf7l2,Yap1,1.0
32725,Tcf7l2,Zbp1,1.0
32726,Tcf7l2,Zeb1,1.0
32727,Tcfl5,Cd2,-1.0
32728,Tcfl5,Clgn,1.0
32729,Tcfl5,Slc10a2,1.0
32730,Tead1,Ankrd1,1.0
32731,Tead1,Atp6v0a2,1.0
32732,Tead1,Bmp4,1.0
32733,Tead1,Ccl5,1.0
32734,Tead1,Ccnd1,1.0
32735,Tead1,Fgfr1,1.0
32736,Tead1,Foxm1,1.0
32737,Tead1,Foxo3,1.0
32738,Tead1,Gh,-1.0
32739,Tead1,Ivl,-1.0
32740,Tead1,Mrpl21,1.0
32741,Tead1,Msln,1.0
32742,Tead1,Myf5,1.0
32743,Tead1,Myh7,1.0
32744,Tead1,Ndufa6,1.0
32745,Tead1,Pax3,1.0
32746,Tead1,Srf,1.0
32747,Tead1,Tgfa,1.0
32748,Tead1,Tnnt2,1.0
32749,Tead1,Vegfa,1.0
32750,Tead2,Egfr,1.0
32751,Tead2,Me1,1.0
32752,Tead2,Pax3,1.0
32753,Tead2,Pcyt1a,1.0
32754,Tead2,Pou5f1,1.0
32755,Tead2,Trp53,1.0
32756,Tead4,Acta1,1.0
32757,Tead4,Ccn2,1.0
32758,Tead4,Cdx2,1.0
32759,Tead4,Fgfr1,1.0
32760,Tead4,Hif1a,1.0
32761,Tead4,Igfbp1,1.0
32762,Tead4,Myh7,1.0
32763,Tead4,Ppp1cb,1.0
32764,Tead4,S100b,1.0
32765,Tead4,S1pr1,1.0
32766,Tead4,Vegfa,-1.0
32767,Tead4,Vegfb,1.0
32768,Tef,Alb,1.0
32769,Tef,Bcl2,1.0
32770,Tef,Cad,1.0
32771,Tef,Dbp,1.0
32772,Tef,Hexim1,1.0
32773,Tef,Hspa4,1.0
32774,Tef,Lmo2,1.0
32775,Tef,Myh11,1.0
32776,Tef,Myh13,1.0
32777,Tef,Myh7,1.0
32778,Tef,Mylk,1.0
32779,Tef,Nppb,1.0
32780,Tef,Per2,1.0
32781,Tef,Tnf,1.0
32782,Tef,Tshb,1.0
32783,Terf2,Icam1,-1.0
32784,Terf2,Nos3,1.0
32785,Tet1,Foxp3,1.0
32786,Tet1,Hoxa7,1.0
32787,Tet1,Hoxa9,1.0
32788,Tet1,Il1b,1.0
32789,Tet1,Kdm1a,1.0
32790,Tet1,Keap1,1.0
32791,Tet1,Ogt,1.0
32792,Tet1,Prm1,1.0
32793,Tet1,Pten,1.0
32794,Tet1,Slit2,1.0
32795,Tet1,Tet2,1.0
32796,Tet1,Tet3,1.0
32797,Tet1,Zfp382,1.0
32798,Tet2,Foxp3,1.0
32799,Tfam,Acadm,1.0
32800,Tfam,Atp2a2,1.0
32801,Tfam,Avpr2,1.0
32802,Tfam,Bcl2l1,1.0
32803,Tfam,Birc5,1.0
32804,Tfam,Ghrhr,1.0
32805,Tfam,Hspa4,1.0
32806,Tfam,Nos2,1.0
32807,Tfam,Nrf1,1.0
32808,Tfam,Slc25a5,1.0
32809,Tfam,Tfb1m,1.0
32810,Tfam,Ucp1,1.0
32811,Tfam,mt-Co1,1.0
32812,Tfap2a,Abca1,-1.0
32813,Tfap2a,Abl1,1.0
32814,Tfap2a,Acadvl,1.0
32815,Tfap2a,Acan,-1.0
32816,Tfap2a,Ache,-1.0
32817,Tfap2a,Ada,1.0
32818,Tfap2a,Adamts7,1.0
32819,Tfap2a,Add1,1.0
32820,Tfap2a,Adipoq,1.0
32821,Tfap2a,Adm,1.0
32822,Tfap2a,Adra1a,1.0
32823,Tfap2a,Adra2b,1.0
32824,Tfap2a,Afp,1.0
32825,Tfap2a,Agxt,1.0
32826,Tfap2a,Anxa5,1.0
32827,Tfap2a,Ap3b1,1.0
32828,Tfap2a,Apaf1,1.0
32829,Tfap2a,Apoe,1.0
32830,Tfap2a,App,1.0
32831,Tfap2a,Aqp1,1.0
32832,Tfap2a,Asxl1,1.0
32833,Tfap2a,Asxl2,1.0
32834,Tfap2a,Axin1,1.0
32835,Tfap2a,Axl,1.0
32836,Tfap2a,Bace1,1.0
32837,Tfap2a,Bag3,1.0
32838,Tfap2a,Bcl2,-1.0
32839,Tfap2a,Bdkrb2,1.0
32840,Tfap2a,Bhlhe23,1.0
32841,Tfap2a,Brs3,1.0
32842,Tfap2a,Bst2,1.0
32843,Tfap2a,C3,-1.0
32844,Tfap2a,Calb2,1.0
32845,Tfap2a,Calr,1.0
32846,Tfap2a,Car2,1.0
32847,Tfap2a,Car9,1.0
32848,Tfap2a,Carm1,1.0
32849,Tfap2a,Cbx5,1.0
32850,Tfap2a,Cck,1.0
32851,Tfap2a,Ccl11,1.0
32852,Tfap2a,Ccnb1,1.0
32853,Tfap2a,Ccnd2,1.0
32854,Tfap2a,Ccnd3,1.0
32855,Tfap2a,Cd36,1.0
32856,Tfap2a,Cd44,1.0
32857,Tfap2a,Cd5,1.0
32858,Tfap2a,Cd82,1.0
32859,Tfap2a,Cdh1,1.0
32860,Tfap2a,Cdh3,1.0
32861,Tfap2a,Cdkn1a,1.0
32862,Tfap2a,Cdkn1b,1.0
32863,Tfap2a,Cebpa,-1.0
32864,Tfap2a,Cfc1,1.0
32865,Tfap2a,Cfd,1.0
32866,Tfap2a,Cftr,1.0
32867,Tfap2a,Cga,1.0
32868,Tfap2a,Chat,1.0
32869,Tfap2a,Chd5,1.0
32870,Tfap2a,Chgb,1.0
32871,Tfap2a,Chrna7,1.0
32872,Tfap2a,Cited2,1.0
32873,Tfap2a,Ckb,1.0
32874,Tfap2a,Col10a1,-1.0
32875,Tfap2a,Col1a1,1.0
32876,Tfap2a,Col2a1,-1.0
32877,Tfap2a,Commd7,1.0
32878,Tfap2a,Crabp2,1.0
32879,Tfap2a,Crebbp,1.0
32880,Tfap2a,Crh,1.0
32881,Tfap2a,Crx,1.0
32882,Tfap2a,Cryaa,1.0
32883,Tfap2a,Cryab,1.0
32884,Tfap2a,Csf2,1.0
32885,Tfap2a,Ctbp1,1.0
32886,Tfap2a,Ctnnal1,1.0
32887,Tfap2a,Ctnnb1,1.0
32888,Tfap2a,Ctsg,1.0
32889,Tfap2a,Cyp11a1,1.0
32890,Tfap2a,Cyp17a1,1.0
32891,Tfap2a,Dbh,1.0
32892,Tfap2a,Dcbld2,1.0
32893,Tfap2a,Dcc,1.0
32894,Tfap2a,Dek,1.0
32895,Tfap2a,Dlk1,1.0
32896,Tfap2a,Dmd,1.0
32897,Tfap2a,Drd1,1.0
32898,Tfap2a,Dst,1.0
32899,Tfap2a,Ecm1,1.0
32900,Tfap2a,Egfr,1.0
32901,Tfap2a,Erbb2,1.0
32902,Tfap2a,Erbb3,1.0
32903,Tfap2a,Esr1,1.0
32904,Tfap2a,Esr2,-1.0
32905,Tfap2a,Ets1,1.0
32906,Tfap2a,F2r,-1.0
32907,Tfap2a,Fabp1,1.0
32908,Tfap2a,Fabp2,1.0
32909,Tfap2a,Fabp4,1.0
32910,Tfap2a,Fas,1.0
32911,Tfap2a,Fbln1,1.0
32912,Tfap2a,Fgf3,1.0
32913,Tfap2a,Fgfr1,1.0
32914,Tfap2a,Fhit,1.0
32915,Tfap2a,Fmr1,1.0
32916,Tfap2a,Foxa1,1.0
32917,Tfap2a,Foxp3,1.0
32918,Tfap2a,Frem2,1.0
32919,Tfap2a,Fst,1.0
32920,Tfap2a,Fxn,1.0
32921,Tfap2a,Galnt3,1.0
32922,Tfap2a,Gast,1.0
32923,Tfap2a,Gdnf,1.0
32924,Tfap2a,Ggt1,1.0
32925,Tfap2a,Gh,1.0
32926,Tfap2a,Gip,1.0
32927,Tfap2a,Gjb2,1.0
32928,Tfap2a,Gnrh1,1.0
32929,Tfap2a,Gprc5a,1.0
32930,Tfap2a,Gpx1,1.0
32931,Tfap2a,Gpx4,1.0
32932,Tfap2a,Grin1,1.0
32933,Tfap2a,Gusb,1.0
32934,Tfap2a,H2-Aa,1.0
32935,Tfap2a,Hcrt,1.0
32936,Tfap2a,Hgf,-1.0
32937,Tfap2a,Hif1a,1.0
32938,Tfap2a,Hip1,1.0
32939,Tfap2a,Hmox1,1.0
32940,Tfap2a,Hoxa4,-1.0
32941,Tfap2a,Hoxa7,1.0
32942,Tfap2a,Hoxa9,1.0
32943,Tfap2a,Hpgds,1.0
32944,Tfap2a,Hpn,1.0
32945,Tfap2a,Hrk,1.0
32946,Tfap2a,Hsd17b1,-1.0
32947,Tfap2a,Htt,1.0
32948,Tfap2a,Iapp,1.0
32949,Tfap2a,Icam1,1.0
32950,Tfap2a,Ifngr1,1.0
32951,Tfap2a,Igf2,1.0
32952,Tfap2a,Igfbp3,1.0
32953,Tfap2a,Igfbp5,1.0
32954,Tfap2a,Il3,1.0
32955,Tfap2a,Il6,1.0
32956,Tfap2a,Ilk,1.0
32957,Tfap2a,Impdh2,1.0
32958,Tfap2a,Inha,1.0
32959,Tfap2a,Insr,1.0
32960,Tfap2a,Irf6,1.0
32961,Tfap2a,Irs1,1.0
32962,Tfap2a,Itga10,1.0
32963,Tfap2a,Itgax,1.0
32964,Tfap2a,Ivl,1.0
32965,Tfap2a,Kcne1,1.0
32966,Tfap2a,Kctd1,1.0
32967,Tfap2a,Kctd10,1.0
32968,Tfap2a,Kctd13,1.0
32969,Tfap2a,Kit,1.0
32970,Tfap2a,Klf12,-1.0
32971,Tfap2a,Klf16,1.0
32972,Tfap2a,Kras,1.0
32973,Tfap2a,Krt10,-1.0
32974,Tfap2a,Krt14,1.0
32975,Tfap2a,Krt5,1.0
32976,Tfap2a,L1cam,1.0
32977,Tfap2a,Lhb,1.0
32978,Tfap2a,Lipa,1.0
32979,Tfap2a,Lnpep,1.0
32980,Tfap2a,Lor,1.0
32981,Tfap2a,Lpl,1.0
32982,Tfap2a,Lta,1.0
32983,Tfap2a,Ltf,1.0
32984,Tfap2a,Map3k8,1.0
32985,Tfap2a,Mapt,1.0
32986,Tfap2a,Mcam,-1.0
32987,Tfap2a,Meis1,1.0
32988,Tfap2a,Mip,1.0
32989,Tfap2a,Mmp2,1.0
32990,Tfap2a,Mmp9,1.0
32991,Tfap2a,Mpg,1.0
32992,Tfap2a,Muc4,-1.0
32993,Tfap2a,Mxi1,1.0
32994,Tfap2a,Myc,1.0
32995,Tfap2a,Myh11,1.0
32996,Tfap2a,Myh13,1.0
32997,Tfap2a,Myod1,1.0
32998,Tfap2a,Nefl,1.0
32999,Tfap2a,Nf1,1.0
33000,Tfap2a,Ngf,1.0
33001,Tfap2a,Nme3,1.0
33002,Tfap2a,Npm1,1.0
33003,Tfap2a,Nppa,1.0
33004,Tfap2a,Npy,1.0
33005,Tfap2a,Nqo1,1.0
33006,Tfap2a,Nr3c1,1.0
33007,Tfap2a,Nrp1,1.0
33008,Tfap2a,Nup214,1.0
33009,Tfap2a,Oat,1.0
33010,Tfap2a,Oga,1.0
33011,Tfap2a,Oprd1,1.0
33012,Tfap2a,Pdlim7,1.0
33013,Tfap2a,Pecam1,1.0
33014,Tfap2a,Penk,1.0
33015,Tfap2a,Pigr,1.0
33016,Tfap2a,Pitx2,1.0
33017,Tfap2a,Plaur,1.0
33018,Tfap2a,Plin2,1.0
33019,Tfap2a,Pnmt,1.0
33020,Tfap2a,Pold2,1.0
33021,Tfap2a,Pomgnt2,1.0
33022,Tfap2a,Pou4f3,1.0
33023,Tfap2a,Ppard,-1.0
33024,Tfap2a,Ppp2ca,1.0
33025,Tfap2a,Ppp2r1a,1.0
33026,Tfap2a,Prkaca,1.0
33027,Tfap2a,Prkca,1.0
33028,Tfap2a,Prkcg,1.0
33029,Tfap2a,Prph,1.0
33030,Tfap2a,Psmc6,1.0
33031,Tfap2a,Pten,1.0
33032,Tfap2a,Ptgds,1.0
33033,Tfap2a,Ptger4,1.0
33034,Tfap2a,Ptgs2,1.0
33035,Tfap2a,Pthlh,1.0
33036,Tfap2a,Ptpa,1.0
33037,Tfap2a,Pvr,1.0
33038,Tfap2a,Rad21,1.0
33039,Tfap2a,Rad51b,1.0
33040,Tfap2a,Rb1,1.0
33041,Tfap2a,Rbl2,1.0
33042,Tfap2a,Recql4,1.0
33043,Tfap2a,Ret,1.0
33044,Tfap2a,Rrm2,1.0
33045,Tfap2a,S100a4,1.0
33046,Tfap2a,S100b,1.0
33047,Tfap2a,Serpina5,1.0
33048,Tfap2a,Serpine1,1.0
33049,Tfap2a,Slc10a7,1.0
33050,Tfap2a,Slc13a2,-1.0
33051,Tfap2a,Slc16a1,1.0
33052,Tfap2a,Slc19a1,1.0
33053,Tfap2a,Slc1a2,1.0
33054,Tfap2a,Slc1a3,1.0
33055,Tfap2a,Slc2a4,1.0
33056,Tfap2a,Slc34a1,1.0
33057,Tfap2a,Slc5a5,1.0
33058,Tfap2a,Slc5a6,1.0
33059,Tfap2a,Slc9a1,1.0
33060,Tfap2a,Smarca4,1.0
33061,Tfap2a,Smarcb1,1.0
33062,Tfap2a,Smpd1,1.0
33063,Tfap2a,Snap91,1.0
33064,Tfap2a,Sod1,1.0
33065,Tfap2a,Sod2,-1.0
33066,Tfap2a,Sox17,1.0
33067,Tfap2a,Sox2,1.0
33068,Tfap2a,Sox6,-1.0
33069,Tfap2a,Sox9,1.0
33070,Tfap2a,Sp1,1.0
33071,Tfap2a,Sp2,1.0
33072,Tfap2a,Sp3,1.0
33073,Tfap2a,Sphk1,1.0
33074,Tfap2a,Spry2,1.0
33075,Tfap2a,St3gal4,1.0
33076,Tfap2a,St3gal5,1.0
33077,Tfap2a,Sult1e1,1.0
33078,Tfap2a,Syn2,1.0
33079,Tfap2a,Tac1,1.0
33080,Tfap2a,Taf7,1.0
33081,Tfap2a,Taldo1,1.0
33082,Tfap2a,Tarbp2,1.0
33083,Tfap2a,Tbxa2r,1.0
33084,Tfap2a,Tert,1.0
33085,Tfap2a,Tfap2c,1.0
33086,Tfap2a,Tfap2d,1.0
33087,Tfap2a,Tgfa,1.0
33088,Tfap2a,Tgfb3,1.0
33089,Tfap2a,Tgfbr1,1.0
33090,Tfap2a,Tgfbr2,1.0
33091,Tfap2a,Th,1.0
33092,Tfap2a,Timp2,1.0
33093,Tfap2a,Tlr2,1.0
33094,Tfap2a,Tmprss11d,1.0
33095,Tfap2a,Tnf,1.0
33096,Tfap2a,Tnfaip1,1.0
33097,Tfap2a,Tnfaip3,1.0
33098,Tfap2a,Tnfrsf11a,1.0
33099,Tfap2a,Tnk1,1.0
33100,Tfap2a,Trp53,1.0
33101,Tfap2a,Trp53bp1,1.0
33102,Tfap2a,Trp63,1.0
33103,Tfap2a,Trp73,1.0
33104,Tfap2a,Ubc,1.0
33105,Tfap2a,Ulbp1,-1.0
33106,Tfap2a,Ung,1.0
33107,Tfap2a,Usf1,1.0
33108,Tfap2a,Vdr,1.0
33109,Tfap2a,Vegfa,1.0
33110,Tfap2a,Wdtc1,1.0
33111,Tfap2b,Adipoq,-1.0
33112,Tfap2b,Apoe,1.0
33113,Tfap2b,Bmp2,1.0
33114,Tfap2b,Bmp4,1.0
33115,Tfap2b,Cd36,1.0
33116,Tfap2b,Crx,-1.0
33117,Tfap2b,Cryab,1.0
33118,Tfap2b,Drd1,1.0
33119,Tfap2b,Erbb2,1.0
33120,Tfap2b,Fabp2,1.0
33121,Tfap2b,Igfbp5,-1.0
33122,Tfap2b,Irak2,1.0
33123,Tfap2b,Irs1,1.0
33124,Tfap2b,Lep,1.0
33125,Tfap2b,Mmp2,1.0
33126,Tfap2b,Pnmt,1.0
33127,Tfap2b,Ptgds,1.0
33128,Tfap2b,Rbl2,1.0
33129,Tfap2b,Sod2,1.0
33130,Tfap2b,Tert,1.0
33131,Tfap2b,Tfap2a,1.0
33132,Tfap2b,Tnf,1.0
33133,Tfap2b,Yeats4,1.0
33134,Tfap2c,Ada,1.0
33135,Tfap2c,Cdkn1a,-1.0
33136,Tfap2c,Cebpa,1.0
33137,Tfap2c,Cga,1.0
33138,Tfap2c,Cited2,1.0
33139,Tfap2c,Crabp2,1.0
33140,Tfap2c,Ecm1,1.0
33141,Tfap2c,Egfr,1.0
33142,Tfap2c,Erbb2,1.0
33143,Tfap2c,Erbb3,1.0
33144,Tfap2c,Esr1,1.0
33145,Tfap2c,Foxa1,1.0
33146,Tfap2c,Foxc1,1.0
33147,Tfap2c,Frem2,1.0
33148,Tfap2c,Gper1,1.0
33149,Tfap2c,Gpx1,1.0
33150,Tfap2c,Greb1,1.0
33151,Tfap2c,Ivl,1.0
33152,Tfap2c,Krt14,1.0
33153,Tfap2c,Mmp2,1.0
33154,Tfap2c,Myb,1.0
33155,Tfap2c,Rad21,1.0
33156,Tfap2c,Rerg,1.0
33157,Tfap2c,Ret,1.0
33158,Tfap2c,Sfrp1,1.0
33159,Tfap2c,Sod2,-1.0
33160,Tfap2c,Sult1e1,1.0
33161,Tfap2c,Tfap2a,1.0
33162,Tfap2c,Tff1,1.0
33163,Tfap2c,Wwox,1.0
33164,Tfap2d,Bhlhe23,1.0
33165,Tfap2d,Calb2,1.0
33166,Tfap2d,Erbb3,1.0
33167,Tfap2d,Oprm1,1.0
33168,Tfap2d,Pou4f1,1.0
33169,Tfap2d,Pou4f3,1.0
33170,Tfap2d,St8sia2,1.0
33171,Tfap2d,St8sia4,1.0
33172,Tfap2e,Col2a1,1.0
33173,Tfap2e,Itga10,1.0
33174,Tfap4,Agt,-1.0
33175,Tfap4,App,1.0
33176,Tfap4,Cd4,-1.0
33177,Tfap4,Cd44,1.0
33178,Tfap4,Cdh1,1.0
33179,Tfap4,Cdkn1a,1.0
33180,Tfap4,Cebpa,-1.0
33181,Tfap4,Clcn5,1.0
33182,Tfap4,Cldn1,1.0
33183,Tfap4,Cldn7,1.0
33184,Tfap4,Dbh,1.0
33185,Tfap4,Fn1,1.0
33186,Tfap4,Ier3,1.0
33187,Tfap4,Ifng,1.0
33188,Tfap4,Ikzf3,1.0
33189,Tfap4,Il1b,1.0
33190,Tfap4,Lcp1,1.0
33191,Tfap4,Lgr5,1.0
33192,Tfap4,Lta,-1.0
33193,Tfap4,Mapk8,1.0
33194,Tfap4,Mdm2,-1.0
33195,Tfap4,Muc4,1.0
33196,Tfap4,Nf1,1.0
33197,Tfap4,Ogg1,1.0
33198,Tfap4,Penk,1.0
33199,Tfap4,Ppp2r2b,-1.0
33200,Tfap4,Ptpn6,1.0
33201,Tfap4,Sall2,1.0
33202,Tfap4,Snai1,1.0
33203,Tfap4,Tarbp2,1.0
33204,Tfap4,Tgfb1,1.0
33205,Tfap4,Tra2b,1.0
33206,Tfap4,Vim,1.0
33207,Tfcp2,Acta2,1.0
33208,Tfcp2,App,1.0
33209,Tfcp2,Ascl1,1.0
33210,Tfcp2,Atm,1.0
33211,Tfcp2,Bdnf,1.0
33212,Tfcp2,Bmp4,1.0
33213,Tfcp2,Ccna1,1.0
33214,Tfcp2,Cd79a,1.0
33215,Tfcp2,Cdkn2a,1.0
33216,Tfcp2,Cebpd,1.0
33217,Tfcp2,Crh,1.0
33218,Tfcp2,Cryaa,1.0
33219,Tfcp2,Cyp2f2,1.0
33220,Tfcp2,Dpep1,1.0
33221,Tfcp2,Esr1,1.0
33222,Tfcp2,Fga,1.0
33223,Tfcp2,Fgfr1,1.0
33224,Tfcp2,Fn1,1.0
33225,Tfcp2,Gart,1.0
33226,Tfcp2,Gata1,1.0
33227,Tfcp2,Gfap,1.0
33228,Tfcp2,Ghrhr,1.0
33229,Tfcp2,Gsk3b,1.0
33230,Tfcp2,H1f2,1.0
33231,Tfcp2,Hspb1,1.0
33232,Tfcp2,Ifng,-1.0
33233,Tfcp2,Igfbp3,1.0
33234,Tfcp2,Il2,1.0
33235,Tfcp2,Il4,1.0
33236,Tfcp2,Krt27,1.0
33237,Tfcp2,Me3,1.0
33238,Tfcp2,Mecp2,1.0
33239,Tfcp2,Met,1.0
33240,Tfcp2,Mgmt,1.0
33241,Tfcp2,Mmp9,1.0
33242,Tfcp2,Mt1,1.0
33243,Tfcp2,Nfe2,1.0
33244,Tfcp2,Nfkbia,1.0
33245,Tfcp2,Nos2,1.0
33246,Tfcp2,Nprl3,1.0
33247,Tfcp2,Oprm1,1.0
33248,Tfcp2,Pax6,1.0
33249,Tfcp2,Pcbp1,1.0
33250,Tfcp2,Pcbp3,1.0
33251,Tfcp2,Pias1,1.0
33252,Tfcp2,Pomc,1.0
33253,Tfcp2,Ppp1cc,1.0
33254,Tfcp2,Ptpn6,1.0
33255,Tfcp2,Reln,1.0
33256,Tfcp2,Ret,1.0
33257,Tfcp2,Slc25a4,1.0
33258,Tfcp2,Slc2a3,1.0
33259,Tfcp2,Snrpn,1.0
33260,Tfcp2,Socs5,1.0
33261,Tfcp2,Spn,1.0
33262,Tfcp2,Spp1,1.0
33263,Tfcp2,Sry,1.0
33264,Tfcp2,Tfpi2,1.0
33265,Tfcp2,Trf,1.0
33266,Tfcp2,Tshb,1.0
33267,Tfcp2,Tyms,1.0
33268,Tfcp2,Ube3a,1.0
33269,Tfcp2,Uqcrc1,1.0
33270,Tfcp2,Wt1,1.0
33271,Tfcp2l1,Cyp11a1,1.0
33272,Tfcp2l1,Grhl1,1.0
33273,Tfcp2l1,Kdm3a,1.0
33274,Tfdp1,Ache,1.0
33275,Tfdp1,Arhgef15,-1.0
33276,Tfdp1,Cav1,1.0
33277,Tfdp1,Ccna2,1.0
33278,Tfdp1,Ccne1,1.0
33279,Tfdp1,Cd74,1.0
33280,Tfdp1,Cdc16,1.0
33281,Tfdp1,Cdk1,1.0
33282,Tfdp1,Cdk2,1.0
33283,Tfdp1,Cdk4,1.0
33284,Tfdp1,Cdkn1a,1.0
33285,Tfdp1,Dhfr,1.0
33286,Tfdp1,E2f1,-1.0
33287,Tfdp1,E2f3,-1.0
33288,Tfdp1,E2f4,-1.0
33289,Tfdp1,E2f5,-1.0
33290,Tfdp1,Hmox1,1.0
33291,Tfdp1,Map1lc3b,1.0
33292,Tfdp1,Mpo,1.0
33293,Tfdp1,Mybl2,1.0
33294,Tfdp1,Myc,1.0
33295,Tfdp1,Nrip1,1.0
33296,Tfdp1,Pcna,1.0
33297,Tfdp1,Pttg1,1.0
33298,Tfdp1,Rb1,1.0
33299,Tfdp1,Rbl2,1.0
33300,Tfdp1,Rrm1,1.0
33301,Tfdp1,Sp1,1.0
33302,Tfdp1,Stmn1,1.0
33303,Tfdp1,Tcf3,1.0
33304,Tfdp1,Tnfrsf11a,1.0
33305,Tfdp1,Top2b,1.0
33306,Tfdp1,Trp53,-1.0
33307,Tfdp1,Trp53bp1,1.0
33308,Tfdp1,Tyms,1.0
33309,Tfdp1,Xpc,1.0
33310,Tfdp2,Hmox1,1.0
33311,Tfdp2,Hrk,1.0
33312,Tfdp2,Myc,1.0
33313,Tfdp2,Pcna,1.0
33314,Tfdp2,Rfc3,1.0
33315,Tfe3,Acp5,1.0
33316,Tfe3,Asah1,1.0
33317,Tfe3,Aspscr1,1.0
33318,Tfe3,Best1,1.0
33319,Tfe3,Cd40,1.0
33320,Tfe3,Cd40lg,1.0
33321,Tfe3,Cdh1,1.0
33322,Tfe3,Col1a2,1.0
33323,Tfe3,Ctsk,1.0
33324,Tfe3,Cyp17a1,1.0
33325,Tfe3,Dct,1.0
33326,Tfe3,Erf,1.0
33327,Tfe3,Flcn,1.0
33328,Tfe3,Fnip2,1.0
33329,Tfe3,Gck,1.0
33330,Tfe3,Gpnmb,1.0
33331,Tfe3,Irs2,1.0
33332,Tfe3,Khdrbs1,1.0
33333,Tfe3,Lamc1,1.0
33334,Tfe3,Mafb,1.0
33335,Tfe3,Met,1.0
33336,Tfe3,Myh9,1.0
33337,Tfe3,Myog,1.0
33338,Tfe3,Pklr,1.0
33339,Tfe3,Pnpla2,1.0
33340,Tfe3,Serpine1,1.0
33341,Tfe3,Sgpl1,1.0
33342,Tfe3,Slc34a1,1.0
33343,Tfe3,Smad7,1.0
33344,Tfe3,Sp1,1.0
33345,Tfe3,Sult1c2,1.0
33346,Tfe3,Tgfb1,1.0
33347,Tfe3,Txnip,-1.0
33348,Tfe3,Tyr,1.0
33349,Tfe3,Upp1,1.0
33350,Tfe3,Vegfa,1.0
33351,Tfeb,Best1,1.0
33352,Tfeb,Cd40lg,1.0
33353,Tfeb,Cdh1,1.0
33354,Tfeb,Gfap,1.0
33355,Tfeb,Large1,1.0
33356,Tfeb,Serpine1,1.0
33357,Tfeb,Tyr,1.0
33358,Tfeb,Tyrp1,1.0
33359,Tfec,Acp5,1.0
33360,Tfec,Cd40,1.0
33361,Tfec,Hmox1,1.0
33362,Tfec,Myh9,1.0
33363,Tgfb1i1,Ar,1.0
33364,Tgfb1i1,Bmp4,1.0
33365,Tgfb1i1,Ccn2,1.0
33366,Tgfb1i1,Cdkn1a,1.0
33367,Tgfb1i1,Fgf7,1.0
33368,Tgfb1i1,Fos,1.0
33369,Tgfb1i1,Id1,1.0
33370,Tgfb1i1,Mapk15,1.0
33371,Tgfb1i1,Myc,1.0
33372,Tgfb1i1,Nr2c2,1.0
33373,Tgfb1i1,Tgfb1,1.0
33374,Tgfb1i1,Vim,1.0
33375,Tgif1,Actg2,-1.0
33376,Tgif1,Cdkn1a,-1.0
33377,Tgif1,Elavl1,1.0
33378,Tgif1,Eln,-1.0
33379,Tgif1,Fshb,-1.0
33380,Tgif1,Htt,1.0
33381,Tgif1,Kras,1.0
33382,Tgif1,Nodal,1.0
33383,Tgif1,Rarb,1.0
33384,Tgif1,Serpine1,-1.0
33385,Tgif1,Sox3,-1.0
33386,Tgif1,Tgfb1,1.0
33387,Thap1,Ccar1,1.0
33388,Thap1,Rrm1,1.0
33389,Thap1,Tor1a,-1.0
33390,Thap11,Ccnd1,-1.0
33391,Thap11,Cdkn1a,1.0
33392,Thap11,Hcfc1,1.0
33393,Thap11,Jak2,1.0
33394,Thap11,Myc,-1.0
33395,Thap11,Odc1,1.0
33396,Thap7,Cdkn2a,1.0
33397,Thap7,Ncor1,1.0
33398,Thra,Abca1,-1.0
33399,Thra,Abcd2,1.0
33400,Thra,Angptl3,1.0
33401,Thra,B3gnt9,1.0
33402,Thra,Bco1,1.0
33403,Thra,Car2,-1.0
33404,Thra,Cd40,1.0
33405,Thra,Cd44,1.0
33406,Thra,Cdx1,1.0
33407,Thra,Cga,-1.0
33408,Thra,Chrna3,1.0
33409,Thra,Cnot2,1.0
33410,Thra,Ctnnb1,1.0
33411,Thra,Cyp26a1,1.0
33412,Thra,Cyp27b1,1.0
33413,Thra,E2f1,1.0
33414,Thra,Egfr,1.0
33415,Thra,Elp1,1.0
33416,Thra,Esr1,-1.0
33417,Thra,Fn1,1.0
33418,Thra,Gcg,1.0
33419,Thra,Gh,-1.0
33420,Thra,Gtf2b,1.0
33421,Thra,H2-Ab1,1.0
33422,Thra,Hoxd1,-1.0
33423,Thra,Ilf3,1.0
33424,Thra,Isx,1.0
33425,Thra,Kcnd3,1.0
33426,Thra,Kcne1,1.0
33427,Thra,Kcnip2,1.0
33428,Thra,Kcnq4,-1.0
33429,Thra,Kdr,1.0
33430,Thra,Large1,1.0
33431,Thra,Mat1a,1.0
33432,Thra,Med25,1.0
33433,Thra,Mgp,1.0
33434,Thra,Mmp12,1.0
33435,Thra,Myh6,1.0
33436,Thra,Myh7,1.0
33437,Thra,Nox1,-1.0
33438,Thra,Nr3c1,1.0
33439,Thra,Ntrk2,1.0
33440,Thra,Oxt,1.0
33441,Thra,Oxtr,1.0
33442,Thra,Pck1,1.0
33443,Thra,Pcna,-1.0
33444,Thra,Pcp2,1.0
33445,Thra,Pde3a,-1.0
33446,Thra,Penk,1.0
33447,Thra,Pkd1,1.0
33448,Thra,Pkd2,1.0
33449,Thra,Por,1.0
33450,Thra,Ppargc1a,1.0
33451,Thra,Ppp2ca,1.0
33452,Thra,Rara,1.0
33453,Thra,Rarb,-1.0
33454,Thra,Rb1,1.0
33455,Thra,Rps14,1.0
33456,Thra,Rxrb,1.0
33457,Thra,Sap30,1.0
33458,Thra,Scn5a,1.0
33459,Thra,Serpinc1,-1.0
33460,Thra,Sfrp2,1.0
33461,Thra,Slc2a4,1.0
33462,Thra,Slc4a1,-1.0
33463,Thra,Slc6a1,1.0
33464,Thra,Sra1,1.0
33465,Thra,Src,1.0
33466,Thra,Thrb,-1.0
33467,Thra,Thrsp,1.0
33468,Thra,Tkt,1.0
33469,Thra,Trh,1.0
33470,Thra,Tshb,1.0
33471,Thra,Ucp1,1.0
33472,Thra,Ucp3,1.0
33473,Thra,Znhit3,1.0
33474,Thra,mt-Nd3,1.0
33475,Thrb,Acaca,1.0
33476,Thrb,Angptl3,1.0
33477,Thrb,Apoa2,1.0
33478,Thrb,Apoc2,1.0
33479,Thrb,Apoc3,1.0
33480,Thrb,Ccnd1,-1.0
33481,Thrb,Cga,-1.0
33482,Thrb,Creb1,-1.0
33483,Thrb,Ctnnb1,-1.0
33484,Thrb,Cyp27b1,1.0
33485,Thrb,Dhcr24,1.0
33486,Thrb,E2f1,1.0
33487,Thrb,Fgf21,1.0
33488,Thrb,Fn1,1.0
33489,Thrb,Gh,1.0
33490,Thrb,Ghrhr,1.0
33491,Thrb,Gpha2,1.0
33492,Thrb,Gtf2b,1.0
33493,Thrb,Hcn4,-1.0
33494,Thrb,Hif1a,1.0
33495,Thrb,Itgb3,1.0
33496,Thrb,Kcnd3,1.0
33497,Thrb,Kcnma1,1.0
33498,Thrb,Ldlr,1.0
33499,Thrb,Mlxipl,1.0
33500,Thrb,Mmp12,1.0
33501,Thrb,Myh6,1.0
33502,Thrb,Myh7,1.0
33503,Thrb,Nr1h3,1.0
33504,Thrb,Opn1mw,1.0
33505,Thrb,Opn1sw,-1.0
33506,Thrb,Pfkp,1.0
33507,Thrb,Pias3,1.0
33508,Thrb,Pkd1,1.0
33509,Thrb,Pla2g2a,1.0
33510,Thrb,Polr2f,1.0
33511,Thrb,Por,1.0
33512,Thrb,Ptgds,1.0
33513,Thrb,Rb1,1.0
33514,Thrb,Rgn,1.0
33515,Thrb,Rps14,1.0
33516,Thrb,Serpinc1,1.0
33517,Thrb,Sgca,1.0
33518,Thrb,Sirt1,1.0
33519,Thrb,Slc25a5,1.0
33520,Thrb,Slc26a5,1.0
33521,Thrb,Slc2a1,1.0
33522,Thrb,Sqstm1,1.0
33523,Thrb,Srebf1,-1.0
33524,Thrb,Tbxa2r,1.0
33525,Thrb,Th,1.0
33526,Thrb,Thrsp,1.0
33527,Thrb,Tkt,1.0
33528,Thrb,Trh,1.0
33529,Thrb,Tshb,-1.0
33530,Thrb,Tshr,1.0
33531,Thrb,Ucp1,1.0
33532,Tle1,Bcl2,1.0
33533,Tle3,Runx1,-1.0
33534,Tle4,Cdkn1b,1.0
33535,Tle5,Bcl2,-1.0
33536,Tle5,Epha3,1.0
33537,Tle5,Lef1,1.0
33538,Tle5,Rnd3,1.0
33539,Tlx1,Cd44,1.0
33540,Tlx1,Chek1,-1.0
33541,Tlx1,Gdnf,1.0
33542,Tlx1,Meis1,-1.0
33543,Tlx1,Myc,1.0
33544,Tlx1,Nr4a3,1.0
33545,Tlx1,Wt1,1.0
33546,Tlx2,Anxa5,1.0
33547,Tlx2,Phox2a,1.0
33548,Tlx2,Phox2b,1.0
33549,Tlx2,Ret,1.0
33550,Tlx2,Slc8a3,1.0
33551,Tlx3,Fbn1,1.0
33552,Tlx3,Insr,1.0
33553,Tlx3,Map2k5,1.0
33554,Tlx3,Ntrk1,1.0
33555,Tlx3,Th,1.0
33556,Tlx3,Tnfaip8,1.0
33557,Tob1,Il2,-1.0
33558,Tox,Crp,1.0
33559,Tox,Cyp27a1,1.0
33560,Tox,Nr0b1,1.0
33561,Tox,Omp,1.0
33562,Tox2,Ets1,1.0
33563,Tox2,Il15,1.0
33564,Tox2,Tbx21,1.0
33565,Tox3,Bcl2,1.0
33566,Tox3,Brca1,-1.0
33567,Tox3,C3,1.0
33568,Tox3,Cited1,1.0
33569,Tox3,Crebbp,1.0
33570,Tox3,Fos,1.0
33571,Trerf1,Ccr5,-1.0
33572,Trerf1,Ccr7,1.0
33573,Trerf1,Cd40,-1.0
33574,Trerf1,Cd80,-1.0
33575,Trerf1,Cd86,-1.0
33576,Trerf1,Cdkn1a,1.0
33577,Trerf1,Cdkn1b,1.0
33578,Trerf1,Cdkn2a,1.0
33579,Trerf1,Cyp11a1,1.0
33580,Trerf1,Cyp17a1,1.0
33581,Trerf1,Foxp3,1.0
33582,Trerf1,Il4,1.0
33583,Trerf1,Pgr,1.0
33584,Trib3,Atf4,-1.0
33585,Trib3,Smad3,1.0
33586,Trim14,Jun,1.0
33587,Trim15,Jun,1.0
33588,Trim21,Jun,1.0
33589,Trim24,Stat1,-1.0
33590,Trim25,Rigi,1.0
33591,Trim27,Jun,1.0
33592,Trim28,E2f3,-1.0
33593,Trim28,E2f4,-1.0
33594,Trim28,Id1,1.0
33595,Trim28,Ifng,1.0
33596,Trim31,Jun,1.0
33597,Trim62,Jun,1.0
33598,Trim8,Jun,1.0
33599,Trp53,Aar2,1.0
33600,Trp53,Abcc1,1.0
33601,Trp53,Abcc2,1.0
33602,Trp53,Abcc3,1.0
33603,Trp53,Abcc4,1.0
33604,Trp53,Abi3bp,1.0
33605,Trp53,Abl1,1.0
33606,Trp53,Abl2,1.0
33607,Trp53,Ache,1.0
33608,Trp53,Acta1,1.0
33609,Trp53,Actl6a,1.0
33610,Trp53,Ada,1.0
33611,Trp53,Adamtsl1,1.0
33612,Trp53,Adcyap1r1,1.0
33613,Trp53,Adgrb1,1.0
33614,Trp53,Adgrb2,1.0
33615,Trp53,Adipoq,1.0
33616,Trp53,Adra1d,1.0
33617,Trp53,Afp,-1.0
33618,Trp53,Aga,1.0
33619,Trp53,Aifm1,1.0
33620,Trp53,Aifm2,1.0
33621,Trp53,Akt1,-1.0
33622,Trp53,Akt2,1.0
33623,Trp53,Alb,1.0
33624,Trp53,Aldh3a1,1.0
33625,Trp53,Aldh4a1,1.0
33626,Trp53,Alkbh2,1.0
33627,Trp53,Alox15,1.0
33628,Trp53,Alox5,1.0
33629,Trp53,Ankrd1,1.0
33630,Trp53,Ankrd11,1.0
33631,Trp53,Ankrd2,1.0
33632,Trp53,Antxr1,1.0
33633,Trp53,Anxa1,1.0
33634,Trp53,Anxa4,1.0
33635,Trp53,Ap3b1,1.0
33636,Trp53,Apaf1,1.0
33637,Trp53,Apc,1.0
33638,Trp53,Apcs,1.0
33639,Trp53,Apex1,1.0
33640,Trp53,Aplp1,1.0
33641,Trp53,Apob,1.0
33642,Trp53,Apoc3,1.0
33643,Trp53,Apod,1.0
33644,Trp53,Apoe,1.0
33645,Trp53,App,1.0
33646,Trp53,Aqp1,1.0
33647,Trp53,Aqp3,1.0
33648,Trp53,Aqp9,1.0
33649,Trp53,Ar,-1.0
33650,Trp53,Areg,1.0
33651,Trp53,Arid3a,1.0
33652,Trp53,Asah1,1.0
33653,Trp53,Ascc3,1.0
33654,Trp53,Atf3,1.0
33655,Trp53,Atf7,1.0
33656,Trp53,Atosb,1.0
33657,Trp53,Atp7a,1.0
33658,Trp53,Atxn3,1.0
33659,Trp53,Atxn7,1.0
33660,Trp53,Aurka,-1.0
33661,Trp53,Avp,1.0
33662,Trp53,Axl,1.0
33663,Trp53,B2m,1.0
33664,Trp53,B3gat3,1.0
33665,Trp53,B3gnt9,1.0
33666,Trp53,B4galt5,1.0
33667,Trp53,Bad,1.0
33668,Trp53,Bag1,-1.0
33669,Trp53,Bag6,1.0
33670,Trp53,Bak1,1.0
33671,Trp53,Banp,1.0
33672,Trp53,Bax,1.0
33673,Trp53,Bbc3,1.0
33674,Trp53,Bcl2,-1.0
33675,Trp53,Bcl2l1,-1.0
33676,Trp53,Bcl2l11,-1.0
33677,Trp53,Bcl3,-1.0
33678,Trp53,Bcl6,1.0
33679,Trp53,Bdkrb1,1.0
33680,Trp53,Bdkrb2,1.0
33681,Trp53,Bhlhe40,1.0
33682,Trp53,Bid,1.0
33683,Trp53,Bik,1.0
33684,Trp53,Birc3,1.0
33685,Trp53,Birc5,-1.0
33686,Trp53,Bltp3a,1.0
33687,Trp53,Bmp2,1.0
33688,Trp53,Bmp4,1.0
33689,Trp53,Bmp7,1.0
33690,Trp53,Bnip3,1.0
33691,Trp53,Bnip3l,1.0
33692,Trp53,Brap,1.0
33693,Trp53,Brca1,-1.0
33694,Trp53,Brca2,-1.0
33695,Trp53,Bsg,1.0
33696,Trp53,Btg2,1.0
33697,Trp53,Btg3,1.0
33698,Trp53,Bub1b,1.0
33699,Trp53,C2,1.0
33700,Trp53,Cables1,1.0
33701,Trp53,Cacybp,1.0
33702,Trp53,Cald1,1.0
33703,Trp53,Calm2,1.0
33704,Trp53,Camk4,1.0
33705,Trp53,Car9,1.0
33706,Trp53,Card11,1.0
33707,Trp53,Carm1,1.0
33708,Trp53,Casp1,1.0
33709,Trp53,Casp2,1.0
33710,Trp53,Casp3,1.0
33711,Trp53,Casp6,1.0
33712,Trp53,Casp7,1.0
33713,Trp53,Casp8,1.0
33714,Trp53,Casp9,1.0
33715,Trp53,Cat,1.0
33716,Trp53,Cav1,1.0
33717,Trp53,Ccar2,1.0
33718,Trp53,Ccn1,1.0
33719,Trp53,Ccn2,1.0
33720,Trp53,Ccn3,1.0
33721,Trp53,Ccn5,1.0
33722,Trp53,Ccna1,1.0
33723,Trp53,Ccna2,-1.0
33724,Trp53,Ccnb1,-1.0
33725,Trp53,Ccnb2,-1.0
33726,Trp53,Ccnd1,-1.0
33727,Trp53,Ccnd2,1.0
33728,Trp53,Ccnd3,-1.0
33729,Trp53,Ccne1,-1.0
33730,Trp53,Ccng1,1.0
33731,Trp53,Ccng2,1.0
33732,Trp53,Ccnk,1.0
33733,Trp53,Ccr6,1.0
33734,Trp53,Cd2,1.0
33735,Trp53,Cd40,1.0
33736,Trp53,Cd44,-1.0
33737,Trp53,Cd74,1.0
33738,Trp53,Cd82,1.0
33739,Trp53,Cdc20,-1.0
33740,Trp53,Cdc25a,-1.0
33741,Trp53,Cdc25b,-1.0
33742,Trp53,Cdc25c,-1.0
33743,Trp53,Cdc42bpa,1.0
33744,Trp53,Cdca8,1.0
33745,Trp53,Cdh1,1.0
33746,Trp53,Cdh3,1.0
33747,Trp53,Cdk1,-1.0
33748,Trp53,Cdk2,-1.0
33749,Trp53,Cdk4,-1.0
33750,Trp53,Cdk5,1.0
33751,Trp53,Cdk6,1.0
33752,Trp53,Cdk9,1.0
33753,Trp53,Cdkn1a,1.0
33754,Trp53,Cdkn1b,1.0
33755,Trp53,Cdkn2a,1.0
33756,Trp53,Cdkn2b,1.0
33757,Trp53,Cdx1,-1.0
33758,Trp53,Cep55,-1.0
33759,Trp53,Chek1,-1.0
33760,Trp53,Chek2,-1.0
33761,Trp53,Chka,1.0
33762,Trp53,Chml,1.0
33763,Trp53,Chmp4c,1.0
33764,Trp53,Chuk,-1.0
33765,Trp53,Ckap2,1.0
33766,Trp53,Ckb,-1.0
33767,Trp53,Ckm,1.0
33768,Trp53,Cks2,-1.0
33769,Trp53,Clca2,1.0
33770,Trp53,Cldn20,1.0
33771,Trp53,Clip1,1.0
33772,Trp53,Cltc,1.0
33773,Trp53,Clu,1.0
33774,Trp53,Col18a1,1.0
33775,Trp53,Col1a2,1.0
33776,Trp53,Col2a1,1.0
33777,Trp53,Col4a1,1.0
33778,Trp53,Col4a3,1.0
33779,Trp53,Cop1,1.0
33780,Trp53,Coro1b,1.0
33781,Trp53,Cox7a2l,1.0
33782,Trp53,Cpd,1.0
33783,Trp53,Creb1,1.0
33784,Trp53,Crebbp,1.0
33785,Trp53,Crtc3,1.0
33786,Trp53,Cryab,1.0
33787,Trp53,Csn2,1.0
33788,Trp53,Csnk1a1,1.0
33789,Trp53,Csnk2a2,1.0
33790,Trp53,Ctdspl2,1.0
33791,Trp53,Ctnnb1,-1.0
33792,Trp53,Ctsd,1.0
33793,Trp53,Ctsk,1.0
33794,Trp53,Ctsl,1.0
33795,Trp53,Cx3cl1,1.0
33796,Trp53,Cxcl12,1.0
33797,Trp53,Cxcl14,1.0
33798,Trp53,Cxcl5,1.0
33799,Trp53,Cxcr4,-1.0
33800,Trp53,Cyfip2,1.0
33801,Trp53,Cyp1a1,1.0
33802,Trp53,D7Ertd443e,1.0
33803,Trp53,Dab2,1.0
33804,Trp53,Dad1,1.0
33805,Trp53,Dapk1,1.0
33806,Trp53,Daxx,1.0
33807,Trp53,Dcaf1,1.0
33808,Trp53,Dcc,1.0
33809,Trp53,Dclk1,1.0
33810,Trp53,Ddb1,1.0
33811,Trp53,Ddb2,1.0
33812,Trp53,Ddit3,1.0
33813,Trp53,Ddit4,1.0
33814,Trp53,Ddr1,1.0
33815,Trp53,Ddx17,1.0
33816,Trp53,Dhrs3,1.0
33817,Trp53,Dido1,1.0
33818,Trp53,Dkk1,1.0
33819,Trp53,Dlst,1.0
33820,Trp53,Dnm1l,1.0
33821,Trp53,Dnmt1,-1.0
33822,Trp53,Dram1,1.0
33823,Trp53,Dram2,-1.0
33824,Trp53,Dsc3,1.0
33825,Trp53,Duoxa1,1.0
33826,Trp53,Dusp1,1.0
33827,Trp53,Dusp11,1.0
33828,Trp53,Dusp4,1.0
33829,Trp53,Dusp5,1.0
33830,Trp53,Dut,-1.0
33831,Trp53,Dym,1.0
33832,Trp53,Dync1h1,1.0
33833,Trp53,Dyrk2,1.0
33834,Trp53,E2f1,-1.0
33835,Trp53,E2f3,-1.0
33836,Trp53,E2f4,1.0
33837,Trp53,E2f5,-1.0
33838,Trp53,E2f7,1.0
33839,Trp53,E4f1,1.0
33840,Trp53,Ect2,-1.0
33841,Trp53,Eda2r,1.0
33842,Trp53,Edn1,1.0
33843,Trp53,Edn2,1.0
33844,Trp53,Eef1a1,1.0
33845,Trp53,Efnb3,1.0
33846,Trp53,Egf,1.0
33847,Trp53,Egfr,1.0
33848,Trp53,Egr1,1.0
33849,Trp53,Egr2,1.0
33850,Trp53,Ehmt1,1.0
33851,Trp53,Ehmt2,1.0
33852,Trp53,Ei24,1.0
33853,Trp53,Eif2ak2,1.0
33854,Trp53,Eif3b,1.0
33855,Trp53,Eif4e,-1.0
33856,Trp53,Elavl1,1.0
33857,Trp53,Elf4,-1.0
33858,Trp53,Enah,-1.0
33859,Trp53,Epcam,1.0
33860,Trp53,Epha2,1.0
33861,Trp53,Ephb4,-1.0
33862,Trp53,Erap1,1.0
33863,Trp53,Erbb2,1.0
33864,Trp53,Ercc2,1.0
33865,Trp53,Ercc3,1.0
33866,Trp53,Esr1,1.0
33867,Trp53,Ets1,-1.0
33868,Trp53,Ezh2,-1.0
33869,Trp53,F2r,-1.0
33870,Trp53,Fadd,1.0
33871,Trp53,Fancc,1.0
33872,Trp53,Fas,1.0
33873,Trp53,Fasl,1.0
33874,Trp53,Fasn,-1.0
33875,Trp53,Fbxo32,1.0
33876,Trp53,Fbxw7,1.0
33877,Trp53,Fdxr,1.0
33878,Trp53,Fen1,1.0
33879,Trp53,Fgf2,-1.0
33880,Trp53,Fgfr1,1.0
33881,Trp53,Fhit,1.0
33882,Trp53,Fhl2,1.0
33883,Trp53,Flot2,1.0
33884,Trp53,Flt1,1.0
33885,Trp53,Fmo3,1.0
33886,Trp53,Fn1,-1.0
33887,Trp53,Fnbp4,1.0
33888,Trp53,Fnta,1.0
33889,Trp53,Fntb,1.0
33890,Trp53,Fos,-1.0
33891,Trp53,Fosl1,1.0
33892,Trp53,Foxm1,-1.0
33893,Trp53,Foxo1,-1.0
33894,Trp53,Foxo3,1.0
33895,Trp53,Foxp3,1.0
33896,Trp53,Frmd5,1.0
33897,Trp53,Fth1,1.0
33898,Trp53,Furin,1.0
33899,Trp53,Fus,1.0
33900,Trp53,Fxn,1.0
33901,Trp53,Gabra6,1.0
33902,Trp53,Gad2,1.0
33903,Trp53,Gadd45a,-1.0
33904,Trp53,Gap43,1.0
33905,Trp53,Gas1,1.0
33906,Trp53,Gata1,1.0
33907,Trp53,Gata2,1.0
33908,Trp53,Gata4,1.0
33909,Trp53,Gc,1.0
33910,Trp53,Gdf15,1.0
33911,Trp53,Gfi1,1.0
33912,Trp53,Ggh,1.0
33913,Trp53,Gh,1.0
33914,Trp53,Ghrhr,1.0
33915,Trp53,Glb1,1.0
33916,Trp53,Gli1,-1.0
33917,Trp53,Gli2,1.0
33918,Trp53,Glipr1,1.0
33919,Trp53,Gls2,1.0
33920,Trp53,Gmps,-1.0
33921,Trp53,Gnaq,1.0
33922,Trp53,Gnb1l,1.0
33923,Trp53,Got1,1.0
33924,Trp53,Gpd1,-1.0
33925,Trp53,Gpnmb,1.0
33926,Trp53,Gpr87,1.0
33927,Trp53,Gpr89,1.0
33928,Trp53,Gprc5a,-1.0
33929,Trp53,Gpx1,1.0
33930,Trp53,Gpx2,1.0
33931,Trp53,Grem1,1.0
33932,Trp53,Gsdme,1.0
33933,Trp53,Gsk3b,1.0
33934,Trp53,Gsn,1.0
33935,Trp53,Gstk1,1.0
33936,Trp53,Gzma,1.0
33937,Trp53,H1f2,1.0
33938,Trp53,H2-T23,1.0
33939,Trp53,H2bc21,1.0
33940,Trp53,Hbegf,1.0
33941,Trp53,Hdac2,1.0
33942,Trp53,Hdgf,1.0
33943,Trp53,Hexim1,1.0
33944,Trp53,Hfm1,1.0
33945,Trp53,Hgf,1.0
33946,Trp53,Hic1,1.0
33947,Trp53,Hif1a,-1.0
33948,Trp53,Hipk1,1.0
33949,Trp53,Hipk2,1.0
33950,Trp53,Hipk4,1.0
33951,Trp53,Hk2,-1.0
33952,Trp53,Hmgb1,1.0
33953,Trp53,Hmgcr,1.0
33954,Trp53,Hmmr,-1.0
33955,Trp53,Hmox1,1.0
33956,Trp53,Hnf4a,-1.0
33957,Trp53,Hnrnpc,1.0
33958,Trp53,Hnrnpd,1.0
33959,Trp53,Hnrnpk,1.0
33960,Trp53,Hnrnpr,1.0
33961,Trp53,Hnrnpul1,1.0
33962,Trp53,Hoxa10,1.0
33963,Trp53,Hp,1.0
33964,Trp53,Hpgds,1.0
33965,Trp53,Hpse,1.0
33966,Trp53,Hr,-1.0
33967,Trp53,Hras,-1.0
33968,Trp53,Hsf1,1.0
33969,Trp53,Hsp90aa1,1.0
33970,Trp53,Hsp90ab1,-1.0
33971,Trp53,Hsp90b1,1.0
33972,Trp53,Hspa4,1.0
33973,Trp53,Hspa5,1.0
33974,Trp53,Hspa8,1.0
33975,Trp53,Hspa9,1.0
33976,Trp53,Hspb2,1.0
33977,Trp53,Htt,1.0
33978,Trp53,Hunk,1.0
33979,Trp53,Icam1,1.0
33980,Trp53,Id1,1.0
33981,Trp53,Id2,1.0
33982,Trp53,Id4,1.0
33983,Trp53,Ier3,1.0
33984,Trp53,Ifnb1,1.0
33985,Trp53,Igf1,-1.0
33986,Trp53,Igf1r,-1.0
33987,Trp53,Igf2,-1.0
33988,Trp53,Igfbp1,1.0
33989,Trp53,Igfbp3,1.0
33990,Trp53,Igfbp7,1.0
33991,Trp53,Ighm,1.0
33992,Trp53,Ikbip,1.0
33993,Trp53,Il15,1.0
33994,Trp53,Il2,-1.0
33995,Trp53,Il4,-1.0
33996,Trp53,Il4ra,1.0
33997,Trp53,Il5,1.0
33998,Trp53,Il6,-1.0
33999,Trp53,Il6ra,1.0
34000,Trp53,Ilk,1.0
34001,Trp53,Ing1,1.0
34002,Trp53,Ing2,1.0
34003,Trp53,Inhba,1.0
34004,Trp53,Insr,-1.0
34005,Trp53,Ints7,-1.0
34006,Trp53,Ipo7,-1.0
34007,Trp53,Irf1,1.0
34008,Trp53,Irf5,1.0
34009,Trp53,Itfg1,1.0
34010,Trp53,Itpr1,1.0
34011,Trp53,Itsn1,1.0
34012,Trp53,Jag2,1.0
34013,Trp53,Jdp2,-1.0
34014,Trp53,Jun,1.0
34015,Trp53,Jup,1.0
34016,Trp53,Kat2b,1.0
34017,Trp53,Kcnh1,1.0
34018,Trp53,Kdm1a,1.0
34019,Trp53,Kdm4b,1.0
34020,Trp53,Kdm6b,1.0
34021,Trp53,Keap1,1.0
34022,Trp53,Kif23,-1.0
34023,Trp53,Kif2c,-1.0
34024,Trp53,Kifbp,1.0
34025,Trp53,Kit,1.0
34026,Trp53,Kitl,1.0
34027,Trp53,Klf17,1.0
34028,Trp53,Klf2,-1.0
34029,Trp53,Klf4,1.0
34030,Trp53,Klf5,1.0
34031,Trp53,Klf6,1.0
34032,Trp53,Kmt5a,1.0
34033,Trp53,Kras,1.0
34034,Trp53,Krt10,-1.0
34035,Trp53,Krt14,1.0
34036,Trp53,Krt15,1.0
34037,Trp53,Krt19,-1.0
34038,Trp53,Krt8,1.0
34039,Trp53,Krt9,1.0
34040,Trp53,Large1,1.0
34041,Trp53,Lasp1,1.0
34042,Trp53,Lats2,1.0
34043,Trp53,Lck,1.0
34044,Trp53,Lgals1,1.0
34045,Trp53,Lgals7,1.0
34046,Trp53,Lhx2,1.0
34047,Trp53,Lif,1.0
34048,Trp53,Limk2,1.0
34049,Trp53,Litaf,1.0
34050,Trp53,Lmo3,1.0
34051,Trp53,Lmo4,1.0
34052,Trp53,Lox,1.0
34053,Trp53,Lrba,-1.0
34054,Trp53,Lrp1,1.0
34055,Trp53,Lrrc4,1.0
34056,Trp53,Lsp1,1.0
34057,Trp53,Lta,1.0
34058,Trp53,Lum,1.0
34059,Trp53,Mad1l1,-1.0
34060,Trp53,Maf,1.0
34061,Trp53,Magee1,1.0
34062,Trp53,Maml1,1.0
34063,Trp53,Map1b,1.0
34064,Trp53,Map2,1.0
34065,Trp53,Map2k1,1.0
34066,Trp53,Map2k3,1.0
34067,Trp53,Map3k1,1.0
34068,Trp53,Map3k11,1.0
34069,Trp53,Map3k14,1.0
34070,Trp53,Map3k5,1.0
34071,Trp53,Map4,-1.0
34072,Trp53,Map4k4,1.0
34073,Trp53,Mapk1,1.0
34074,Trp53,Mapk12,1.0
34075,Trp53,Mapk13,1.0
34076,Trp53,Mapk14,1.0
34077,Trp53,Mapk3,1.0
34078,Trp53,Mapk8,1.0
34079,Trp53,Mark1,1.0
34080,Trp53,Mbp,1.0
34081,Trp53,Mcl1,-1.0
34082,Trp53,Mcm5,-1.0
34083,Trp53,Mcm7,-1.0
34084,Trp53,Mdc1,1.0
34085,Trp53,Mdfic,1.0
34086,Trp53,Mdh1,1.0
34087,Trp53,Mdk,1.0
34088,Trp53,Mdm2,1.0
34089,Trp53,Mdm4,1.0
34090,Trp53,Me1,-1.0
34091,Trp53,Me2,-1.0
34092,Trp53,Me3,1.0
34093,Trp53,Mefv,1.0
34094,Trp53,Met,-1.0
34095,Trp53,Mfge8,1.0
34096,Trp53,Mfn2,1.0
34097,Trp53,Mga,1.0
34098,Trp53,Mgmt,-1.0
34099,Trp53,Mif,1.0
34100,Trp53,Mink1,1.0
34101,Trp53,Mki67,-1.0
34102,Trp53,Mlh1,1.0
34103,Trp53,Mlh3,1.0
34104,Trp53,Mmp13,-1.0
34105,Trp53,Mmp2,1.0
34106,Trp53,Mmp7,1.0
34107,Trp53,Mmp9,-1.0
34108,Trp53,Mmut,1.0
34109,Trp53,Mpg,1.0
34110,Trp53,Mpo,1.0
34111,Trp53,Mpped2,1.0
34112,Trp53,Mrpl27,1.0
34113,Trp53,Mrpl41,1.0
34114,Trp53,Msh2,1.0
34115,Trp53,Mst1,1.0
34116,Trp53,Mta1,1.0
34117,Trp53,Muc1,1.0
34118,Trp53,Muc2,1.0
34119,Trp53,Mvp,1.0
34120,Trp53,Myc,-1.0
34121,Trp53,Myo6,1.0
34122,Trp53,Nacc2,1.0
34123,Trp53,Nanog,1.0
34124,Trp53,Ncf2,1.0
34125,Trp53,Ncoa4,1.0
34126,Trp53,Ndn,1.0
34127,Trp53,Ndrg1,1.0
34128,Trp53,Ndrg2,1.0
34129,Trp53,Nedd1,1.0
34130,Trp53,Nek2,-1.0
34131,Trp53,Nf1,1.0
34132,Trp53,Nfatc4,-1.0
34133,Trp53,Nfe2l2,1.0
34134,Trp53,Nfkb1,1.0
34135,Trp53,Nfkb2,1.0
34136,Trp53,Nfkbia,1.0
34137,Trp53,Nfya,1.0
34138,Trp53,Ngf,1.0
34139,Trp53,Nhlh2,1.0
34140,Trp53,Nkx2-1,1.0
34141,Trp53,Nkx3-1,-1.0
34142,Trp53,Nlrc4,1.0
34143,Trp53,Nlrp10,1.0
34144,Trp53,Nme1,1.0
34145,Trp53,Nos2,-1.0
34146,Trp53,Nos3,-1.0
34147,Trp53,Notch1,-1.0
34148,Trp53,Noxa1,1.0
34149,Trp53,Npat,-1.0
34150,Trp53,Npm1,1.0
34151,Trp53,Nppa,1.0
34152,Trp53,Nqo1,1.0
34153,Trp53,Nr1d1,1.0
34154,Trp53,Nr2c1,-1.0
34155,Trp53,Nr3c1,-1.0
34156,Trp53,Nr4a3,1.0
34157,Trp53,Ntrk1,1.0
34158,Trp53,Nuak1,1.0
34159,Trp53,Nup214,1.0
34160,Trp53,Odc1,1.0
34161,Trp53,Ogg1,1.0
34162,Trp53,Oma1,1.0
34163,Trp53,Osgin1,1.0
34164,Trp53,Otud5,1.0
34165,Trp53,Otx1,1.0
34166,Trp53,P2rx6,1.0
34167,Trp53,P2ry4,1.0
34168,Trp53,Padi4,1.0
34169,Trp53,Paf1,1.0
34170,Trp53,Pank1,1.0
34171,Trp53,Pappa,1.0
34172,Trp53,Park7,1.0
34173,Trp53,Parp1,1.0
34174,Trp53,Pax5,1.0
34175,Trp53,Pcbp4,1.0
34176,Trp53,Pcna,1.0
34177,Trp53,Pcsk1,1.0
34178,Trp53,Pcx,1.0
34179,Trp53,Pdcd4,1.0
34180,Trp53,Pdcd6,1.0
34181,Trp53,Pdf,1.0
34182,Trp53,Pdgfrb,1.0
34183,Trp53,Pdk1,1.0
34184,Trp53,Pdlim7,1.0
34185,Trp53,Pdp1,1.0
34186,Trp53,Pdrg1,1.0
34187,Trp53,Peg3,1.0
34188,Trp53,Per2,1.0
34189,Trp53,Perp,-1.0
34190,Trp53,Pgam2,1.0
34191,Trp53,Pgp,1.0
34192,Trp53,Phb1,1.0
34193,Trp53,Phlda3,1.0
34194,Trp53,Pias3,-1.0
34195,Trp53,Pias4,1.0
34196,Trp53,Pidd1,1.0
34197,Trp53,Pierce1,1.0
34198,Trp53,Pik3c3,1.0
34199,Trp53,Pik3ca,-1.0
34200,Trp53,Pik3r1,1.0
34201,Trp53,Pitx1,1.0
34202,Trp53,Pkd1,1.0
34203,Trp53,Plaat3,1.0
34204,Trp53,Plac1,1.0
34205,Trp53,Plagl1,1.0
34206,Trp53,Plat,-1.0
34207,Trp53,Plau,-1.0
34208,Trp53,Plaur,-1.0
34209,Trp53,Plk1,-1.0
34210,Trp53,Plk3,1.0
34211,Trp53,Plk4,-1.0
34212,Trp53,Pmaip1,1.0
34213,Trp53,Pml,1.0
34214,Trp53,Pms2,1.0
34215,Trp53,Podxl,1.0
34216,Trp53,Pold1,-1.0
34217,Trp53,Pold2,1.0
34218,Trp53,Poli,1.0
34219,Trp53,Polk,-1.0
34220,Trp53,Poll,1.0
34221,Trp53,Polr3b,1.0
34222,Trp53,Pomc,1.0
34223,Trp53,Ppargc1a,1.0
34224,Trp53,Ppia,1.0
34225,Trp53,Ppm1a,1.0
34226,Trp53,Ppm1d,1.0
34227,Trp53,Ppm1j,1.0
34228,Trp53,Ppp1r13b,1.0
34229,Trp53,Ppp2ca,1.0
34230,Trp53,Prap1,1.0
34231,Trp53,Prc1,-1.0
34232,Trp53,Prdm2,-1.0
34233,Trp53,Prg3,1.0
34234,Trp53,Prima1,1.0
34235,Trp53,Prkab1,1.0
34236,Trp53,Prkaca,1.0
34237,Trp53,Prkca,-1.0
34238,Trp53,Prkcg,1.0
34239,Trp53,Prkg1,1.0
34240,Trp53,Prkn,1.0
34241,Trp53,Prnp,1.0
34242,Trp53,Prodh,1.0
34243,Trp53,Prox1,1.0
34244,Trp53,Prrx1,1.0
34245,Trp53,Prss50,1.0
34246,Trp53,Psen1,-1.0
34247,Trp53,Psenen,1.0
34248,Trp53,Psma5,1.0
34249,Trp53,Psmc6,1.0
34250,Trp53,Psme3,1.0
34251,Trp53,Psrc1,1.0
34252,Trp53,Pten,-1.0
34253,Trp53,Ptgdr,1.0
34254,Trp53,Ptgds,-1.0
34255,Trp53,Ptgs2,-1.0
34256,Trp53,Pthlh,1.0
34257,Trp53,Ptk2,1.0
34258,Trp53,Ptma,1.0
34259,Trp53,Ptn,1.0
34260,Trp53,Ptp4a1,1.0
34261,Trp53,Ptp4a2,1.0
34262,Trp53,Ptpa,-1.0
34263,Trp53,Ptpn13,1.0
34264,Trp53,Ptpn6,1.0
34265,Trp53,Ptpra,-1.0
34266,Trp53,Pttg1,-1.0
34267,Trp53,Pvr,1.0
34268,Trp53,Pycard,1.0
34269,Trp53,Pycr1,1.0
34270,Trp53,Rab13,1.0
34271,Trp53,Rab6a,1.0
34272,Trp53,Rack1,1.0
34273,Trp53,Rad51,1.0
34274,Trp53,Rad51b,1.0
34275,Trp53,Rap2b,1.0
34276,Trp53,Rassf1,-1.0
34277,Trp53,Rb1,-1.0
34278,Trp53,Rb1cc1,1.0
34279,Trp53,Rbl2,1.0
34280,Trp53,Rbm24,1.0
34281,Trp53,Rbm38,1.0
34282,Trp53,Rbm5,1.0
34283,Trp53,Rchy1,1.0
34284,Trp53,Recql4,1.0
34285,Trp53,Reep5,-1.0
34286,Trp53,Rela,1.0
34287,Trp53,Rev3l,1.0
34288,Trp53,Rexo4,1.0
34289,Trp53,Rgcc,1.0
34290,Trp53,Rgs13,1.0
34291,Trp53,Rigi,1.0
34292,Trp53,Rlim,-1.0
34293,Trp53,Rnf123,1.0
34294,Trp53,Rnf144b,1.0
34295,Trp53,Rnf20,1.0
34296,Trp53,Rnh1,1.0
34297,Trp53,Rock1,1.0
34298,Trp53,Rph3al,1.0
34299,Trp53,Rpl37,1.0
34300,Trp53,Rprm,1.0
34301,Trp53,Rps25,1.0
34302,Trp53,Rpsa,1.0
34303,Trp53,Rrad,1.0
34304,Trp53,Rrm1,1.0
34305,Trp53,Rrm2b,1.0
34306,Trp53,Runx1,1.0
34307,Trp53,S100a2,1.0
34308,Trp53,S100a6,1.0
34309,Trp53,S100a9,1.0
34310,Trp53,S100b,-1.0
34311,Trp53,Sall2,1.0
34312,Trp53,Samhd1,1.0
34313,Trp53,Satb1,1.0
34314,Trp53,Scfd2,1.0
34315,Trp53,Sco2,1.0
34316,Trp53,Sema3b,1.0
34317,Trp53,Serpinb5,1.0
34318,Trp53,Serpine1,1.0
34319,Trp53,Serpinf1,1.0
34320,Trp53,Serpinh1,1.0
34321,Trp53,Sertad1,1.0
34322,Trp53,Sesn1,1.0
34323,Trp53,Sesn2,-1.0
34324,Trp53,Setd7,1.0
34325,Trp53,Setdb1,1.0
34326,Trp53,Sfn,1.0
34327,Trp53,Sgca,1.0
34328,Trp53,Sgip1,1.0
34329,Trp53,Sgk1,1.0
34330,Trp53,Sh2d1a,1.0
34331,Trp53,Shc1,1.0
34332,Trp53,Shh,1.0
34333,Trp53,Shisa5,1.0
34334,Trp53,Sin3a,1.0
34335,Trp53,Sin3b,1.0
34336,Trp53,Sirt1,1.0
34337,Trp53,Siva1,1.0
34338,Trp53,Skp2,1.0
34339,Trp53,Slc10a4,1.0
34340,Trp53,Slc16a1,1.0
34341,Trp53,Slc19a1,-1.0
34342,Trp53,Slc19a2,1.0
34343,Trp53,Slc25a5,1.0
34344,Trp53,Slc29a1,1.0
34345,Trp53,Slc2a1,-1.0
34346,Trp53,Slc2a12,-1.0
34347,Trp53,Slc2a4,-1.0
34348,Trp53,Slc31a1,1.0
34349,Trp53,Slc4a4,1.0
34350,Trp53,Slc5a5,1.0
34351,Trp53,Slc6a6,-1.0
34352,Trp53,Smad2,1.0
34353,Trp53,Smad3,1.0
34354,Trp53,Smarca1,1.0
34355,Trp53,Smarca4,1.0
34356,Trp53,Smpd1,1.0
34357,Trp53,Smpd4,-1.0
34358,Trp53,Sod2,1.0
34359,Trp53,Sox4,1.0
34360,Trp53,Sp1,-1.0
34361,Trp53,Sp7,-1.0
34362,Trp53,Sparc,1.0
34363,Trp53,Spata18,1.0
34364,Trp53,Spn,1.0
34365,Trp53,Spp1,1.0
34366,Trp53,Sqstm1,1.0
34367,Trp53,Srebf1,-1.0
34368,Trp53,Srgn,1.0
34369,Trp53,Srsf3,1.0
34370,Trp53,Sstr2,-1.0
34371,Trp53,Stat1,1.0
34372,Trp53,Stat3,-1.0
34373,Trp53,Stc1,1.0
34374,Trp53,Steap3,1.0
34375,Trp53,Stk11,1.0
34376,Trp53,Stmn1,-1.0
34377,Trp53,Strap,1.0
34378,Trp53,Stub1,1.0
34379,Trp53,Sub1,1.0
34380,Trp53,Sulf2,1.0
34381,Trp53,Sumo1,1.0
34382,Trp53,Syvn1,1.0
34383,Trp53,Taar1,1.0
34384,Trp53,Tac1,1.0
34385,Trp53,Tada3,1.0
34386,Trp53,Taf1,1.0
34387,Trp53,Tat,1.0
34388,Trp53,Tbp,1.0
34389,Trp53,Tbpl1,1.0
34390,Trp53,Tbx3,1.0
34391,Trp53,Tbxas1,-1.0
34392,Trp53,Tceal1,1.0
34393,Trp53,Tcf4,-1.0
34394,Trp53,Tcf7l2,-1.0
34395,Trp53,Tdg,1.0
34396,Trp53,Tert,-1.0
34397,Trp53,Tfap2a,1.0
34398,Trp53,Tfap2c,1.0
34399,Trp53,Tfdp1,1.0
34400,Trp53,Tff2,-1.0
34401,Trp53,Tfrc,1.0
34402,Trp53,Tgfa,1.0
34403,Trp53,Tgfb1,1.0
34404,Trp53,Tgfbr2,1.0
34405,Trp53,Tgm1,-1.0
34406,Trp53,Th,1.0
34407,Trp53,Thbd,-1.0
34408,Trp53,Thbs1,1.0
34409,Trp53,Thra,1.0
34410,Trp53,Ticam2,1.0
34411,Trp53,Tigar,1.0
34412,Trp53,Timeless,1.0
34413,Trp53,Timm50,1.0
34414,Trp53,Timp3,1.0
34415,Trp53,Tkt,1.0
34416,Trp53,Tlr3,1.0
34417,Trp53,Tmem33,1.0
34418,Trp53,Tnf,1.0
34419,Trp53,Tnfrsf10b,1.0
34420,Trp53,Tnfrsf11a,1.0
34421,Trp53,Tnfrsf11b,1.0
34422,Trp53,Tnfrsf1a,1.0
34423,Trp53,Tnfsf10,1.0
34424,Trp53,Tnfsf14,1.0
34425,Trp53,Topbp1,1.0
34426,Trp53,Tor1aip1,1.0
34427,Trp53,Tpo,1.0
34428,Trp53,Tpt1,-1.0
34429,Trp53,Traf4,1.0
34430,Trp53,Trdmt1,1.0
34431,Trp53,Triap1,1.0
34432,Trp53,Trim28,1.0
34433,Trp53,Trim3,1.0
34434,Trp53,Trim8,1.0
34435,Trp53,Trp53bp1,-1.0
34436,Trp53,Trp53bp2,1.0
34437,Trp53,Trp53i11,1.0
34438,Trp53,Trp53inp1,1.0
34439,Trp53,Trp53tg5,1.0
34440,Trp53,Trp63,-1.0
34441,Trp53,Trp73,1.0
34442,Trp53,Trpc6,1.0
34443,Trp53,Trpm1,-1.0
34444,Trp53,Trrap,1.0
34445,Trp53,Tsc1,1.0
34446,Trp53,Tspo,1.0
34447,Trp53,Tspyl2,1.0
34448,Trp53,Ttk,-1.0
34449,Trp53,Tubb3,1.0
34450,Trp53,Tubg1,-1.0
34451,Trp53,Tug1,1.0
34452,Trp53,Twist1,1.0
34453,Trp53,Txn1,1.0
34454,Trp53,Tyms,-1.0
34455,Trp53,Tyr,-1.0
34456,Trp53,Tyrp1,1.0
34457,Trp53,Uba3,1.0
34458,Trp53,Ubc,1.0
34459,Trp53,Ubd,-1.0
34460,Trp53,Ube2b,1.0
34461,Trp53,Ubr5,1.0
34462,Trp53,Uchl1,1.0
34463,Trp53,Uhrf1,-1.0
34464,Trp53,Uimc1,1.0
34465,Trp53,Ulbp1,1.0
34466,Trp53,Unc5a,1.0
34467,Trp53,Unc5b,1.0
34468,Trp53,Unc5d,1.0
34469,Trp53,Ung,1.0
34470,Trp53,Upp1,-1.0
34471,Trp53,Usp29,1.0
34472,Trp53,Usp7,1.0
34473,Trp53,Uts2r,1.0
34474,Trp53,Vcan,1.0
34475,Trp53,Vdr,1.0
34476,Trp53,Vegfa,-1.0
34477,Trp53,Vhl,1.0
34478,Trp53,Vps13b,1.0
34479,Trp53,Vrk1,-1.0
34480,Trp53,Wee1,1.0
34481,Trp53,Wnk2,1.0
34482,Trp53,Wnt2,1.0
34483,Trp53,Wnt4,1.0
34484,Trp53,Wrap53,1.0
34485,Trp53,Wrn,-1.0
34486,Trp53,Wt1,1.0
34487,Trp53,Xaf1,-1.0
34488,Trp53,Xiap,1.0
34489,Trp53,Xpc,1.0
34490,Trp53,Xpo1,-1.0
34491,Trp53,Xrcc5,1.0
34492,Trp53,Yap1,1.0
34493,Trp53,Ybx1,-1.0
34494,Trp53,Ypel3,1.0
34495,Trp53,Ywhag,1.0
34496,Trp53,Ywhaq,1.0
34497,Trp53,Yy1,1.0
34498,Trp53,Zbtb7a,1.0
34499,Trp53,Zdhhc5,1.0
34500,Trp53,Zfp346,1.0
34501,Trp53,Zfp37,1.0
34502,Trp53,Zmat3,1.0
34503,Trp53,Zmiz1,1.0
34504,Trp53,Znhit2,1.0
34505,Trp53,Zscan25,1.0
34506,Trp53bp1,Brca1,1.0
34507,Trp63,Aacs,1.0
34508,Trp63,Acot11,1.0
34509,Trp63,Ada,1.0
34510,Trp63,Ahcyl1,1.0
34511,Trp63,Ahr,1.0
34512,Trp63,Akt1,1.0
34513,Trp63,Aldh2,1.0
34514,Trp63,Alox12,1.0
34515,Trp63,Apod,1.0
34516,Trp63,Aqp3,1.0
34517,Trp63,Ar,1.0
34518,Trp63,Atm,1.0
34519,Trp63,Avp,1.0
34520,Trp63,Axl,1.0
34521,Trp63,B4galt1,1.0
34522,Trp63,Bax,1.0
34523,Trp63,Bbc3,1.0
34524,Trp63,Bcl2,1.0
34525,Trp63,Bmal1,1.0
34526,Trp63,Bnc1,1.0
34527,Trp63,Brca1,1.0
34528,Trp63,Carm1,1.0
34529,Trp63,Casp1,1.0
34530,Trp63,Ccdc28a,1.0
34531,Trp63,Ccnd3,1.0
34532,Trp63,Cd44,1.0
34533,Trp63,Cdc25a,-1.0
34534,Trp63,Cdc25c,1.0
34535,Trp63,Cdh1,1.0
34536,Trp63,Cdh3,1.0
34537,Trp63,Cdk1,-1.0
34538,Trp63,Cdkn1a,1.0
34539,Trp63,Cdkn1b,1.0
34540,Trp63,Cdkn1c,-1.0
34541,Trp63,Cdkn2a,-1.0
34542,Trp63,Cfc1,1.0
34543,Trp63,Chn1,1.0
34544,Trp63,Chuk,1.0
34545,Trp63,Ckap5,1.0
34546,Trp63,Cks2,-1.0
34547,Trp63,Cldn1,1.0
34548,Trp63,Cldn20,1.0
34549,Trp63,Crabp1,1.0
34550,Trp63,Csf1,1.0
34551,Trp63,Csf2,1.0
34552,Trp63,Csn2,1.0
34553,Trp63,Ctbp1,1.0
34554,Trp63,Ctnnb1,1.0
34555,Trp63,Ddb2,1.0
34556,Trp63,Ddr1,1.0
34557,Trp63,Des,1.0
34558,Trp63,Dhrs3,1.0
34559,Trp63,Dlx5,1.0
34560,Trp63,Dlx6,1.0
34561,Trp63,Dync1h1,1.0
34562,Trp63,Ebp,1.0
34563,Trp63,Eef1a2,1.0
34564,Trp63,Egfr,-1.0
34565,Trp63,Epha2,1.0
34566,Trp63,Erbb2,1.0
34567,Trp63,Evpl,1.0
34568,Trp63,Fas,1.0
34569,Trp63,Fasn,-1.0
34570,Trp63,Fbxo32,1.0
34571,Trp63,Fdxr,1.0
34572,Trp63,Fgfr3,1.0
34573,Trp63,Flot2,1.0
34574,Trp63,Flt1,1.0
34575,Trp63,Gadd45a,1.0
34576,Trp63,Gata3,1.0
34577,Trp63,Gdf15,1.0
34578,Trp63,Gls2,1.0
34579,Trp63,Gpr158,1.0
34580,Trp63,Grb10,1.0
34581,Trp63,H2-Ab1,1.0
34582,Trp63,H2az1,1.0
34583,Trp63,Hbp1,1.0
34584,Trp63,Hes1,1.0
34585,Trp63,Hgf,1.0
34586,Trp63,Hsf2,1.0
34587,Trp63,Hspa4,1.0
34588,Trp63,Id2,-1.0
34589,Trp63,Id3,1.0
34590,Trp63,Ifng,1.0
34591,Trp63,Igf1r,1.0
34592,Trp63,Igfbp2,1.0
34593,Trp63,Igfbp3,1.0
34594,Trp63,Igfbp7,1.0
34595,Trp63,Il12a,1.0
34596,Trp63,Il12b,1.0
34597,Trp63,Il13,1.0
34598,Trp63,Il16,1.0
34599,Trp63,Il17a,1.0
34600,Trp63,Il1a,1.0
34601,Trp63,Il2,1.0
34602,Trp63,Il2rb,1.0
34603,Trp63,Il6,1.0
34604,Trp63,Il7,1.0
34605,Trp63,Insr,1.0
34606,Trp63,Ireb2,1.0
34607,Trp63,Itch,1.0
34608,Trp63,Jag1,1.0
34609,Trp63,Jag2,1.0
34610,Trp63,Klf12,1.0
34611,Trp63,Klf4,-1.0
34612,Trp63,Kmt5a,1.0
34613,Trp63,Krt14,1.0
34614,Trp63,Krt5,1.0
34615,Trp63,Lgals1,1.0
34616,Trp63,Lrmda,1.0
34617,Trp63,Lyn,1.0
34618,Trp63,Mark3,1.0
34619,Trp63,Mccc1,1.0
34620,Trp63,Mdm2,1.0
34621,Trp63,Me3,1.0
34622,Trp63,Mfge8,1.0
34623,Trp63,Mgmt,1.0
34624,Trp63,Mmp2,1.0
34625,Trp63,Mrpl41,1.0
34626,Trp63,Mrpl42,1.0
34627,Trp63,Mxd3,1.0
34628,Trp63,Napa,1.0
34629,Trp63,Nfya,1.0
34630,Trp63,Nos2,1.0
34631,Trp63,Notch1,1.0
34632,Trp63,Nqo1,1.0
34633,Trp63,Nr3c1,1.0
34634,Trp63,Ogg1,1.0
34635,Trp63,Perp,1.0
34636,Trp63,Pja2,1.0
34637,Trp63,Plec,1.0
34638,Trp63,Pmaip1,1.0
34639,Trp63,Pof1b,1.0
34640,Trp63,Pold2,1.0
34641,Trp63,Poli,1.0
34642,Trp63,Ppara,1.0
34643,Trp63,Prodh,1.0
34644,Trp63,Pten,1.0
34645,Trp63,Ptgs2,1.0
34646,Trp63,Rbl2,1.0
34647,Trp63,Rgs20,1.0
34648,Trp63,Rngtt,1.0
34649,Trp63,Runx1,1.0
34650,Trp63,S100a2,1.0
34651,Trp63,Samd9l,1.0
34652,Trp63,Satb1,1.0
34653,Trp63,Serpinb5,1.0
34654,Trp63,Serpinf1,1.0
34655,Trp63,Sfn,1.0
34656,Trp63,Sgip1,1.0
34657,Trp63,Shh,1.0
34658,Trp63,Shq1,1.0
34659,Trp63,Skp2,1.0
34660,Trp63,Slc22a4,1.0
34661,Trp63,Slc38a4,1.0
34662,Trp63,Smarca1,1.0
34663,Trp63,Smarca4,1.0
34664,Trp63,Smarcd3,1.0
34665,Trp63,Spata18,1.0
34666,Trp63,Sppl2a,1.0
34667,Trp63,Stat6,1.0
34668,Trp63,Stxbp1,1.0
34669,Trp63,Sult1e1,1.0
34670,Trp63,Sun1,1.0
34671,Trp63,Syn3,1.0
34672,Trp63,Syne3,1.0
34673,Trp63,Tada3,1.0
34674,Trp63,Tbx20,1.0
34675,Trp63,Tbxa2r,1.0
34676,Trp63,Tcf4,1.0
34677,Trp63,Tert,1.0
34678,Trp63,Thop1,1.0
34679,Trp63,Tnf,1.0
34680,Trp63,Tnfsf10,1.0
34681,Trp63,Tnfsf4,1.0
34682,Trp63,Tprg1,1.0
34683,Trp63,Traf4,1.0
34684,Trp63,Trp53,1.0
34685,Trp63,Trp53bp2,1.0
34686,Trp63,Trp73,1.0
34687,Trp63,Ttc39a,1.0
34688,Trp63,Tubb3,1.0
34689,Trp63,Vdr,1.0
34690,Trp63,Vegfa,1.0
34691,Trp63,Vim,1.0
34692,Trp63,Wfdc12,1.0
34693,Trp63,Wipf1,1.0
34694,Trp63,Wnt4,1.0
34695,Trp63,Wwp1,1.0
34696,Trp63,Xpc,1.0
34697,Trp63,Yap1,-1.0
34698,Trp63,Ybx1,1.0
34699,Trp63,Ythdf3,1.0
34700,Trp63,Zfp541,1.0
34701,Trp63,Zfp750,1.0
34702,Trp63,Znrf2,1.0
34703,Trp73,Ada,1.0
34704,Trp73,Afp,1.0
34705,Trp73,Alb,1.0
34706,Trp73,Apod,1.0
34707,Trp73,App,1.0
34708,Trp73,Aqp1,1.0
34709,Trp73,Aqp3,1.0
34710,Trp73,Atg5,1.0
34711,Trp73,Avp,1.0
34712,Trp73,Bag1,1.0
34713,Trp73,Bak1,1.0
34714,Trp73,Bax,1.0
34715,Trp73,Bbc3,1.0
34716,Trp73,Bcl2,1.0
34717,Trp73,Bdkrb2,1.0
34718,Trp73,Bid,1.0
34719,Trp73,Bik,1.0
34720,Trp73,Birc5,-1.0
34721,Trp73,Cables1,1.0
34722,Trp73,Cadm1,1.0
34723,Trp73,Casp1,1.0
34724,Trp73,Casp2,1.0
34725,Trp73,Casp3,1.0
34726,Trp73,Casp8ap2,1.0
34727,Trp73,Ccnb1,-1.0
34728,Trp73,Ccnd1,-1.0
34729,Trp73,Ccnd3,1.0
34730,Trp73,Ccne1,1.0
34731,Trp73,Ccng1,1.0
34732,Trp73,Cd44,1.0
34733,Trp73,Cdc25a,-1.0
34734,Trp73,Cdc25c,-1.0
34735,Trp73,Cdh1,1.0
34736,Trp73,Cdk1,-1.0
34737,Trp73,Cdkn1a,1.0
34738,Trp73,Cdkn1c,1.0
34739,Trp73,Cdkn2a,1.0
34740,Trp73,Cdkn2b,1.0
34741,Trp73,Chek2,1.0
34742,Trp73,Cks2,-1.0
34743,Trp73,Crebbp,1.0
34744,Trp73,Cryab,1.0
34745,Trp73,Dapk1,1.0
34746,Trp73,E2f1,1.0
34747,Trp73,Eef1a1,1.0
34748,Trp73,Egfr,1.0
34749,Trp73,Epha2,1.0
34750,Trp73,Erbb2,1.0
34751,Trp73,Fas,1.0
34752,Trp73,Fasn,1.0
34753,Trp73,Fdxr,1.0
34754,Trp73,Fgf2,1.0
34755,Trp73,Fgfr3,1.0
34756,Trp73,Flt1,1.0
34757,Trp73,Fosl1,1.0
34758,Trp73,Gadd45a,1.0
34759,Trp73,Gast,1.0
34760,Trp73,Gnb1l,1.0
34761,Trp73,Hagh,1.0
34762,Trp73,Hmox1,1.0
34763,Trp73,Hsf1,1.0
34764,Trp73,Ifng,1.0
34765,Trp73,Igf1r,1.0
34766,Trp73,Igfbp3,1.0
34767,Trp73,Insr,1.0
34768,Trp73,Irf5,1.0
34769,Trp73,Itch,1.0
34770,Trp73,Jag1,1.0
34771,Trp73,Jag2,1.0
34772,Trp73,Kat2b,1.0
34773,Trp73,Kcnq1,1.0
34774,Trp73,Kras,1.0
34775,Trp73,Mdm2,1.0
34776,Trp73,Mdm4,1.0
34777,Trp73,Mgmt,1.0
34778,Trp73,Mlh1,1.0
34779,Trp73,Mlh3,1.0
34780,Trp73,Mrpl41,1.0
34781,Trp73,Ncam1,1.0
34782,Trp73,Ncoa4,1.0
34783,Trp73,Nfya,1.0
34784,Trp73,Nlrc4,1.0
34785,Trp73,P2ry4,1.0
34786,Trp73,Pdgfb,1.0
34787,Trp73,Pdgfrb,1.0
34788,Trp73,Plk1,-1.0
34789,Trp73,Plpp1,1.0
34790,Trp73,Pmaip1,1.0
34791,Trp73,Pold2,1.0
34792,Trp73,Ppia,1.0
34793,Trp73,Prodh,1.0
34794,Trp73,Psrc1,1.0
34795,Trp73,Pten,1.0
34796,Trp73,Rbl2,1.0
34797,Trp73,Rbm38,1.0
34798,Trp73,Rchy1,1.0
34799,Trp73,Rrm2b,1.0
34800,Trp73,S100a2,1.0
34801,Trp73,Serpinb5,1.0
34802,Trp73,Serpinf1,1.0
34803,Trp73,Shh,1.0
34804,Trp73,Shisa5,1.0
34805,Trp73,Slc5a5,1.0
34806,Trp73,Sp1,-1.0
34807,Trp73,Stmn1,-1.0
34808,Trp73,Tat,1.0
34809,Trp73,Tert,-1.0
34810,Trp73,Thop1,1.0
34811,Trp73,Timp3,1.0
34812,Trp73,Tnf,1.0
34813,Trp73,Tnfrsf11a,1.0
34814,Trp73,Trim32,1.0
34815,Trp73,Trp53,1.0
34816,Trp73,Trp63,1.0
34817,Trp73,Uhrf1,1.0
34818,Trp73,Vdr,1.0
34819,Trp73,Vegfa,-1.0
34820,Trp73,Wnt4,1.0
34821,Trp73,Ybx1,1.0
34822,Trps1,Bcl2,1.0
34823,Trps1,Ccnd1,1.0
34824,Trps1,Dspp,1.0
34825,Trps1,Erbb2,1.0
34826,Trps1,Ext1,1.0
34827,Trps1,Gdf5,-1.0
34828,Trps1,Pecam1,1.0
34829,Trps1,Runx1,-1.0
34830,Trps1,Runx2,-1.0
34831,Trps1,Sox9,-1.0
34832,Trps1,Stat3,-1.0
34833,Trps1,Vegfa,1.0
34834,Trps1,Zeb2,-1.0
34835,Trrap,Ccnd2,1.0
34836,Trrap,Mitf,-1.0
34837,Tsc22d1,Cdkn1a,1.0
34838,Tsc22d1,Cnp,1.0
34839,Tsc22d1,Col1a2,1.0
34840,Tsc22d1,Nppc,1.0
34841,Tsc22d1,Pten,1.0
34842,Tsc22d1,Srpr,1.0
34843,Tsc22d1,Tsc2,1.0
34844,Tsg101,Cep55,-1.0
34845,Tsg101,Egfr,-1.0
34846,Tsg101,Reg4,-1.0
34847,Tshz1,H2-T23,1.0
34848,Tshz1,Meis3,-1.0
34849,Tshz3,Bmp4,1.0
34850,Tshz3,Casp4,-1.0
34851,Tshz3,Myocd,1.0
34852,Tshz3,Myod1,1.0
34853,Tshz3,Myog,1.0
34854,Tshz3,Shh,1.0
34855,Ttf1,Adcyap1,1.0
34856,Ttf1,Ager,1.0
34857,Ttf1,Agt,1.0
34858,Ttf1,App,1.0
34859,Ttf1,Aqp1,1.0
34860,Ttf1,Atp7a,1.0
34861,Ttf1,Calca,1.0
34862,Ttf1,Calr,1.0
34863,Ttf1,Casr,1.0
34864,Ttf1,Ccdc59,1.0
34865,Ttf1,Cldn1,1.0
34866,Ttf1,Crebbp,1.0
34867,Ttf1,Cry1,1.0
34868,Ttf1,Daxx,1.0
34869,Ttf1,Dio2,1.0
34870,Ttf1,Duox1,-1.0
34871,Ttf1,Erbb2,1.0
34872,Ttf1,Gnrh1,1.0
34873,Ttf1,Hcrt,1.0
34874,Ttf1,Hhex,1.0
34875,Ttf1,Hmga2,1.0
34876,Ttf1,Kat2b,1.0
34877,Ttf1,Kras,1.0
34878,Ttf1,Krt9,1.0
34879,Ttf1,Lgals3,1.0
34880,Ttf1,Mdm2,1.0
34881,Ttf1,Muc5b,-1.0
34882,Ttf1,Nes,1.0
34883,Ttf1,Nkx2-1,1.0
34884,Ttf1,Ocln,1.0
34885,Ttf1,Pax8,1.0
34886,Ttf1,Penk,1.0
34887,Ttf1,Pomc,1.0
34888,Ttf1,Prkaca,1.0
34889,Ttf1,Ptgs2,-1.0
34890,Ttf1,Ret,1.0
34891,Ttf1,Scgb1a1,1.0
34892,Ttf1,Scgb3a1,1.0
34893,Ttf1,Sftpa1,1.0
34894,Ttf1,Sftpb,1.0
34895,Ttf1,Sftpc,1.0
34896,Ttf1,Sftpd,1.0
34897,Ttf1,Slc5a5,1.0
34898,Ttf1,Sp1,1.0
34899,Ttf1,Sparc,1.0
34900,Ttf1,Srebf2,1.0
34901,Ttf1,Tac1,1.0
34902,Ttf1,Tafazzin,1.0
34903,Ttf1,Tert,1.0
34904,Ttf1,Tg,1.0
34905,Ttf1,Tgfa,1.0
34906,Ttf1,Th,1.0
34907,Ttf1,Tnf,1.0
34908,Ttf1,Tpo,1.0
34909,Ttf1,Tshb,1.0
34910,Ttf1,Tshr,1.0
34911,Ttf1,Txn1,1.0
34912,Ttf1,Wnt7b,1.0
34913,Ttf1,mt-Atp6,1.0
34914,Twist1,Acan,-1.0
34915,Twist1,Akt2,1.0
34916,Twist1,Alx3,1.0
34917,Twist1,Ar,1.0
34918,Twist1,Atm,1.0
34919,Twist1,Bcl2,1.0
34920,Twist1,Bmi1,1.0
34921,Twist1,Ccn5,1.0
34922,Twist1,Cd44,1.0
34923,Twist1,Cdh1,-1.0
34924,Twist1,Cdh11,1.0
34925,Twist1,Cdh17,1.0
34926,Twist1,Cdh2,1.0
34927,Twist1,Cdh5,-1.0
34928,Twist1,Cdkn1a,-1.0
34929,Twist1,Cdkn2a,-1.0
34930,Twist1,Clu,1.0
34931,Twist1,Col1a2,1.0
34932,Twist1,Col2a1,-1.0
34933,Twist1,Ctps1,1.0
34934,Twist1,Cxcl12,1.0
34935,Twist1,Dkk1,1.0
34936,Twist1,Dnm3,1.0
34937,Twist1,Dspp,1.0
34938,Twist1,Epha4,1.0
34939,Twist1,Erbb3,-1.0
34940,Twist1,Esr1,-1.0
34941,Twist1,F2r,-1.0
34942,Twist1,Fap,1.0
34943,Twist1,Fgf10,1.0
34944,Twist1,Fgf8,-1.0
34945,Twist1,Fgfr2,1.0
34946,Twist1,Fn1,1.0
34947,Twist1,Fos,1.0
34948,Twist1,Foxm1,1.0
34949,Twist1,Gdf15,1.0
34950,Twist1,Gli1,1.0
34951,Twist1,Hgf,1.0
34952,Twist1,Hoxa9,1.0
34953,Twist1,Icam1,1.0
34954,Twist1,Il6,-1.0
34955,Twist1,Il6ra,-1.0
34956,Twist1,Ilk,-1.0
34957,Twist1,Itgb1,1.0
34958,Twist1,Klf17,1.0
34959,Twist1,Mapk1,1.0
34960,Twist1,Mapk3,1.0
34961,Twist1,Mef2c,1.0
34962,Twist1,Mmp2,1.0
34963,Twist1,Myb,-1.0
34964,Twist1,Nf1,-1.0
34965,Twist1,Nr2f1,1.0
34966,Twist1,Pfdn4,-1.0
34967,Twist1,Phox2b,-1.0
34968,Twist1,Postn,1.0
34969,Twist1,Ppargc1a,-1.0
34970,Twist1,Rap1a,-1.0
34971,Twist1,Rbl2,-1.0
34972,Twist1,Rela,-1.0
34973,Twist1,Runx2,-1.0
34974,Twist1,Shh,-1.0
34975,Twist1,Snai1,-1.0
34976,Twist1,Snai2,1.0
34977,Twist1,Srpx,-1.0
34978,Twist1,Tbx20,1.0
34979,Twist1,Tcf3,-1.0
34980,Twist1,Timp1,-1.0
34981,Twist1,Tnf,1.0
34982,Twist1,Trp53,-1.0
34983,Twist1,Vegfa,1.0
34984,Twist1,Ybx1,1.0
34985,Twist1,Zeb1,1.0
34986,Twist2,Atm,1.0
34987,Twist2,Cd24a,1.0
34988,Twist2,Cd44,1.0
34989,Twist2,Cd7,1.0
34990,Twist2,Cdh1,-1.0
34991,Twist2,Cdh2,-1.0
34992,Twist2,Cdkn1a,-1.0
34993,Twist2,Ckm,-1.0
34994,Twist2,Ctps1,1.0
34995,Twist2,Dkk1,1.0
34996,Twist2,Erbb3,-1.0
34997,Twist2,F2r,-1.0
34998,Twist2,Fbln5,1.0
34999,Twist2,Fn1,1.0
35000,Twist2,Fos,1.0
35001,Twist2,Gdf15,1.0
35002,Twist2,Icam1,1.0
35003,Twist2,Il10,1.0
35004,Twist2,Ilk,-1.0
35005,Twist2,Itgb1,1.0
35006,Twist2,Mmp2,1.0
35007,Twist2,Mmp9,1.0
35008,Twist2,Myb,-1.0
35009,Twist2,Nf1,-1.0
35010,Twist2,Nr2f1,1.0
35011,Twist2,Pfdn4,-1.0
35012,Twist2,Postn,1.0
35013,Twist2,Rap1a,-1.0
35014,Twist2,Rbl2,-1.0
35015,Twist2,Rela,-1.0
35016,Twist2,Runx2,-1.0
35017,Twist2,Srpx,-1.0
35018,Twist2,Tnf,1.0
35019,Ubp1,Cyp11a1,1.0
35020,Ubtf,Ccnd1,1.0
35021,Ubtf,Crebbp,1.0
35022,Ubtf,Poli,1.0
35023,Ubtf,Polr1a,1.0
35024,Ubtf,Polr1e,1.0
35025,Ubtf,Rps6kb1,1.0
35026,Ubtf,Taf1a,1.0
35027,Ubtf,Taf1b,1.0
35028,Uncx,Egln1,1.0
35029,Uncx,Egln3,1.0
35030,Uncx,Neurog2,1.0
35031,Uri1,Ar,-1.0
35032,Usf1,Abca1,1.0
35033,Usf1,Acaca,1.0
35034,Usf1,Acacb,1.0
35035,Usf1,Adam10,1.0
35036,Usf1,Adcyap1,1.0
35037,Usf1,Adgre4,1.0
35038,Usf1,Adh1,1.0
35039,Usf1,Agt,-1.0
35040,Usf1,Agtrap,1.0
35041,Usf1,Akap12,-1.0
35042,Usf1,Akr1a1,1.0
35043,Usf1,Akr1b1,1.0
35044,Usf1,Alb,1.0
35045,Usf1,Alx3,1.0
35046,Usf1,Apc,1.0
35047,Usf1,Apex1,1.0
35048,Usf1,Apln,1.0
35049,Usf1,Apoa2,1.0
35050,Usf1,Apoa5,1.0
35051,Usf1,Apoc3,1.0
35052,Usf1,App,1.0
35053,Usf1,Ascl2,-1.0
35054,Usf1,Asph,1.0
35055,Usf1,Atf4,1.0
35056,Usf1,Avp,1.0
35057,Usf1,B2m,1.0
35058,Usf1,B3gnt9,1.0
35059,Usf1,Bax,1.0
35060,Usf1,Bdkrb2,1.0
35061,Usf1,Bdnf,1.0
35062,Usf1,Bhlhe40,1.0
35063,Usf1,Brca2,1.0
35064,Usf1,Cad,1.0
35065,Usf1,Calca,1.0
35066,Usf1,Cblif,1.0
35067,Usf1,Cbs,1.0
35068,Usf1,Cck,1.0
35069,Usf1,Ccnb1,1.0
35070,Usf1,Ccnd1,1.0
35071,Usf1,Ccnd2,1.0
35072,Usf1,Cd2,1.0
35073,Usf1,Cd40,1.0
35074,Usf1,Cd40lg,1.0
35075,Usf1,Cdk4,1.0
35076,Usf1,Cebpa,1.0
35077,Usf1,Cela2a,1.0
35078,Usf1,Cftr,1.0
35079,Usf1,Chrna7,1.0
35080,Usf1,Chuk,1.0
35081,Usf1,Ciita,1.0
35082,Usf1,Creb1,1.0
35083,Usf1,Crebbp,1.0
35084,Usf1,Cryaa,1.0
35085,Usf1,Ctcf,1.0
35086,Usf1,Ctla4,1.0
35087,Usf1,Ctsb,1.0
35088,Usf1,Ctsd,1.0
35089,Usf1,Cxcr4,1.0
35090,Usf1,Cyp19a1,-1.0
35091,Usf1,Cyp1a1,-1.0
35092,Usf1,Cyp1a2,1.0
35093,Usf1,Cyp27a1,1.0
35094,Usf1,Dck,1.0
35095,Usf1,Dcn,1.0
35096,Usf1,Dio1,1.0
35097,Usf1,Dpp4,1.0
35098,Usf1,Dusp1,1.0
35099,Usf1,Egfr,1.0
35100,Usf1,Erf,1.0
35101,Usf1,Ext1,1.0
35102,Usf1,Fasn,1.0
35103,Usf1,Fbp1,1.0
35104,Usf1,Fcer1a,1.0
35105,Usf1,Fcer1g,1.0
35106,Usf1,Fcgrt,1.0
35107,Usf1,Fgfbp1,1.0
35108,Usf1,Fgg,1.0
35109,Usf1,Fmo3,1.0
35110,Usf1,Fmr1,1.0
35111,Usf1,Foxa2,1.0
35112,Usf1,Fshb,1.0
35113,Usf1,Fshr,1.0
35114,Usf1,Fto,1.0
35115,Usf1,G6pc1,-1.0
35116,Usf1,G6pc2,1.0
35117,Usf1,Gata5,1.0
35118,Usf1,Gcgr,1.0
35119,Usf1,Gck,1.0
35120,Usf1,Gclc,-1.0
35121,Usf1,Gh,1.0
35122,Usf1,Ghrl,1.0
35123,Usf1,Gnas,1.0
35124,Usf1,Gpam,1.0
35125,Usf1,Hgf,1.0
35126,Usf1,Hmox1,1.0
35127,Usf1,Hoxb4,1.0
35128,Usf1,Hoxb7,1.0
35129,Usf1,Hp,1.0
35130,Usf1,Hsf2,1.0
35131,Usf1,Id2,1.0
35132,Usf1,Id4,1.0
35133,Usf1,Ifng,-1.0
35134,Usf1,Igf2r,1.0
35135,Usf1,Igfbp1,1.0
35136,Usf1,Igfbp3,1.0
35137,Usf1,Il1b,-1.0
35138,Usf1,Il2,1.0
35139,Usf1,Isg20,1.0
35140,Usf1,Jchain,1.0
35141,Usf1,Kat5,1.0
35142,Usf1,Lama3,1.0
35143,Usf1,Lat,1.0
35144,Usf1,Lep,1.0
35145,Usf1,Lgals3bp,1.0
35146,Usf1,Lipc,1.0
35147,Usf1,Lipe,1.0
35148,Usf1,Litaf,1.0
35149,Usf1,Mapk14,1.0
35150,Usf1,Mat2a,1.0
35151,Usf1,Mt1,1.0
35152,Usf1,Mvp,1.0
35153,Usf1,Myc,1.0
35154,Usf1,Myh9,1.0
35155,Usf1,Myl2,1.0
35156,Usf1,Myoc,1.0
35157,Usf1,Myod1,-1.0
35158,Usf1,Nfkb1,1.0
35159,Usf1,Nfkbil1,1.0
35160,Usf1,Nfya,1.0
35161,Usf1,Nos2,-1.0
35162,Usf1,Nphs2,1.0
35163,Usf1,Npr1,1.0
35164,Usf1,Nr0b2,1.0
35165,Usf1,Nr5a1,1.0
35166,Usf1,Nup188,1.0
35167,Usf1,Oga,1.0
35168,Usf1,Ogn,1.0
35169,Usf1,Oprd1,1.0
35170,Usf1,Oscar,1.0
35171,Usf1,P4ha1,1.0
35172,Usf1,Pck1,1.0
35173,Usf1,Pck2,-1.0
35174,Usf1,Pcx,1.0
35175,Usf1,Pdlim7,1.0
35176,Usf1,Pdx1,1.0
35177,Usf1,Pf4,1.0
35178,Usf1,Pigr,1.0
35179,Usf1,Piwil1,1.0
35180,Usf1,Pklr,1.0
35181,Usf1,Poli,1.0
35182,Usf1,Polr3d,1.0
35183,Usf1,Pomc,1.0
35184,Usf1,Pou2f1,1.0
35185,Usf1,Pou3f2,1.0
35186,Usf1,Ppargc1a,1.0
35187,Usf1,Prkaa1,1.0
35188,Usf1,Prkar2b,1.0
35189,Usf1,Prkg1,1.0
35190,Usf1,Psap,1.0
35191,Usf1,Ptgds,1.0
35192,Usf1,Ptgfr,1.0
35193,Usf1,Ptgs2,-1.0
35194,Usf1,Ptpn6,1.0
35195,Usf1,Rela,1.0
35196,Usf1,Rorc,1.0
35197,Usf1,Rps14,1.0
35198,Usf1,Runx2,1.0
35199,Usf1,S100a6,1.0
35200,Usf1,Scn5a,1.0
35201,Usf1,Scn9a,1.0
35202,Usf1,Serbp1,1.0
35203,Usf1,Serpine1,1.0
35204,Usf1,Serpine2,1.0
35205,Usf1,Sf1,1.0
35206,Usf1,Sftpa1,1.0
35207,Usf1,Shbg,1.0
35208,Usf1,Slc16a1,-1.0
35209,Usf1,Slc19a1,1.0
35210,Usf1,Slc1a3,1.0
35211,Usf1,Slc22a2,1.0
35212,Usf1,Slc47a1,1.0
35213,Usf1,Smarca1,1.0
35214,Usf1,Sox3,1.0
35215,Usf1,Sp3,1.0
35216,Usf1,Speg,1.0
35217,Usf1,Spp1,1.0
35218,Usf1,Tac1,1.0
35219,Usf1,Taf4b,1.0
35220,Usf1,Tbx21,1.0
35221,Usf1,Tcn2,1.0
35222,Usf1,Tert,1.0
35223,Usf1,Tfap2a,1.0
35224,Usf1,Tfap4,1.0
35225,Usf1,Tff1,1.0
35226,Usf1,Tff2,1.0
35227,Usf1,Tgfb1,1.0
35228,Usf1,Tgfb2,1.0
35229,Usf1,Tgfbr2,1.0
35230,Usf1,Thbs1,1.0
35231,Usf1,Tnfaip3,1.0
35232,Usf1,Tnfsf11,1.0
35233,Usf1,Top3a,1.0
35234,Usf1,Tpo,1.0
35235,Usf1,Trim25,1.0
35236,Usf1,Trp53,1.0
35237,Usf1,Tsc22d3,1.0
35238,Usf1,Txnip,1.0
35239,Usf1,Tyms,1.0
35240,Usf1,Tyr,1.0
35241,Usf1,Ucp2,1.0
35242,Usf1,Usf2,1.0
35243,Usf2,Abca1,1.0
35244,Usf2,Acaca,1.0
35245,Usf2,Agt,1.0
35246,Usf2,Agtrap,1.0
35247,Usf2,Alb,1.0
35248,Usf2,Alx3,1.0
35249,Usf2,Apc,1.0
35250,Usf2,Apoa2,1.0
35251,Usf2,Apoa5,1.0
35252,Usf2,Ar,1.0
35253,Usf2,Ascl2,-1.0
35254,Usf2,Asph,1.0
35255,Usf2,Atp5f1a,1.0
35256,Usf2,Avp,1.0
35257,Usf2,B2m,1.0
35258,Usf2,Brca1,1.0
35259,Usf2,Brca2,1.0
35260,Usf2,Calca,1.0
35261,Usf2,Cblif,1.0
35262,Usf2,Ccnd2,1.0
35263,Usf2,Cd2,1.0
35264,Usf2,Cd40,1.0
35265,Usf2,Cd40lg,1.0
35266,Usf2,Cdk4,1.0
35267,Usf2,Cebpa,1.0
35268,Usf2,Cftr,1.0
35269,Usf2,Chuk,1.0
35270,Usf2,Cpt1b,1.0
35271,Usf2,Crebbp,1.0
35272,Usf2,Ctla4,1.0
35273,Usf2,Ctsb,1.0
35274,Usf2,Ctsd,1.0
35275,Usf2,Cxcr2,1.0
35276,Usf2,Cxcr4,1.0
35277,Usf2,Cyp19a1,-1.0
35278,Usf2,Cyp1a2,1.0
35279,Usf2,Dck,1.0
35280,Usf2,Dpp4,1.0
35281,Usf2,Egfr,1.0
35282,Usf2,Epas1,1.0
35283,Usf2,Fasn,1.0
35284,Usf2,Fbp1,1.0
35285,Usf2,Fcer1a,1.0
35286,Usf2,Fcer1g,1.0
35287,Usf2,Fcgrt,1.0
35288,Usf2,Fmr1,1.0
35289,Usf2,Fshr,1.0
35290,Usf2,Gata4,1.0
35291,Usf2,Gcgr,1.0
35292,Usf2,Gck,1.0
35293,Usf2,Hgf,1.0
35294,Usf2,Hif1a,1.0
35295,Usf2,Hint1,1.0
35296,Usf2,Hmox1,1.0
35297,Usf2,Hoxb4,1.0
35298,Usf2,Hp,1.0
35299,Usf2,Igf1,1.0
35300,Usf2,Igf2r,1.0
35301,Usf2,Il1b,-1.0
35302,Usf2,Il2,1.0
35303,Usf2,Kras,1.0
35304,Usf2,Lgals3bp,1.0
35305,Usf2,Lipc,1.0
35306,Usf2,Mapre1,1.0
35307,Usf2,Mapre2,1.0
35308,Usf2,Myh9,1.0
35309,Usf2,Nos2,-1.0
35310,Usf2,Nr5a1,1.0
35311,Usf2,P4ha1,1.0
35312,Usf2,Pdlim7,1.0
35313,Usf2,Pdx1,1.0
35314,Usf2,Pf4,1.0
35315,Usf2,Pigr,1.0
35316,Usf2,Pitx2,1.0
35317,Usf2,Pklr,1.0
35318,Usf2,Pou2f1,1.0
35319,Usf2,Ppara,1.0
35320,Usf2,Ppargc1a,-1.0
35321,Usf2,Prkar2b,1.0
35322,Usf2,Prkg1,1.0
35323,Usf2,Ptgs2,1.0
35324,Usf2,Ptpn6,1.0
35325,Usf2,Qrfp,1.0
35326,Usf2,Ren1,1.0
35327,Usf2,Rorc,1.0
35328,Usf2,Runx2,1.0
35329,Usf2,Serpine1,-1.0
35330,Usf2,Sf1,1.0
35331,Usf2,Shbg,1.0
35332,Usf2,Slc16a1,-1.0
35333,Usf2,Slc19a1,1.0
35334,Usf2,Speg,1.0
35335,Usf2,Spp1,1.0
35336,Usf2,Tcn2,1.0
35337,Usf2,Tert,1.0
35338,Usf2,Tfap4,1.0
35339,Usf2,Tgfb1,1.0
35340,Usf2,Tgfb2,1.0
35341,Usf2,Thbs1,1.0
35342,Usf2,Thrsp,1.0
35343,Usf2,Tnfsf11,1.0
35344,Usf2,Top3a,1.0
35345,Usf2,Tpo,1.0
35346,Usf2,Usf1,1.0
35347,Usf2,mt-Atp6,1.0
35348,Utf1,Car9,1.0
35349,Utf1,Cdkn1b,1.0
35350,Utf1,Fbxo15,1.0
35351,Utf1,Tcf3,1.0
35352,Vax1,Pax6,-1.0
35353,Vax2,Aldh1a3,1.0
35354,Vax2,Bmp4,1.0
35355,Vax2,Pax6,-1.0
35356,Vax2,Wnt2,1.0
35357,Vdr,Abca12,1.0
35358,Vdr,Abcc3,1.0
35359,Vdr,Agt,-1.0
35360,Vdr,Alox5,1.0
35361,Vdr,Amh,1.0
35362,Vdr,Apoa1,1.0
35363,Vdr,Arg1,1.0
35364,Vdr,Asap2,1.0
35365,Vdr,Atp6ap2,-1.0
35366,Vdr,Baz1b,1.0
35367,Vdr,Bhlhe40,1.0
35368,Vdr,Bmp2,1.0
35369,Vdr,Bmp7,1.0
35370,Vdr,Brca1,1.0
35371,Vdr,Calb1,1.0
35372,Vdr,Camp,1.0
35373,Vdr,Car2,1.0
35374,Vdr,Casr,1.0
35375,Vdr,Ccnd3,1.0
35376,Vdr,Ccr10,1.0
35377,Vdr,Cd14,1.0
35378,Vdr,Cd44,1.0
35379,Vdr,Cdh1,1.0
35380,Vdr,Cdkn1a,1.0
35381,Vdr,Cdkn1b,1.0
35382,Vdr,Col1a1,1.0
35383,Vdr,Csf2,-1.0
35384,Vdr,Cst10,1.0
35385,Vdr,Cxcl5,-1.0
35386,Vdr,Cyp19a1,1.0
35387,Vdr,Cyp1a1,1.0
35388,Vdr,Cyp24a1,1.0
35389,Vdr,Cyp27b1,-1.0
35390,Vdr,Cyp7a1,-1.0
35391,Vdr,Dcn,1.0
35392,Vdr,Ddit4,1.0
35393,Vdr,Dkk4,-1.0
35394,Vdr,Dpt,1.0
35395,Vdr,Dysf,1.0
35396,Vdr,Egfr,-1.0
35397,Vdr,Elp1,1.0
35398,Vdr,Erbb2,1.0
35399,Vdr,Ercc3,1.0
35400,Vdr,Esr1,-1.0
35401,Vdr,Ezh2,1.0
35402,Vdr,Fgf23,1.0
35403,Vdr,Fgf8,-1.0
35404,Vdr,Folh1,-1.0
35405,Vdr,Foxp3,1.0
35406,Vdr,Gadd45a,1.0
35407,Vdr,Gh,1.0
35408,Vdr,Gtf2b,1.0
35409,Vdr,Gzma,1.0
35410,Vdr,Hdac3,1.0
35411,Vdr,Hnf4a,1.0
35412,Vdr,Hoxa10,1.0
35413,Vdr,Hr,-1.0
35414,Vdr,Hrh1,1.0
35415,Vdr,Hsp90ab1,-1.0
35416,Vdr,Ibsp,1.0
35417,Vdr,Ier3,1.0
35418,Vdr,Ifng,1.0
35419,Vdr,Igfbp3,-1.0
35420,Vdr,Il10,-1.0
35421,Vdr,Il12b,-1.0
35422,Vdr,Il17a,1.0
35423,Vdr,Il2,-1.0
35424,Vdr,Il2ra,1.0
35425,Vdr,Il6,-1.0
35426,Vdr,Insig2,1.0
35427,Vdr,Ivl,1.0
35428,Vdr,Kl,1.0
35429,Vdr,Krt1,1.0
35430,Vdr,Krt14,1.0
35431,Vdr,Lin28a,1.0
35432,Vdr,Lor,1.0
35433,Vdr,Lrp5,1.0
35434,Vdr,Mapk1,1.0
35435,Vdr,Mapk14,1.0
35436,Vdr,Mcm7,1.0
35437,Vdr,Mdm2,1.0
35438,Vdr,Med1,1.0
35439,Vdr,Myc,-1.0
35440,Vdr,Ncor1,1.0
35441,Vdr,Nfkbia,1.0
35442,Vdr,Ngf,1.0
35443,Vdr,Nphs1,1.0
35444,Vdr,Nppa,1.0
35445,Vdr,Npr1,1.0
35446,Vdr,Nr1h3,1.0
35447,Vdr,Phb1,1.0
35448,Vdr,Phex,1.0
35449,Vdr,Plcg1,1.0
35450,Vdr,Pld1,1.0
35451,Vdr,Podxl,1.0
35452,Vdr,Pou1f1,1.0
35453,Vdr,Ppard,1.0
35454,Vdr,Pten,1.0
35455,Vdr,Pth,-1.0
35456,Vdr,Pth1r,1.0
35457,Vdr,Pthlh,1.0
35458,Vdr,Pyy,1.0
35459,Vdr,Rara,1.0
35460,Vdr,Rarb,1.0
35461,Vdr,Relb,1.0
35462,Vdr,Ren1,-1.0
35463,Vdr,S100g,1.0
35464,Vdr,Skp2,-1.0
35465,Vdr,Slc19a1,1.0
35466,Vdr,Slc46a1,1.0
35467,Vdr,Slc6a6,1.0
35468,Vdr,Snw1,1.0
35469,Vdr,Sp1,1.0
35470,Vdr,Sparc,1.0
35471,Vdr,Spp1,1.0
35472,Vdr,Stub1,1.0
35473,Vdr,Sult1c2,1.0
35474,Vdr,Sult2b1,1.0
35475,Vdr,Tgfb2,1.0
35476,Vdr,Tmprss2,1.0
35477,Vdr,Tnfrsf11b,1.0
35478,Vdr,Tnfrsf21,1.0
35479,Vdr,Tnfsf11,-1.0
35480,Vdr,Tnfsf4,1.0
35481,Vdr,Tpt1,1.0
35482,Vdr,Trpc6,1.0
35483,Vdr,Trpv6,1.0
35484,Vdr,Tslp,1.0
35485,Vdr,Ucp1,1.0
35486,Vdr,Vegfa,1.0
35487,Vezf1,Cited2,-1.0
35488,Vezf1,Edn1,1.0
35489,Vezf1,Gsk3b,1.0
35490,Vezf1,Hoxa9,1.0
35491,Vezf1,Il3,1.0
35492,Vezf1,Pfkfb3,1.0
35493,Vhl,Angpt2,-1.0
35494,Vhl,Ar,1.0
35495,Vhl,Car12,1.0
35496,Vhl,Car9,1.0
35497,Vhl,Ccnd1,1.0
35498,Vhl,Cdh1,1.0
35499,Vhl,Cdkn1b,1.0
35500,Vhl,Cdkn1c,1.0
35501,Vhl,Cenpx,1.0
35502,Vhl,Col4a2,1.0
35503,Vhl,Cxcr4,-1.0
35504,Vhl,Dab2,1.0
35505,Vhl,Hif1a,-1.0
35506,Vhl,Igf1r,-1.0
35507,Vhl,Klf10,-1.0
35508,Vhl,Nmu,-1.0
35509,Vhl,Pdgfb,1.0
35510,Vhl,Snai1,-1.0
35511,Vhl,Sparc,1.0
35512,Vhl,Tcf4,1.0
35513,Vhl,Tfrc,-1.0
35514,Vhl,Trp53,1.0
35515,Vhl,Vegfa,-1.0
35516,Vhl,Zeb2,-1.0
35517,Vsx1,Htt,1.0
35518,Vsx1,Mcl1,1.0
35519,Vsx1,Nxnl1,1.0
35520,Vsx1,Shh,1.0
35521,Vsx2,Ache,1.0
35522,Vsx2,Ahr,1.0
35523,Vsx2,Ar,1.0
35524,Vsx2,Bad,1.0
35525,Vsx2,Carm1,1.0
35526,Vsx2,Chgb,1.0
35527,Vsx2,Crebbp,1.0
35528,Vsx2,F12,1.0
35529,Vsx2,Fmo3,1.0
35530,Vsx2,Gusb,1.0
35531,Vsx2,H2-Ab1,1.0
35532,Vsx2,Hpse,1.0
35533,Vsx2,Htt,1.0
35534,Vsx2,Mapk8,1.0
35535,Vsx2,Mapk9,1.0
35536,Vsx2,Nes,-1.0
35537,Vsx2,Nxnl1,1.0
35538,Vsx2,Pck1,1.0
35539,Vsx2,Pdgfb,1.0
35540,Vsx2,Poll,1.0
35541,Vsx2,Rb1,1.0
35542,Vsx2,Sag,1.0
35543,Vsx2,Scn5a,1.0
35544,Vsx2,Smarca4,1.0
35545,Vsx2,Sp3,1.0
35546,Vsx2,Trp53,1.0
35547,Vsx2,Vsx1,1.0
35548,Wnt3a,Axin2,1.0
35549,Wnt3a,Lef1,-1.0
35550,Wnt3a,Tert,1.0
35551,Wt1,Abcc3,1.0
35552,Wt1,Adamts16,1.0
35553,Wt1,Adat2,1.0
35554,Wt1,Adgre5,1.0
35555,Wt1,Akt1,1.0
35556,Wt1,Aldh1a2,1.0
35557,Wt1,Amer1,1.0
35558,Wt1,Amh,1.0
35559,Wt1,Amhr2,1.0
35560,Wt1,Ar,-1.0
35561,Wt1,Areg,1.0
35562,Wt1,Atp7a,1.0
35563,Wt1,Baiap3,1.0
35564,Wt1,Bak1,1.0
35565,Wt1,Basp1,1.0
35566,Wt1,Bcl2,1.0
35567,Wt1,Bcl2l1,1.0
35568,Wt1,Calca,1.0
35569,Wt1,Camp,-1.0
35570,Wt1,Cat,-1.0
35571,Wt1,Ccn2,-1.0
35572,Wt1,Ccn3,1.0
35573,Wt1,Ccne1,-1.0
35574,Wt1,Cd14,1.0
35575,Wt1,Cd34,1.0
35576,Wt1,Cdc73,-1.0
35577,Wt1,Cdh1,-1.0
35578,Wt1,Cdh2,1.0
35579,Wt1,Cdh5,1.0
35580,Wt1,Cdkn1a,1.0
35581,Wt1,Cdkn2b,1.0
35582,Wt1,Chek2,1.0
35583,Wt1,Ciao1,-1.0
35584,Wt1,Ckm,1.0
35585,Wt1,Cnot9,1.0
35586,Wt1,Coro1b,1.0
35587,Wt1,Crebbp,1.0
35588,Wt1,Csf1,1.0
35589,Wt1,Csf3,1.0
35590,Wt1,Ctcf,1.0
35591,Wt1,Cx3cl1,1.0
35592,Wt1,Cxxc5,1.0
35593,Wt1,Cyp19a1,-1.0
35594,Wt1,Dapk1,1.0
35595,Wt1,Dnmt3a,1.0
35596,Wt1,Dnmt3l,1.0
35597,Wt1,Dusp6,1.0
35598,Wt1,Egf,1.0
35599,Wt1,Egfr,-1.0
35600,Wt1,Egr1,-1.0
35601,Wt1,Epo,1.0
35602,Wt1,Epor,1.0
35603,Wt1,Erbb2,1.0
35604,Wt1,Ereg,1.0
35605,Wt1,Esr1,1.0
35606,Wt1,Ets1,1.0
35607,Wt1,Fasl,1.0
35608,Wt1,Fasn,-1.0
35609,Wt1,Fgf8,1.0
35610,Wt1,Gc,1.0
35611,Wt1,Gdnf,1.0
35612,Wt1,Ghrhr,1.0
35613,Wt1,Gnai1,-1.0
35614,Wt1,Grp,1.0
35615,Wt1,Hbegf,1.0
35616,Wt1,Hoxa10,1.0
35617,Wt1,Hspa4,1.0
35618,Wt1,Htra2,1.0
35619,Wt1,Igf1,-1.0
35620,Wt1,Igf1r,-1.0
35621,Wt1,Igf2,-1.0
35622,Wt1,Igfbp4,1.0
35623,Wt1,Il10,1.0
35624,Wt1,Il1b,1.0
35625,Wt1,Il2rb,1.0
35626,Wt1,Inha,1.0
35627,Wt1,Insr,1.0
35628,Wt1,Irf8,-1.0
35629,Wt1,Itga4,1.0
35630,Wt1,Itgax,1.0
35631,Wt1,Jun,1.0
35632,Wt1,Junb,1.0
35633,Wt1,Kirrel2,1.0
35634,Wt1,Kit,1.0
35635,Wt1,Litaf,1.0
35636,Wt1,Map4,1.0
35637,Wt1,Mdm2,-1.0
35638,Wt1,Men1,1.0
35639,Wt1,Mlh1,-1.0
35640,Wt1,Mmp9,1.0
35641,Wt1,Mpo,1.0
35642,Wt1,Myb,-1.0
35643,Wt1,Myc,-1.0
35644,Wt1,Ndrg2,1.0
35645,Wt1,Nes,1.0
35646,Wt1,Nos2,1.0
35647,Wt1,Nphs1,1.0
35648,Wt1,Nr0b1,1.0
35649,Wt1,Nr5a1,-1.0
35650,Wt1,Ntrk2,1.0
35651,Wt1,Nup210,1.0
35652,Wt1,Odc1,1.0
35653,Wt1,Pax2,-1.0
35654,Wt1,Pdgfa,-1.0
35655,Wt1,Podxl,1.0
35656,Wt1,Pou4f2,1.0
35657,Wt1,Prm1,1.0
35658,Wt1,Rara,1.0
35659,Wt1,Rb1,1.0
35660,Wt1,Ren1,-1.0
35661,Wt1,Ryk,1.0
35662,Wt1,S100a10,1.0
35663,Wt1,Sall2,1.0
35664,Wt1,Sdc1,1.0
35665,Wt1,Sf1,1.0
35666,Wt1,Sim1,-1.0
35667,Wt1,Slc10a4,1.0
35668,Wt1,Slc29a4,1.0
35669,Wt1,Slc31a1,1.0
35670,Wt1,Slc5a5,1.0
35671,Wt1,Slc6a6,1.0
35672,Wt1,Smad3,1.0
35673,Wt1,Snai2,-1.0
35674,Wt1,Sod1,1.0
35675,Wt1,Sp1,1.0
35676,Wt1,Spry1,1.0
35677,Wt1,Srpk1,1.0
35678,Wt1,Sry,1.0
35679,Wt1,Stag2,1.0
35680,Wt1,Stim1,-1.0
35681,Wt1,Sulf1,1.0
35682,Wt1,Sulf2,1.0
35683,Wt1,Tbx18,1.0
35684,Wt1,Tbxa2r,-1.0
35685,Wt1,Tert,-1.0
35686,Wt1,Tfap2a,1.0
35687,Wt1,Tgfb1,1.0
35688,Wt1,Tgfb2,-1.0
35689,Wt1,Thbs1,1.0
35690,Wt1,Tjp1,1.0
35691,Wt1,Tmpo,1.0
35692,Wt1,U2af2,1.0
35693,Wt1,Ube2i,-1.0
35694,Wt1,Usp18,-1.0
35695,Wt1,Vdr,1.0
35696,Wt1,Vegfa,1.0
35697,Wt1,Vegfb,1.0
35698,Wt1,Wnt4,1.0
35699,Wt1,Wtap,1.0
35700,Wt1,Zyx,-1.0
35701,Wwtr1,Asns,-1.0
35702,Wwtr1,Bak1,1.0
35703,Wwtr1,Bax,1.0
35704,Wwtr1,Igfbp1,1.0
35705,Wwtr1,Ltbr,1.0
35706,Wwtr1,Smad3,1.0
35707,Wwtr1,Sox5,-1.0
35708,Wwtr1,Sox6,-1.0
35709,Wwtr1,Sox9,-1.0
35710,Xbp1,Bhlha15,1.0
35711,Xbp1,Cat,1.0
35712,Xbp1,Ccna1,1.0
35713,Xbp1,Cd19,1.0
35714,Xbp1,Clybl,-1.0
35715,Xbp1,Ddit3,1.0
35716,Xbp1,Dnajb9,1.0
35717,Xbp1,Edem2,1.0
35718,Xbp1,Egfr,1.0
35719,Xbp1,Ern1,1.0
35720,Xbp1,Erp29,-1.0
35721,Xbp1,Esr1,1.0
35722,Xbp1,Fasn,1.0
35723,Xbp1,G6pc1,1.0
35724,Xbp1,Gad1,1.0
35725,Xbp1,Hsp90b1,1.0
35726,Xbp1,Hspa5,1.0
35727,Xbp1,Ifnb1,-1.0
35728,Xbp1,Igf1,1.0
35729,Xbp1,Il10,1.0
35730,Xbp1,Il6,-1.0
35731,Xbp1,Jun,1.0
35732,Xbp1,Klrg1,1.0
35733,Xbp1,Large1,1.0
35734,Xbp1,Manf,1.0
35735,Xbp1,Mcl1,1.0
35736,Xbp1,Nos2,1.0
35737,Xbp1,Nppb,1.0
35738,Xbp1,Pdlim7,1.0
35739,Xbp1,Pou2af1,1.0
35740,Xbp1,Prnp,1.0
35741,Xbp1,Ptger4,1.0
35742,Xbp1,Pth,1.0
35743,Xbp1,Pth1r,1.0
35744,Xbp1,Ranbp1,1.0
35745,Xbp1,Rb1,1.0
35746,Xbp1,Rbfox2,1.0
35747,Xbp1,Runx2,1.0
35748,Xbp1,Sdc1,1.0
35749,Xbp1,Sirt1,1.0
35750,Xbp1,Slc30a5,1.0
35751,Xbp1,Sod2,1.0
35752,Xbp1,Stard5,1.0
35753,Xbp1,Syvn1,1.0
35754,Xbp1,Tnfsf11,1.0
35755,Xbp1,Ufm1,1.0
35756,Xbp1,Vegfa,1.0
35757,Xbp1,Wfs1,1.0
35758,Xbp1,Wnt10b,1.0
35759,Xbp1,Zhx2,1.0
35760,Xpc,Casp2,-1.0
35761,Xpc,Cpd,1.0
35762,Xpc,Kin,1.0
35763,Xpc,Rnf111,-1.0
35764,Yap1,Bax,1.0
35765,Yap1,Bmp4,1.0
35766,Yap1,Fstl3,1.0
35767,Yap1,Sfn,1.0
35768,Yap1,Sox5,-1.0
35769,Yap1,Sox6,-1.0
35770,Yap1,Sox9,-1.0
35771,Yap1,Tead1,1.0
35772,Yap1,Wwc1,1.0
35773,Ybx1,Abcc1,1.0
35774,Ybx1,Abcc2,1.0
35775,Ybx1,Ache,1.0
35776,Ybx1,Acot11,1.0
35777,Ybx1,Acta2,1.0
35778,Ybx1,Agt,1.0
35779,Ybx1,Akt2,1.0
35780,Ybx1,Anapc4,-1.0
35781,Ybx1,Ar,1.0
35782,Ybx1,Bmi1,1.0
35783,Ybx1,Bmp7,1.0
35784,Ybx1,Ccl5,1.0
35785,Ybx1,Ccna2,1.0
35786,Ybx1,Ccnb1,-1.0
35787,Ybx1,Ccnc,-1.0
35788,Ybx1,Cdc20,-1.0
35789,Ybx1,Cdc6,1.0
35790,Ybx1,Cdh1,1.0
35791,Ybx1,Cdkn1a,1.0
35792,Ybx1,Cdkn2a,-1.0
35793,Ybx1,Cdkn3,1.0
35794,Ybx1,Cfc1,1.0
35795,Ybx1,Cks2,-1.0
35796,Ybx1,Clu,1.0
35797,Ybx1,Col1a1,-1.0
35798,Ybx1,Col1a2,-1.0
35799,Ybx1,Cps1,-1.0
35800,Ybx1,Csf2,-1.0
35801,Ybx1,Cxcr4,1.0
35802,Ybx1,E2f1,1.0
35803,Ybx1,Eef1a2,1.0
35804,Ybx1,Egfr,1.0
35805,Ybx1,Erbb2,1.0
35806,Ybx1,Erbb3,1.0
35807,Ybx1,Ercc2,1.0
35808,Ybx1,Ercc3,1.0
35809,Ybx1,F2,1.0
35810,Ybx1,F3,-1.0
35811,Ybx1,Fas,-1.0
35812,Ybx1,Fasl,1.0
35813,Ybx1,Ghr,1.0
35814,Ybx1,H2-Ab1,1.0
35815,Ybx1,H2-T23,1.0
35816,Ybx1,Hnrnpl,1.0
35817,Ybx1,Ibsp,1.0
35818,Ybx1,Ifng,1.0
35819,Ybx1,Jak1,1.0
35820,Ybx1,Kcna1,1.0
35821,Ybx1,Klf4,1.0
35822,Ybx1,Lrp1,1.0
35823,Ybx1,Mcat,1.0
35824,Ybx1,Met,1.0
35825,Ybx1,Mmp12,1.0
35826,Ybx1,Mmp13,-1.0
35827,Ybx1,Mmp2,1.0
35828,Ybx1,Mnat1,-1.0
35829,Ybx1,Mvp,1.0
35830,Ybx1,Myod1,1.0
35831,Ybx1,Ndrg1,1.0
35832,Ybx1,Notch4,1.0
35833,Ybx1,Pcx,1.0
35834,Ybx1,Pdgfb,1.0
35835,Ybx1,Pik3ca,1.0
35836,Ybx1,Ptpn1,1.0
35837,Ybx1,Rad9a,1.0
35838,Ybx1,Rbbp8,-1.0
35839,Ybx1,Rps6ka1,1.0
35840,Ybx1,Rps6ka3,1.0
35841,Ybx1,Rps6kb1,1.0
35842,Ybx1,Skp2,-1.0
35843,Ybx1,Slc26a3,1.0
35844,Ybx1,Slc2a3,1.0
35845,Ybx1,Slc6a4,-1.0
35846,Ybx1,Spon1,1.0
35847,Ybx1,Sumo1,-1.0
35848,Ybx1,Taf7,1.0
35849,Ybx1,Tat,1.0
35850,Ybx1,Tnf,1.0
35851,Ybx1,Top2a,1.0
35852,Ybx1,Trp53,-1.0
35853,Ybx1,Trp63,1.0
35854,Ybx1,Tyms,-1.0
35855,Ybx1,Uts2r,1.0
35856,Ybx1,Xrcc1,1.0
35857,Ybx1,Ybx3,1.0
35858,Ybx2,Prm1,1.0
35859,Ybx3,App,1.0
35860,Ybx3,Cat,1.0
35861,Ybx3,Ccnd1,1.0
35862,Ybx3,Cdk4,1.0
35863,Ybx3,Cubn,-1.0
35864,Ybx3,Ephb4,1.0
35865,Ybx3,Erbb2,1.0
35866,Ybx3,F11r,1.0
35867,Ybx3,Fos,-1.0
35868,Ybx3,Glb1,1.0
35869,Ybx3,Gsr,1.0
35870,Ybx3,Gtpbp1,1.0
35871,Ybx3,Hbb-y,-1.0
35872,Ybx3,Hspa4,1.0
35873,Ybx3,Kcna1,1.0
35874,Ybx3,Kras,1.0
35875,Ybx3,Lct,1.0
35876,Ybx3,Lrp2,1.0
35877,Ybx3,Muc1,1.0
35878,Ybx3,Nek1,1.0
35879,Ybx3,Prm1,1.0
35880,Ybx3,Taf8,1.0
35881,Ybx3,Vegfa,-1.0
35882,Ybx3,Vegfc,-1.0
35883,Ybx3,Zdhhc2,1.0
35884,Yy1,Acp5,1.0
35885,Yy1,Acr,1.0
35886,Yy1,Acta1,1.0
35887,Yy1,Acta2,1.0
35888,Yy1,Actc1,-1.0
35889,Yy1,Actr5,1.0
35890,Yy1,Ada,1.0
35891,Yy1,Adora2a,1.0
35892,Yy1,Alg12,1.0
35893,Yy1,Amelx,-1.0
35894,Yy1,Apbb1,1.0
35895,Yy1,Apc,-1.0
35896,Yy1,Aph1a,1.0
35897,Yy1,Ar,1.0
35898,Yy1,Asns,1.0
35899,Yy1,Atp2c1,1.0
35900,Yy1,Atp5f1a,1.0
35901,Yy1,Atp6v1a,1.0
35902,Yy1,Atxn10,1.0
35903,Yy1,Bace1,1.0
35904,Yy1,Bcl2l11,-1.0
35905,Yy1,Bdkrb1,1.0
35906,Yy1,Birc5,-1.0
35907,Yy1,Brca1,1.0
35908,Yy1,Cacna1c,1.0
35909,Yy1,Calr,1.0
35910,Yy1,Cbx5,1.0
35911,Yy1,Ccdc43,1.0
35912,Yy1,Ccl11,1.0
35913,Yy1,Ccl4,1.0
35914,Yy1,Ccr5,-1.0
35915,Yy1,Cd3d,-1.0
35916,Yy1,Cd4,-1.0
35917,Yy1,Cdc6,1.0
35918,Yy1,Cdh1,1.0
35919,Yy1,Cdk5rap2,1.0
35920,Yy1,Cdkn1a,-1.0
35921,Yy1,Cdkn2a,-1.0
35922,Yy1,Cdkn2c,1.0
35923,Yy1,Cebpd,1.0
35924,Yy1,Cftr,1.0
35925,Yy1,Ckm,1.0
35926,Yy1,Cnmd,-1.0
35927,Yy1,Col1a1,1.0
35928,Yy1,Col1a2,1.0
35929,Yy1,Coq5,1.0
35930,Yy1,Coq9,1.0
35931,Yy1,Cox6a1,1.0
35932,Yy1,Cox7c,1.0
35933,Yy1,Cpox,-1.0
35934,Yy1,Cpsf2,1.0
35935,Yy1,Cr2,1.0
35936,Yy1,Creb1,-1.0
35937,Yy1,Crebbp,-1.0
35938,Yy1,Csf2,1.0
35939,Yy1,Csn2,-1.0
35940,Yy1,Ctcf,1.0
35941,Yy1,Ctse,-1.0
35942,Yy1,Cxcl12,1.0
35943,Yy1,Cxcr4,-1.0
35944,Yy1,Dbh,1.0
35945,Yy1,Ddit3,-1.0
35946,Yy1,Dek,1.0
35947,Yy1,Dennd2b,1.0
35948,Yy1,Dlg1,1.0
35949,Yy1,Dmd,-1.0
35950,Yy1,Dnajb4,1.0
35951,Yy1,Dnm1,1.0
35952,Yy1,Donson,1.0
35953,Yy1,Egf,1.0
35954,Yy1,Egfr,1.0
35955,Yy1,Egr1,1.0
35956,Yy1,Ep300,1.0
35957,Yy1,Epas1,-1.0
35958,Yy1,Erbb2,1.0
35959,Yy1,Ercc5,1.0
35960,Yy1,Fas,-1.0
35961,Yy1,Fasl,-1.0
35962,Yy1,Fcer1a,1.0
35963,Yy1,Fcgr4,1.0
35964,Yy1,Fdps,-1.0
35965,Yy1,Fmo3,1.0
35966,Yy1,Fos,-1.0
35967,Yy1,Gaa,-1.0
35968,Yy1,Gdap1,1.0
35969,Yy1,Gdf5,1.0
35970,Yy1,Gh,-1.0
35971,Yy1,Gjb1,1.0
35972,Yy1,Gnas,1.0
35973,Yy1,Gypa,1.0
35974,Yy1,H2-Ea,-1.0
35975,Yy1,Hacd2,1.0
35976,Yy1,Has2,-1.0
35977,Yy1,Hbb-bh1,1.0
35978,Yy1,Hcfc1,1.0
35979,Yy1,Hdac1,1.0
35980,Yy1,Hdac2,1.0
35981,Yy1,Hdac3,1.0
35982,Yy1,Hdc,-1.0
35983,Yy1,Hdlbp,-1.0
35984,Yy1,Hgs,-1.0
35985,Yy1,Hif1a,1.0
35986,Yy1,Hmgcs1,-1.0
35987,Yy1,Hmgcs2,-1.0
35988,Yy1,Hmox1,1.0
35989,Yy1,Hoxb13,-1.0
35990,Yy1,Hoxb4,1.0
35991,Yy1,Hoxb7,1.0
35992,Yy1,Hoxd4,-1.0
35993,Yy1,Hsf1,1.0
35994,Yy1,Hspa4,1.0
35995,Yy1,Hspa5,1.0
35996,Yy1,Htt,1.0
35997,Yy1,Ifnb1,-1.0
35998,Yy1,Ifng,1.0
35999,Yy1,Il1b,1.0
36000,Yy1,Il3,1.0
36001,Yy1,Il4,1.0
36002,Yy1,Il5,1.0
36003,Yy1,Il6,1.0
36004,Yy1,Ino80,1.0
36005,Yy1,Irf2bpl,-1.0
36006,Yy1,Irf7,1.0
36007,Yy1,Itga3,1.0
36008,Yy1,Itgb1,1.0
36009,Yy1,Ivl,-1.0
36010,Yy1,Jak2,-1.0
36011,Yy1,Kif14,1.0
36012,Yy1,Lama1,1.0
36013,Yy1,Ldlr,-1.0
36014,Yy1,Lef1,-1.0
36015,Yy1,Lor,-1.0
36016,Yy1,Lrig2,1.0
36017,Yy1,Lss,1.0
36018,Yy1,Ltb,1.0
36019,Yy1,Manf,1.0
36020,Yy1,Mat2a,-1.0
36021,Yy1,Mmp9,-1.0
36022,Yy1,Mrpl46,1.0
36023,Yy1,Mrps24,1.0
36024,Yy1,Msx2,1.0
36025,Yy1,Muc1,1.0
36026,Yy1,Muc4,-1.0
36027,Yy1,Myc,-1.0
36028,Yy1,Myh13,-1.0
36029,Yy1,Myh4,-1.0
36030,Yy1,Myh6,-1.0
36031,Yy1,Nars1,1.0
36032,Yy1,Ndufs8,1.0
36033,Yy1,Nf1,1.0
36034,Yy1,Nkx2-5,1.0
36035,Yy1,Nos2,-1.0
36036,Yy1,Npm1,-1.0
36037,Yy1,Nppb,1.0
36038,Yy1,Nr1h4,-1.0
36039,Yy1,Nr3c1,1.0
36040,Yy1,Ocln,1.0
36041,Yy1,Oprm1,1.0
36042,Yy1,Otx2,1.0
36043,Yy1,Pak4,1.0
36044,Yy1,Parp1,-1.0
36045,Yy1,Pax2,1.0
36046,Yy1,Pcna,1.0
36047,Yy1,Pdgfra,-1.0
36048,Yy1,Pdia6,-1.0
36049,Yy1,Pecam1,1.0
36050,Yy1,Peg3,1.0
36051,Yy1,Pemt,1.0
36052,Yy1,Plp1,1.0
36053,Yy1,Postn,-1.0
36054,Yy1,Pou4f3,1.0
36055,Yy1,Ppard,-1.0
36056,Yy1,Prdm2,1.0
36057,Yy1,Prkn,1.0
36058,Yy1,Psca,1.0
36059,Yy1,Pten,-1.0
36060,Yy1,Ptgs2,1.0
36061,Yy1,Ptpa,1.0
36062,Yy1,Ptpra,1.0
36063,Yy1,Pttg1,-1.0
36064,Yy1,Rab3gap1,1.0
36065,Yy1,Rb1,1.0
36066,Yy1,Rest,1.0
36067,Yy1,Rgs16,-1.0
36068,Yy1,Rnf40,1.0
36069,Yy1,Rtcb,1.0
36070,Yy1,Sap30,1.0
36071,Yy1,Scgb1a1,1.0
36072,Yy1,Serpinb5,-1.0
36073,Yy1,Serpine1,-1.0
36074,Yy1,Slamf7,1.0
36075,Yy1,Slc1a2,-1.0
36076,Yy1,Slc1a3,-1.0
36077,Yy1,Slc23a2,1.0
36078,Yy1,Slc25a4,-1.0
36079,Yy1,Slc26a3,1.0
36080,Yy1,Slc46a1,1.0
36081,Yy1,Slc6a1,1.0
36082,Yy1,Smad7,1.0
36083,Yy1,Snai1,1.0
36084,Yy1,Snai2,1.0
36085,Yy1,Snca,1.0
36086,Yy1,Snrpn,1.0
36087,Yy1,Sod1,1.0
36088,Yy1,Spta1,1.0
36089,Yy1,Star,-1.0
36090,Yy1,Surf1,1.0
36091,Yy1,Surf2,1.0
36092,Yy1,Syt11,1.0
36093,Yy1,Tagln,-1.0
36094,Yy1,Tbx21,-1.0
36095,Yy1,Tdo2,1.0
36096,Yy1,Tfap2a,1.0
36097,Yy1,Tfrc,1.0
36098,Yy1,Thbs1,-1.0
36099,Yy1,Tk1,-1.0
36100,Yy1,Tln2,-1.0
36101,Yy1,Tnf,-1.0
36102,Yy1,Tnfrsf10b,-1.0
36103,Yy1,Tnfrsf4,1.0
36104,Yy1,Tnfrsf8,1.0
36105,Yy1,Tnni2,-1.0
36106,Yy1,Tnni3,-1.0
36107,Yy1,Top3a,1.0
36108,Yy1,Trf,1.0
36109,Yy1,Trp53,1.0
36110,Yy1,Trp73,1.0
36111,Yy1,Ubc,1.0
36112,Yy1,Ubiad1,1.0
36113,Yy1,Uchl1,1.0
36114,Yy1,Vegfa,1.0
36115,Yy1,Vegfb,1.0
36116,Yy1,Vim,1.0
36117,Yy1,Vwf,1.0
36118,Yy1,Wdfy4,1.0
36119,Yy1,Wdr82,1.0
36120,Yy1,Wnt1,-1.0
36121,Yy1,Zfp42,1.0
36122,Yy1,Zhx1,1.0
36123,Yy1,mt-Atp6,1.0
36124,Yy2,Fos,1.0
36125,Yy2,Ifnb1,1.0
36126,Yy2,Trp53,1.0
36127,Zbed6,Igf2,1.0
36128,Zbed6,Zc3h11a,1.0
36129,Zbtb10,Esr1,1.0
36130,Zbtb10,Sp3,1.0
36131,Zbtb12,Fn1,1.0
36132,Zbtb14,Fhl2,1.0
36133,Zbtb14,Myc,-1.0
36134,Zbtb14,Rpl32,1.0
36135,Zbtb14,Slc6a3,1.0
36136,Zbtb16,Adamts7,1.0
36137,Zbtb16,Agtr2,1.0
36138,Zbtb16,Angpt2,1.0
36139,Zbtb16,Atp6v1b2,1.0
36140,Zbtb16,Atxn1,1.0
36141,Zbtb16,Bcl2,-1.0
36142,Zbtb16,Bid,-1.0
36143,Zbtb16,Bmp2,1.0
36144,Zbtb16,Ccna2,-1.0
36145,Zbtb16,Cd34,1.0
36146,Zbtb16,Cdkn1a,-1.0
36147,Zbtb16,Cdkn2a,1.0
36148,Zbtb16,Cdkn2b,1.0
36149,Zbtb16,Cebpa,1.0
36150,Zbtb16,Col1a1,1.0
36151,Zbtb16,Crabp1,1.0
36152,Zbtb16,Cxcr4,1.0
36153,Zbtb16,Fgf2,-1.0
36154,Zbtb16,Fgfr1,1.0
36155,Zbtb16,Fgfr3,1.0
36156,Zbtb16,Gata4,1.0
36157,Zbtb16,Gfi1,1.0
36158,Zbtb16,Gp1ba,1.0
36159,Zbtb16,Gp9,1.0
36160,Zbtb16,Gsr,1.0
36161,Zbtb16,Id2,1.0
36162,Zbtb16,Ik,1.0
36163,Zbtb16,Il4,1.0
36164,Zbtb16,Kit,1.0
36165,Zbtb16,Krt14,1.0
36166,Zbtb16,Krt9,1.0
36167,Zbtb16,Lef1,1.0
36168,Zbtb16,Mat2a,1.0
36169,Zbtb16,Max,1.0
36170,Zbtb16,Mpl,1.0
36171,Zbtb16,Mxd1,1.0
36172,Zbtb16,Myc,-1.0
36173,Zbtb16,Pbx1,-1.0
36174,Zbtb16,Pik3c3,1.0
36175,Zbtb16,Pik3r1,1.0
36176,Zbtb16,Rara,1.0
36177,Zbtb16,Rsad2,1.0
36178,Zbtb16,Runx1t1,1.0
36179,Zbtb16,Runx2,1.0
36180,Zbtb16,Slamf6,1.0
36181,Zbtb16,Sox9,1.0
36182,Zbtb16,Sp1,1.0
36183,Zbtb16,Sumo1,1.0
36184,Zbtb16,Trp53,1.0
36185,Zbtb17,Aqp1,1.0
36186,Zbtb17,Bcl2,1.0
36187,Zbtb17,Bin1,1.0
36188,Zbtb17,Camk2n1,1.0
36189,Zbtb17,Ccr4,1.0
36190,Zbtb17,Cd44,1.0
36191,Zbtb17,Cdkn1a,-1.0
36192,Zbtb17,Cdkn1c,1.0
36193,Zbtb17,Cdkn2b,1.0
36194,Zbtb17,Cebpd,1.0
36195,Zbtb17,Ebp,1.0
36196,Zbtb17,Efnb2,1.0
36197,Zbtb17,Esr1,-1.0
36198,Zbtb17,Foxg1,1.0
36199,Zbtb17,Gabra6,1.0
36200,Zbtb17,Hcfc1,1.0
36201,Zbtb17,Il7r,1.0
36202,Zbtb17,Ldlr,1.0
36203,Zbtb17,Lep,1.0
36204,Zbtb17,Lrrn3,1.0
36205,Zbtb17,Mapk1,1.0
36206,Zbtb17,Mxd4,1.0
36207,Zbtb17,Ndrg2,-1.0
36208,Zbtb17,Ngf,1.0
36209,Zbtb17,Ngfr,1.0
36210,Zbtb17,Ntrk1,1.0
36211,Zbtb17,Odc1,1.0
36212,Zbtb17,Pcbp1,1.0
36213,Zbtb17,Pias2,1.0
36214,Zbtb17,Rb1,1.0
36215,Zbtb17,Rbbp8,1.0
36216,Zbtb17,Sae1,1.0
36217,Zbtb17,Senp1,1.0
36218,Zbtb17,Sin3a,1.0
36219,Zbtb17,Slc11a1,1.0
36220,Zbtb17,Tff1,-1.0
36221,Zbtb17,Tmem11,1.0
36222,Zbtb17,Trp53,1.0
36223,Zbtb17,Ube2i,1.0
36224,Zbtb17,Vps72,1.0
36225,Zbtb17,Wif1,1.0
36226,Zbtb18,Id1,-1.0
36227,Zbtb18,Id2,-1.0
36228,Zbtb18,Id3,-1.0
36229,Zbtb18,Id4,-1.0
36230,Zbtb18,Map2,1.0
36231,Zbtb18,Neurog2,-1.0
36232,Zbtb18,Reln,-1.0
36233,Zbtb18,Robo1,-1.0
36234,Zbtb18,Slit3,-1.0
36235,Zbtb2,Arf1,-1.0
36236,Zbtb2,Cdkn1a,-1.0
36237,Zbtb2,Mdm2,1.0
36238,Zbtb2,Trp53,-1.0
36239,Zbtb20,Afp,-1.0
36240,Zbtb20,Fbp1,-1.0
36241,Zbtb20,Nfkbia,-1.0
36242,Zbtb32,Aurkc,1.0
36243,Zbtb32,Myc,-1.0
36244,Zbtb32,Runx2,1.0
36245,Zbtb32,Zdhhc2,1.0
36246,Zbtb33,Cbfa2t3,1.0
36247,Zbtb33,Ccnd1,-1.0
36248,Zbtb33,Cdh1,1.0
36249,Zbtb33,Cdkn1b,1.0
36250,Zbtb33,Cdkn2a,1.0
36251,Zbtb33,Egf,1.0
36252,Zbtb33,Mmp7,-1.0
36253,Zbtb33,Muc1,1.0
36254,Zbtb33,Rb1,1.0
36255,Zbtb38,Calca,1.0
36256,Zbtb38,Cbfa2t3,1.0
36257,Zbtb38,Hp,1.0
36258,Zbtb38,Myog,1.0
36259,Zbtb38,Th,1.0
36260,Zbtb4,Aqp1,1.0
36261,Zbtb4,Cbfa2t3,1.0
36262,Zbtb4,Cdkn1a,-1.0
36263,Zbtb4,Coq8a,1.0
36264,Zbtb4,Fzd7,1.0
36265,Zbtb4,Itgb1,1.0
36266,Zbtb4,Nckap1,1.0
36267,Zbtb4,Rpl7,1.0
36268,Zbtb4,Rps12,1.0
36269,Zbtb4,Rps15a,1.0
36270,Zbtb4,Rps6,1.0
36271,Zbtb4,Sin3a,1.0
36272,Zbtb4,Srsf2,1.0
36273,Zbtb44,Cdkn2a,1.0
36274,Zbtb48,Cdkn2a,1.0
36275,Zbtb5,Cdkn1a,-1.0
36276,Zbtb7a,Acvr1,1.0
36277,Zbtb7a,Adh5,-1.0
36278,Zbtb7a,Adra1d,1.0
36279,Zbtb7a,Bcl2l11,1.0
36280,Zbtb7a,Ccna2,-1.0
36281,Zbtb7a,Cdk2,1.0
36282,Zbtb7a,Cdkn1a,-1.0
36283,Zbtb7a,Cdkn2a,-1.0
36284,Zbtb7a,Comp,-1.0
36285,Zbtb7a,Dusp1,1.0
36286,Zbtb7a,E2f4,-1.0
36287,Zbtb7a,Eln,1.0
36288,Zbtb7a,Fasn,1.0
36289,Zbtb7a,Fos,-1.0
36290,Zbtb7a,Ghrhr,1.0
36291,Zbtb7a,Hcfc1,1.0
36292,Zbtb7a,Il5,1.0
36293,Zbtb7a,Mapk11,1.0
36294,Zbtb7a,Mbd3,1.0
36295,Zbtb7a,Mdm2,1.0
36296,Zbtb7a,Mmp14,1.0
36297,Zbtb7a,Mmp9,1.0
36298,Zbtb7a,Myc,-1.0
36299,Zbtb7a,Nfkbia,1.0
36300,Zbtb7a,Nrip1,1.0
36301,Zbtb7a,Pfkp,-1.0
36302,Zbtb7a,Pkm,-1.0
36303,Zbtb7a,Rb1,-1.0
36304,Zbtb7a,Rela,1.0
36305,Zbtb7a,Sele,1.0
36306,Zbtb7a,Slc2a3,1.0
36307,Zbtb7a,Sp1,1.0
36308,Zbtb7a,Spry1,-1.0
36309,Zbtb7a,Srebf1,1.0
36310,Zbtb7b,Adra1d,1.0
36311,Zbtb7b,Cd4,1.0
36312,Zbtb7b,Cd8a,-1.0
36313,Zbtb7b,Cdcp1,1.0
36314,Zbtb7b,Col1a1,1.0
36315,Zbtb7b,Col1a2,1.0
36316,Zbtb7b,Col2a1,1.0
36317,Zbtb7b,Eln,1.0
36318,Zbtb7b,Fn1,-1.0
36319,Zbtb7b,H2-T23,1.0
36320,Zbtb7b,Ifng,1.0
36321,Zbtb7b,Mpped2,1.0
36322,Zbtb7b,Tox,1.0
36323,Zbtb7b,Ugdh,1.0
36324,Zbtb7c,Cdkn1a,-1.0
36325,Zbtb7c,Fasn,1.0
36326,Zbtb8a,Cdkn1a,-1.0
36327,Zbtb8b,Cdkn1a,-1.0
36328,Zc3h8,Gata3,-1.0
36329,Zeb1,Actg2,1.0
36330,Zeb1,Ar,-1.0
36331,Zeb1,Atp1a1,1.0
36332,Zeb1,Bcl6,-1.0
36333,Zeb1,Bmi1,1.0
36334,Zeb1,Ccn2,-1.0
36335,Zeb1,Ccn6,-1.0
36336,Zeb1,Ccng2,1.0
36337,Zeb1,Cd4,-1.0
36338,Zeb1,Cdh1,-1.0
36339,Zeb1,Cdh13,-1.0
36340,Zeb1,Cdh2,1.0
36341,Zeb1,Cdk2,1.0
36342,Zeb1,Cdk4,1.0
36343,Zeb1,Cdkn1a,-1.0
36344,Zeb1,Cdkn2a,-1.0
36345,Zeb1,Cdkn2b,-1.0
36346,Zeb1,Col1a1,-1.0
36347,Zeb1,Col1a2,-1.0
36348,Zeb1,Col2a1,-1.0
36349,Zeb1,Col4a3,-1.0
36350,Zeb1,Crybb1,-1.0
36351,Zeb1,Ctnnb1,-1.0
36352,Zeb1,Epcam,-1.0
36353,Zeb1,Esr1,-1.0
36354,Zeb1,Esrp1,-1.0
36355,Zeb1,Esrp2,-1.0
36356,Zeb1,Fbp1,-1.0
36357,Zeb1,Fn1,1.0
36358,Zeb1,Fxyd3,-1.0
36359,Zeb1,Gata3,-1.0
36360,Zeb1,Grhl2,-1.0
36361,Zeb1,Hpgd,-1.0
36362,Zeb1,Ihh,-1.0
36363,Zeb1,Il2,-1.0
36364,Zeb1,Itgb4,-1.0
36365,Zeb1,Lamc2,-1.0
36366,Zeb1,Llgl2,-1.0
36367,Zeb1,Muc1,-1.0
36368,Zeb1,Oxtr,-1.0
36369,Zeb1,Pkp3,-1.0
36370,Zeb1,Plau,1.0
36371,Zeb1,Pou5f1,1.0
36372,Zeb1,Pthlh,1.0
36373,Zeb1,Rab25,-1.0
36374,Zeb1,Rbl2,1.0
36375,Zeb1,Rest,-1.0
36376,Zeb1,Sema3f,-1.0
36377,Zeb1,Serpinb5,1.0
36378,Zeb1,Serpine1,-1.0
36379,Zeb1,Slc2a3,1.0
36380,Zeb1,St14,-1.0
36381,Zeb1,Tgfb1,1.0
36382,Zeb1,Trp63,1.0
36383,Zeb1,Trp73,-1.0
36384,Zeb1,Vdr,1.0
36385,Zeb1,Vim,1.0
36386,Zeb2,Alpl,-1.0
36387,Zeb2,Angpt1,1.0
36388,Zeb2,Ccnd1,-1.0
36389,Zeb2,Cdh1,-1.0
36390,Zeb2,Cdh11,1.0
36391,Zeb2,Cdh17,1.0
36392,Zeb2,Cdh2,1.0
36393,Zeb2,Col1a2,-1.0
36394,Zeb2,Ehmt2,1.0
36395,Zeb2,Esr1,1.0
36396,Zeb2,Esrp2,-1.0
36397,Zeb2,Fn1,1.0
36398,Zeb2,Foxe3,1.0
36399,Zeb2,Itga5,1.0
36400,Zeb2,Meox2,-1.0
36401,Zeb2,Mitf,1.0
36402,Zeb2,Mmp2,1.0
36403,Zeb2,Mta3,1.0
36404,Zeb2,Oxtr,-1.0
36405,Zeb2,Pou5f1,1.0
36406,Zeb2,Sfrp1,-1.0
36407,Zeb2,Tert,-1.0
36408,Zeb2,Vdr,1.0
36409,Zeb2,Vim,1.0
36410,Zeb2,Zeb1,-1.0
36411,Zfat,Gata1,1.0
36412,Zfat,Tal1,1.0
36413,Zfhx2,Psen1,1.0
36414,Zfhx2,Tfap2a,1.0
36415,Zfhx3,Adipoq,1.0
36416,Zfhx3,Afp,-1.0
36417,Zfhx3,Anpep,1.0
36418,Zfhx3,Ccnd1,-1.0
36419,Zfhx3,Cdkn1a,1.0
36420,Zfhx3,Esr1,1.0
36421,Zfhx3,Muc5ac,-1.0
36422,Zfhx3,Myb,-1.0
36423,Zfhx3,Myod1,-1.0
36424,Zfhx3,Myog,-1.0
36425,Zfhx3,Nes,-1.0
36426,Zfhx3,Neurod1,1.0
36427,Zfhx3,Pou1f1,1.0
36428,Zfhx3,Prop1,1.0
36429,Zfhx3,Tshb,1.0
36430,Zfhx4,Chd4,1.0
36431,Zfp1,Slc11a1,1.0
36432,Zfp128,Bmp1,-1.0
36433,Zfp128,Tgfb1,-1.0
36434,Zfp13,Mpv17,-1.0
36435,Zfp13,Mpv17l,-1.0
36436,Zfp143,Bub1b,1.0
36437,Zfp143,Cdc6,1.0
36438,Zfp143,Cln3,1.0
36439,Zfp143,Eefsec,1.0
36440,Zfp143,Esco2,1.0
36441,Zfp143,Fbxw7,1.0
36442,Zfp143,Fen1,1.0
36443,Zfp143,Fgf4,1.0
36444,Zfp143,Hmox1,1.0
36445,Zfp143,Irf3,1.0
36446,Zfp143,Nanog,1.0
36447,Zfp143,Nos2,-1.0
36448,Zfp143,Pcyt1a,1.0
36449,Zfp143,Plk1,1.0
36450,Zfp143,Polr2a,1.0
36451,Zfp143,Polr2f,1.0
36452,Zfp143,Ptgs2,-1.0
36453,Zfp143,Ptpn5,1.0
36454,Zfp143,Skp2,1.0
36455,Zfp143,Stub1,1.0
36456,Zfp143,Taldo1,1.0
36457,Zfp143,Tcp1,1.0
36458,Zfp143,Tert,1.0
36459,Zfp143,Tfam,1.0
36460,Zfp143,Tpp1,1.0
36461,Zfp143,Vamp7,1.0
36462,Zfp148,Adora2a,1.0
36463,Zfp148,Atm,1.0
36464,Zfp148,Bak1,1.0
36465,Zfp148,Cdkn1a,1.0
36466,Zfp148,Cdkn2a,-1.0
36467,Zfp148,Cish,1.0
36468,Zfp148,Col1a2,1.0
36469,Zfp148,Cxcl5,1.0
36470,Zfp148,Eno3,-1.0
36471,Zfp148,Epb41,1.0
36472,Zfp148,Gast,1.0
36473,Zfp148,Gata1,1.0
36474,Zfp148,Ghr,1.0
36475,Zfp148,Iapp,1.0
36476,Zfp148,Ifng,1.0
36477,Zfp148,Irs2,1.0
36478,Zfp148,Itgam,-1.0
36479,Zfp148,Nfya,1.0
36480,Zfp148,Odc1,1.0
36481,Zfp148,Pdgfra,1.0
36482,Zfp148,Pkd1,1.0
36483,Zfp148,Rnls,1.0
36484,Zfp148,Sox18,-1.0
36485,Zfp148,Spi1,1.0
36486,Zfp148,Stat1,1.0
36487,Zfp148,Trp53,1.0
36488,Zfp148,Vim,-1.0
36489,Zfp174,Pdgfb,1.0
36490,Zfp174,Tgfb1,-1.0
36491,Zfp184,Cdkn2a,1.0
36492,Zfp189,Cdkn2a,1.0
36493,Zfp202,Abca1,-1.0
36494,Zfp202,Abcg1,-1.0
36495,Zfp202,Amacr,-1.0
36496,Zfp202,Apoa1,-1.0
36497,Zfp202,Apoe,-1.0
36498,Zfp202,Fshr,-1.0
36499,Zfp202,Pomgnt1,-1.0
36500,Zfp217,Calca,1.0
36501,Zfp217,Cdh1,-1.0
36502,Zfp217,Cdkn2b,1.0
36503,Zfp217,Eef1a2,1.0
36504,Zfp217,Erbb3,1.0
36505,Zfp217,Hp,1.0
36506,Zfp219,Acan,1.0
36507,Zfp219,Col11a2,1.0
36508,Zfp219,Col2a1,1.0
36509,Zfp219,Hmgn1,1.0
36510,Zfp219,Snca,1.0
36511,Zfp236,Adh1,1.0
36512,Zfp236,Csnk2a2,1.0
36513,Zfp236,Cxcl9,1.0
36514,Zfp236,Fermt2,1.0
36515,Zfp236,Gcgr,1.0
36516,Zfp236,Mapk3,1.0
36517,Zfp236,Neurod1,1.0
36518,Zfp236,Pcx,1.0
36519,Zfp236,Pdx1,1.0
36520,Zfp236,Pklr,1.0
36521,Zfp236,Slc2a2,1.0
36522,Zfp236,Vps4b,1.0
36523,Zfp239,Grb10,1.0
36524,Zfp239,Rbp3,-1.0
36525,Zfp24,Ccnd1,1.0
36526,Zfp24,Ctnnb1,1.0
36527,Zfp24,Msln,1.0
36528,Zfp24,Pdgfrb,-1.0
36529,Zfp24,Vegfa,-1.0
36530,Zfp260,Adra1d,1.0
36531,Zfp260,Gata4,1.0
36532,Zfp260,Nppa,1.0
36533,Zfp263,Alox5,1.0
36534,Zfp263,Asxl1,1.0
36535,Zfp263,Col11a2,1.0
36536,Zfp263,Foxa1,-1.0
36537,Zfp263,Gad1,1.0
36538,Zfp263,Nt5e,1.0
36539,Zfp263,Reln,1.0
36540,Zfp263,Rgs19,1.0
36541,Zfp263,Sart3,1.0
36542,Zfp263,Zfp42,1.0
36543,Zfp277,Bmi1,1.0
36544,Zfp277,Cdkn2a,1.0
36545,Zfp281,Nanog,1.0
36546,Zfp281,Odc1,1.0
36547,Zfp281,Vim,1.0
36548,Zfp287,Il4,1.0
36549,Zfp287,Il5,1.0
36550,Zfp292,Gh,1.0
36551,Zfp296,Mpo,1.0
36552,Zfp316,Pdlim7,1.0
36553,Zfp316,Rgs2,1.0
36554,Zfp316,S100a9,1.0
36555,Zfp316,Trim28,1.0
36556,Zfp322a,Nanog,1.0
36557,Zfp322a,Pou5f1,1.0
36558,Zfp335,Cops2,1.0
36559,Zfp335,Csn2,1.0
36560,Zfp335,Hoxa1,1.0
36561,Zfp335,Iscu,1.0
36562,Zfp335,Rest,1.0
36563,Zfp335,S100a9,1.0
36564,Zfp335,Sox9,1.0
36565,Zfp335,Tac1,1.0
36566,Zfp354c,Amer1,1.0
36567,Zfp354c,Amh,1.0
36568,Zfp354c,Bche,1.0
36569,Zfp354c,Bin1,1.0
36570,Zfp354c,Bmp2,1.0
36571,Zfp354c,Ccnd2,1.0
36572,Zfp354c,Cd44,1.0
36573,Zfp354c,Cdh1,1.0
36574,Zfp354c,Cyp19a1,1.0
36575,Zfp354c,Dlg4,1.0
36576,Zfp354c,Egfr,1.0
36577,Zfp354c,Egr2,1.0
36578,Zfp354c,Flt1,1.0
36579,Zfp354c,Il2,1.0
36580,Zfp354c,Itgad,1.0
36581,Zfp354c,Jun,1.0
36582,Zfp354c,Ncf2,1.0
36583,Zfp354c,Ntrk1,1.0
36584,Zfp354c,Pdgfra,1.0
36585,Zfp354c,Ptch1,1.0
36586,Zfp354c,Rbp3,1.0
36587,Zfp354c,Runx2,1.0
36588,Zfp354c,Slc2a4,1.0
36589,Zfp354c,Slc9a2,1.0
36590,Zfp354c,Tnf,1.0
36591,Zfp362,Aatf,1.0
36592,Zfp362,Acat1,1.0
36593,Zfp362,Ciita,1.0
36594,Zfp362,Crh,1.0
36595,Zfp362,Fgfr1,1.0
36596,Zfp362,Hras,1.0
36597,Zfp362,Htr1a,1.0
36598,Zfp362,Ifnb1,1.0
36599,Zfp362,Igf1,1.0
36600,Zfp362,Kdr,1.0
36601,Zfp362,Mbp,1.0
36602,Zfp362,Mdm2,1.0
36603,Zfp362,Nodal,1.0
36604,Zfp362,Slc4a1,1.0
36605,Zfp362,Timp1,1.0
36606,Zfp362,U2af1,1.0
36607,Zfp382,Cdk6,-1.0
36608,Zfp382,Cxcl14,-1.0
36609,Zfp382,Hmga2,-1.0
36610,Zfp382,Id1,-1.0
36611,Zfp382,Ikbke,-1.0
36612,Zfp382,Jun,-1.0
36613,Zfp382,Mitf,-1.0
36614,Zfp382,Myc,-1.0
36615,Zfp382,Nfkb1,-1.0
36616,Zfp382,Stat3,-1.0
36617,Zfp382,Stat5b,-1.0
36618,Zfp383,Jun,-1.0
36619,Zfp384,Adamts4,1.0
36620,Zfp384,Afp,1.0
36621,Zfp384,Alb,1.0
36622,Zfp384,Bdnf,1.0
36623,Zfp384,Cdkn2a,1.0
36624,Zfp384,Col1a1,1.0
36625,Zfp384,Efnb2,1.0
36626,Zfp384,Gfap,1.0
36627,Zfp384,Hes1,1.0
36628,Zfp384,Ifng,1.0
36629,Zfp384,Il4,1.0
36630,Zfp384,Kdr,1.0
36631,Zfp384,Mmp13,1.0
36632,Zfp384,Nptx1,1.0
36633,Zfp384,Pdlim7,1.0
36634,Zfp384,Pth,1.0
36635,Zfp384,Runx2,-1.0
36636,Zfp384,Sdc4,1.0
36637,Zfp384,Sp1,1.0
36638,Zfp384,Tnf,1.0
36639,Zfp384,Tnfsf11,1.0
36640,Zfp384,Wnt2,1.0
36641,Zfp395,Htt,1.0
36642,Zfp395,Prf1,1.0
36643,Zfp395,Sap30,1.0
36644,Zfp395,Slc16a2,1.0
36645,Zfp395,Slc5a5,1.0
36646,Zfp395,Trp53,1.0
36647,Zfp398,Cdkn2a,1.0
36648,Zfp398,Zfp354c,1.0
36649,Zfp410,Chd4,1.0
36650,Zfp410,Hbb-bh1,-1.0
36651,Zfp410,Hbb-y,-1.0
36652,Zfp410,Mt1,1.0
36653,Zfp410,Tgfa,1.0
36654,Zfp42,Akt1,1.0
36655,Zfp42,Bdkrb2,1.0
36656,Zfp42,Bmp4,1.0
36657,Zfp42,Ccnb1,1.0
36658,Zfp42,Ccnb2,1.0
36659,Zfp42,Dkk1,1.0
36660,Zfp42,Dppa4,1.0
36661,Zfp42,Dppa5a,1.0
36662,Zfp42,Fgf4,1.0
36663,Zfp42,Lin28a,1.0
36664,Zfp42,Map2k3,-1.0
36665,Zfp42,Pik3r1,1.0
36666,Zfp42,Rlim,1.0
36667,Zfp42,Socs3,1.0
36668,Zfp42,Sparc,1.0
36669,Zfp42,Thy1,1.0
36670,Zfp42,Utf1,1.0
36671,Zfp423,Brca1,1.0
36672,Zfp423,Hes5,1.0
36673,Zfp423,Oaz3,1.0
36674,Zfp423,Pparg,1.0
36675,Zfp423,Zfp521,1.0
36676,Zfp444,Scarf1,1.0
36677,Zfp451,Pias1,-1.0
36678,Zfp451,Smad2,-1.0
36679,Zfp451,Smad4,-1.0
36680,Zfp46,Krt27,1.0
36681,Zfp46,Me3,1.0
36682,Zfp46,Psen1,1.0
36683,Zfp46,Rnf114,1.0
36684,Zfp46,Smarca4,1.0
36685,Zfp46,Snca,1.0
36686,Zfp46,Trim28,1.0
36687,Zfp503,Cdh1,-1.0
36688,Zfp503,Gata3,-1.0
36689,Zfp513,Arr3,1.0
36690,Zfp521,Bcl2,-1.0
36691,Zfp521,Ccnd1,-1.0
36692,Zfp521,Zfp423,-1.0
36693,Zfp523,Cdkn1a,-1.0
36694,Zfp523,Pcyt1a,1.0
36695,Zfp523,Taldo1,1.0
36696,Zfp523,Tbp,-1.0
36697,Zfp523,Tcp1,1.0
36698,Zfp523,Tcp11,1.0
36699,Zfp523,Zfp143,1.0
36700,Zfp57,Kdm3a,1.0
36701,Zfp57,Tcl1,1.0
36702,Zfp637,Cln3,1.0
36703,Zfp637,Myod1,-1.0
36704,Zfp637,Myog,-1.0
36705,Zfp637,Tert,1.0
36706,Zfp64,Cdkn2a,1.0
36707,Zfp64,Ifnb1,-1.0
36708,Zfp64,Il6,-1.0
36709,Zfp64,Notch1,1.0
36710,Zfp64,Tnf,1.0
36711,Zfp647,Col11a2,1.0
36712,Zfp647,Rpe65,1.0
36713,Zfp647,Trim28,1.0
36714,Zfp652,Tcf12,1.0
36715,Zfp653,Cdkn2a,1.0
36716,Zfp661,Sult1a1,1.0
36717,Zfp667,Bax,1.0
36718,Zfp692,Pck1,-1.0
36719,Zfp74,Etnk1,1.0
36720,Zfp746,Pck1,1.0
36721,Zfp746,Ppargc1a,-1.0
36722,Zfp750,Snai1,-1.0
36723,Zfp804a,Ankrd1,1.0
36724,Zfp804a,Birc3,-1.0
36725,Zfp804a,Ddit3,1.0
36726,Zfp804a,Drd2,1.0
36727,Zfp804a,Inhbe,1.0
36728,Zfp804a,Mgam,-1.0
36729,Zfp804a,Pde4b,1.0
36730,Zfp804a,Pik3ap1,1.0
36731,Zfp90,Ifng,1.0
36732,Zfp90,Nppb,1.0
36733,Zfpm1,Crebbp,1.0
36734,Zfpm1,Dld,1.0
36735,Zfpm1,Fcer1g,1.0
36736,Zfpm1,Foxn1,1.0
36737,Zfpm1,Gata2,-1.0
36738,Zfpm1,Hbb-bh1,1.0
36739,Zfpm1,Ifng,1.0
36740,Zfpm1,Il5,-1.0
36741,Zfpm1,Itga2b,1.0
36742,Zfpm1,Mbp,1.0
36743,Zfpm1,Med1,1.0
36744,Zfpm1,Nelfe,1.0
36745,Zfpm1,Nfe2,1.0
36746,Zfpm1,Spg21,1.0
36747,Zfpm1,Tacc3,1.0
36748,Zfpm2,Atp2a2,-1.0
36749,Zfpm2,Cish,1.0
36750,Zfpm2,Dcn,1.0
36751,Zfpm2,Dld,1.0
36752,Zfpm2,Gadd45g,1.0
36753,Zfpm2,Gata4,1.0
36754,Zfpm2,Kcnd2,1.0
36755,Zfpm2,Kl,1.0
36756,Zfpm2,Lhx9,1.0
36757,Zfpm2,Map3k14,1.0
36758,Zfpm2,Nppa,1.0
36759,Zfpm2,Sox9,1.0
36760,Zglp1,Adcy1,1.0
36761,Zglp1,Apoa1,1.0
36762,Zglp1,Avp,1.0
36763,Zglp1,Crh,1.0
36764,Zglp1,Egfr,1.0
36765,Zglp1,Ffar1,1.0
36766,Zglp1,Foxa2,1.0
36767,Zglp1,Gast,1.0
36768,Zglp1,Gcg,1.0
36769,Zglp1,Gip,1.0
36770,Zglp1,Glp1r,1.0
36771,Zglp1,Iapp,1.0
36772,Zglp1,Kcnj11,1.0
36773,Zglp1,Mapk1,1.0
36774,Zglp1,Mapk14,1.0
36775,Zglp1,Pax6,1.0
36776,Zglp1,Pdx1,1.0
36777,Zglp1,Pik3r1,1.0
36778,Zglp1,Prkaca,1.0
36779,Zglp1,Ripk1,1.0
36780,Zglp1,Sct,1.0
36781,Zglp1,Sirt1,1.0
36782,Zglp1,Tnf,1.0
36783,Zgpat,Bik,1.0
36784,Zgpat,Cyp11a1,1.0
36785,Zgpat,Egfr,-1.0
36786,Zgpat,Ifnb1,1.0
36787,Zgpat,Il1b,1.0
36788,Zgpat,Il2,1.0
36789,Zgpat,Il6,1.0
36790,Zgpat,Kras,1.0
36791,Zgpat,Mrgprf,1.0
36792,Zgpat,Rho,1.0
36793,Zgpat,Ybey,1.0
36794,Zhx2,Afp,-1.0
36795,Zhx2,Ccna2,-1.0
36796,Zhx2,Ccne1,-1.0
36797,Zhx2,Cdc25c,-1.0
36798,Zhx2,Gpc3,-1.0
36799,Zhx2,Hk2,-1.0
36800,Zhx2,Hnf1a,-1.0
36801,Zhx2,Nfya,-1.0
36802,Zhx2,Ocln,-1.0
36803,Zhx2,Zhx3,-1.0
36804,Zhx3,Hk2,-1.0
36805,Zhx3,Zhx2,1.0
36806,Zic1,Abhd14a,1.0
36807,Zic1,Apoe,1.0
36808,Zic1,Atoh1,-1.0
36809,Zic1,Bcl2l13,1.0
36810,Zic1,Ccnd1,1.0
36811,Zic1,Cdkn1a,1.0
36812,Zic1,Cdkn1b,1.0
36813,Zic1,Ctnnb1,1.0
36814,Zic1,Cyp26a1,1.0
36815,Zic1,Dr1,1.0
36816,Zic1,Eif3m,1.0
36817,Zic1,Jund,1.0
36818,Zic1,Myf5,1.0
36819,Zic1,Tlcd3a,1.0
36820,Zic1,Wnt1,1.0
36821,Zic1,Wnt4,1.0
36822,Zic1,Wnt8b,1.0
36823,Zic2,Apoe,1.0
36824,Zic2,Camk2a,1.0
36825,Zic2,Cdkn2a,1.0
36826,Zic2,Drd1,-1.0
36827,Zic2,Slc13a4,1.0
36828,Zic2,Slc6a4,1.0
36829,Zic2,Tcf4,-1.0
36830,Zic3,Acta1,1.0
36831,Zic3,Hesx1,1.0
36832,Zic3,Nanog,1.0
36833,Zic3,Nppa,1.0
36834,Zkscan7,Ap3b1,1.0
36835,Zkscan7,Cbx1,1.0
36836,Zkscan7,Chek2,1.0
36837,Zkscan7,Epcam,1.0
36838,Zkscan7,Fgfr1,1.0
36839,Zkscan7,Gdnf,1.0
36840,Zkscan7,Igf2,1.0
36841,Zkscan7,Krt9,1.0
36842,Zkscan7,Me3,1.0
36843,Zkscan7,Pou5f1,1.0
36844,Zkscan7,Ptch1,1.0
36845,Zkscan7,Tert,1.0
36846,Zkscan7,Trim28,1.0
36847,Zmiz1,Myc,1.0
36848,Zmynd11,Il6,1.0
36849,Zmynd8,Adora1,1.0
36850,Zmynd8,Cd44,-1.0
36851,Zmynd8,Egfr,-1.0
36852,Zmynd8,Nav2,1.0
36853,Zmynd8,Snai2,-1.0
36854,Zmynd8,Vegfa,-1.0
36855,Zscan10,Nanog,1.0
36856,Zscan10,Pou5f1,1.0
36857,Zscan18,Cdkn2a,1.0
36858,Zscan21,Snca,1.0
36859,Zscan26,Fos,-1.0
36860,Zxdb,Cdkn2a,1.0
36861,Zxdb,H2-T23,1.0
36862,Zxdc,Cdkn1c,1.0
36863,Zxdc,Cdkn2a,1.0
36864,Zxdc,Ciita,1.0
36865,Zxdc,H2-T23,1.0
36866,Zxdc,Il5,1.0
